
*** Running vivado
    with args -log system_decomp_0.vds -m64 -product Vivado -mode batch -messageDb vivado.pb -notrace -source system_decomp_0.tcl


INFO: [Common 17-3922] A valid Vivado Design Suite BASIC license has been detected. Your current license is active and will expire on 14-sep-2027.
#-----------------------------------------------------------
# Vivado v2026.1 (64-bit)
# SW Build 6511674 on Tue Jun 16 11:02:23 MDT 2026
# IP Build 6504888 on Tue Jun 09 09:05:25 MDT 2026
# SharedData Build 6501428 on Mon Jun 08 17:34:18 MDT 2026
# Start of session at: Mon Oct  5 14:50:09 2026
# Process ID         : 31632
# Current directory  : D:/Thesis/ThesisA/fpga_kcu116/build/vivado_drhe/kcu116_drhe.runs/system_decomp_0_synth_1
# Command line       : vivado.exe -log system_decomp_0.vds -product Vivado -mode batch -messageDb vivado.pb -notrace -source system_decomp_0.tcl
# Log file           : D:/Thesis/ThesisA/fpga_kcu116/build/vivado_drhe/kcu116_drhe.runs/system_decomp_0_synth_1/system_decomp_0.vds
# Journal file       : D:/Thesis/ThesisA/fpga_kcu116/build/vivado_drhe/kcu116_drhe.runs/system_decomp_0_synth_1\vivado.jou
# Running On         : DESKTOP-6IQQE7O
# Platform           : Windows 11
# Operating System   : 26200
# Processor Detail   : Intel(R) Core(TM) i5-10400F CPU @ 2.90GHz
# CPU Frequency      : 2904 MHz
# CPU Physical cores : 6
# CPU Logical cores  : 12
# Host memory        : 17101 MB
# Swap memory        : 40299 MB
# Total Virtual      : 57401 MB
# Available Virtual  : 36069 MB
#-----------------------------------------------------------

****** Vivado v2026.1 (64-bit)
  **** SW Build 6511674 on Tue Jun 16 11:02:23 MDT 2026
  **** IP Build 6504888 on Tue Jun 09 09:05:25 MDT 2026
  **** SharedData Build 6501428 on Mon Jun 08 17:34:18 MDT 2026
  **** Start of session at: Mon Oct  5 14:50:09 2026
    ** Copyright 1986-2022 Xilinx, Inc. All Rights Reserved.
    ** Copyright 2022-2026 Advanced Micro Devices, Inc. All Rights Reserved.

source system_decomp_0.tcl -notrace
create_project: Time (s): cpu = 00:00:12 ; elapsed = 00:00:10 . Memory (MB): peak = 582.742 ; gain = 267.961
INFO: [IP_Flow 19-234] Refreshing IP repositories
INFO: [IP_Flow 19-1700] Loaded user IP repository 'd:/Thesis/ThesisA/fpga_kcu116/ip_repo'.
INFO: [IP_Flow 19-2313] Loaded Vivado IP repository 'D:/Xilinx/2026.1/Vivado/data/ip'.
Command: synth_design -top system_decomp_0 -part xcku5p-ffvb676-2-e -incremental_mode off -mode out_of_context
Starting synth_design
Attempting to get a license for feature 'Vivado_Synthesis' and/or device 'xcku5p'
INFO: [Common 17-349] Got license for feature 'Vivado_Synthesis' and/or device 'xcku5p'
INFO: [Device 21-403] Loading part xcku5p-ffvb676-2-e
INFO: [Designutils 20-5008] Incremental synthesis strategy off
INFO: [Synth 8-7079] Multithreading enabled for synth_design using a maximum of 2 processes.
INFO: [Synth 8-7078] Launching helper process for spawning children vivado processes
INFO: [Synth 8-7075] Helper process launched with PID 30584
---------------------------------------------------------------------------------
Starting RTL Elaboration : Time (s): cpu = 00:00:10 ; elapsed = 00:00:10 . Memory (MB): peak = 2027.633 ; gain = 271.617
---------------------------------------------------------------------------------
INFO: [Synth 8-6157] synthesizing module 'system_decomp_0' [d:/Thesis/ThesisA/fpga_kcu116/build/vivado_drhe/kcu116_drhe.gen/sources_1/bd/system/ip/system_decomp_0/synth/system_decomp_0.v:53]
INFO: [Synth 8-6157] synthesizing module 'drhe_tdm_decompress' [d:/Thesis/ThesisA/fpga_kcu116/build/vivado_drhe/kcu116_drhe.gen/sources_1/bd/system/ipshared/0d9d/hdl/verilog/drhe_tdm_decompress.v:9]
INFO: [Synth 8-6157] synthesizing module 'drhe_tdm_decompress_drhe_tdm_decompress_Pipeline_SAMPLE_LOOP' [d:/Thesis/ThesisA/fpga_kcu116/build/vivado_drhe/kcu116_drhe.gen/sources_1/bd/system/ipshared/0d9d/hdl/verilog/drhe_tdm_decompress_drhe_tdm_decompress_Pipeline_SAMPLE_LOOP.v:9]
INFO: [Synth 8-6157] synthesizing module 'drhe_tdm_decompress_drhe_tdm_decompress_Pipeline_SAMPLE_LOOP_drhe_tdm_decompress_stream_stream_axbkb' [d:/Thesis/ThesisA/fpga_kcu116/build/vivado_drhe/kcu116_drhe.gen/sources_1/bd/system/ipshared/0d9d/hdl/verilog/drhe_tdm_decompress_drhe_tdm_decompress_Pipeline_SAMPLE_LOOP_drhe_tdm_decompress_stream_stream_axbkb.v:7]
INFO: [Synth 8-3876] $readmem data file './drhe_tdm_decompress_drhe_tdm_decompress_Pipeline_SAMPLE_LOOP_drhe_tdm_decompress_stream_stream_axbkb.dat' is read successfully [d:/Thesis/ThesisA/fpga_kcu116/build/vivado_drhe/kcu116_drhe.gen/sources_1/bd/system/ipshared/0d9d/hdl/verilog/drhe_tdm_decompress_drhe_tdm_decompress_Pipeline_SAMPLE_LOOP_drhe_tdm_decompress_stream_stream_axbkb.v:34]
INFO: [Synth 8-6155] done synthesizing module 'drhe_tdm_decompress_drhe_tdm_decompress_Pipeline_SAMPLE_LOOP_drhe_tdm_decompress_stream_stream_axbkb' (0#1) [d:/Thesis/ThesisA/fpga_kcu116/build/vivado_drhe/kcu116_drhe.gen/sources_1/bd/system/ipshared/0d9d/hdl/verilog/drhe_tdm_decompress_drhe_tdm_decompress_Pipeline_SAMPLE_LOOP_drhe_tdm_decompress_stream_stream_axbkb.v:7]
INFO: [Synth 8-6157] synthesizing module 'drhe_tdm_decompress_drhe_tdm_decompress_Pipeline_SAMPLE_LOOP_drhe_tdm_decompress_stream_stream_axcud' [d:/Thesis/ThesisA/fpga_kcu116/build/vivado_drhe/kcu116_drhe.gen/sources_1/bd/system/ipshared/0d9d/hdl/verilog/drhe_tdm_decompress_drhe_tdm_decompress_Pipeline_SAMPLE_LOOP_drhe_tdm_decompress_stream_stream_axcud.v:7]
INFO: [Synth 8-3876] $readmem data file './drhe_tdm_decompress_drhe_tdm_decompress_Pipeline_SAMPLE_LOOP_drhe_tdm_decompress_stream_stream_axcud.dat' is read successfully [d:/Thesis/ThesisA/fpga_kcu116/build/vivado_drhe/kcu116_drhe.gen/sources_1/bd/system/ipshared/0d9d/hdl/verilog/drhe_tdm_decompress_drhe_tdm_decompress_Pipeline_SAMPLE_LOOP_drhe_tdm_decompress_stream_stream_axcud.v:28]
INFO: [Synth 8-6155] done synthesizing module 'drhe_tdm_decompress_drhe_tdm_decompress_Pipeline_SAMPLE_LOOP_drhe_tdm_decompress_stream_stream_axcud' (0#1) [d:/Thesis/ThesisA/fpga_kcu116/build/vivado_drhe/kcu116_drhe.gen/sources_1/bd/system/ipshared/0d9d/hdl/verilog/drhe_tdm_decompress_drhe_tdm_decompress_Pipeline_SAMPLE_LOOP_drhe_tdm_decompress_stream_stream_axcud.v:7]
INFO: [Synth 8-6157] synthesizing module 'drhe_tdm_decompress_drhe_tdm_decompress_Pipeline_SAMPLE_LOOP_drhe_tdm_decompress_stream_stream_axdEe' [d:/Thesis/ThesisA/fpga_kcu116/build/vivado_drhe/kcu116_drhe.gen/sources_1/bd/system/ipshared/0d9d/hdl/verilog/drhe_tdm_decompress_drhe_tdm_decompress_Pipeline_SAMPLE_LOOP_drhe_tdm_decompress_stream_stream_axdEe.v:7]
INFO: [Synth 8-3876] $readmem data file './drhe_tdm_decompress_drhe_tdm_decompress_Pipeline_SAMPLE_LOOP_drhe_tdm_decompress_stream_stream_axdEe.dat' is read successfully [d:/Thesis/ThesisA/fpga_kcu116/build/vivado_drhe/kcu116_drhe.gen/sources_1/bd/system/ipshared/0d9d/hdl/verilog/drhe_tdm_decompress_drhe_tdm_decompress_Pipeline_SAMPLE_LOOP_drhe_tdm_decompress_stream_stream_axdEe.v:31]
INFO: [Synth 8-6155] done synthesizing module 'drhe_tdm_decompress_drhe_tdm_decompress_Pipeline_SAMPLE_LOOP_drhe_tdm_decompress_stream_stream_axdEe' (0#1) [d:/Thesis/ThesisA/fpga_kcu116/build/vivado_drhe/kcu116_drhe.gen/sources_1/bd/system/ipshared/0d9d/hdl/verilog/drhe_tdm_decompress_drhe_tdm_decompress_Pipeline_SAMPLE_LOOP_drhe_tdm_decompress_stream_stream_axdEe.v:7]
INFO: [Synth 8-6157] synthesizing module 'drhe_tdm_decompress_decode_append_bits' [d:/Thesis/ThesisA/fpga_kcu116/build/vivado_drhe/kcu116_drhe.gen/sources_1/bd/system/ipshared/0d9d/hdl/verilog/drhe_tdm_decompress_decode_append_bits.v:9]
INFO: [Synth 8-6157] synthesizing module 'drhe_tdm_decompress_sparsemux_7_2_16_1_1' [d:/Thesis/ThesisA/fpga_kcu116/build/vivado_drhe/kcu116_drhe.gen/sources_1/bd/system/ipshared/0d9d/hdl/verilog/drhe_tdm_decompress_sparsemux_7_2_16_1_1.v:8]
INFO: [Synth 8-6155] done synthesizing module 'drhe_tdm_decompress_sparsemux_7_2_16_1_1' (0#1) [d:/Thesis/ThesisA/fpga_kcu116/build/vivado_drhe/kcu116_drhe.gen/sources_1/bd/system/ipshared/0d9d/hdl/verilog/drhe_tdm_decompress_sparsemux_7_2_16_1_1.v:8]
INFO: [Synth 8-6155] done synthesizing module 'drhe_tdm_decompress_decode_append_bits' (0#1) [d:/Thesis/ThesisA/fpga_kcu116/build/vivado_drhe/kcu116_drhe.gen/sources_1/bd/system/ipshared/0d9d/hdl/verilog/drhe_tdm_decompress_decode_append_bits.v:9]
INFO: [Synth 8-6157] synthesizing module 'drhe_tdm_decompress_sin_or_cos_float_s' [d:/Thesis/ThesisA/fpga_kcu116/build/vivado_drhe/kcu116_drhe.gen/sources_1/bd/system/ipshared/0d9d/hdl/verilog/drhe_tdm_decompress_sin_or_cos_float_s.v:9]
INFO: [Synth 8-6157] synthesizing module 'drhe_tdm_decompress_sin_or_cos_float_s_ref_4oPi_table_100_ROM_1P_LUTRAM_1R' [d:/Thesis/ThesisA/fpga_kcu116/build/vivado_drhe/kcu116_drhe.gen/sources_1/bd/system/ipshared/0d9d/hdl/verilog/drhe_tdm_decompress_sin_or_cos_float_s_ref_4oPi_table_100_ROM_1P_LUTRAM_1R.v:7]
INFO: [Synth 8-3876] $readmem data file './drhe_tdm_decompress_sin_or_cos_float_s_ref_4oPi_table_100_ROM_1P_LUTRAM_1R.dat' is read successfully [d:/Thesis/ThesisA/fpga_kcu116/build/vivado_drhe/kcu116_drhe.gen/sources_1/bd/system/ipshared/0d9d/hdl/verilog/drhe_tdm_decompress_sin_or_cos_float_s_ref_4oPi_table_100_ROM_1P_LUTRAM_1R.v:28]
INFO: [Synth 8-6155] done synthesizing module 'drhe_tdm_decompress_sin_or_cos_float_s_ref_4oPi_table_100_ROM_1P_LUTRAM_1R' (0#1) [d:/Thesis/ThesisA/fpga_kcu116/build/vivado_drhe/kcu116_drhe.gen/sources_1/bd/system/ipshared/0d9d/hdl/verilog/drhe_tdm_decompress_sin_or_cos_float_s_ref_4oPi_table_100_ROM_1P_LUTRAM_1R.v:7]
INFO: [Synth 8-6157] synthesizing module 'drhe_tdm_decompress_sin_or_cos_float_s_second_order_float_sin_cos_K0_ROM_1P_LUTRAM_1R' [d:/Thesis/ThesisA/fpga_kcu116/build/vivado_drhe/kcu116_drhe.gen/sources_1/bd/system/ipshared/0d9d/hdl/verilog/drhe_tdm_decompress_sin_or_cos_float_s_second_order_float_sin_cos_K0_ROM_1P_LUTRAM_1R.v:7]
INFO: [Synth 8-3876] $readmem data file './drhe_tdm_decompress_sin_or_cos_float_s_second_order_float_sin_cos_K0_ROM_1P_LUTRAM_1R.dat' is read successfully [d:/Thesis/ThesisA/fpga_kcu116/build/vivado_drhe/kcu116_drhe.gen/sources_1/bd/system/ipshared/0d9d/hdl/verilog/drhe_tdm_decompress_sin_or_cos_float_s_second_order_float_sin_cos_K0_ROM_1P_LUTRAM_1R.v:28]
INFO: [Synth 8-6155] done synthesizing module 'drhe_tdm_decompress_sin_or_cos_float_s_second_order_float_sin_cos_K0_ROM_1P_LUTRAM_1R' (0#1) [d:/Thesis/ThesisA/fpga_kcu116/build/vivado_drhe/kcu116_drhe.gen/sources_1/bd/system/ipshared/0d9d/hdl/verilog/drhe_tdm_decompress_sin_or_cos_float_s_second_order_float_sin_cos_K0_ROM_1P_LUTRAM_1R.v:7]
INFO: [Synth 8-6157] synthesizing module 'drhe_tdm_decompress_sin_or_cos_float_s_second_order_float_sin_cos_K1_ROM_1P_LUTRAM_1R' [d:/Thesis/ThesisA/fpga_kcu116/build/vivado_drhe/kcu116_drhe.gen/sources_1/bd/system/ipshared/0d9d/hdl/verilog/drhe_tdm_decompress_sin_or_cos_float_s_second_order_float_sin_cos_K1_ROM_1P_LUTRAM_1R.v:7]
INFO: [Synth 8-3876] $readmem data file './drhe_tdm_decompress_sin_or_cos_float_s_second_order_float_sin_cos_K1_ROM_1P_LUTRAM_1R.dat' is read successfully [d:/Thesis/ThesisA/fpga_kcu116/build/vivado_drhe/kcu116_drhe.gen/sources_1/bd/system/ipshared/0d9d/hdl/verilog/drhe_tdm_decompress_sin_or_cos_float_s_second_order_float_sin_cos_K1_ROM_1P_LUTRAM_1R.v:28]
INFO: [Synth 8-6155] done synthesizing module 'drhe_tdm_decompress_sin_or_cos_float_s_second_order_float_sin_cos_K1_ROM_1P_LUTRAM_1R' (0#1) [d:/Thesis/ThesisA/fpga_kcu116/build/vivado_drhe/kcu116_drhe.gen/sources_1/bd/system/ipshared/0d9d/hdl/verilog/drhe_tdm_decompress_sin_or_cos_float_s_second_order_float_sin_cos_K1_ROM_1P_LUTRAM_1R.v:7]
INFO: [Synth 8-6157] synthesizing module 'drhe_tdm_decompress_sin_or_cos_float_s_second_order_float_sin_cos_K2_ROM_1P_LUTRAM_1R' [d:/Thesis/ThesisA/fpga_kcu116/build/vivado_drhe/kcu116_drhe.gen/sources_1/bd/system/ipshared/0d9d/hdl/verilog/drhe_tdm_decompress_sin_or_cos_float_s_second_order_float_sin_cos_K2_ROM_1P_LUTRAM_1R.v:7]
INFO: [Synth 8-3876] $readmem data file './drhe_tdm_decompress_sin_or_cos_float_s_second_order_float_sin_cos_K2_ROM_1P_LUTRAM_1R.dat' is read successfully [d:/Thesis/ThesisA/fpga_kcu116/build/vivado_drhe/kcu116_drhe.gen/sources_1/bd/system/ipshared/0d9d/hdl/verilog/drhe_tdm_decompress_sin_or_cos_float_s_second_order_float_sin_cos_K2_ROM_1P_LUTRAM_1R.v:28]
INFO: [Synth 8-6155] done synthesizing module 'drhe_tdm_decompress_sin_or_cos_float_s_second_order_float_sin_cos_K2_ROM_1P_LUTRAM_1R' (0#1) [d:/Thesis/ThesisA/fpga_kcu116/build/vivado_drhe/kcu116_drhe.gen/sources_1/bd/system/ipshared/0d9d/hdl/verilog/drhe_tdm_decompress_sin_or_cos_float_s_second_order_float_sin_cos_K2_ROM_1P_LUTRAM_1R.v:7]
INFO: [Synth 8-6157] synthesizing module 'drhe_tdm_decompress_mul_23s_22ns_45_1_0' [d:/Thesis/ThesisA/fpga_kcu116/build/vivado_drhe/kcu116_drhe.gen/sources_1/bd/system/ipshared/0d9d/hdl/verilog/drhe_tdm_decompress_mul_23s_22ns_45_1_0.v:5]
INFO: [Synth 8-6155] done synthesizing module 'drhe_tdm_decompress_mul_23s_22ns_45_1_0' (0#1) [d:/Thesis/ThesisA/fpga_kcu116/build/vivado_drhe/kcu116_drhe.gen/sources_1/bd/system/ipshared/0d9d/hdl/verilog/drhe_tdm_decompress_mul_23s_22ns_45_1_0.v:5]
INFO: [Synth 8-6157] synthesizing module 'drhe_tdm_decompress_mul_30s_29ns_58_1_0' [d:/Thesis/ThesisA/fpga_kcu116/build/vivado_drhe/kcu116_drhe.gen/sources_1/bd/system/ipshared/0d9d/hdl/verilog/drhe_tdm_decompress_mul_30s_29ns_58_1_0.v:5]
INFO: [Synth 8-6155] done synthesizing module 'drhe_tdm_decompress_mul_30s_29ns_58_1_0' (0#1) [d:/Thesis/ThesisA/fpga_kcu116/build/vivado_drhe/kcu116_drhe.gen/sources_1/bd/system/ipshared/0d9d/hdl/verilog/drhe_tdm_decompress_mul_30s_29ns_58_1_0.v:5]
INFO: [Synth 8-6157] synthesizing module 'drhe_tdm_decompress_mul_80s_24ns_80_1_0' [d:/Thesis/ThesisA/fpga_kcu116/build/vivado_drhe/kcu116_drhe.gen/sources_1/bd/system/ipshared/0d9d/hdl/verilog/drhe_tdm_decompress_mul_80s_24ns_80_1_0.v:5]
INFO: [Synth 8-6155] done synthesizing module 'drhe_tdm_decompress_mul_80s_24ns_80_1_0' (0#1) [d:/Thesis/ThesisA/fpga_kcu116/build/vivado_drhe/kcu116_drhe.gen/sources_1/bd/system/ipshared/0d9d/hdl/verilog/drhe_tdm_decompress_mul_80s_24ns_80_1_0.v:5]
INFO: [Synth 8-6157] synthesizing module 'drhe_tdm_decompress_ctlz_30_30_1_0' [d:/Thesis/ThesisA/fpga_kcu116/build/vivado_drhe/kcu116_drhe.gen/sources_1/bd/system/ipshared/0d9d/hdl/verilog/drhe_tdm_decompress_ctlz_30_30_1_0.v:8]
INFO: [Synth 8-6155] done synthesizing module 'drhe_tdm_decompress_ctlz_30_30_1_0' (0#1) [d:/Thesis/ThesisA/fpga_kcu116/build/vivado_drhe/kcu116_drhe.gen/sources_1/bd/system/ipshared/0d9d/hdl/verilog/drhe_tdm_decompress_ctlz_30_30_1_0.v:8]
INFO: [Synth 8-6157] synthesizing module 'drhe_tdm_decompress_sparsemux_17_3_1_1_0' [d:/Thesis/ThesisA/fpga_kcu116/build/vivado_drhe/kcu116_drhe.gen/sources_1/bd/system/ipshared/0d9d/hdl/verilog/drhe_tdm_decompress_sparsemux_17_3_1_1_0.v:8]
INFO: [Synth 8-226] default block is never used [d:/Thesis/ThesisA/fpga_kcu116/build/vivado_drhe/kcu116_drhe.gen/sources_1/bd/system/ipshared/0d9d/hdl/verilog/drhe_tdm_decompress_sparsemux_17_3_1_1_0.v:78]
INFO: [Synth 8-6155] done synthesizing module 'drhe_tdm_decompress_sparsemux_17_3_1_1_0' (0#1) [d:/Thesis/ThesisA/fpga_kcu116/build/vivado_drhe/kcu116_drhe.gen/sources_1/bd/system/ipshared/0d9d/hdl/verilog/drhe_tdm_decompress_sparsemux_17_3_1_1_0.v:8]
INFO: [Synth 8-6157] synthesizing module 'drhe_tdm_decompress_sparsemux_33_4_1_1_0' [d:/Thesis/ThesisA/fpga_kcu116/build/vivado_drhe/kcu116_drhe.gen/sources_1/bd/system/ipshared/0d9d/hdl/verilog/drhe_tdm_decompress_sparsemux_33_4_1_1_0.v:8]
INFO: [Synth 8-226] default block is never used [d:/Thesis/ThesisA/fpga_kcu116/build/vivado_drhe/kcu116_drhe.gen/sources_1/bd/system/ipshared/0d9d/hdl/verilog/drhe_tdm_decompress_sparsemux_33_4_1_1_0.v:126]
INFO: [Synth 8-6155] done synthesizing module 'drhe_tdm_decompress_sparsemux_33_4_1_1_0' (0#1) [d:/Thesis/ThesisA/fpga_kcu116/build/vivado_drhe/kcu116_drhe.gen/sources_1/bd/system/ipshared/0d9d/hdl/verilog/drhe_tdm_decompress_sparsemux_33_4_1_1_0.v:8]
INFO: [Synth 8-6157] synthesizing module 'drhe_tdm_decompress_mul_15ns_15ns_30_1_0' [d:/Thesis/ThesisA/fpga_kcu116/build/vivado_drhe/kcu116_drhe.gen/sources_1/bd/system/ipshared/0d9d/hdl/verilog/drhe_tdm_decompress_mul_15ns_15ns_30_1_0.v:5]
INFO: [Synth 8-6155] done synthesizing module 'drhe_tdm_decompress_mul_15ns_15ns_30_1_0' (0#1) [d:/Thesis/ThesisA/fpga_kcu116/build/vivado_drhe/kcu116_drhe.gen/sources_1/bd/system/ipshared/0d9d/hdl/verilog/drhe_tdm_decompress_mul_15ns_15ns_30_1_0.v:5]
INFO: [Synth 8-6157] synthesizing module 'drhe_tdm_decompress_mul_15ns_15s_30_1_0' [d:/Thesis/ThesisA/fpga_kcu116/build/vivado_drhe/kcu116_drhe.gen/sources_1/bd/system/ipshared/0d9d/hdl/verilog/drhe_tdm_decompress_mul_15ns_15s_30_1_0.v:5]
INFO: [Synth 8-6155] done synthesizing module 'drhe_tdm_decompress_mul_15ns_15s_30_1_0' (0#1) [d:/Thesis/ThesisA/fpga_kcu116/build/vivado_drhe/kcu116_drhe.gen/sources_1/bd/system/ipshared/0d9d/hdl/verilog/drhe_tdm_decompress_mul_15ns_15s_30_1_0.v:5]
INFO: [Synth 8-6157] synthesizing module 'drhe_tdm_decompress_ctlz_32_32_1_0' [d:/Thesis/ThesisA/fpga_kcu116/build/vivado_drhe/kcu116_drhe.gen/sources_1/bd/system/ipshared/0d9d/hdl/verilog/drhe_tdm_decompress_ctlz_32_32_1_0.v:8]
INFO: [Synth 8-6155] done synthesizing module 'drhe_tdm_decompress_ctlz_32_32_1_0' (0#1) [d:/Thesis/ThesisA/fpga_kcu116/build/vivado_drhe/kcu116_drhe.gen/sources_1/bd/system/ipshared/0d9d/hdl/verilog/drhe_tdm_decompress_ctlz_32_32_1_0.v:8]
INFO: [Synth 8-6155] done synthesizing module 'drhe_tdm_decompress_sin_or_cos_float_s' (0#1) [d:/Thesis/ThesisA/fpga_kcu116/build/vivado_drhe/kcu116_drhe.gen/sources_1/bd/system/ipshared/0d9d/hdl/verilog/drhe_tdm_decompress_sin_or_cos_float_s.v:9]
INFO: [Synth 8-6157] synthesizing module 'drhe_tdm_decompress_generic_round_float_s' [d:/Thesis/ThesisA/fpga_kcu116/build/vivado_drhe/kcu116_drhe.gen/sources_1/bd/system/ipshared/0d9d/hdl/verilog/drhe_tdm_decompress_generic_round_float_s.v:9]
INFO: [Synth 8-6157] synthesizing module 'drhe_tdm_decompress_generic_round_float_s_mask_table_ROM_AUTO_1R' [d:/Thesis/ThesisA/fpga_kcu116/build/vivado_drhe/kcu116_drhe.gen/sources_1/bd/system/ipshared/0d9d/hdl/verilog/drhe_tdm_decompress_generic_round_float_s_mask_table_ROM_AUTO_1R.v:7]
INFO: [Synth 8-3876] $readmem data file './drhe_tdm_decompress_generic_round_float_s_mask_table_ROM_AUTO_1R.dat' is read successfully [d:/Thesis/ThesisA/fpga_kcu116/build/vivado_drhe/kcu116_drhe.gen/sources_1/bd/system/ipshared/0d9d/hdl/verilog/drhe_tdm_decompress_generic_round_float_s_mask_table_ROM_AUTO_1R.v:28]
INFO: [Synth 8-6155] done synthesizing module 'drhe_tdm_decompress_generic_round_float_s_mask_table_ROM_AUTO_1R' (0#1) [d:/Thesis/ThesisA/fpga_kcu116/build/vivado_drhe/kcu116_drhe.gen/sources_1/bd/system/ipshared/0d9d/hdl/verilog/drhe_tdm_decompress_generic_round_float_s_mask_table_ROM_AUTO_1R.v:7]
INFO: [Synth 8-6157] synthesizing module 'drhe_tdm_decompress_generic_round_float_s_one_half_table_ROM_AUTO_1R' [d:/Thesis/ThesisA/fpga_kcu116/build/vivado_drhe/kcu116_drhe.gen/sources_1/bd/system/ipshared/0d9d/hdl/verilog/drhe_tdm_decompress_generic_round_float_s_one_half_table_ROM_AUTO_1R.v:7]
INFO: [Synth 8-3876] $readmem data file './drhe_tdm_decompress_generic_round_float_s_one_half_table_ROM_AUTO_1R.dat' is read successfully [d:/Thesis/ThesisA/fpga_kcu116/build/vivado_drhe/kcu116_drhe.gen/sources_1/bd/system/ipshared/0d9d/hdl/verilog/drhe_tdm_decompress_generic_round_float_s_one_half_table_ROM_AUTO_1R.v:28]
INFO: [Synth 8-6155] done synthesizing module 'drhe_tdm_decompress_generic_round_float_s_one_half_table_ROM_AUTO_1R' (0#1) [d:/Thesis/ThesisA/fpga_kcu116/build/vivado_drhe/kcu116_drhe.gen/sources_1/bd/system/ipshared/0d9d/hdl/verilog/drhe_tdm_decompress_generic_round_float_s_one_half_table_ROM_AUTO_1R.v:7]
INFO: [Synth 8-6157] synthesizing module 'drhe_tdm_decompress_sparsemux_7_2_32_1_1' [d:/Thesis/ThesisA/fpga_kcu116/build/vivado_drhe/kcu116_drhe.gen/sources_1/bd/system/ipshared/0d9d/hdl/verilog/drhe_tdm_decompress_sparsemux_7_2_32_1_1.v:8]
INFO: [Synth 8-6155] done synthesizing module 'drhe_tdm_decompress_sparsemux_7_2_32_1_1' (0#1) [d:/Thesis/ThesisA/fpga_kcu116/build/vivado_drhe/kcu116_drhe.gen/sources_1/bd/system/ipshared/0d9d/hdl/verilog/drhe_tdm_decompress_sparsemux_7_2_32_1_1.v:8]
INFO: [Synth 8-6155] done synthesizing module 'drhe_tdm_decompress_generic_round_float_s' (0#1) [d:/Thesis/ThesisA/fpga_kcu116/build/vivado_drhe/kcu116_drhe.gen/sources_1/bd/system/ipshared/0d9d/hdl/verilog/drhe_tdm_decompress_generic_round_float_s.v:9]
INFO: [Synth 8-6157] synthesizing module 'drhe_tdm_decompress_p_hls_fptosi_float_i32' [d:/Thesis/ThesisA/fpga_kcu116/build/vivado_drhe/kcu116_drhe.gen/sources_1/bd/system/ipshared/0d9d/hdl/verilog/drhe_tdm_decompress_p_hls_fptosi_float_i32.v:9]
INFO: [Synth 8-6155] done synthesizing module 'drhe_tdm_decompress_p_hls_fptosi_float_i32' (0#1) [d:/Thesis/ThesisA/fpga_kcu116/build/vivado_drhe/kcu116_drhe.gen/sources_1/bd/system/ipshared/0d9d/hdl/verilog/drhe_tdm_decompress_p_hls_fptosi_float_i32.v:9]
INFO: [Synth 8-6157] synthesizing module 'drhe_tdm_decompress_atan2_cordic_float_s' [d:/Thesis/ThesisA/fpga_kcu116/build/vivado_drhe/kcu116_drhe.gen/sources_1/bd/system/ipshared/0d9d/hdl/verilog/drhe_tdm_decompress_atan2_cordic_float_s.v:9]
INFO: [Synth 8-6157] synthesizing module 'drhe_tdm_decompress_atan2_generic_float_s' [d:/Thesis/ThesisA/fpga_kcu116/build/vivado_drhe/kcu116_drhe.gen/sources_1/bd/system/ipshared/0d9d/hdl/verilog/drhe_tdm_decompress_atan2_generic_float_s.v:9]
INFO: [Synth 8-6157] synthesizing module 'drhe_tdm_decompress_addsub_0_0_ap_fixed_43_4_5_3_0_ap_fixed_43_4_5_3_0_ap_uint_1_s' [d:/Thesis/ThesisA/fpga_kcu116/build/vivado_drhe/kcu116_drhe.gen/sources_1/bd/system/ipshared/0d9d/hdl/verilog/drhe_tdm_decompress_addsub_0_0_ap_fixed_43_4_5_3_0_ap_fixed_43_4_5_3_0_ap_uint_1_s.v:9]
INFO: [Synth 8-6155] done synthesizing module 'drhe_tdm_decompress_addsub_0_0_ap_fixed_43_4_5_3_0_ap_fixed_43_4_5_3_0_ap_uint_1_s' (0#1) [d:/Thesis/ThesisA/fpga_kcu116/build/vivado_drhe/kcu116_drhe.gen/sources_1/bd/system/ipshared/0d9d/hdl/verilog/drhe_tdm_decompress_addsub_0_0_ap_fixed_43_4_5_3_0_ap_fixed_43_4_5_3_0_ap_uint_1_s.v:9]
INFO: [Synth 8-6157] synthesizing module 'drhe_tdm_decompress_addsub_0_0_ap_fixed_43_4_5_3_0_ap_fixed_43_4_5_3_0_bool_s' [d:/Thesis/ThesisA/fpga_kcu116/build/vivado_drhe/kcu116_drhe.gen/sources_1/bd/system/ipshared/0d9d/hdl/verilog/drhe_tdm_decompress_addsub_0_0_ap_fixed_43_4_5_3_0_ap_fixed_43_4_5_3_0_bool_s.v:9]
INFO: [Synth 8-6155] done synthesizing module 'drhe_tdm_decompress_addsub_0_0_ap_fixed_43_4_5_3_0_ap_fixed_43_4_5_3_0_bool_s' (0#1) [d:/Thesis/ThesisA/fpga_kcu116/build/vivado_drhe/kcu116_drhe.gen/sources_1/bd/system/ipshared/0d9d/hdl/verilog/drhe_tdm_decompress_addsub_0_0_ap_fixed_43_4_5_3_0_ap_fixed_43_4_5_3_0_bool_s.v:9]
INFO: [Synth 8-6157] synthesizing module 'drhe_tdm_decompress_addsub_0_0_ap_fixed_40_1_5_3_0_ap_fixed_40_1_0_3_0_ap_uint_1_s' [d:/Thesis/ThesisA/fpga_kcu116/build/vivado_drhe/kcu116_drhe.gen/sources_1/bd/system/ipshared/0d9d/hdl/verilog/drhe_tdm_decompress_addsub_0_0_ap_fixed_40_1_5_3_0_ap_fixed_40_1_0_3_0_ap_uint_1_s.v:9]
INFO: [Synth 8-6155] done synthesizing module 'drhe_tdm_decompress_addsub_0_0_ap_fixed_40_1_5_3_0_ap_fixed_40_1_0_3_0_ap_uint_1_s' (0#1) [d:/Thesis/ThesisA/fpga_kcu116/build/vivado_drhe/kcu116_drhe.gen/sources_1/bd/system/ipshared/0d9d/hdl/verilog/drhe_tdm_decompress_addsub_0_0_ap_fixed_40_1_5_3_0_ap_fixed_40_1_0_3_0_ap_uint_1_s.v:9]
INFO: [Synth 8-6157] synthesizing module 'drhe_tdm_decompress_fdiv_32ns_32ns_32_9_no_dsp_1' [d:/Thesis/ThesisA/fpga_kcu116/build/vivado_drhe/kcu116_drhe.gen/sources_1/bd/system/ipshared/0d9d/hdl/verilog/drhe_tdm_decompress_fdiv_32ns_32ns_32_9_no_dsp_1.v:9]
INFO: [Synth 8-638] synthesizing module 'drhe_tdm_decompress_fdiv_32ns_32ns_32_9_no_dsp_1_ip' [d:/Thesis/ThesisA/fpga_kcu116/build/vivado_drhe/kcu116_drhe.gen/sources_1/bd/system/ip/system_decomp_0/hdl/ip/drhe_tdm_decompress_fdiv_32ns_32ns_32_9_no_dsp_1_ip/synth/drhe_tdm_decompress_fdiv_32ns_32ns_32_9_no_dsp_1_ip.vhd:72]
	Parameter C_XDEVICEFAMILY bound to: kintexuplus - type: string 
	Parameter C_PART bound to: xcku5p-ffvb676-2-e - type: string 
	Parameter C_HAS_ADD bound to: 0 - type: integer 
	Parameter C_HAS_SUBTRACT bound to: 0 - type: integer 
	Parameter C_HAS_MULTIPLY bound to: 0 - type: integer 
	Parameter C_HAS_DIVIDE bound to: 1 - type: integer 
	Parameter C_HAS_SQRT bound to: 0 - type: integer 
	Parameter C_HAS_COMPARE bound to: 0 - type: integer 
	Parameter C_HAS_FIX_TO_FLT bound to: 0 - type: integer 
	Parameter C_HAS_FLT_TO_FIX bound to: 0 - type: integer 
	Parameter C_HAS_FLT_TO_FLT bound to: 0 - type: integer 
	Parameter C_HAS_RECIP bound to: 0 - type: integer 
	Parameter C_HAS_RECIP_SQRT bound to: 0 - type: integer 
	Parameter C_HAS_ABSOLUTE bound to: 0 - type: integer 
	Parameter C_HAS_LOGARITHM bound to: 0 - type: integer 
	Parameter C_HAS_EXPONENTIAL bound to: 0 - type: integer 
	Parameter C_HAS_FMA bound to: 0 - type: integer 
	Parameter C_HAS_FMS bound to: 0 - type: integer 
	Parameter C_HAS_UNFUSED_MULTIPLY_ADD bound to: 0 - type: integer 
	Parameter C_HAS_UNFUSED_MULTIPLY_SUB bound to: 0 - type: integer 
	Parameter C_HAS_UNFUSED_MULTIPLY_ACCUMULATOR_A bound to: 0 - type: integer 
	Parameter C_HAS_UNFUSED_MULTIPLY_ACCUMULATOR_S bound to: 0 - type: integer 
	Parameter C_HAS_ACCUMULATOR_A bound to: 0 - type: integer 
	Parameter C_HAS_ACCUMULATOR_S bound to: 0 - type: integer 
	Parameter C_HAS_ACCUMULATOR_PRIMITIVE_A bound to: 0 - type: integer 
	Parameter C_HAS_ACCUMULATOR_PRIMITIVE_S bound to: 0 - type: integer 
	Parameter C_A_WIDTH bound to: 32 - type: integer 
	Parameter C_A_FRACTION_WIDTH bound to: 24 - type: integer 
	Parameter C_B_WIDTH bound to: 32 - type: integer 
	Parameter C_B_FRACTION_WIDTH bound to: 24 - type: integer 
	Parameter C_C_WIDTH bound to: 32 - type: integer 
	Parameter C_C_FRACTION_WIDTH bound to: 24 - type: integer 
	Parameter C_RESULT_WIDTH bound to: 32 - type: integer 
	Parameter C_RESULT_FRACTION_WIDTH bound to: 24 - type: integer 
	Parameter C_COMPARE_OPERATION bound to: 8 - type: integer 
	Parameter C_LATENCY bound to: 7 - type: integer 
	Parameter C_OPTIMIZATION bound to: 1 - type: integer 
	Parameter C_MULT_USAGE bound to: 0 - type: integer 
	Parameter C_BRAM_USAGE bound to: 0 - type: integer 
	Parameter C_RATE bound to: 1 - type: integer 
	Parameter C_ACCUM_INPUT_MSB bound to: 32 - type: integer 
	Parameter C_ACCUM_MSB bound to: 32 - type: integer 
	Parameter C_ACCUM_LSB bound to: -31 - type: integer 
	Parameter C_HAS_UNDERFLOW bound to: 0 - type: integer 
	Parameter C_HAS_OVERFLOW bound to: 0 - type: integer 
	Parameter C_HAS_INVALID_OP bound to: 0 - type: integer 
	Parameter C_HAS_DIVIDE_BY_ZERO bound to: 0 - type: integer 
	Parameter C_HAS_ACCUM_OVERFLOW bound to: 0 - type: integer 
	Parameter C_HAS_ACCUM_INPUT_OVERFLOW bound to: 0 - type: integer 
	Parameter C_HAS_ACLKEN bound to: 1 - type: integer 
	Parameter C_HAS_ARESETN bound to: 0 - type: integer 
	Parameter C_THROTTLE_SCHEME bound to: 3 - type: integer 
	Parameter C_HAS_A_TUSER bound to: 0 - type: integer 
	Parameter C_HAS_A_TLAST bound to: 0 - type: integer 
	Parameter C_HAS_B bound to: 1 - type: integer 
	Parameter C_HAS_B_TUSER bound to: 0 - type: integer 
	Parameter C_HAS_B_TLAST bound to: 0 - type: integer 
	Parameter C_HAS_C bound to: 0 - type: integer 
	Parameter C_HAS_C_TUSER bound to: 0 - type: integer 
	Parameter C_HAS_C_TLAST bound to: 0 - type: integer 
	Parameter C_HAS_OPERATION bound to: 0 - type: integer 
	Parameter C_HAS_OPERATION_TUSER bound to: 0 - type: integer 
	Parameter C_HAS_OPERATION_TLAST bound to: 0 - type: integer 
	Parameter C_HAS_RESULT_TUSER bound to: 0 - type: integer 
	Parameter C_HAS_RESULT_TLAST bound to: 0 - type: integer 
	Parameter C_TLAST_RESOLUTION bound to: 0 - type: integer 
	Parameter C_A_TDATA_WIDTH bound to: 32 - type: integer 
	Parameter C_A_TUSER_WIDTH bound to: 1 - type: integer 
	Parameter C_B_TDATA_WIDTH bound to: 32 - type: integer 
	Parameter C_B_TUSER_WIDTH bound to: 1 - type: integer 
	Parameter C_C_TDATA_WIDTH bound to: 32 - type: integer 
	Parameter C_C_TUSER_WIDTH bound to: 1 - type: integer 
	Parameter C_OPERATION_TDATA_WIDTH bound to: 8 - type: integer 
	Parameter C_OPERATION_TUSER_WIDTH bound to: 1 - type: integer 
	Parameter C_RESULT_TDATA_WIDTH bound to: 32 - type: integer 
	Parameter C_RESULT_TUSER_WIDTH bound to: 1 - type: integer 
	Parameter C_FIXED_DATA_UNSIGNED bound to: 0 - type: integer 
INFO: [Synth 8-3491] module 'floating_point_v7_1_22' declared at 'd:/Thesis/ThesisA/fpga_kcu116/build/vivado_drhe/kcu116_drhe.gen/sources_1/bd/system/ip/system_decomp_0/hdl/ip/drhe_tdm_decompress_sitofp_32s_32_4_no_dsp_1_ip/hdl/floating_point_v7_1_vh_rfs.vhd:93266' bound to instance 'U0' of component 'floating_point_v7_1_22' [d:/Thesis/ThesisA/fpga_kcu116/build/vivado_drhe/kcu116_drhe.gen/sources_1/bd/system/ip/system_decomp_0/hdl/ip/drhe_tdm_decompress_fdiv_32ns_32ns_32_9_no_dsp_1_ip/synth/drhe_tdm_decompress_fdiv_32ns_32ns_32_9_no_dsp_1_ip.vhd:217]
INFO: [Synth 8-256] done synthesizing module 'drhe_tdm_decompress_fdiv_32ns_32ns_32_9_no_dsp_1_ip' (0#1) [d:/Thesis/ThesisA/fpga_kcu116/build/vivado_drhe/kcu116_drhe.gen/sources_1/bd/system/ip/system_decomp_0/hdl/ip/drhe_tdm_decompress_fdiv_32ns_32ns_32_9_no_dsp_1_ip/synth/drhe_tdm_decompress_fdiv_32ns_32ns_32_9_no_dsp_1_ip.vhd:72]
INFO: [Synth 8-6155] done synthesizing module 'drhe_tdm_decompress_fdiv_32ns_32ns_32_9_no_dsp_1' (0#1) [d:/Thesis/ThesisA/fpga_kcu116/build/vivado_drhe/kcu116_drhe.gen/sources_1/bd/system/ipshared/0d9d/hdl/verilog/drhe_tdm_decompress_fdiv_32ns_32ns_32_9_no_dsp_1.v:9]
INFO: [Synth 8-6157] synthesizing module 'drhe_tdm_decompress_ctlz_40_40_1_1' [d:/Thesis/ThesisA/fpga_kcu116/build/vivado_drhe/kcu116_drhe.gen/sources_1/bd/system/ipshared/0d9d/hdl/verilog/drhe_tdm_decompress_ctlz_40_40_1_1.v:8]
INFO: [Synth 8-6155] done synthesizing module 'drhe_tdm_decompress_ctlz_40_40_1_1' (0#1) [d:/Thesis/ThesisA/fpga_kcu116/build/vivado_drhe/kcu116_drhe.gen/sources_1/bd/system/ipshared/0d9d/hdl/verilog/drhe_tdm_decompress_ctlz_40_40_1_1.v:8]
INFO: [Synth 8-6157] synthesizing module 'drhe_tdm_decompress_bitselect_1ns_40ns_6ns_1_1_1' [d:/Thesis/ThesisA/fpga_kcu116/build/vivado_drhe/kcu116_drhe.gen/sources_1/bd/system/ipshared/0d9d/hdl/verilog/drhe_tdm_decompress_bitselect_1ns_40ns_6ns_1_1_1.v:8]
INFO: [Synth 8-6155] done synthesizing module 'drhe_tdm_decompress_bitselect_1ns_40ns_6ns_1_1_1' (0#1) [d:/Thesis/ThesisA/fpga_kcu116/build/vivado_drhe/kcu116_drhe.gen/sources_1/bd/system/ipshared/0d9d/hdl/verilog/drhe_tdm_decompress_bitselect_1ns_40ns_6ns_1_1_1.v:8]
INFO: [Synth 8-6155] done synthesizing module 'drhe_tdm_decompress_atan2_generic_float_s' (0#1) [d:/Thesis/ThesisA/fpga_kcu116/build/vivado_drhe/kcu116_drhe.gen/sources_1/bd/system/ipshared/0d9d/hdl/verilog/drhe_tdm_decompress_atan2_generic_float_s.v:9]
INFO: [Synth 8-6157] synthesizing module 'drhe_tdm_decompress_fsub_32ns_32ns_32_4_full_dsp_0' [d:/Thesis/ThesisA/fpga_kcu116/build/vivado_drhe/kcu116_drhe.gen/sources_1/bd/system/ipshared/0d9d/hdl/verilog/drhe_tdm_decompress_fsub_32ns_32ns_32_4_full_dsp_0.v:9]
INFO: [Synth 8-638] synthesizing module 'drhe_tdm_decompress_fsub_32ns_32ns_32_4_full_dsp_0_ip' [d:/Thesis/ThesisA/fpga_kcu116/build/vivado_drhe/kcu116_drhe.gen/sources_1/bd/system/ip/system_decomp_0/hdl/ip/drhe_tdm_decompress_fsub_32ns_32ns_32_4_full_dsp_0_ip/synth/drhe_tdm_decompress_fsub_32ns_32ns_32_4_full_dsp_0_ip.vhd:72]
	Parameter C_XDEVICEFAMILY bound to: kintexuplus - type: string 
	Parameter C_PART bound to: xcku5p-ffvb676-2-e - type: string 
	Parameter C_HAS_ADD bound to: 0 - type: integer 
	Parameter C_HAS_SUBTRACT bound to: 1 - type: integer 
	Parameter C_HAS_MULTIPLY bound to: 0 - type: integer 
	Parameter C_HAS_DIVIDE bound to: 0 - type: integer 
	Parameter C_HAS_SQRT bound to: 0 - type: integer 
	Parameter C_HAS_COMPARE bound to: 0 - type: integer 
	Parameter C_HAS_FIX_TO_FLT bound to: 0 - type: integer 
	Parameter C_HAS_FLT_TO_FIX bound to: 0 - type: integer 
	Parameter C_HAS_FLT_TO_FLT bound to: 0 - type: integer 
	Parameter C_HAS_RECIP bound to: 0 - type: integer 
	Parameter C_HAS_RECIP_SQRT bound to: 0 - type: integer 
	Parameter C_HAS_ABSOLUTE bound to: 0 - type: integer 
	Parameter C_HAS_LOGARITHM bound to: 0 - type: integer 
	Parameter C_HAS_EXPONENTIAL bound to: 0 - type: integer 
	Parameter C_HAS_FMA bound to: 0 - type: integer 
	Parameter C_HAS_FMS bound to: 0 - type: integer 
	Parameter C_HAS_UNFUSED_MULTIPLY_ADD bound to: 0 - type: integer 
	Parameter C_HAS_UNFUSED_MULTIPLY_SUB bound to: 0 - type: integer 
	Parameter C_HAS_UNFUSED_MULTIPLY_ACCUMULATOR_A bound to: 0 - type: integer 
	Parameter C_HAS_UNFUSED_MULTIPLY_ACCUMULATOR_S bound to: 0 - type: integer 
	Parameter C_HAS_ACCUMULATOR_A bound to: 0 - type: integer 
	Parameter C_HAS_ACCUMULATOR_S bound to: 0 - type: integer 
	Parameter C_HAS_ACCUMULATOR_PRIMITIVE_A bound to: 0 - type: integer 
	Parameter C_HAS_ACCUMULATOR_PRIMITIVE_S bound to: 0 - type: integer 
	Parameter C_A_WIDTH bound to: 32 - type: integer 
	Parameter C_A_FRACTION_WIDTH bound to: 24 - type: integer 
	Parameter C_B_WIDTH bound to: 32 - type: integer 
	Parameter C_B_FRACTION_WIDTH bound to: 24 - type: integer 
	Parameter C_C_WIDTH bound to: 32 - type: integer 
	Parameter C_C_FRACTION_WIDTH bound to: 24 - type: integer 
	Parameter C_RESULT_WIDTH bound to: 32 - type: integer 
	Parameter C_RESULT_FRACTION_WIDTH bound to: 24 - type: integer 
	Parameter C_COMPARE_OPERATION bound to: 8 - type: integer 
	Parameter C_LATENCY bound to: 2 - type: integer 
	Parameter C_OPTIMIZATION bound to: 1 - type: integer 
	Parameter C_MULT_USAGE bound to: 2 - type: integer 
	Parameter C_BRAM_USAGE bound to: 0 - type: integer 
	Parameter C_RATE bound to: 1 - type: integer 
	Parameter C_ACCUM_INPUT_MSB bound to: 32 - type: integer 
	Parameter C_ACCUM_MSB bound to: 32 - type: integer 
	Parameter C_ACCUM_LSB bound to: -31 - type: integer 
	Parameter C_HAS_UNDERFLOW bound to: 0 - type: integer 
	Parameter C_HAS_OVERFLOW bound to: 0 - type: integer 
	Parameter C_HAS_INVALID_OP bound to: 0 - type: integer 
	Parameter C_HAS_DIVIDE_BY_ZERO bound to: 0 - type: integer 
	Parameter C_HAS_ACCUM_OVERFLOW bound to: 0 - type: integer 
	Parameter C_HAS_ACCUM_INPUT_OVERFLOW bound to: 0 - type: integer 
	Parameter C_HAS_ACLKEN bound to: 1 - type: integer 
	Parameter C_HAS_ARESETN bound to: 0 - type: integer 
	Parameter C_THROTTLE_SCHEME bound to: 3 - type: integer 
	Parameter C_HAS_A_TUSER bound to: 0 - type: integer 
	Parameter C_HAS_A_TLAST bound to: 0 - type: integer 
	Parameter C_HAS_B bound to: 1 - type: integer 
	Parameter C_HAS_B_TUSER bound to: 0 - type: integer 
	Parameter C_HAS_B_TLAST bound to: 0 - type: integer 
	Parameter C_HAS_C bound to: 0 - type: integer 
	Parameter C_HAS_C_TUSER bound to: 0 - type: integer 
	Parameter C_HAS_C_TLAST bound to: 0 - type: integer 
	Parameter C_HAS_OPERATION bound to: 0 - type: integer 
	Parameter C_HAS_OPERATION_TUSER bound to: 0 - type: integer 
	Parameter C_HAS_OPERATION_TLAST bound to: 0 - type: integer 
	Parameter C_HAS_RESULT_TUSER bound to: 0 - type: integer 
	Parameter C_HAS_RESULT_TLAST bound to: 0 - type: integer 
	Parameter C_TLAST_RESOLUTION bound to: 0 - type: integer 
	Parameter C_A_TDATA_WIDTH bound to: 32 - type: integer 
	Parameter C_A_TUSER_WIDTH bound to: 1 - type: integer 
	Parameter C_B_TDATA_WIDTH bound to: 32 - type: integer 
	Parameter C_B_TUSER_WIDTH bound to: 1 - type: integer 
	Parameter C_C_TDATA_WIDTH bound to: 32 - type: integer 
	Parameter C_C_TUSER_WIDTH bound to: 1 - type: integer 
	Parameter C_OPERATION_TDATA_WIDTH bound to: 8 - type: integer 
	Parameter C_OPERATION_TUSER_WIDTH bound to: 1 - type: integer 
	Parameter C_RESULT_TDATA_WIDTH bound to: 32 - type: integer 
	Parameter C_RESULT_TUSER_WIDTH bound to: 1 - type: integer 
	Parameter C_FIXED_DATA_UNSIGNED bound to: 0 - type: integer 
INFO: [Synth 8-3491] module 'floating_point_v7_1_22' declared at 'd:/Thesis/ThesisA/fpga_kcu116/build/vivado_drhe/kcu116_drhe.gen/sources_1/bd/system/ip/system_decomp_0/hdl/ip/drhe_tdm_decompress_sitofp_32s_32_4_no_dsp_1_ip/hdl/floating_point_v7_1_vh_rfs.vhd:93266' bound to instance 'U0' of component 'floating_point_v7_1_22' [d:/Thesis/ThesisA/fpga_kcu116/build/vivado_drhe/kcu116_drhe.gen/sources_1/bd/system/ip/system_decomp_0/hdl/ip/drhe_tdm_decompress_fsub_32ns_32ns_32_4_full_dsp_0_ip/synth/drhe_tdm_decompress_fsub_32ns_32ns_32_4_full_dsp_0_ip.vhd:217]
INFO: [Synth 8-256] done synthesizing module 'drhe_tdm_decompress_fsub_32ns_32ns_32_4_full_dsp_0_ip' (0#1) [d:/Thesis/ThesisA/fpga_kcu116/build/vivado_drhe/kcu116_drhe.gen/sources_1/bd/system/ip/system_decomp_0/hdl/ip/drhe_tdm_decompress_fsub_32ns_32ns_32_4_full_dsp_0_ip/synth/drhe_tdm_decompress_fsub_32ns_32ns_32_4_full_dsp_0_ip.vhd:72]
INFO: [Synth 8-6155] done synthesizing module 'drhe_tdm_decompress_fsub_32ns_32ns_32_4_full_dsp_0' (0#1) [d:/Thesis/ThesisA/fpga_kcu116/build/vivado_drhe/kcu116_drhe.gen/sources_1/bd/system/ipshared/0d9d/hdl/verilog/drhe_tdm_decompress_fsub_32ns_32ns_32_4_full_dsp_0.v:9]
INFO: [Synth 8-6157] synthesizing module 'drhe_tdm_decompress_fcmp_32ns_32ns_1_2_no_dsp_0' [d:/Thesis/ThesisA/fpga_kcu116/build/vivado_drhe/kcu116_drhe.gen/sources_1/bd/system/ipshared/0d9d/hdl/verilog/drhe_tdm_decompress_fcmp_32ns_32ns_1_2_no_dsp_0.v:9]
INFO: [Synth 8-638] synthesizing module 'drhe_tdm_decompress_fcmp_32ns_32ns_1_2_no_dsp_0_ip' [d:/Thesis/ThesisA/fpga_kcu116/build/vivado_drhe/kcu116_drhe.gen/sources_1/bd/system/ip/system_decomp_0/hdl/ip/drhe_tdm_decompress_fcmp_32ns_32ns_1_2_no_dsp_0_ip/synth/drhe_tdm_decompress_fcmp_32ns_32ns_1_2_no_dsp_0_ip.vhd:73]
	Parameter C_XDEVICEFAMILY bound to: kintexuplus - type: string 
	Parameter C_PART bound to: xcku5p-ffvb676-2-e - type: string 
	Parameter C_HAS_ADD bound to: 0 - type: integer 
	Parameter C_HAS_SUBTRACT bound to: 0 - type: integer 
	Parameter C_HAS_MULTIPLY bound to: 0 - type: integer 
	Parameter C_HAS_DIVIDE bound to: 0 - type: integer 
	Parameter C_HAS_SQRT bound to: 0 - type: integer 
	Parameter C_HAS_COMPARE bound to: 1 - type: integer 
	Parameter C_HAS_FIX_TO_FLT bound to: 0 - type: integer 
	Parameter C_HAS_FLT_TO_FIX bound to: 0 - type: integer 
	Parameter C_HAS_FLT_TO_FLT bound to: 0 - type: integer 
	Parameter C_HAS_RECIP bound to: 0 - type: integer 
	Parameter C_HAS_RECIP_SQRT bound to: 0 - type: integer 
	Parameter C_HAS_ABSOLUTE bound to: 0 - type: integer 
	Parameter C_HAS_LOGARITHM bound to: 0 - type: integer 
	Parameter C_HAS_EXPONENTIAL bound to: 0 - type: integer 
	Parameter C_HAS_FMA bound to: 0 - type: integer 
	Parameter C_HAS_FMS bound to: 0 - type: integer 
	Parameter C_HAS_UNFUSED_MULTIPLY_ADD bound to: 0 - type: integer 
	Parameter C_HAS_UNFUSED_MULTIPLY_SUB bound to: 0 - type: integer 
	Parameter C_HAS_UNFUSED_MULTIPLY_ACCUMULATOR_A bound to: 0 - type: integer 
	Parameter C_HAS_UNFUSED_MULTIPLY_ACCUMULATOR_S bound to: 0 - type: integer 
	Parameter C_HAS_ACCUMULATOR_A bound to: 0 - type: integer 
	Parameter C_HAS_ACCUMULATOR_S bound to: 0 - type: integer 
	Parameter C_HAS_ACCUMULATOR_PRIMITIVE_A bound to: 0 - type: integer 
	Parameter C_HAS_ACCUMULATOR_PRIMITIVE_S bound to: 0 - type: integer 
	Parameter C_A_WIDTH bound to: 32 - type: integer 
	Parameter C_A_FRACTION_WIDTH bound to: 24 - type: integer 
	Parameter C_B_WIDTH bound to: 32 - type: integer 
	Parameter C_B_FRACTION_WIDTH bound to: 24 - type: integer 
	Parameter C_C_WIDTH bound to: 32 - type: integer 
	Parameter C_C_FRACTION_WIDTH bound to: 24 - type: integer 
	Parameter C_RESULT_WIDTH bound to: 1 - type: integer 
	Parameter C_RESULT_FRACTION_WIDTH bound to: 0 - type: integer 
	Parameter C_COMPARE_OPERATION bound to: 8 - type: integer 
	Parameter C_LATENCY bound to: 0 - type: integer 
	Parameter C_OPTIMIZATION bound to: 1 - type: integer 
	Parameter C_MULT_USAGE bound to: 0 - type: integer 
	Parameter C_BRAM_USAGE bound to: 0 - type: integer 
	Parameter C_RATE bound to: 1 - type: integer 
	Parameter C_ACCUM_INPUT_MSB bound to: 32 - type: integer 
	Parameter C_ACCUM_MSB bound to: 32 - type: integer 
	Parameter C_ACCUM_LSB bound to: -31 - type: integer 
	Parameter C_HAS_UNDERFLOW bound to: 0 - type: integer 
	Parameter C_HAS_OVERFLOW bound to: 0 - type: integer 
	Parameter C_HAS_INVALID_OP bound to: 0 - type: integer 
	Parameter C_HAS_DIVIDE_BY_ZERO bound to: 0 - type: integer 
	Parameter C_HAS_ACCUM_OVERFLOW bound to: 0 - type: integer 
	Parameter C_HAS_ACCUM_INPUT_OVERFLOW bound to: 0 - type: integer 
	Parameter C_HAS_ACLKEN bound to: 0 - type: integer 
	Parameter C_HAS_ARESETN bound to: 0 - type: integer 
	Parameter C_THROTTLE_SCHEME bound to: 3 - type: integer 
	Parameter C_HAS_A_TUSER bound to: 0 - type: integer 
	Parameter C_HAS_A_TLAST bound to: 0 - type: integer 
	Parameter C_HAS_B bound to: 1 - type: integer 
	Parameter C_HAS_B_TUSER bound to: 0 - type: integer 
	Parameter C_HAS_B_TLAST bound to: 0 - type: integer 
	Parameter C_HAS_C bound to: 0 - type: integer 
	Parameter C_HAS_C_TUSER bound to: 0 - type: integer 
	Parameter C_HAS_C_TLAST bound to: 0 - type: integer 
	Parameter C_HAS_OPERATION bound to: 1 - type: integer 
	Parameter C_HAS_OPERATION_TUSER bound to: 0 - type: integer 
	Parameter C_HAS_OPERATION_TLAST bound to: 0 - type: integer 
	Parameter C_HAS_RESULT_TUSER bound to: 0 - type: integer 
	Parameter C_HAS_RESULT_TLAST bound to: 0 - type: integer 
	Parameter C_TLAST_RESOLUTION bound to: 0 - type: integer 
	Parameter C_A_TDATA_WIDTH bound to: 32 - type: integer 
	Parameter C_A_TUSER_WIDTH bound to: 1 - type: integer 
	Parameter C_B_TDATA_WIDTH bound to: 32 - type: integer 
	Parameter C_B_TUSER_WIDTH bound to: 1 - type: integer 
	Parameter C_C_TDATA_WIDTH bound to: 32 - type: integer 
	Parameter C_C_TUSER_WIDTH bound to: 1 - type: integer 
	Parameter C_OPERATION_TDATA_WIDTH bound to: 8 - type: integer 
	Parameter C_OPERATION_TUSER_WIDTH bound to: 1 - type: integer 
	Parameter C_RESULT_TDATA_WIDTH bound to: 8 - type: integer 
	Parameter C_RESULT_TUSER_WIDTH bound to: 1 - type: integer 
	Parameter C_FIXED_DATA_UNSIGNED bound to: 0 - type: integer 
INFO: [Synth 8-3491] module 'floating_point_v7_1_22' declared at 'd:/Thesis/ThesisA/fpga_kcu116/build/vivado_drhe/kcu116_drhe.gen/sources_1/bd/system/ip/system_decomp_0/hdl/ip/drhe_tdm_decompress_sitofp_32s_32_4_no_dsp_1_ip/hdl/floating_point_v7_1_vh_rfs.vhd:93266' bound to instance 'U0' of component 'floating_point_v7_1_22' [d:/Thesis/ThesisA/fpga_kcu116/build/vivado_drhe/kcu116_drhe.gen/sources_1/bd/system/ip/system_decomp_0/hdl/ip/drhe_tdm_decompress_fcmp_32ns_32ns_1_2_no_dsp_0_ip/synth/drhe_tdm_decompress_fcmp_32ns_32ns_1_2_no_dsp_0_ip.vhd:219]
INFO: [Synth 8-256] done synthesizing module 'drhe_tdm_decompress_fcmp_32ns_32ns_1_2_no_dsp_0_ip' (0#1) [d:/Thesis/ThesisA/fpga_kcu116/build/vivado_drhe/kcu116_drhe.gen/sources_1/bd/system/ip/system_decomp_0/hdl/ip/drhe_tdm_decompress_fcmp_32ns_32ns_1_2_no_dsp_0_ip/synth/drhe_tdm_decompress_fcmp_32ns_32ns_1_2_no_dsp_0_ip.vhd:73]
INFO: [Synth 8-7071] port 'aclk' of module 'drhe_tdm_decompress_fcmp_32ns_32ns_1_2_no_dsp_0_ip' is unconnected for instance 'drhe_tdm_decompress_fcmp_32ns_32ns_1_2_no_dsp_0_ip_u' [d:/Thesis/ThesisA/fpga_kcu116/build/vivado_drhe/kcu116_drhe.gen/sources_1/bd/system/ipshared/0d9d/hdl/verilog/drhe_tdm_decompress_fcmp_32ns_32ns_1_2_no_dsp_0.v:60]
INFO: [Synth 8-7023] instance 'drhe_tdm_decompress_fcmp_32ns_32ns_1_2_no_dsp_0_ip_u' of module 'drhe_tdm_decompress_fcmp_32ns_32ns_1_2_no_dsp_0_ip' has 9 connections declared, but only 8 given [d:/Thesis/ThesisA/fpga_kcu116/build/vivado_drhe/kcu116_drhe.gen/sources_1/bd/system/ipshared/0d9d/hdl/verilog/drhe_tdm_decompress_fcmp_32ns_32ns_1_2_no_dsp_0.v:60]
INFO: [Synth 8-6155] done synthesizing module 'drhe_tdm_decompress_fcmp_32ns_32ns_1_2_no_dsp_0' (0#1) [d:/Thesis/ThesisA/fpga_kcu116/build/vivado_drhe/kcu116_drhe.gen/sources_1/bd/system/ipshared/0d9d/hdl/verilog/drhe_tdm_decompress_fcmp_32ns_32ns_1_2_no_dsp_0.v:9]
INFO: [Synth 8-6155] done synthesizing module 'drhe_tdm_decompress_atan2_cordic_float_s' (0#1) [d:/Thesis/ThesisA/fpga_kcu116/build/vivado_drhe/kcu116_drhe.gen/sources_1/bd/system/ipshared/0d9d/hdl/verilog/drhe_tdm_decompress_atan2_cordic_float_s.v:9]
INFO: [Synth 8-6157] synthesizing module 'drhe_tdm_decompress_faddfsub_32ns_32ns_32_4_full_dsp_1' [d:/Thesis/ThesisA/fpga_kcu116/build/vivado_drhe/kcu116_drhe.gen/sources_1/bd/system/ipshared/0d9d/hdl/verilog/drhe_tdm_decompress_faddfsub_32ns_32ns_32_4_full_dsp_1.v:9]
INFO: [Synth 8-638] synthesizing module 'drhe_tdm_decompress_faddfsub_32ns_32ns_32_4_full_dsp_1_ip' [d:/Thesis/ThesisA/fpga_kcu116/build/vivado_drhe/kcu116_drhe.gen/sources_1/bd/system/ip/system_decomp_0/hdl/ip/drhe_tdm_decompress_faddfsub_32ns_32ns_32_4_full_dsp_1_ip/synth/drhe_tdm_decompress_faddfsub_32ns_32ns_32_4_full_dsp_1_ip.vhd:74]
	Parameter C_XDEVICEFAMILY bound to: kintexuplus - type: string 
	Parameter C_PART bound to: xcku5p-ffvb676-2-e - type: string 
	Parameter C_HAS_ADD bound to: 1 - type: integer 
	Parameter C_HAS_SUBTRACT bound to: 1 - type: integer 
	Parameter C_HAS_MULTIPLY bound to: 0 - type: integer 
	Parameter C_HAS_DIVIDE bound to: 0 - type: integer 
	Parameter C_HAS_SQRT bound to: 0 - type: integer 
	Parameter C_HAS_COMPARE bound to: 0 - type: integer 
	Parameter C_HAS_FIX_TO_FLT bound to: 0 - type: integer 
	Parameter C_HAS_FLT_TO_FIX bound to: 0 - type: integer 
	Parameter C_HAS_FLT_TO_FLT bound to: 0 - type: integer 
	Parameter C_HAS_RECIP bound to: 0 - type: integer 
	Parameter C_HAS_RECIP_SQRT bound to: 0 - type: integer 
	Parameter C_HAS_ABSOLUTE bound to: 0 - type: integer 
	Parameter C_HAS_LOGARITHM bound to: 0 - type: integer 
	Parameter C_HAS_EXPONENTIAL bound to: 0 - type: integer 
	Parameter C_HAS_FMA bound to: 0 - type: integer 
	Parameter C_HAS_FMS bound to: 0 - type: integer 
	Parameter C_HAS_UNFUSED_MULTIPLY_ADD bound to: 0 - type: integer 
	Parameter C_HAS_UNFUSED_MULTIPLY_SUB bound to: 0 - type: integer 
	Parameter C_HAS_UNFUSED_MULTIPLY_ACCUMULATOR_A bound to: 0 - type: integer 
	Parameter C_HAS_UNFUSED_MULTIPLY_ACCUMULATOR_S bound to: 0 - type: integer 
	Parameter C_HAS_ACCUMULATOR_A bound to: 0 - type: integer 
	Parameter C_HAS_ACCUMULATOR_S bound to: 0 - type: integer 
	Parameter C_HAS_ACCUMULATOR_PRIMITIVE_A bound to: 0 - type: integer 
	Parameter C_HAS_ACCUMULATOR_PRIMITIVE_S bound to: 0 - type: integer 
	Parameter C_A_WIDTH bound to: 32 - type: integer 
	Parameter C_A_FRACTION_WIDTH bound to: 24 - type: integer 
	Parameter C_B_WIDTH bound to: 32 - type: integer 
	Parameter C_B_FRACTION_WIDTH bound to: 24 - type: integer 
	Parameter C_C_WIDTH bound to: 32 - type: integer 
	Parameter C_C_FRACTION_WIDTH bound to: 24 - type: integer 
	Parameter C_RESULT_WIDTH bound to: 32 - type: integer 
	Parameter C_RESULT_FRACTION_WIDTH bound to: 24 - type: integer 
	Parameter C_COMPARE_OPERATION bound to: 8 - type: integer 
	Parameter C_LATENCY bound to: 2 - type: integer 
	Parameter C_OPTIMIZATION bound to: 1 - type: integer 
	Parameter C_MULT_USAGE bound to: 2 - type: integer 
	Parameter C_BRAM_USAGE bound to: 0 - type: integer 
	Parameter C_RATE bound to: 1 - type: integer 
	Parameter C_ACCUM_INPUT_MSB bound to: 32 - type: integer 
	Parameter C_ACCUM_MSB bound to: 32 - type: integer 
	Parameter C_ACCUM_LSB bound to: -31 - type: integer 
	Parameter C_HAS_UNDERFLOW bound to: 0 - type: integer 
	Parameter C_HAS_OVERFLOW bound to: 0 - type: integer 
	Parameter C_HAS_INVALID_OP bound to: 0 - type: integer 
	Parameter C_HAS_DIVIDE_BY_ZERO bound to: 0 - type: integer 
	Parameter C_HAS_ACCUM_OVERFLOW bound to: 0 - type: integer 
	Parameter C_HAS_ACCUM_INPUT_OVERFLOW bound to: 0 - type: integer 
	Parameter C_HAS_ACLKEN bound to: 1 - type: integer 
	Parameter C_HAS_ARESETN bound to: 0 - type: integer 
	Parameter C_THROTTLE_SCHEME bound to: 3 - type: integer 
	Parameter C_HAS_A_TUSER bound to: 0 - type: integer 
	Parameter C_HAS_A_TLAST bound to: 0 - type: integer 
	Parameter C_HAS_B bound to: 1 - type: integer 
	Parameter C_HAS_B_TUSER bound to: 0 - type: integer 
	Parameter C_HAS_B_TLAST bound to: 0 - type: integer 
	Parameter C_HAS_C bound to: 0 - type: integer 
	Parameter C_HAS_C_TUSER bound to: 0 - type: integer 
	Parameter C_HAS_C_TLAST bound to: 0 - type: integer 
	Parameter C_HAS_OPERATION bound to: 1 - type: integer 
	Parameter C_HAS_OPERATION_TUSER bound to: 0 - type: integer 
	Parameter C_HAS_OPERATION_TLAST bound to: 0 - type: integer 
	Parameter C_HAS_RESULT_TUSER bound to: 0 - type: integer 
	Parameter C_HAS_RESULT_TLAST bound to: 0 - type: integer 
	Parameter C_TLAST_RESOLUTION bound to: 0 - type: integer 
	Parameter C_A_TDATA_WIDTH bound to: 32 - type: integer 
	Parameter C_A_TUSER_WIDTH bound to: 1 - type: integer 
	Parameter C_B_TDATA_WIDTH bound to: 32 - type: integer 
	Parameter C_B_TUSER_WIDTH bound to: 1 - type: integer 
	Parameter C_C_TDATA_WIDTH bound to: 32 - type: integer 
	Parameter C_C_TUSER_WIDTH bound to: 1 - type: integer 
	Parameter C_OPERATION_TDATA_WIDTH bound to: 8 - type: integer 
	Parameter C_OPERATION_TUSER_WIDTH bound to: 1 - type: integer 
	Parameter C_RESULT_TDATA_WIDTH bound to: 32 - type: integer 
	Parameter C_RESULT_TUSER_WIDTH bound to: 1 - type: integer 
	Parameter C_FIXED_DATA_UNSIGNED bound to: 0 - type: integer 
INFO: [Synth 8-3491] module 'floating_point_v7_1_22' declared at 'd:/Thesis/ThesisA/fpga_kcu116/build/vivado_drhe/kcu116_drhe.gen/sources_1/bd/system/ip/system_decomp_0/hdl/ip/drhe_tdm_decompress_sitofp_32s_32_4_no_dsp_1_ip/hdl/floating_point_v7_1_vh_rfs.vhd:93266' bound to instance 'U0' of component 'floating_point_v7_1_22' [d:/Thesis/ThesisA/fpga_kcu116/build/vivado_drhe/kcu116_drhe.gen/sources_1/bd/system/ip/system_decomp_0/hdl/ip/drhe_tdm_decompress_faddfsub_32ns_32ns_32_4_full_dsp_1_ip/synth/drhe_tdm_decompress_faddfsub_32ns_32ns_32_4_full_dsp_1_ip.vhd:223]
INFO: [Synth 8-256] done synthesizing module 'drhe_tdm_decompress_faddfsub_32ns_32ns_32_4_full_dsp_1_ip' (0#1) [d:/Thesis/ThesisA/fpga_kcu116/build/vivado_drhe/kcu116_drhe.gen/sources_1/bd/system/ip/system_decomp_0/hdl/ip/drhe_tdm_decompress_faddfsub_32ns_32ns_32_4_full_dsp_1_ip/synth/drhe_tdm_decompress_faddfsub_32ns_32ns_32_4_full_dsp_1_ip.vhd:74]
INFO: [Synth 8-6155] done synthesizing module 'drhe_tdm_decompress_faddfsub_32ns_32ns_32_4_full_dsp_1' (0#1) [d:/Thesis/ThesisA/fpga_kcu116/build/vivado_drhe/kcu116_drhe.gen/sources_1/bd/system/ipshared/0d9d/hdl/verilog/drhe_tdm_decompress_faddfsub_32ns_32ns_32_4_full_dsp_1.v:9]
INFO: [Synth 8-6157] synthesizing module 'drhe_tdm_decompress_fadd_32ns_32ns_32_4_full_dsp_1' [d:/Thesis/ThesisA/fpga_kcu116/build/vivado_drhe/kcu116_drhe.gen/sources_1/bd/system/ipshared/0d9d/hdl/verilog/drhe_tdm_decompress_fadd_32ns_32ns_32_4_full_dsp_1.v:9]
INFO: [Synth 8-638] synthesizing module 'drhe_tdm_decompress_fadd_32ns_32ns_32_4_full_dsp_1_ip' [d:/Thesis/ThesisA/fpga_kcu116/build/vivado_drhe/kcu116_drhe.gen/sources_1/bd/system/ip/system_decomp_0/hdl/ip/drhe_tdm_decompress_fadd_32ns_32ns_32_4_full_dsp_1_ip/synth/drhe_tdm_decompress_fadd_32ns_32ns_32_4_full_dsp_1_ip.vhd:72]
	Parameter C_XDEVICEFAMILY bound to: kintexuplus - type: string 
	Parameter C_PART bound to: xcku5p-ffvb676-2-e - type: string 
	Parameter C_HAS_ADD bound to: 1 - type: integer 
	Parameter C_HAS_SUBTRACT bound to: 0 - type: integer 
	Parameter C_HAS_MULTIPLY bound to: 0 - type: integer 
	Parameter C_HAS_DIVIDE bound to: 0 - type: integer 
	Parameter C_HAS_SQRT bound to: 0 - type: integer 
	Parameter C_HAS_COMPARE bound to: 0 - type: integer 
	Parameter C_HAS_FIX_TO_FLT bound to: 0 - type: integer 
	Parameter C_HAS_FLT_TO_FIX bound to: 0 - type: integer 
	Parameter C_HAS_FLT_TO_FLT bound to: 0 - type: integer 
	Parameter C_HAS_RECIP bound to: 0 - type: integer 
	Parameter C_HAS_RECIP_SQRT bound to: 0 - type: integer 
	Parameter C_HAS_ABSOLUTE bound to: 0 - type: integer 
	Parameter C_HAS_LOGARITHM bound to: 0 - type: integer 
	Parameter C_HAS_EXPONENTIAL bound to: 0 - type: integer 
	Parameter C_HAS_FMA bound to: 0 - type: integer 
	Parameter C_HAS_FMS bound to: 0 - type: integer 
	Parameter C_HAS_UNFUSED_MULTIPLY_ADD bound to: 0 - type: integer 
	Parameter C_HAS_UNFUSED_MULTIPLY_SUB bound to: 0 - type: integer 
	Parameter C_HAS_UNFUSED_MULTIPLY_ACCUMULATOR_A bound to: 0 - type: integer 
	Parameter C_HAS_UNFUSED_MULTIPLY_ACCUMULATOR_S bound to: 0 - type: integer 
	Parameter C_HAS_ACCUMULATOR_A bound to: 0 - type: integer 
	Parameter C_HAS_ACCUMULATOR_S bound to: 0 - type: integer 
	Parameter C_HAS_ACCUMULATOR_PRIMITIVE_A bound to: 0 - type: integer 
	Parameter C_HAS_ACCUMULATOR_PRIMITIVE_S bound to: 0 - type: integer 
	Parameter C_A_WIDTH bound to: 32 - type: integer 
	Parameter C_A_FRACTION_WIDTH bound to: 24 - type: integer 
	Parameter C_B_WIDTH bound to: 32 - type: integer 
	Parameter C_B_FRACTION_WIDTH bound to: 24 - type: integer 
	Parameter C_C_WIDTH bound to: 32 - type: integer 
	Parameter C_C_FRACTION_WIDTH bound to: 24 - type: integer 
	Parameter C_RESULT_WIDTH bound to: 32 - type: integer 
	Parameter C_RESULT_FRACTION_WIDTH bound to: 24 - type: integer 
	Parameter C_COMPARE_OPERATION bound to: 8 - type: integer 
	Parameter C_LATENCY bound to: 2 - type: integer 
	Parameter C_OPTIMIZATION bound to: 1 - type: integer 
	Parameter C_MULT_USAGE bound to: 2 - type: integer 
	Parameter C_BRAM_USAGE bound to: 0 - type: integer 
	Parameter C_RATE bound to: 1 - type: integer 
	Parameter C_ACCUM_INPUT_MSB bound to: 32 - type: integer 
	Parameter C_ACCUM_MSB bound to: 32 - type: integer 
	Parameter C_ACCUM_LSB bound to: -31 - type: integer 
	Parameter C_HAS_UNDERFLOW bound to: 0 - type: integer 
	Parameter C_HAS_OVERFLOW bound to: 0 - type: integer 
	Parameter C_HAS_INVALID_OP bound to: 0 - type: integer 
	Parameter C_HAS_DIVIDE_BY_ZERO bound to: 0 - type: integer 
	Parameter C_HAS_ACCUM_OVERFLOW bound to: 0 - type: integer 
	Parameter C_HAS_ACCUM_INPUT_OVERFLOW bound to: 0 - type: integer 
	Parameter C_HAS_ACLKEN bound to: 1 - type: integer 
	Parameter C_HAS_ARESETN bound to: 0 - type: integer 
	Parameter C_THROTTLE_SCHEME bound to: 3 - type: integer 
	Parameter C_HAS_A_TUSER bound to: 0 - type: integer 
	Parameter C_HAS_A_TLAST bound to: 0 - type: integer 
	Parameter C_HAS_B bound to: 1 - type: integer 
	Parameter C_HAS_B_TUSER bound to: 0 - type: integer 
	Parameter C_HAS_B_TLAST bound to: 0 - type: integer 
	Parameter C_HAS_C bound to: 0 - type: integer 
	Parameter C_HAS_C_TUSER bound to: 0 - type: integer 
	Parameter C_HAS_C_TLAST bound to: 0 - type: integer 
	Parameter C_HAS_OPERATION bound to: 0 - type: integer 
	Parameter C_HAS_OPERATION_TUSER bound to: 0 - type: integer 
	Parameter C_HAS_OPERATION_TLAST bound to: 0 - type: integer 
	Parameter C_HAS_RESULT_TUSER bound to: 0 - type: integer 
	Parameter C_HAS_RESULT_TLAST bound to: 0 - type: integer 
	Parameter C_TLAST_RESOLUTION bound to: 0 - type: integer 
	Parameter C_A_TDATA_WIDTH bound to: 32 - type: integer 
	Parameter C_A_TUSER_WIDTH bound to: 1 - type: integer 
	Parameter C_B_TDATA_WIDTH bound to: 32 - type: integer 
	Parameter C_B_TUSER_WIDTH bound to: 1 - type: integer 
	Parameter C_C_TDATA_WIDTH bound to: 32 - type: integer 
	Parameter C_C_TUSER_WIDTH bound to: 1 - type: integer 
	Parameter C_OPERATION_TDATA_WIDTH bound to: 8 - type: integer 
	Parameter C_OPERATION_TUSER_WIDTH bound to: 1 - type: integer 
	Parameter C_RESULT_TDATA_WIDTH bound to: 32 - type: integer 
	Parameter C_RESULT_TUSER_WIDTH bound to: 1 - type: integer 
	Parameter C_FIXED_DATA_UNSIGNED bound to: 0 - type: integer 
INFO: [Synth 8-3491] module 'floating_point_v7_1_22' declared at 'd:/Thesis/ThesisA/fpga_kcu116/build/vivado_drhe/kcu116_drhe.gen/sources_1/bd/system/ip/system_decomp_0/hdl/ip/drhe_tdm_decompress_sitofp_32s_32_4_no_dsp_1_ip/hdl/floating_point_v7_1_vh_rfs.vhd:93266' bound to instance 'U0' of component 'floating_point_v7_1_22' [d:/Thesis/ThesisA/fpga_kcu116/build/vivado_drhe/kcu116_drhe.gen/sources_1/bd/system/ip/system_decomp_0/hdl/ip/drhe_tdm_decompress_fadd_32ns_32ns_32_4_full_dsp_1_ip/synth/drhe_tdm_decompress_fadd_32ns_32ns_32_4_full_dsp_1_ip.vhd:217]
INFO: [Synth 8-256] done synthesizing module 'drhe_tdm_decompress_fadd_32ns_32ns_32_4_full_dsp_1_ip' (0#1) [d:/Thesis/ThesisA/fpga_kcu116/build/vivado_drhe/kcu116_drhe.gen/sources_1/bd/system/ip/system_decomp_0/hdl/ip/drhe_tdm_decompress_fadd_32ns_32ns_32_4_full_dsp_1_ip/synth/drhe_tdm_decompress_fadd_32ns_32ns_32_4_full_dsp_1_ip.vhd:72]
INFO: [Synth 8-6155] done synthesizing module 'drhe_tdm_decompress_fadd_32ns_32ns_32_4_full_dsp_1' (0#1) [d:/Thesis/ThesisA/fpga_kcu116/build/vivado_drhe/kcu116_drhe.gen/sources_1/bd/system/ipshared/0d9d/hdl/verilog/drhe_tdm_decompress_fadd_32ns_32ns_32_4_full_dsp_1.v:9]
INFO: [Synth 8-6157] synthesizing module 'drhe_tdm_decompress_fmul_32ns_32ns_32_3_max_dsp_1' [d:/Thesis/ThesisA/fpga_kcu116/build/vivado_drhe/kcu116_drhe.gen/sources_1/bd/system/ipshared/0d9d/hdl/verilog/drhe_tdm_decompress_fmul_32ns_32ns_32_3_max_dsp_1.v:9]
INFO: [Synth 8-638] synthesizing module 'drhe_tdm_decompress_fmul_32ns_32ns_32_3_max_dsp_1_ip' [d:/Thesis/ThesisA/fpga_kcu116/build/vivado_drhe/kcu116_drhe.gen/sources_1/bd/system/ip/system_decomp_0/hdl/ip/drhe_tdm_decompress_fmul_32ns_32ns_32_3_max_dsp_1_ip/synth/drhe_tdm_decompress_fmul_32ns_32ns_32_3_max_dsp_1_ip.vhd:72]
	Parameter C_XDEVICEFAMILY bound to: kintexuplus - type: string 
	Parameter C_PART bound to: xcku5p-ffvb676-2-e - type: string 
	Parameter C_HAS_ADD bound to: 0 - type: integer 
	Parameter C_HAS_SUBTRACT bound to: 0 - type: integer 
	Parameter C_HAS_MULTIPLY bound to: 1 - type: integer 
	Parameter C_HAS_DIVIDE bound to: 0 - type: integer 
	Parameter C_HAS_SQRT bound to: 0 - type: integer 
	Parameter C_HAS_COMPARE bound to: 0 - type: integer 
	Parameter C_HAS_FIX_TO_FLT bound to: 0 - type: integer 
	Parameter C_HAS_FLT_TO_FIX bound to: 0 - type: integer 
	Parameter C_HAS_FLT_TO_FLT bound to: 0 - type: integer 
	Parameter C_HAS_RECIP bound to: 0 - type: integer 
	Parameter C_HAS_RECIP_SQRT bound to: 0 - type: integer 
	Parameter C_HAS_ABSOLUTE bound to: 0 - type: integer 
	Parameter C_HAS_LOGARITHM bound to: 0 - type: integer 
	Parameter C_HAS_EXPONENTIAL bound to: 0 - type: integer 
	Parameter C_HAS_FMA bound to: 0 - type: integer 
	Parameter C_HAS_FMS bound to: 0 - type: integer 
	Parameter C_HAS_UNFUSED_MULTIPLY_ADD bound to: 0 - type: integer 
	Parameter C_HAS_UNFUSED_MULTIPLY_SUB bound to: 0 - type: integer 
	Parameter C_HAS_UNFUSED_MULTIPLY_ACCUMULATOR_A bound to: 0 - type: integer 
	Parameter C_HAS_UNFUSED_MULTIPLY_ACCUMULATOR_S bound to: 0 - type: integer 
	Parameter C_HAS_ACCUMULATOR_A bound to: 0 - type: integer 
	Parameter C_HAS_ACCUMULATOR_S bound to: 0 - type: integer 
	Parameter C_HAS_ACCUMULATOR_PRIMITIVE_A bound to: 0 - type: integer 
	Parameter C_HAS_ACCUMULATOR_PRIMITIVE_S bound to: 0 - type: integer 
	Parameter C_A_WIDTH bound to: 32 - type: integer 
	Parameter C_A_FRACTION_WIDTH bound to: 24 - type: integer 
	Parameter C_B_WIDTH bound to: 32 - type: integer 
	Parameter C_B_FRACTION_WIDTH bound to: 24 - type: integer 
	Parameter C_C_WIDTH bound to: 32 - type: integer 
	Parameter C_C_FRACTION_WIDTH bound to: 24 - type: integer 
	Parameter C_RESULT_WIDTH bound to: 32 - type: integer 
	Parameter C_RESULT_FRACTION_WIDTH bound to: 24 - type: integer 
	Parameter C_COMPARE_OPERATION bound to: 8 - type: integer 
	Parameter C_LATENCY bound to: 1 - type: integer 
	Parameter C_OPTIMIZATION bound to: 1 - type: integer 
	Parameter C_MULT_USAGE bound to: 3 - type: integer 
	Parameter C_BRAM_USAGE bound to: 0 - type: integer 
	Parameter C_RATE bound to: 1 - type: integer 
	Parameter C_ACCUM_INPUT_MSB bound to: 32 - type: integer 
	Parameter C_ACCUM_MSB bound to: 32 - type: integer 
	Parameter C_ACCUM_LSB bound to: -31 - type: integer 
	Parameter C_HAS_UNDERFLOW bound to: 0 - type: integer 
	Parameter C_HAS_OVERFLOW bound to: 0 - type: integer 
	Parameter C_HAS_INVALID_OP bound to: 0 - type: integer 
	Parameter C_HAS_DIVIDE_BY_ZERO bound to: 0 - type: integer 
	Parameter C_HAS_ACCUM_OVERFLOW bound to: 0 - type: integer 
	Parameter C_HAS_ACCUM_INPUT_OVERFLOW bound to: 0 - type: integer 
	Parameter C_HAS_ACLKEN bound to: 1 - type: integer 
	Parameter C_HAS_ARESETN bound to: 0 - type: integer 
	Parameter C_THROTTLE_SCHEME bound to: 3 - type: integer 
	Parameter C_HAS_A_TUSER bound to: 0 - type: integer 
	Parameter C_HAS_A_TLAST bound to: 0 - type: integer 
	Parameter C_HAS_B bound to: 1 - type: integer 
	Parameter C_HAS_B_TUSER bound to: 0 - type: integer 
	Parameter C_HAS_B_TLAST bound to: 0 - type: integer 
	Parameter C_HAS_C bound to: 0 - type: integer 
	Parameter C_HAS_C_TUSER bound to: 0 - type: integer 
	Parameter C_HAS_C_TLAST bound to: 0 - type: integer 
	Parameter C_HAS_OPERATION bound to: 0 - type: integer 
	Parameter C_HAS_OPERATION_TUSER bound to: 0 - type: integer 
	Parameter C_HAS_OPERATION_TLAST bound to: 0 - type: integer 
	Parameter C_HAS_RESULT_TUSER bound to: 0 - type: integer 
	Parameter C_HAS_RESULT_TLAST bound to: 0 - type: integer 
	Parameter C_TLAST_RESOLUTION bound to: 0 - type: integer 
	Parameter C_A_TDATA_WIDTH bound to: 32 - type: integer 
	Parameter C_A_TUSER_WIDTH bound to: 1 - type: integer 
	Parameter C_B_TDATA_WIDTH bound to: 32 - type: integer 
	Parameter C_B_TUSER_WIDTH bound to: 1 - type: integer 
	Parameter C_C_TDATA_WIDTH bound to: 32 - type: integer 
	Parameter C_C_TUSER_WIDTH bound to: 1 - type: integer 
	Parameter C_OPERATION_TDATA_WIDTH bound to: 8 - type: integer 
	Parameter C_OPERATION_TUSER_WIDTH bound to: 1 - type: integer 
	Parameter C_RESULT_TDATA_WIDTH bound to: 32 - type: integer 
	Parameter C_RESULT_TUSER_WIDTH bound to: 1 - type: integer 
	Parameter C_FIXED_DATA_UNSIGNED bound to: 0 - type: integer 
INFO: [Synth 8-3491] module 'floating_point_v7_1_22' declared at 'd:/Thesis/ThesisA/fpga_kcu116/build/vivado_drhe/kcu116_drhe.gen/sources_1/bd/system/ip/system_decomp_0/hdl/ip/drhe_tdm_decompress_sitofp_32s_32_4_no_dsp_1_ip/hdl/floating_point_v7_1_vh_rfs.vhd:93266' bound to instance 'U0' of component 'floating_point_v7_1_22' [d:/Thesis/ThesisA/fpga_kcu116/build/vivado_drhe/kcu116_drhe.gen/sources_1/bd/system/ip/system_decomp_0/hdl/ip/drhe_tdm_decompress_fmul_32ns_32ns_32_3_max_dsp_1_ip/synth/drhe_tdm_decompress_fmul_32ns_32ns_32_3_max_dsp_1_ip.vhd:217]
INFO: [Synth 8-256] done synthesizing module 'drhe_tdm_decompress_fmul_32ns_32ns_32_3_max_dsp_1_ip' (0#1) [d:/Thesis/ThesisA/fpga_kcu116/build/vivado_drhe/kcu116_drhe.gen/sources_1/bd/system/ip/system_decomp_0/hdl/ip/drhe_tdm_decompress_fmul_32ns_32ns_32_3_max_dsp_1_ip/synth/drhe_tdm_decompress_fmul_32ns_32ns_32_3_max_dsp_1_ip.vhd:72]
INFO: [Synth 8-6155] done synthesizing module 'drhe_tdm_decompress_fmul_32ns_32ns_32_3_max_dsp_1' (0#1) [d:/Thesis/ThesisA/fpga_kcu116/build/vivado_drhe/kcu116_drhe.gen/sources_1/bd/system/ipshared/0d9d/hdl/verilog/drhe_tdm_decompress_fmul_32ns_32ns_32_3_max_dsp_1.v:9]
INFO: [Synth 8-6157] synthesizing module 'drhe_tdm_decompress_sitofp_32s_32_4_no_dsp_1' [d:/Thesis/ThesisA/fpga_kcu116/build/vivado_drhe/kcu116_drhe.gen/sources_1/bd/system/ipshared/0d9d/hdl/verilog/drhe_tdm_decompress_sitofp_32s_32_4_no_dsp_1.v:9]
INFO: [Synth 8-638] synthesizing module 'drhe_tdm_decompress_sitofp_32s_32_4_no_dsp_1_ip' [d:/Thesis/ThesisA/fpga_kcu116/build/vivado_drhe/kcu116_drhe.gen/sources_1/bd/system/ip/system_decomp_0/hdl/ip/drhe_tdm_decompress_sitofp_32s_32_4_no_dsp_1_ip/synth/drhe_tdm_decompress_sitofp_32s_32_4_no_dsp_1_ip.vhd:70]
	Parameter C_XDEVICEFAMILY bound to: kintexuplus - type: string 
	Parameter C_PART bound to: xcku5p-ffvb676-2-e - type: string 
	Parameter C_HAS_ADD bound to: 0 - type: integer 
	Parameter C_HAS_SUBTRACT bound to: 0 - type: integer 
	Parameter C_HAS_MULTIPLY bound to: 0 - type: integer 
	Parameter C_HAS_DIVIDE bound to: 0 - type: integer 
	Parameter C_HAS_SQRT bound to: 0 - type: integer 
	Parameter C_HAS_COMPARE bound to: 0 - type: integer 
	Parameter C_HAS_FIX_TO_FLT bound to: 1 - type: integer 
	Parameter C_HAS_FLT_TO_FIX bound to: 0 - type: integer 
	Parameter C_HAS_FLT_TO_FLT bound to: 0 - type: integer 
	Parameter C_HAS_RECIP bound to: 0 - type: integer 
	Parameter C_HAS_RECIP_SQRT bound to: 0 - type: integer 
	Parameter C_HAS_ABSOLUTE bound to: 0 - type: integer 
	Parameter C_HAS_LOGARITHM bound to: 0 - type: integer 
	Parameter C_HAS_EXPONENTIAL bound to: 0 - type: integer 
	Parameter C_HAS_FMA bound to: 0 - type: integer 
	Parameter C_HAS_FMS bound to: 0 - type: integer 
	Parameter C_HAS_UNFUSED_MULTIPLY_ADD bound to: 0 - type: integer 
	Parameter C_HAS_UNFUSED_MULTIPLY_SUB bound to: 0 - type: integer 
	Parameter C_HAS_UNFUSED_MULTIPLY_ACCUMULATOR_A bound to: 0 - type: integer 
	Parameter C_HAS_UNFUSED_MULTIPLY_ACCUMULATOR_S bound to: 0 - type: integer 
	Parameter C_HAS_ACCUMULATOR_A bound to: 0 - type: integer 
	Parameter C_HAS_ACCUMULATOR_S bound to: 0 - type: integer 
	Parameter C_HAS_ACCUMULATOR_PRIMITIVE_A bound to: 0 - type: integer 
	Parameter C_HAS_ACCUMULATOR_PRIMITIVE_S bound to: 0 - type: integer 
	Parameter C_A_WIDTH bound to: 32 - type: integer 
	Parameter C_A_FRACTION_WIDTH bound to: 0 - type: integer 
	Parameter C_B_WIDTH bound to: 32 - type: integer 
	Parameter C_B_FRACTION_WIDTH bound to: 0 - type: integer 
	Parameter C_C_WIDTH bound to: 32 - type: integer 
	Parameter C_C_FRACTION_WIDTH bound to: 0 - type: integer 
	Parameter C_RESULT_WIDTH bound to: 32 - type: integer 
	Parameter C_RESULT_FRACTION_WIDTH bound to: 24 - type: integer 
	Parameter C_COMPARE_OPERATION bound to: 8 - type: integer 
	Parameter C_LATENCY bound to: 2 - type: integer 
	Parameter C_OPTIMIZATION bound to: 1 - type: integer 
	Parameter C_MULT_USAGE bound to: 0 - type: integer 
	Parameter C_BRAM_USAGE bound to: 0 - type: integer 
	Parameter C_RATE bound to: 1 - type: integer 
	Parameter C_ACCUM_INPUT_MSB bound to: 32 - type: integer 
	Parameter C_ACCUM_MSB bound to: 32 - type: integer 
	Parameter C_ACCUM_LSB bound to: -31 - type: integer 
	Parameter C_HAS_UNDERFLOW bound to: 0 - type: integer 
	Parameter C_HAS_OVERFLOW bound to: 0 - type: integer 
	Parameter C_HAS_INVALID_OP bound to: 0 - type: integer 
	Parameter C_HAS_DIVIDE_BY_ZERO bound to: 0 - type: integer 
	Parameter C_HAS_ACCUM_OVERFLOW bound to: 0 - type: integer 
	Parameter C_HAS_ACCUM_INPUT_OVERFLOW bound to: 0 - type: integer 
	Parameter C_HAS_ACLKEN bound to: 1 - type: integer 
	Parameter C_HAS_ARESETN bound to: 0 - type: integer 
	Parameter C_THROTTLE_SCHEME bound to: 3 - type: integer 
	Parameter C_HAS_A_TUSER bound to: 0 - type: integer 
	Parameter C_HAS_A_TLAST bound to: 0 - type: integer 
	Parameter C_HAS_B bound to: 0 - type: integer 
	Parameter C_HAS_B_TUSER bound to: 0 - type: integer 
	Parameter C_HAS_B_TLAST bound to: 0 - type: integer 
	Parameter C_HAS_C bound to: 0 - type: integer 
	Parameter C_HAS_C_TUSER bound to: 0 - type: integer 
	Parameter C_HAS_C_TLAST bound to: 0 - type: integer 
	Parameter C_HAS_OPERATION bound to: 0 - type: integer 
	Parameter C_HAS_OPERATION_TUSER bound to: 0 - type: integer 
	Parameter C_HAS_OPERATION_TLAST bound to: 0 - type: integer 
	Parameter C_HAS_RESULT_TUSER bound to: 0 - type: integer 
	Parameter C_HAS_RESULT_TLAST bound to: 0 - type: integer 
	Parameter C_TLAST_RESOLUTION bound to: 0 - type: integer 
	Parameter C_A_TDATA_WIDTH bound to: 32 - type: integer 
	Parameter C_A_TUSER_WIDTH bound to: 1 - type: integer 
	Parameter C_B_TDATA_WIDTH bound to: 32 - type: integer 
	Parameter C_B_TUSER_WIDTH bound to: 1 - type: integer 
	Parameter C_C_TDATA_WIDTH bound to: 32 - type: integer 
	Parameter C_C_TUSER_WIDTH bound to: 1 - type: integer 
	Parameter C_OPERATION_TDATA_WIDTH bound to: 8 - type: integer 
	Parameter C_OPERATION_TUSER_WIDTH bound to: 1 - type: integer 
	Parameter C_RESULT_TDATA_WIDTH bound to: 32 - type: integer 
	Parameter C_RESULT_TUSER_WIDTH bound to: 1 - type: integer 
	Parameter C_FIXED_DATA_UNSIGNED bound to: 0 - type: integer 
INFO: [Synth 8-3491] module 'floating_point_v7_1_22' declared at 'd:/Thesis/ThesisA/fpga_kcu116/build/vivado_drhe/kcu116_drhe.gen/sources_1/bd/system/ip/system_decomp_0/hdl/ip/drhe_tdm_decompress_sitofp_32s_32_4_no_dsp_1_ip/hdl/floating_point_v7_1_vh_rfs.vhd:93266' bound to instance 'U0' of component 'floating_point_v7_1_22' [d:/Thesis/ThesisA/fpga_kcu116/build/vivado_drhe/kcu116_drhe.gen/sources_1/bd/system/ip/system_decomp_0/hdl/ip/drhe_tdm_decompress_sitofp_32s_32_4_no_dsp_1_ip/synth/drhe_tdm_decompress_sitofp_32s_32_4_no_dsp_1_ip.vhd:211]
INFO: [Synth 8-256] done synthesizing module 'drhe_tdm_decompress_sitofp_32s_32_4_no_dsp_1_ip' (0#1) [d:/Thesis/ThesisA/fpga_kcu116/build/vivado_drhe/kcu116_drhe.gen/sources_1/bd/system/ip/system_decomp_0/hdl/ip/drhe_tdm_decompress_sitofp_32s_32_4_no_dsp_1_ip/synth/drhe_tdm_decompress_sitofp_32s_32_4_no_dsp_1_ip.vhd:70]
INFO: [Synth 8-6155] done synthesizing module 'drhe_tdm_decompress_sitofp_32s_32_4_no_dsp_1' (0#1) [d:/Thesis/ThesisA/fpga_kcu116/build/vivado_drhe/kcu116_drhe.gen/sources_1/bd/system/ipshared/0d9d/hdl/verilog/drhe_tdm_decompress_sitofp_32s_32_4_no_dsp_1.v:9]
INFO: [Synth 8-6157] synthesizing module 'drhe_tdm_decompress_fsqrt_32ns_32ns_32_8_no_dsp_1' [d:/Thesis/ThesisA/fpga_kcu116/build/vivado_drhe/kcu116_drhe.gen/sources_1/bd/system/ipshared/0d9d/hdl/verilog/drhe_tdm_decompress_fsqrt_32ns_32ns_32_8_no_dsp_1.v:9]
INFO: [Synth 8-638] synthesizing module 'drhe_tdm_decompress_fsqrt_32ns_32ns_32_8_no_dsp_1_ip' [d:/Thesis/ThesisA/fpga_kcu116/build/vivado_drhe/kcu116_drhe.gen/sources_1/bd/system/ip/system_decomp_0/hdl/ip/drhe_tdm_decompress_fsqrt_32ns_32ns_32_8_no_dsp_1_ip/synth/drhe_tdm_decompress_fsqrt_32ns_32ns_32_8_no_dsp_1_ip.vhd:70]
	Parameter C_XDEVICEFAMILY bound to: kintexuplus - type: string 
	Parameter C_PART bound to: xcku5p-ffvb676-2-e - type: string 
	Parameter C_HAS_ADD bound to: 0 - type: integer 
	Parameter C_HAS_SUBTRACT bound to: 0 - type: integer 
	Parameter C_HAS_MULTIPLY bound to: 0 - type: integer 
	Parameter C_HAS_DIVIDE bound to: 0 - type: integer 
	Parameter C_HAS_SQRT bound to: 1 - type: integer 
	Parameter C_HAS_COMPARE bound to: 0 - type: integer 
	Parameter C_HAS_FIX_TO_FLT bound to: 0 - type: integer 
	Parameter C_HAS_FLT_TO_FIX bound to: 0 - type: integer 
	Parameter C_HAS_FLT_TO_FLT bound to: 0 - type: integer 
	Parameter C_HAS_RECIP bound to: 0 - type: integer 
	Parameter C_HAS_RECIP_SQRT bound to: 0 - type: integer 
	Parameter C_HAS_ABSOLUTE bound to: 0 - type: integer 
	Parameter C_HAS_LOGARITHM bound to: 0 - type: integer 
	Parameter C_HAS_EXPONENTIAL bound to: 0 - type: integer 
	Parameter C_HAS_FMA bound to: 0 - type: integer 
	Parameter C_HAS_FMS bound to: 0 - type: integer 
	Parameter C_HAS_UNFUSED_MULTIPLY_ADD bound to: 0 - type: integer 
	Parameter C_HAS_UNFUSED_MULTIPLY_SUB bound to: 0 - type: integer 
	Parameter C_HAS_UNFUSED_MULTIPLY_ACCUMULATOR_A bound to: 0 - type: integer 
	Parameter C_HAS_UNFUSED_MULTIPLY_ACCUMULATOR_S bound to: 0 - type: integer 
	Parameter C_HAS_ACCUMULATOR_A bound to: 0 - type: integer 
	Parameter C_HAS_ACCUMULATOR_S bound to: 0 - type: integer 
	Parameter C_HAS_ACCUMULATOR_PRIMITIVE_A bound to: 0 - type: integer 
	Parameter C_HAS_ACCUMULATOR_PRIMITIVE_S bound to: 0 - type: integer 
	Parameter C_A_WIDTH bound to: 32 - type: integer 
	Parameter C_A_FRACTION_WIDTH bound to: 24 - type: integer 
	Parameter C_B_WIDTH bound to: 32 - type: integer 
	Parameter C_B_FRACTION_WIDTH bound to: 24 - type: integer 
	Parameter C_C_WIDTH bound to: 32 - type: integer 
	Parameter C_C_FRACTION_WIDTH bound to: 24 - type: integer 
	Parameter C_RESULT_WIDTH bound to: 32 - type: integer 
	Parameter C_RESULT_FRACTION_WIDTH bound to: 24 - type: integer 
	Parameter C_COMPARE_OPERATION bound to: 8 - type: integer 
	Parameter C_LATENCY bound to: 6 - type: integer 
	Parameter C_OPTIMIZATION bound to: 1 - type: integer 
	Parameter C_MULT_USAGE bound to: 0 - type: integer 
	Parameter C_BRAM_USAGE bound to: 0 - type: integer 
	Parameter C_RATE bound to: 1 - type: integer 
	Parameter C_ACCUM_INPUT_MSB bound to: 32 - type: integer 
	Parameter C_ACCUM_MSB bound to: 32 - type: integer 
	Parameter C_ACCUM_LSB bound to: -31 - type: integer 
	Parameter C_HAS_UNDERFLOW bound to: 0 - type: integer 
	Parameter C_HAS_OVERFLOW bound to: 0 - type: integer 
	Parameter C_HAS_INVALID_OP bound to: 0 - type: integer 
	Parameter C_HAS_DIVIDE_BY_ZERO bound to: 0 - type: integer 
	Parameter C_HAS_ACCUM_OVERFLOW bound to: 0 - type: integer 
	Parameter C_HAS_ACCUM_INPUT_OVERFLOW bound to: 0 - type: integer 
	Parameter C_HAS_ACLKEN bound to: 1 - type: integer 
	Parameter C_HAS_ARESETN bound to: 0 - type: integer 
	Parameter C_THROTTLE_SCHEME bound to: 3 - type: integer 
	Parameter C_HAS_A_TUSER bound to: 0 - type: integer 
	Parameter C_HAS_A_TLAST bound to: 0 - type: integer 
	Parameter C_HAS_B bound to: 0 - type: integer 
	Parameter C_HAS_B_TUSER bound to: 0 - type: integer 
	Parameter C_HAS_B_TLAST bound to: 0 - type: integer 
	Parameter C_HAS_C bound to: 0 - type: integer 
	Parameter C_HAS_C_TUSER bound to: 0 - type: integer 
	Parameter C_HAS_C_TLAST bound to: 0 - type: integer 
	Parameter C_HAS_OPERATION bound to: 0 - type: integer 
	Parameter C_HAS_OPERATION_TUSER bound to: 0 - type: integer 
	Parameter C_HAS_OPERATION_TLAST bound to: 0 - type: integer 
	Parameter C_HAS_RESULT_TUSER bound to: 0 - type: integer 
	Parameter C_HAS_RESULT_TLAST bound to: 0 - type: integer 
	Parameter C_TLAST_RESOLUTION bound to: 0 - type: integer 
	Parameter C_A_TDATA_WIDTH bound to: 32 - type: integer 
	Parameter C_A_TUSER_WIDTH bound to: 1 - type: integer 
	Parameter C_B_TDATA_WIDTH bound to: 32 - type: integer 
	Parameter C_B_TUSER_WIDTH bound to: 1 - type: integer 
	Parameter C_C_TDATA_WIDTH bound to: 32 - type: integer 
	Parameter C_C_TUSER_WIDTH bound to: 1 - type: integer 
	Parameter C_OPERATION_TDATA_WIDTH bound to: 8 - type: integer 
	Parameter C_OPERATION_TUSER_WIDTH bound to: 1 - type: integer 
	Parameter C_RESULT_TDATA_WIDTH bound to: 32 - type: integer 
	Parameter C_RESULT_TUSER_WIDTH bound to: 1 - type: integer 
	Parameter C_FIXED_DATA_UNSIGNED bound to: 0 - type: integer 
INFO: [Synth 8-3491] module 'floating_point_v7_1_22' declared at 'd:/Thesis/ThesisA/fpga_kcu116/build/vivado_drhe/kcu116_drhe.gen/sources_1/bd/system/ip/system_decomp_0/hdl/ip/drhe_tdm_decompress_sitofp_32s_32_4_no_dsp_1_ip/hdl/floating_point_v7_1_vh_rfs.vhd:93266' bound to instance 'U0' of component 'floating_point_v7_1_22' [d:/Thesis/ThesisA/fpga_kcu116/build/vivado_drhe/kcu116_drhe.gen/sources_1/bd/system/ip/system_decomp_0/hdl/ip/drhe_tdm_decompress_fsqrt_32ns_32ns_32_8_no_dsp_1_ip/synth/drhe_tdm_decompress_fsqrt_32ns_32ns_32_8_no_dsp_1_ip.vhd:211]
INFO: [Synth 8-256] done synthesizing module 'drhe_tdm_decompress_fsqrt_32ns_32ns_32_8_no_dsp_1_ip' (0#1) [d:/Thesis/ThesisA/fpga_kcu116/build/vivado_drhe/kcu116_drhe.gen/sources_1/bd/system/ip/system_decomp_0/hdl/ip/drhe_tdm_decompress_fsqrt_32ns_32ns_32_8_no_dsp_1_ip/synth/drhe_tdm_decompress_fsqrt_32ns_32ns_32_8_no_dsp_1_ip.vhd:70]
INFO: [Synth 8-6155] done synthesizing module 'drhe_tdm_decompress_fsqrt_32ns_32ns_32_8_no_dsp_1' (0#1) [d:/Thesis/ThesisA/fpga_kcu116/build/vivado_drhe/kcu116_drhe.gen/sources_1/bd/system/ipshared/0d9d/hdl/verilog/drhe_tdm_decompress_fsqrt_32ns_32ns_32_8_no_dsp_1.v:9]
INFO: [Synth 8-6155] done synthesizing module 'drhe_tdm_decompress_drhe_tdm_decompress_Pipeline_SAMPLE_LOOP' (0#1) [d:/Thesis/ThesisA/fpga_kcu116/build/vivado_drhe/kcu116_drhe.gen/sources_1/bd/system/ipshared/0d9d/hdl/verilog/drhe_tdm_decompress_drhe_tdm_decompress_Pipeline_SAMPLE_LOOP.v:9]
INFO: [Synth 8-6157] synthesizing module 'drhe_tdm_decompress_control_s_axi' [d:/Thesis/ThesisA/fpga_kcu116/build/vivado_drhe/kcu116_drhe.gen/sources_1/bd/system/ipshared/0d9d/hdl/verilog/drhe_tdm_decompress_control_s_axi.v:9]
INFO: [Synth 8-155] case statement is not full and has no default [d:/Thesis/ThesisA/fpga_kcu116/build/vivado_drhe/kcu116_drhe.gen/sources_1/bd/system/ipshared/0d9d/hdl/verilog/drhe_tdm_decompress_control_s_axi.v:225]
INFO: [Synth 8-6155] done synthesizing module 'drhe_tdm_decompress_control_s_axi' (0#1) [d:/Thesis/ThesisA/fpga_kcu116/build/vivado_drhe/kcu116_drhe.gen/sources_1/bd/system/ipshared/0d9d/hdl/verilog/drhe_tdm_decompress_control_s_axi.v:9]
INFO: [Synth 8-6157] synthesizing module 'drhe_tdm_decompress_regslice_both' [d:/Thesis/ThesisA/fpga_kcu116/build/vivado_drhe/kcu116_drhe.gen/sources_1/bd/system/ipshared/0d9d/hdl/verilog/drhe_tdm_decompress_regslice_both.v:8]
INFO: [Synth 8-6155] done synthesizing module 'drhe_tdm_decompress_regslice_both' (0#1) [d:/Thesis/ThesisA/fpga_kcu116/build/vivado_drhe/kcu116_drhe.gen/sources_1/bd/system/ipshared/0d9d/hdl/verilog/drhe_tdm_decompress_regslice_both.v:8]
INFO: [Synth 8-6157] synthesizing module 'drhe_tdm_decompress_regslice_both__parameterized0' [d:/Thesis/ThesisA/fpga_kcu116/build/vivado_drhe/kcu116_drhe.gen/sources_1/bd/system/ipshared/0d9d/hdl/verilog/drhe_tdm_decompress_regslice_both.v:8]
INFO: [Synth 8-6155] done synthesizing module 'drhe_tdm_decompress_regslice_both__parameterized0' (0#1) [d:/Thesis/ThesisA/fpga_kcu116/build/vivado_drhe/kcu116_drhe.gen/sources_1/bd/system/ipshared/0d9d/hdl/verilog/drhe_tdm_decompress_regslice_both.v:8]
INFO: [Synth 8-6157] synthesizing module 'drhe_tdm_decompress_regslice_both__parameterized1' [d:/Thesis/ThesisA/fpga_kcu116/build/vivado_drhe/kcu116_drhe.gen/sources_1/bd/system/ipshared/0d9d/hdl/verilog/drhe_tdm_decompress_regslice_both.v:8]
INFO: [Synth 8-6155] done synthesizing module 'drhe_tdm_decompress_regslice_both__parameterized1' (0#1) [d:/Thesis/ThesisA/fpga_kcu116/build/vivado_drhe/kcu116_drhe.gen/sources_1/bd/system/ipshared/0d9d/hdl/verilog/drhe_tdm_decompress_regslice_both.v:8]
INFO: [Synth 8-6157] synthesizing module 'drhe_tdm_decompress_regslice_both__parameterized2' [d:/Thesis/ThesisA/fpga_kcu116/build/vivado_drhe/kcu116_drhe.gen/sources_1/bd/system/ipshared/0d9d/hdl/verilog/drhe_tdm_decompress_regslice_both.v:8]
INFO: [Synth 8-6155] done synthesizing module 'drhe_tdm_decompress_regslice_both__parameterized2' (0#1) [d:/Thesis/ThesisA/fpga_kcu116/build/vivado_drhe/kcu116_drhe.gen/sources_1/bd/system/ipshared/0d9d/hdl/verilog/drhe_tdm_decompress_regslice_both.v:8]
INFO: [Synth 8-6157] synthesizing module 'drhe_tdm_decompress_regslice_both__parameterized3' [d:/Thesis/ThesisA/fpga_kcu116/build/vivado_drhe/kcu116_drhe.gen/sources_1/bd/system/ipshared/0d9d/hdl/verilog/drhe_tdm_decompress_regslice_both.v:8]
INFO: [Synth 8-6155] done synthesizing module 'drhe_tdm_decompress_regslice_both__parameterized3' (0#1) [d:/Thesis/ThesisA/fpga_kcu116/build/vivado_drhe/kcu116_drhe.gen/sources_1/bd/system/ipshared/0d9d/hdl/verilog/drhe_tdm_decompress_regslice_both.v:8]
INFO: [Synth 8-6155] done synthesizing module 'drhe_tdm_decompress' (0#1) [d:/Thesis/ThesisA/fpga_kcu116/build/vivado_drhe/kcu116_drhe.gen/sources_1/bd/system/ipshared/0d9d/hdl/verilog/drhe_tdm_decompress.v:9]
INFO: [Synth 8-6155] done synthesizing module 'system_decomp_0' (0#1) [d:/Thesis/ThesisA/fpga_kcu116/build/vivado_drhe/kcu116_drhe.gen/sources_1/bd/system/ip/system_decomp_0/synth/system_decomp_0.v:53]
INFO: [Synth 8-4490] FSM extraction disabled for register 'ap_CS_fsm_reg' through user attribute
INFO: [Synth 8-6014] Unused sequential element int_ap_done_reg was removed.  [d:/Thesis/ThesisA/fpga_kcu116/build/vivado_drhe/kcu116_drhe.gen/sources_1/bd/system/ipshared/0d9d/hdl/verilog/drhe_tdm_decompress_control_s_axi.v:298]
INFO: [Synth 8-4490] FSM extraction disabled for register 'ap_CS_fsm_reg' through user attribute
INFO: [Synth 8-7129] Port AWADDR[1] in module drhe_tdm_decompress_control_s_axi is either unconnected or has no load
INFO: [Synth 8-7129] Port AWADDR[0] in module drhe_tdm_decompress_control_s_axi is either unconnected or has no load
INFO: [Synth 8-7129] Port CLK in module xbip_pipe_v3_0_12_viv__parameterized7 is either unconnected or has no load
INFO: [Synth 8-7129] Port CE in module xbip_pipe_v3_0_12_viv__parameterized7 is either unconnected or has no load
INFO: [Synth 8-7129] Port SCLR in module xbip_pipe_v3_0_12_viv__parameterized7 is either unconnected or has no load
INFO: [Synth 8-7129] Port SSET in module xbip_pipe_v3_0_12_viv__parameterized7 is either unconnected or has no load
INFO: [Synth 8-7129] Port SINIT in module xbip_pipe_v3_0_12_viv__parameterized7 is either unconnected or has no load
INFO: [Synth 8-7129] Port CLK in module xbip_pipe_v3_0_12_viv__parameterized45 is either unconnected or has no load
INFO: [Synth 8-7129] Port CE in module xbip_pipe_v3_0_12_viv__parameterized45 is either unconnected or has no load
INFO: [Synth 8-7129] Port SCLR in module xbip_pipe_v3_0_12_viv__parameterized45 is either unconnected or has no load
INFO: [Synth 8-7129] Port SSET in module xbip_pipe_v3_0_12_viv__parameterized45 is either unconnected or has no load
INFO: [Synth 8-7129] Port SINIT in module xbip_pipe_v3_0_12_viv__parameterized45 is either unconnected or has no load
INFO: [Synth 8-7129] Port SCLR in module xbip_pipe_v3_0_12_viv__parameterized17 is either unconnected or has no load
INFO: [Synth 8-7129] Port SSET in module xbip_pipe_v3_0_12_viv__parameterized17 is either unconnected or has no load
INFO: [Synth 8-7129] Port SINIT in module xbip_pipe_v3_0_12_viv__parameterized17 is either unconnected or has no load
INFO: [Synth 8-7129] Port DEC_OP_STATE[11] in module flt_dec_op__parameterized0 is either unconnected or has no load
INFO: [Synth 8-7129] Port DEC_OP_STATE[10] in module flt_dec_op__parameterized0 is either unconnected or has no load
INFO: [Synth 8-7129] Port DEC_OP_STATE[9] in module flt_dec_op__parameterized0 is either unconnected or has no load
INFO: [Synth 8-7129] Port DEC_OP_STATE[8] in module flt_dec_op__parameterized0 is either unconnected or has no load
INFO: [Synth 8-7129] Port DIVIDE_BY_ZERO_IN in module flt_dec_op__parameterized0 is either unconnected or has no load
INFO: [Synth 8-7129] Port CLK in module xbip_pipe_v3_0_12_viv__parameterized43 is either unconnected or has no load
INFO: [Synth 8-7129] Port CE in module xbip_pipe_v3_0_12_viv__parameterized43 is either unconnected or has no load
INFO: [Synth 8-7129] Port SCLR in module xbip_pipe_v3_0_12_viv__parameterized43 is either unconnected or has no load
INFO: [Synth 8-7129] Port SSET in module xbip_pipe_v3_0_12_viv__parameterized43 is either unconnected or has no load
INFO: [Synth 8-7129] Port SINIT in module xbip_pipe_v3_0_12_viv__parameterized43 is either unconnected or has no load
INFO: [Synth 8-7129] Port B[11] in module carry_chain__parameterized45 is either unconnected or has no load
INFO: [Synth 8-7129] Port CLK in module xbip_pipe_v3_0_12_viv__parameterized39 is either unconnected or has no load
INFO: [Synth 8-7129] Port CE in module xbip_pipe_v3_0_12_viv__parameterized39 is either unconnected or has no load
INFO: [Synth 8-7129] Port SCLR in module xbip_pipe_v3_0_12_viv__parameterized39 is either unconnected or has no load
INFO: [Synth 8-7129] Port SSET in module xbip_pipe_v3_0_12_viv__parameterized39 is either unconnected or has no load
INFO: [Synth 8-7129] Port SINIT in module xbip_pipe_v3_0_12_viv__parameterized39 is either unconnected or has no load
INFO: [Synth 8-7129] Port NORMALIZE[1] in module flt_round_bit__parameterized0 is either unconnected or has no load
INFO: [Synth 8-7129] Port FIXED_POINT in module flt_round_bit__parameterized0 is either unconnected or has no load
INFO: [Synth 8-7129] Port FIX_MANT_SIGN in module flt_round_bit__parameterized0 is either unconnected or has no load
INFO: [Synth 8-7129] Port SIGN in module flt_round_bit__parameterized0 is either unconnected or has no load
INFO: [Synth 8-7129] Port CLK in module xbip_pipe_v3_0_12_viv__parameterized25 is either unconnected or has no load
INFO: [Synth 8-7129] Port CE in module xbip_pipe_v3_0_12_viv__parameterized25 is either unconnected or has no load
INFO: [Synth 8-7129] Port SCLR in module xbip_pipe_v3_0_12_viv__parameterized25 is either unconnected or has no load
INFO: [Synth 8-7129] Port SSET in module xbip_pipe_v3_0_12_viv__parameterized25 is either unconnected or has no load
INFO: [Synth 8-7129] Port SINIT in module xbip_pipe_v3_0_12_viv__parameterized25 is either unconnected or has no load
INFO: [Synth 8-7129] Port CLK in module xbip_pipe_v3_0_12_viv__parameterized41 is either unconnected or has no load
INFO: [Synth 8-7129] Port CE in module xbip_pipe_v3_0_12_viv__parameterized41 is either unconnected or has no load
INFO: [Synth 8-7129] Port SCLR in module xbip_pipe_v3_0_12_viv__parameterized41 is either unconnected or has no load
INFO: [Synth 8-7129] Port SSET in module xbip_pipe_v3_0_12_viv__parameterized41 is either unconnected or has no load
INFO: [Synth 8-7129] Port SINIT in module xbip_pipe_v3_0_12_viv__parameterized41 is either unconnected or has no load
INFO: [Synth 8-7129] Port CLK in module xbip_pipe_v3_0_12_viv__parameterized37 is either unconnected or has no load
INFO: [Synth 8-7129] Port CE in module xbip_pipe_v3_0_12_viv__parameterized37 is either unconnected or has no load
INFO: [Synth 8-7129] Port SCLR in module xbip_pipe_v3_0_12_viv__parameterized37 is either unconnected or has no load
INFO: [Synth 8-7129] Port SSET in module xbip_pipe_v3_0_12_viv__parameterized37 is either unconnected or has no load
INFO: [Synth 8-7129] Port SINIT in module xbip_pipe_v3_0_12_viv__parameterized37 is either unconnected or has no load
INFO: [Synth 8-7129] Port CLK in module xbip_pipe_v3_0_12_viv__parameterized3 is either unconnected or has no load
INFO: [Synth 8-7129] Port CE in module xbip_pipe_v3_0_12_viv__parameterized3 is either unconnected or has no load
INFO: [Synth 8-7129] Port SCLR in module xbip_pipe_v3_0_12_viv__parameterized3 is either unconnected or has no load
INFO: [Synth 8-7129] Port SSET in module xbip_pipe_v3_0_12_viv__parameterized3 is either unconnected or has no load
INFO: [Synth 8-7129] Port SINIT in module xbip_pipe_v3_0_12_viv__parameterized3 is either unconnected or has no load
INFO: [Synth 8-7129] Port CLK in module xbip_pipe_v3_0_12_viv__parameterized35 is either unconnected or has no load
INFO: [Synth 8-7129] Port CE in module xbip_pipe_v3_0_12_viv__parameterized35 is either unconnected or has no load
INFO: [Synth 8-7129] Port SCLR in module xbip_pipe_v3_0_12_viv__parameterized35 is either unconnected or has no load
INFO: [Synth 8-7129] Port SSET in module xbip_pipe_v3_0_12_viv__parameterized35 is either unconnected or has no load
INFO: [Synth 8-7129] Port SINIT in module xbip_pipe_v3_0_12_viv__parameterized35 is either unconnected or has no load
INFO: [Synth 8-7129] Port EXP_OUT[7] in module renorm_and_round_logic__parameterized1 is either unconnected or has no load
INFO: [Synth 8-7129] Port EXP_OUT[6] in module renorm_and_round_logic__parameterized1 is either unconnected or has no load
INFO: [Synth 8-7129] Port EXP_OUT[5] in module renorm_and_round_logic__parameterized1 is either unconnected or has no load
INFO: [Synth 8-7129] Port EXP_OUT[4] in module renorm_and_round_logic__parameterized1 is either unconnected or has no load
INFO: [Synth 8-7129] Port EXP_OUT[3] in module renorm_and_round_logic__parameterized1 is either unconnected or has no load
INFO: [Synth 8-7129] Port EXP_OUT[2] in module renorm_and_round_logic__parameterized1 is either unconnected or has no load
INFO: [Synth 8-7129] Port EXP_OUT[1] in module renorm_and_round_logic__parameterized1 is either unconnected or has no load
INFO: [Synth 8-7129] Port EXP_OUT[0] in module renorm_and_round_logic__parameterized1 is either unconnected or has no load
INFO: [Synth 8-7129] Port EXP_INC_IN in module renorm_and_round_logic__parameterized1 is either unconnected or has no load
INFO: [Synth 8-7129] Port CLK in module xbip_pipe_v3_0_12_viv__parameterized84 is either unconnected or has no load
INFO: [Synth 8-7129] Port CE in module xbip_pipe_v3_0_12_viv__parameterized84 is either unconnected or has no load
INFO: [Synth 8-7129] Port SCLR in module xbip_pipe_v3_0_12_viv__parameterized84 is either unconnected or has no load
INFO: [Synth 8-7129] Port SSET in module xbip_pipe_v3_0_12_viv__parameterized84 is either unconnected or has no load
INFO: [Synth 8-7129] Port SINIT in module xbip_pipe_v3_0_12_viv__parameterized84 is either unconnected or has no load
INFO: [Synth 8-7129] Port SCLR in module xbip_pipe_v3_0_12_viv__parameterized175 is either unconnected or has no load
INFO: [Synth 8-7129] Port SSET in module xbip_pipe_v3_0_12_viv__parameterized175 is either unconnected or has no load
INFO: [Synth 8-7129] Port SINIT in module xbip_pipe_v3_0_12_viv__parameterized175 is either unconnected or has no load
INFO: [Synth 8-7129] Port SCLR in module xbip_pipe_v3_0_12_viv__parameterized173 is either unconnected or has no load
INFO: [Synth 8-7129] Port SSET in module xbip_pipe_v3_0_12_viv__parameterized173 is either unconnected or has no load
INFO: [Synth 8-7129] Port SINIT in module xbip_pipe_v3_0_12_viv__parameterized173 is either unconnected or has no load
INFO: [Synth 8-7129] Port CLK in module xbip_pipe_v3_0_12_viv__parameterized21 is either unconnected or has no load
INFO: [Synth 8-7129] Port CE in module xbip_pipe_v3_0_12_viv__parameterized21 is either unconnected or has no load
INFO: [Synth 8-7129] Port SCLR in module xbip_pipe_v3_0_12_viv__parameterized21 is either unconnected or has no load
INFO: [Synth 8-7129] Port SSET in module xbip_pipe_v3_0_12_viv__parameterized21 is either unconnected or has no load
INFO: [Synth 8-7129] Port SINIT in module xbip_pipe_v3_0_12_viv__parameterized21 is either unconnected or has no load
INFO: [Synth 8-7129] Port A[31] in module special_detect is either unconnected or has no load
INFO: [Synth 8-7129] Port SCLR in module xbip_pipe_v3_0_12_viv__parameterized171 is either unconnected or has no load
INFO: [Synth 8-7129] Port SSET in module xbip_pipe_v3_0_12_viv__parameterized171 is either unconnected or has no load
INFO: [Synth 8-7129] Port SINIT in module xbip_pipe_v3_0_12_viv__parameterized171 is either unconnected or has no load
INFO: [Synth 8-7129] Port CLK in module xbip_pipe_v3_0_12_viv__parameterized5 is either unconnected or has no load
INFO: [Synth 8-7129] Port CE in module xbip_pipe_v3_0_12_viv__parameterized5 is either unconnected or has no load
INFO: [Synth 8-7129] Port SCLR in module xbip_pipe_v3_0_12_viv__parameterized5 is either unconnected or has no load
INFO: [Synth 8-7129] Port SSET in module xbip_pipe_v3_0_12_viv__parameterized5 is either unconnected or has no load
INFO: [Synth 8-7129] Port SINIT in module xbip_pipe_v3_0_12_viv__parameterized5 is either unconnected or has no load
INFO: [Synth 8-7129] Port SCLR in module xbip_pipe_v3_0_12_viv__parameterized15 is either unconnected or has no load
INFO: [Synth 8-7129] Port SSET in module xbip_pipe_v3_0_12_viv__parameterized15 is either unconnected or has no load
INFO: [Synth 8-7129] Port SINIT in module xbip_pipe_v3_0_12_viv__parameterized15 is either unconnected or has no load
INFO: [Synth 8-7129] Port SCLR in module xbip_pipe_v3_0_12_viv__parameterized169 is either unconnected or has no load
INFO: [Synth 8-7129] Port SSET in module xbip_pipe_v3_0_12_viv__parameterized169 is either unconnected or has no load
INFO: [Synth 8-7129] Port SINIT in module xbip_pipe_v3_0_12_viv__parameterized169 is either unconnected or has no load
INFO: [Common 17-14] Message 'Synth 8-7129' appears 100 times and further instances of the messages will be disabled. Use the Tcl command set_msg_config to change the current settings.
---------------------------------------------------------------------------------
Finished RTL Elaboration : Time (s): cpu = 00:06:10 ; elapsed = 00:14:22 . Memory (MB): peak = 7099.309 ; gain = 5343.293
---------------------------------------------------------------------------------
---------------------------------------------------------------------------------
Start Handling Custom Attributes
---------------------------------------------------------------------------------
---------------------------------------------------------------------------------
Finished Handling Custom Attributes : Time (s): cpu = 00:06:37 ; elapsed = 00:15:00 . Memory (MB): peak = 7099.309 ; gain = 5343.293
---------------------------------------------------------------------------------
---------------------------------------------------------------------------------
Finished RTL Optimization Phase 1 : Time (s): cpu = 00:06:37 ; elapsed = 00:15:00 . Memory (MB): peak = 7099.309 ; gain = 5343.293
---------------------------------------------------------------------------------
Netlist sorting complete. Time (s): cpu = 00:00:05 ; elapsed = 00:00:06 . Memory (MB): peak = 7099.309 ; gain = 0.000
INFO: [Netlist 29-17] Analyzing 3549 Unisim elements for replacement
INFO: [Netlist 29-28] Unisim Transformation completed in 1 CPU seconds
INFO: [Project 1-570] Preparing netlist for logic optimization

Processing XDC Constraints
Initializing timing engine
Parsing XDC File [d:/Thesis/ThesisA/fpga_kcu116/build/vivado_drhe/kcu116_drhe.gen/sources_1/bd/system/ip/system_decomp_0/constraints/drhe_tdm_decompress_ooc.xdc] for cell 'inst'
create_clock: Time (s): cpu = 00:00:08 ; elapsed = 00:00:17 . Memory (MB): peak = 7296.355 ; gain = 22.211
Finished Parsing XDC File [d:/Thesis/ThesisA/fpga_kcu116/build/vivado_drhe/kcu116_drhe.gen/sources_1/bd/system/ip/system_decomp_0/constraints/drhe_tdm_decompress_ooc.xdc] for cell 'inst'
Parsing XDC File [D:/Thesis/ThesisA/fpga_kcu116/build/vivado_drhe/kcu116_drhe.runs/system_decomp_0_synth_1/dont_touch.xdc]
Finished Parsing XDC File [D:/Thesis/ThesisA/fpga_kcu116/build/vivado_drhe/kcu116_drhe.runs/system_decomp_0_synth_1/dont_touch.xdc]
Completed Processing XDC Constraints

Netlist sorting complete. Time (s): cpu = 00:00:00 ; elapsed = 00:00:00.243 . Memory (MB): peak = 7296.355 ; gain = 0.000
INFO: [Project 1-111] Unisim Transformation Summary:
  A total of 128 instances were transformed.
  DSP48E1 => DSP48E2 (DSP_ALU, DSP_A_B_DATA, DSP_C_DATA, DSP_MULTIPLIER, DSP_M_DATA, DSP_OUTPUT, DSP_PREADD, DSP_PREADD_DATA): 40 instances
  FDE => FDRE: 88 instances

Constraint Validation Runtime : Time (s): cpu = 00:00:05 ; elapsed = 00:00:12 . Memory (MB): peak = 7303.973 ; gain = 0.000
INFO: [Designutils 20-5008] Incremental synthesis strategy off
---------------------------------------------------------------------------------
Finished Constraint Validation : Time (s): cpu = 00:09:00 ; elapsed = 00:19:34 . Memory (MB): peak = 7303.973 ; gain = 5547.957
---------------------------------------------------------------------------------
---------------------------------------------------------------------------------
Start Loading Part and Timing Information
---------------------------------------------------------------------------------
Loading part: xcku5p-ffvb676-2-e
INFO: [Synth 8-6742] Reading net delay rules and data
---------------------------------------------------------------------------------
Finished Loading Part and Timing Information : Time (s): cpu = 00:09:00 ; elapsed = 00:19:34 . Memory (MB): peak = 7303.973 ; gain = 5547.957
---------------------------------------------------------------------------------
---------------------------------------------------------------------------------
Start Applying 'set_property' XDC Constraints
---------------------------------------------------------------------------------
---------------------------------------------------------------------------------
Finished applying 'set_property' XDC Constraints : Time (s): cpu = 00:09:09 ; elapsed = 00:19:43 . Memory (MB): peak = 7303.973 ; gain = 5547.957
---------------------------------------------------------------------------------
INFO: [Synth 8-4490] FSM extraction disabled for register 'ap_CS_fsm_reg' through user attribute
INFO: [Synth 8-4490] FSM extraction disabled for register 'ap_CS_fsm_reg' through user attribute
INFO: [Synth 8-802] inferred FSM for state register 'wstate_reg' in module 'drhe_tdm_decompress_control_s_axi'
INFO: [Synth 8-802] inferred FSM for state register 'rstate_reg' in module 'drhe_tdm_decompress_control_s_axi'
INFO: [Synth 8-802] inferred FSM for state register 'state_reg' in module 'drhe_tdm_decompress_regslice_both'
INFO: [Synth 8-802] inferred FSM for state register 'state_reg' in module 'drhe_tdm_decompress_regslice_both__parameterized0'
INFO: [Synth 8-802] inferred FSM for state register 'state_reg' in module 'drhe_tdm_decompress_regslice_both__parameterized1'
INFO: [Synth 8-802] inferred FSM for state register 'state_reg' in module 'drhe_tdm_decompress_regslice_both__parameterized2'
INFO: [Synth 8-802] inferred FSM for state register 'state_reg' in module 'drhe_tdm_decompress_regslice_both__parameterized3'
INFO: [Synth 8-4490] FSM extraction disabled for register 'ap_CS_fsm_reg' through user attribute
INFO: [Synth 8-4490] FSM extraction disabled for register 'ap_CS_fsm_reg' through user attribute
INFO: [Synth 8-4490] FSM extraction disabled for register 'ap_CS_fsm_reg' through user attribute
INFO: [Synth 8-3971] The signal "drhe_tdm_decompress_drhe_tdm_decompress_Pipeline_SAMPLE_LOOP_drhe_tdm_decompress_stream_stream_axbkb:/ram_reg" was recognized as a true dual port RAM template.
---------------------------------------------------------------------------------------------------
                   State |                     New Encoding |                Previous Encoding 
---------------------------------------------------------------------------------------------------
                  iSTATE |                             0001 |                               11
*
                  WRIDLE |                             0010 |                               00
                  WRDATA |                             0100 |                               01
                  WRRESP |                             1000 |                               10
---------------------------------------------------------------------------------------------------
INFO: [Synth 8-3354] encoded FSM with state register 'wstate_reg' using encoding 'one-hot' in module 'drhe_tdm_decompress_control_s_axi'
---------------------------------------------------------------------------------------------------
                   State |                     New Encoding |                Previous Encoding 
---------------------------------------------------------------------------------------------------
                  iSTATE |                              001 |                               10
*
                  RDIDLE |                              010 |                               00
                  RDDATA |                              100 |                               01
---------------------------------------------------------------------------------------------------
INFO: [Synth 8-3354] encoded FSM with state register 'rstate_reg' using encoding 'one-hot' in module 'drhe_tdm_decompress_control_s_axi'
---------------------------------------------------------------------------------------------------
                   State |                     New Encoding |                Previous Encoding 
---------------------------------------------------------------------------------------------------
                  iSTATE |                               00 |                               00
*
                    ZERO |                               01 |                               10
                     ONE |                               11 |                               11
                     TWO |                               10 |                               01
---------------------------------------------------------------------------------------------------
INFO: [Synth 8-3354] encoded FSM with state register 'state_reg' using encoding 'sequential' in module 'drhe_tdm_decompress_regslice_both'
---------------------------------------------------------------------------------------------------
                   State |                     New Encoding |                Previous Encoding 
---------------------------------------------------------------------------------------------------
                  iSTATE |                               00 |                               00
*
                    ZERO |                               01 |                               10
                     ONE |                               11 |                               11
                     TWO |                               10 |                               01
---------------------------------------------------------------------------------------------------
INFO: [Synth 8-3354] encoded FSM with state register 'state_reg' using encoding 'sequential' in module 'drhe_tdm_decompress_regslice_both__parameterized0'
---------------------------------------------------------------------------------------------------
                   State |                     New Encoding |                Previous Encoding 
---------------------------------------------------------------------------------------------------
                  iSTATE |                               00 |                               00
*
                    ZERO |                               01 |                               10
                     ONE |                               11 |                               11
                     TWO |                               10 |                               01
---------------------------------------------------------------------------------------------------
INFO: [Synth 8-3354] encoded FSM with state register 'state_reg' using encoding 'sequential' in module 'drhe_tdm_decompress_regslice_both__parameterized1'
---------------------------------------------------------------------------------------------------
                   State |                     New Encoding |                Previous Encoding 
---------------------------------------------------------------------------------------------------
                  iSTATE |                               00 |                               00
*
                    ZERO |                               01 |                               10
                     ONE |                               11 |                               11
                     TWO |                               10 |                               01
---------------------------------------------------------------------------------------------------
INFO: [Synth 8-3354] encoded FSM with state register 'state_reg' using encoding 'sequential' in module 'drhe_tdm_decompress_regslice_both__parameterized2'
---------------------------------------------------------------------------------------------------
                   State |                     New Encoding |                Previous Encoding 
---------------------------------------------------------------------------------------------------
                  iSTATE |                               00 |                               00
*
                    ZERO |                               01 |                               10
                     ONE |                               11 |                               11
                     TWO |                               10 |                               01
---------------------------------------------------------------------------------------------------
INFO: [Synth 8-3354] encoded FSM with state register 'state_reg' using encoding 'sequential' in module 'drhe_tdm_decompress_regslice_both__parameterized3'
---------------------------------------------------------------------------------
Finished RTL Optimization Phase 2 : Time (s): cpu = 01:11:55 ; elapsed = 01:25:26 . Memory (MB): peak = 7303.973 ; gain = 5547.957
---------------------------------------------------------------------------------
INFO: [Synth 8-223] decloning instance 'inst/grp_drhe_tdm_decompress_Pipeline_SAMPLE_LOOP_fu_204/grp_atan2_cordic_float_s_fu_2325/grp_atan2_generic_float_s_fu_156/fdiv_32ns_32ns_32_9_no_dsp_1_U47/drhe_tdm_decompress_fdiv_32ns_32ns_32_9_no_dsp_1_ip_u/U0/i_synth/DIV_OP.SPD.OP/ROUND/EXTRA_LSB_BIT_DEL' (delay__parameterized2) to 'inst/grp_drhe_tdm_decompress_Pipeline_SAMPLE_LOOP_fu_204/grp_atan2_cordic_float_s_fu_2325/grp_atan2_generic_float_s_fu_156/fdiv_32ns_32ns_32_9_no_dsp_1_U47/drhe_tdm_decompress_fdiv_32ns_32ns_32_9_no_dsp_1_ip_u/U0/i_synth/DIV_OP.SPD.OP/ROUND/EXTRA_LSB_RND1_DEL'
INFO: [Synth 8-223] decloning instance 'inst/grp_drhe_tdm_decompress_Pipeline_SAMPLE_LOOP_fu_204/grp_atan2_cordic_float_s_fu_2325/grp_atan2_generic_float_s_fu_156/fdiv_32ns_32ns_32_9_no_dsp_1_U47/drhe_tdm_decompress_fdiv_32ns_32ns_32_9_no_dsp_1_ip_u/U0/i_synth/DIV_OP.SPD.OP/ROUND/EXP_INC_DELAY' (delay__parameterized2) to 'inst/grp_drhe_tdm_decompress_Pipeline_SAMPLE_LOOP_fu_204/grp_atan2_cordic_float_s_fu_2325/grp_atan2_generic_float_s_fu_156/fdiv_32ns_32ns_32_9_no_dsp_1_U47/drhe_tdm_decompress_fdiv_32ns_32ns_32_9_no_dsp_1_ip_u/U0/i_synth/DIV_OP.SPD.OP/ROUND/EXP_INC_RND1_DELAY'
INFO: [Synth 8-223] decloning instance 'inst/grp_drhe_tdm_decompress_Pipeline_SAMPLE_LOOP_fu_204/grp_atan2_cordic_float_s_fu_2325/grp_atan2_generic_float_s_fu_156/fdiv_32ns_32ns_32_9_no_dsp_1_U47/drhe_tdm_decompress_fdiv_32ns_32ns_32_9_no_dsp_1_ip_u/U0/i_synth/DIV_OP.SPD.OP/ROUND/EXP_IN_DELAY.EXP_IN_DEL' (delay__parameterized23) to 'inst/grp_drhe_tdm_decompress_Pipeline_SAMPLE_LOOP_fu_204/grp_atan2_cordic_float_s_fu_2325/grp_atan2_generic_float_s_fu_156/fdiv_32ns_32ns_32_9_no_dsp_1_U47/drhe_tdm_decompress_fdiv_32ns_32ns_32_9_no_dsp_1_ip_u/U0/i_synth/DIV_OP.SPD.OP/ROUND/EXP_RND2_DELAY.EXP_RND_DEL'
INFO: [Synth 8-223] decloning instance 'inst/grp_drhe_tdm_decompress_Pipeline_SAMPLE_LOOP_fu_204/grp_atan2_cordic_float_s_fu_2325/grp_atan2_generic_float_s_fu_156/fdiv_32ns_32ns_32_9_no_dsp_1_U47/drhe_tdm_decompress_fdiv_32ns_32ns_32_9_no_dsp_1_ip_u/U0/i_synth/DIV_OP.SPD.OP/ROUND/EXP_IN_DELAY.EXP_OFF_OP_DEL' (delay__parameterized23) to 'inst/grp_drhe_tdm_decompress_Pipeline_SAMPLE_LOOP_fu_204/grp_atan2_cordic_float_s_fu_2325/grp_atan2_generic_float_s_fu_156/fdiv_32ns_32ns_32_9_no_dsp_1_U47/drhe_tdm_decompress_fdiv_32ns_32ns_32_9_no_dsp_1_ip_u/U0/i_synth/DIV_OP.SPD.OP/ROUND/EXP_RND2_DELAY.EXP_OFF_RND_DEL'
INFO: [Synth 8-223] decloning instance 'inst/grp_drhe_tdm_decompress_Pipeline_SAMPLE_LOOP_fu_204/grp_atan2_cordic_float_s_fu_2325/grp_atan2_generic_float_s_fu_156/fdiv_32ns_32ns_32_9_no_dsp_1_U47/drhe_tdm_decompress_fdiv_32ns_32ns_32_9_no_dsp_1_ip_u/U0/i_synth/DELAY_ACCUM_OVERFLOW' (delay__parameterized2) to 'inst/grp_drhe_tdm_decompress_Pipeline_SAMPLE_LOOP_fu_204/grp_atan2_cordic_float_s_fu_2325/grp_atan2_generic_float_s_fu_156/fdiv_32ns_32ns_32_9_no_dsp_1_U47/drhe_tdm_decompress_fdiv_32ns_32ns_32_9_no_dsp_1_ip_u/U0/i_synth/DELAY_ACCUM_INPUT_OVERFLOW'
INFO: [Synth 8-223] decloning instance 'flt_add_dsp:/DSP48E1_BODY.ALIGN_ADD/SUB_DELAY' (delay__parameterized2) to 'flt_add_dsp:/DSP48E1_BODY.ALIGN_ADD/SUB_ADD_IP_DELAY'
INFO: [Synth 8-223] decloning instance 'drhe_tdm_decompress_fsub_32ns_32ns_32_4_full_dsp_0_ip:/U0/i_synth/DELAY_DIVIDE_BY_ZERO' (delay__parameterized2) to 'drhe_tdm_decompress_fsub_32ns_32ns_32_4_full_dsp_0_ip:/U0/i_synth/DELAY_ACCUM_OVERFLOW'
INFO: [Synth 8-223] decloning instance 'drhe_tdm_decompress_fsub_32ns_32ns_32_4_full_dsp_0_ip:/U0/i_synth/DELAY_DIVIDE_BY_ZERO' (delay__parameterized2) to 'drhe_tdm_decompress_fsub_32ns_32ns_32_4_full_dsp_0_ip:/U0/i_synth/DELAY_ACCUM_INPUT_OVERFLOW'
INFO: [Synth 8-223] decloning instance 'drhe_tdm_decompress_fcmp_32ns_32ns_1_2_no_dsp_0_ip:/U0/i_synth/DELAY_DIVIDE_BY_ZERO' (delay__parameterized2) to 'drhe_tdm_decompress_fcmp_32ns_32ns_1_2_no_dsp_0_ip:/U0/i_synth/DELAY_OVERFLOW'
INFO: [Synth 8-223] decloning instance 'drhe_tdm_decompress_fcmp_32ns_32ns_1_2_no_dsp_0_ip:/U0/i_synth/DELAY_DIVIDE_BY_ZERO' (delay__parameterized2) to 'drhe_tdm_decompress_fcmp_32ns_32ns_1_2_no_dsp_0_ip:/U0/i_synth/DELAY_UNDERFLOW'
INFO: [Synth 8-223] decloning instance 'drhe_tdm_decompress_fcmp_32ns_32ns_1_2_no_dsp_0_ip:/U0/i_synth/DELAY_DIVIDE_BY_ZERO' (delay__parameterized2) to 'drhe_tdm_decompress_fcmp_32ns_32ns_1_2_no_dsp_0_ip:/U0/i_synth/DELAY_ACCUM_OVERFLOW'
INFO: [Synth 8-223] decloning instance 'drhe_tdm_decompress_fcmp_32ns_32ns_1_2_no_dsp_0_ip:/U0/i_synth/DELAY_DIVIDE_BY_ZERO' (delay__parameterized2) to 'drhe_tdm_decompress_fcmp_32ns_32ns_1_2_no_dsp_0_ip:/U0/i_synth/DELAY_ACCUM_INPUT_OVERFLOW'
INFO: [Synth 8-223] decloning instance 'drhe_tdm_decompress_faddfsub_32ns_32ns_32_4_full_dsp_1_ip:/U0/i_synth/DELAY_DIVIDE_BY_ZERO' (delay__parameterized2) to 'drhe_tdm_decompress_faddfsub_32ns_32ns_32_4_full_dsp_1_ip:/U0/i_synth/DELAY_ACCUM_OVERFLOW'
INFO: [Synth 8-223] decloning instance 'drhe_tdm_decompress_faddfsub_32ns_32ns_32_4_full_dsp_1_ip:/U0/i_synth/DELAY_DIVIDE_BY_ZERO' (delay__parameterized2) to 'drhe_tdm_decompress_faddfsub_32ns_32ns_32_4_full_dsp_1_ip:/U0/i_synth/DELAY_ACCUM_INPUT_OVERFLOW'
INFO: [Synth 8-223] decloning instance 'drhe_tdm_decompress_fadd_32ns_32ns_32_4_full_dsp_1_ip:/U0/i_synth/DELAY_DIVIDE_BY_ZERO' (delay__parameterized2) to 'drhe_tdm_decompress_fadd_32ns_32ns_32_4_full_dsp_1_ip:/U0/i_synth/DELAY_ACCUM_OVERFLOW'
INFO: [Synth 8-223] decloning instance 'drhe_tdm_decompress_fadd_32ns_32ns_32_4_full_dsp_1_ip:/U0/i_synth/DELAY_DIVIDE_BY_ZERO' (delay__parameterized2) to 'drhe_tdm_decompress_fadd_32ns_32ns_32_4_full_dsp_1_ip:/U0/i_synth/DELAY_ACCUM_INPUT_OVERFLOW'
INFO: [Synth 8-223] decloning instance 'drhe_tdm_decompress_fmul_32ns_32ns_32_3_max_dsp_1_ip:/U0/i_synth/DELAY_DIVIDE_BY_ZERO' (delay__parameterized2) to 'drhe_tdm_decompress_fmul_32ns_32ns_32_3_max_dsp_1_ip:/U0/i_synth/DELAY_ACCUM_OVERFLOW'
INFO: [Synth 8-223] decloning instance 'drhe_tdm_decompress_fmul_32ns_32ns_32_3_max_dsp_1_ip:/U0/i_synth/DELAY_DIVIDE_BY_ZERO' (delay__parameterized2) to 'drhe_tdm_decompress_fmul_32ns_32ns_32_3_max_dsp_1_ip:/U0/i_synth/DELAY_ACCUM_INPUT_OVERFLOW'
INFO: [Synth 8-223] decloning instance 'drhe_tdm_decompress_sitofp_32s_32_4_no_dsp_1_ip:/U0/i_synth/FIX_TO_FLT_OP.SPD.OP/ROUND/EXTRA_LSB_BIT_DEL' (delay__parameterized2) to 'drhe_tdm_decompress_sitofp_32s_32_4_no_dsp_1_ip:/U0/i_synth/FIX_TO_FLT_OP.SPD.OP/ROUND/EXTRA_LSB_RND1_DEL'
INFO: [Synth 8-223] decloning instance 'drhe_tdm_decompress_sitofp_32s_32_4_no_dsp_1_ip:/U0/i_synth/FIX_TO_FLT_OP.SPD.OP/ROUND/EXP_INC_DELAY' (delay__parameterized2) to 'drhe_tdm_decompress_sitofp_32s_32_4_no_dsp_1_ip:/U0/i_synth/FIX_TO_FLT_OP.SPD.OP/ROUND/EXP_INC_RND1_DELAY'
INFO: [Synth 8-223] decloning instance 'drhe_tdm_decompress_sitofp_32s_32_4_no_dsp_1_ip:/U0/i_synth/FIX_TO_FLT_OP.SPD.OP/ROUND/EXP_IN_DELAY.EXP_IN_DEL' (delay__parameterized23) to 'drhe_tdm_decompress_sitofp_32s_32_4_no_dsp_1_ip:/U0/i_synth/FIX_TO_FLT_OP.SPD.OP/ROUND/EXP_RND2_DELAY.EXP_RND_DEL'
INFO: [Synth 8-223] decloning instance 'drhe_tdm_decompress_sitofp_32s_32_4_no_dsp_1_ip:/U0/i_synth/FIX_TO_FLT_OP.SPD.OP/ROUND/EXP_IN_DELAY.EXP_OFF_OP_DEL' (delay__parameterized23) to 'drhe_tdm_decompress_sitofp_32s_32_4_no_dsp_1_ip:/U0/i_synth/FIX_TO_FLT_OP.SPD.OP/ROUND/EXP_RND2_DELAY.EXP_OFF_RND_DEL'
INFO: [Synth 8-223] decloning instance 'drhe_tdm_decompress_sitofp_32s_32_4_no_dsp_1_ip:/U0/i_synth/DELAY_INVALID_OP' (delay__parameterized2) to 'drhe_tdm_decompress_sitofp_32s_32_4_no_dsp_1_ip:/U0/i_synth/DELAY_DIVIDE_BY_ZERO'
INFO: [Synth 8-223] decloning instance 'drhe_tdm_decompress_sitofp_32s_32_4_no_dsp_1_ip:/U0/i_synth/DELAY_INVALID_OP' (delay__parameterized2) to 'drhe_tdm_decompress_sitofp_32s_32_4_no_dsp_1_ip:/U0/i_synth/DELAY_OVERFLOW'
INFO: [Synth 8-223] decloning instance 'drhe_tdm_decompress_sitofp_32s_32_4_no_dsp_1_ip:/U0/i_synth/DELAY_INVALID_OP' (delay__parameterized2) to 'drhe_tdm_decompress_sitofp_32s_32_4_no_dsp_1_ip:/U0/i_synth/DELAY_UNDERFLOW'
INFO: [Synth 8-223] decloning instance 'drhe_tdm_decompress_sitofp_32s_32_4_no_dsp_1_ip:/U0/i_synth/DELAY_INVALID_OP' (delay__parameterized2) to 'drhe_tdm_decompress_sitofp_32s_32_4_no_dsp_1_ip:/U0/i_synth/DELAY_ACCUM_OVERFLOW'
INFO: [Synth 8-223] decloning instance 'drhe_tdm_decompress_sitofp_32s_32_4_no_dsp_1_ip:/U0/i_synth/DELAY_INVALID_OP' (delay__parameterized2) to 'drhe_tdm_decompress_sitofp_32s_32_4_no_dsp_1_ip:/U0/i_synth/DELAY_ACCUM_INPUT_OVERFLOW'
INFO: [Synth 8-223] decloning instance 'inst/grp_drhe_tdm_decompress_Pipeline_SAMPLE_LOOP_fu_204/fsqrt_32ns_32ns_32_8_no_dsp_1_U80/drhe_tdm_decompress_fsqrt_32ns_32ns_32_8_no_dsp_1_ip_u/U0/i_synth/SQRT_OP.SPD.OP/i_mant_calc.ROUND/EXTRA_LSB_BIT_DEL' (delay__parameterized2) to 'inst/grp_drhe_tdm_decompress_Pipeline_SAMPLE_LOOP_fu_204/fsqrt_32ns_32ns_32_8_no_dsp_1_U80/drhe_tdm_decompress_fsqrt_32ns_32ns_32_8_no_dsp_1_ip_u/U0/i_synth/SQRT_OP.SPD.OP/i_mant_calc.ROUND/EXTRA_LSB_RND1_DEL'
INFO: [Synth 8-223] decloning instance 'inst/grp_drhe_tdm_decompress_Pipeline_SAMPLE_LOOP_fu_204/fsqrt_32ns_32ns_32_8_no_dsp_1_U80/drhe_tdm_decompress_fsqrt_32ns_32ns_32_8_no_dsp_1_ip_u/U0/i_synth/SQRT_OP.SPD.OP/i_mant_calc.ROUND/EXP_INC_DELAY' (delay__parameterized2) to 'inst/grp_drhe_tdm_decompress_Pipeline_SAMPLE_LOOP_fu_204/fsqrt_32ns_32ns_32_8_no_dsp_1_U80/drhe_tdm_decompress_fsqrt_32ns_32ns_32_8_no_dsp_1_ip_u/U0/i_synth/SQRT_OP.SPD.OP/i_mant_calc.ROUND/EXP_INC_RND1_DELAY'
INFO: [Synth 8-223] decloning instance 'inst/grp_drhe_tdm_decompress_Pipeline_SAMPLE_LOOP_fu_204/fsqrt_32ns_32ns_32_8_no_dsp_1_U80/drhe_tdm_decompress_fsqrt_32ns_32ns_32_8_no_dsp_1_ip_u/U0/i_synth/SQRT_OP.SPD.OP/i_mant_calc.ROUND/EXP_IN_DELAY.EXP_IN_DEL' (delay__parameterized23) to 'inst/grp_drhe_tdm_decompress_Pipeline_SAMPLE_LOOP_fu_204/fsqrt_32ns_32ns_32_8_no_dsp_1_U80/drhe_tdm_decompress_fsqrt_32ns_32ns_32_8_no_dsp_1_ip_u/U0/i_synth/SQRT_OP.SPD.OP/i_mant_calc.ROUND/EXP_RND2_DELAY.EXP_RND_DEL'
INFO: [Synth 8-223] decloning instance 'inst/grp_drhe_tdm_decompress_Pipeline_SAMPLE_LOOP_fu_204/fsqrt_32ns_32ns_32_8_no_dsp_1_U80/drhe_tdm_decompress_fsqrt_32ns_32ns_32_8_no_dsp_1_ip_u/U0/i_synth/SQRT_OP.SPD.OP/i_mant_calc.ROUND/EXP_IN_DELAY.EXP_OFF_OP_DEL' (delay__parameterized23) to 'inst/grp_drhe_tdm_decompress_Pipeline_SAMPLE_LOOP_fu_204/fsqrt_32ns_32ns_32_8_no_dsp_1_U80/drhe_tdm_decompress_fsqrt_32ns_32ns_32_8_no_dsp_1_ip_u/U0/i_synth/SQRT_OP.SPD.OP/i_mant_calc.ROUND/EXP_RND2_DELAY.EXP_OFF_RND_DEL'
INFO: [Synth 8-223] decloning instance 'inst/grp_drhe_tdm_decompress_Pipeline_SAMPLE_LOOP_fu_204/fsqrt_32ns_32ns_32_8_no_dsp_1_U80/drhe_tdm_decompress_fsqrt_32ns_32ns_32_8_no_dsp_1_ip_u/U0/i_synth/DELAY_DIVIDE_BY_ZERO' (delay__parameterized2) to 'inst/grp_drhe_tdm_decompress_Pipeline_SAMPLE_LOOP_fu_204/fsqrt_32ns_32ns_32_8_no_dsp_1_U80/drhe_tdm_decompress_fsqrt_32ns_32ns_32_8_no_dsp_1_ip_u/U0/i_synth/DELAY_OVERFLOW'
INFO: [Synth 8-223] decloning instance 'inst/grp_drhe_tdm_decompress_Pipeline_SAMPLE_LOOP_fu_204/fsqrt_32ns_32ns_32_8_no_dsp_1_U80/drhe_tdm_decompress_fsqrt_32ns_32ns_32_8_no_dsp_1_ip_u/U0/i_synth/DELAY_DIVIDE_BY_ZERO' (delay__parameterized2) to 'inst/grp_drhe_tdm_decompress_Pipeline_SAMPLE_LOOP_fu_204/fsqrt_32ns_32ns_32_8_no_dsp_1_U80/drhe_tdm_decompress_fsqrt_32ns_32ns_32_8_no_dsp_1_ip_u/U0/i_synth/DELAY_UNDERFLOW'
INFO: [Synth 8-223] decloning instance 'inst/grp_drhe_tdm_decompress_Pipeline_SAMPLE_LOOP_fu_204/fsqrt_32ns_32ns_32_8_no_dsp_1_U80/drhe_tdm_decompress_fsqrt_32ns_32ns_32_8_no_dsp_1_ip_u/U0/i_synth/DELAY_DIVIDE_BY_ZERO' (delay__parameterized2) to 'inst/grp_drhe_tdm_decompress_Pipeline_SAMPLE_LOOP_fu_204/fsqrt_32ns_32ns_32_8_no_dsp_1_U80/drhe_tdm_decompress_fsqrt_32ns_32ns_32_8_no_dsp_1_ip_u/U0/i_synth/DELAY_ACCUM_OVERFLOW'
INFO: [Synth 8-223] decloning instance 'inst/grp_drhe_tdm_decompress_Pipeline_SAMPLE_LOOP_fu_204/fsqrt_32ns_32ns_32_8_no_dsp_1_U80/drhe_tdm_decompress_fsqrt_32ns_32ns_32_8_no_dsp_1_ip_u/U0/i_synth/DELAY_DIVIDE_BY_ZERO' (delay__parameterized2) to 'inst/grp_drhe_tdm_decompress_Pipeline_SAMPLE_LOOP_fu_204/fsqrt_32ns_32ns_32_8_no_dsp_1_U80/drhe_tdm_decompress_fsqrt_32ns_32ns_32_8_no_dsp_1_ip_u/U0/i_synth/DELAY_ACCUM_INPUT_OVERFLOW'
---------------------------------------------------------------------------------
Start RTL Component Statistics 
---------------------------------------------------------------------------------
---------------------------------------------------------------------------------
Finished RTL Component Statistics 
---------------------------------------------------------------------------------
---------------------------------------------------------------------------------
Start Part Resource Summary
---------------------------------------------------------------------------------
Part Resources:
DSPs: 1824 (col length:96)
BRAMs: 960 (col length: RAMB18 96 RAMB36 48)
---------------------------------------------------------------------------------
Finished Part Resource Summary
---------------------------------------------------------------------------------
---------------------------------------------------------------------------------
Start Cross Boundary and Area Optimization
---------------------------------------------------------------------------------
INFO: [Synth 8-7124] RAM ("inst/drhe_tdm_decompress_stream_stream_axis_0_int_int_int_int_s_mag_pred_3_U/ram_reg") is implemented using BRAM instead of URAM. Memory would be severely underutilized if URAMs are used
INFO: [Synth 8-3971] The signal "inst/drhe_tdm_decompress_stream_stream_axis_0_int_int_int_int_s_mag_pred_3_U/ram_reg" was recognized as a true dual port RAM template.
INFO: [Synth 8-7124] RAM ("inst/drhe_tdm_decompress_stream_stream_axis_0_int_int_int_int_s_prev_mag_3_U/ram_reg") is implemented using BRAM instead of URAM. Memory would be severely underutilized if URAMs are used
INFO: [Synth 8-7124] RAM ("inst/drhe_tdm_decompress_stream_stream_axis_0_int_int_int_int_s_phase_pred_3_U/ram_reg") is implemented using BRAM instead of URAM. Memory would be severely underutilized if URAMs are used
INFO: [Synth 8-7124] RAM ("inst/drhe_tdm_decompress_stream_stream_axis_0_int_int_int_int_s_prev_phase_3_U/ram_reg") is implemented using BRAM instead of URAM. Memory would be severely underutilized if URAMs are used
INFO: [Synth 8-7124] RAM ("inst/drhe_tdm_decompress_stream_stream_int_int_int_int_s_prev_prev_phase_3_U/ram_reg") is implemented using BRAM instead of URAM. Memory would be severely underutilized if URAMs are used
INFO: [Synth 8-7124] RAM ("inst/drhe_tdm_decompress_stream_stream_axis_0_int_int_int_int_s_mag_pred_2_U/ram_reg") is implemented using BRAM instead of URAM. Memory would be severely underutilized if URAMs are used
INFO: [Synth 8-3971] The signal "inst/drhe_tdm_decompress_stream_stream_axis_0_int_int_int_int_s_mag_pred_2_U/ram_reg" was recognized as a true dual port RAM template.
INFO: [Synth 8-7124] RAM ("inst/drhe_tdm_decompress_stream_stream_axis_0_int_int_int_int_s_prev_mag_2_U/ram_reg") is implemented using BRAM instead of URAM. Memory would be severely underutilized if URAMs are used
INFO: [Synth 8-7124] RAM ("inst/drhe_tdm_decompress_stream_stream_axis_0_int_int_int_int_s_phase_pred_2_U/ram_reg") is implemented using BRAM instead of URAM. Memory would be severely underutilized if URAMs are used
INFO: [Synth 8-7124] RAM ("inst/drhe_tdm_decompress_stream_stream_axis_0_int_int_int_int_s_prev_phase_2_U/ram_reg") is implemented using BRAM instead of URAM. Memory would be severely underutilized if URAMs are used
INFO: [Synth 8-7124] RAM ("inst/drhe_tdm_decompress_stream_stream_int_int_int_int_s_prev_prev_phase_2_U/ram_reg") is implemented using BRAM instead of URAM. Memory would be severely underutilized if URAMs are used
INFO: [Synth 8-7124] RAM ("inst/drhe_tdm_decompress_stream_stream_axis_0_int_int_int_int_s_mag_pred_1_U/ram_reg") is implemented using BRAM instead of URAM. Memory would be severely underutilized if URAMs are used
INFO: [Synth 8-3971] The signal "inst/drhe_tdm_decompress_stream_stream_axis_0_int_int_int_int_s_mag_pred_1_U/ram_reg" was recognized as a true dual port RAM template.
INFO: [Synth 8-7124] RAM ("inst/drhe_tdm_decompress_stream_stream_axis_0_int_int_int_int_s_prev_mag_1_U/ram_reg") is implemented using BRAM instead of URAM. Memory would be severely underutilized if URAMs are used
INFO: [Synth 8-3971] The signal "inst/drhe_tdm_decompress_stream_stream_axis_0_int_int_int_int_s_prev_mag_1_U/ram_reg" was recognized as a true dual port RAM template.
INFO: [Synth 8-7124] RAM ("inst/drhe_tdm_decompress_stream_stream_axis_0_int_int_int_int_s_phase_pred_1_U/ram_reg") is implemented using BRAM instead of URAM. Memory would be severely underutilized if URAMs are used
INFO: [Synth 8-7124] RAM ("inst/drhe_tdm_decompress_stream_stream_axis_0_int_int_int_int_s_prev_phase_1_U/ram_reg") is implemented using BRAM instead of URAM. Memory would be severely underutilized if URAMs are used
INFO: [Synth 8-3971] The signal "inst/drhe_tdm_decompress_stream_stream_axis_0_int_int_int_int_s_prev_phase_1_U/ram_reg" was recognized as a true dual port RAM template.
INFO: [Synth 8-7124] RAM ("inst/drhe_tdm_decompress_stream_stream_int_int_int_int_s_prev_prev_phase_1_U/ram_reg") is implemented using BRAM instead of URAM. Memory would be severely underutilized if URAMs are used
INFO: [Synth 8-7124] RAM ("inst/drhe_tdm_decompress_stream_stream_axis_0_int_int_int_int_s_mag_pred_U/ram_reg") is implemented using BRAM instead of URAM. Memory would be severely underutilized if URAMs are used
INFO: [Synth 8-3971] The signal "inst/drhe_tdm_decompress_stream_stream_axis_0_int_int_int_int_s_mag_pred_U/ram_reg" was recognized as a true dual port RAM template.
INFO: [Synth 8-7124] RAM ("inst/drhe_tdm_decompress_stream_stream_axis_0_int_int_int_int_s_prev_mag_U/ram_reg") is implemented using BRAM instead of URAM. Memory would be severely underutilized if URAMs are used
INFO: [Synth 8-7124] RAM ("inst/drhe_tdm_decompress_stream_stream_axis_0_int_int_int_int_s_phase_pred_U/ram_reg") is implemented using BRAM instead of URAM. Memory would be severely underutilized if URAMs are used
INFO: [Synth 8-7124] RAM ("inst/drhe_tdm_decompress_stream_stream_axis_0_int_int_int_int_s_prev_phase_U/ram_reg") is implemented using BRAM instead of URAM. Memory would be severely underutilized if URAMs are used
INFO: [Synth 8-7124] RAM ("inst/drhe_tdm_decompress_stream_stream_int_int_int_int_s_prev_prev_phase_U/ram_reg") is implemented using BRAM instead of URAM. Memory would be severely underutilized if URAMs are used
---------------------------------------------------------------------------------
Finished Cross Boundary and Area Optimization : Time (s): cpu = 02:20:06 ; elapsed = 02:34:26 . Memory (MB): peak = 7303.973 ; gain = 5547.957
---------------------------------------------------------------------------------
 Sort Area is drhe_tdm_decompress_drhe_tdm_decompress_Pipeline_SAMPLE_LOOP__GCB0 grp_sin_or_cos_float_s_fu_2265/mul_80s_24ns_80_1_0_U7/tmp_product_0 : 0 0 : 3424 6863 : Used 1 time 0
 Sort Area is drhe_tdm_decompress_drhe_tdm_decompress_Pipeline_SAMPLE_LOOP__GCB0 grp_sin_or_cos_float_s_fu_2265/mul_80s_24ns_80_1_0_U7/tmp_product_0 : 0 1 : 3439 6863 : Used 1 time 0
 Sort Area is drhe_tdm_decompress_drhe_tdm_decompress_Pipeline_SAMPLE_LOOP__GCB0 grp_sin_or_cos_float_s_fu_2265/mul_80s_24ns_80_1_0_U7/tmp_product_3 : 0 0 : 3424 6863 : Used 1 time 0
 Sort Area is drhe_tdm_decompress_drhe_tdm_decompress_Pipeline_SAMPLE_LOOP__GCB0 grp_sin_or_cos_float_s_fu_2265/mul_80s_24ns_80_1_0_U7/tmp_product_3 : 0 1 : 3439 6863 : Used 1 time 0
 Sort Area is drhe_tdm_decompress_drhe_tdm_decompress_Pipeline_SAMPLE_LOOP__GCB0 grp_sin_or_cos_float_s_fu_2265/mul_30s_29ns_58_1_0_U6/tmp_product_d : 0 0 : 2737 4590 : Used 1 time 0
 Sort Area is drhe_tdm_decompress_drhe_tdm_decompress_Pipeline_SAMPLE_LOOP__GCB0 grp_sin_or_cos_float_s_fu_2265/mul_30s_29ns_58_1_0_U6/tmp_product_d : 0 1 : 1853 4590 : Used 1 time 0
 Sort Area is drhe_tdm_decompress_drhe_tdm_decompress_Pipeline_SAMPLE_LOOP__GCB0 grp_sin_or_cos_float_s_fu_2280/mul_30s_29ns_58_1_0_U6/tmp_product_16 : 0 0 : 2737 4590 : Used 1 time 0
 Sort Area is drhe_tdm_decompress_drhe_tdm_decompress_Pipeline_SAMPLE_LOOP__GCB0 grp_sin_or_cos_float_s_fu_2280/mul_30s_29ns_58_1_0_U6/tmp_product_16 : 0 1 : 1853 4590 : Used 1 time 0
 Sort Area is drhe_tdm_decompress_drhe_tdm_decompress_Pipeline_SAMPLE_LOOP__GCB0 grp_sin_or_cos_float_s_fu_2265/mul_23s_22ns_45_1_0_U5/tmp_product_a : 0 0 : 3257 4170 : Used 1 time 0
 Sort Area is drhe_tdm_decompress_drhe_tdm_decompress_Pipeline_SAMPLE_LOOP__GCB0 grp_sin_or_cos_float_s_fu_2265/mul_23s_22ns_45_1_0_U5/tmp_product_a : 0 1 : 913 4170 : Used 1 time 0
 Sort Area is drhe_tdm_decompress_drhe_tdm_decompress_Pipeline_SAMPLE_LOOP__GCB0 grp_sin_or_cos_float_s_fu_2280/mul_23s_22ns_45_1_0_U5/tmp_product_15 : 0 0 : 3257 4170 : Used 1 time 0
 Sort Area is drhe_tdm_decompress_drhe_tdm_decompress_Pipeline_SAMPLE_LOOP__GCB0 grp_sin_or_cos_float_s_fu_2280/mul_23s_22ns_45_1_0_U5/tmp_product_15 : 0 1 : 913 4170 : Used 1 time 0
 Sort Area is drhe_tdm_decompress_drhe_tdm_decompress_Pipeline_SAMPLE_LOOP__GCB0 grp_sin_or_cos_float_s_fu_2265/mul_30s_29ns_58_1_0_U6/tmp_product_10 : 0 0 : 1850 3292 : Used 1 time 0
 Sort Area is drhe_tdm_decompress_drhe_tdm_decompress_Pipeline_SAMPLE_LOOP__GCB0 grp_sin_or_cos_float_s_fu_2265/mul_30s_29ns_58_1_0_U6/tmp_product_10 : 0 1 : 1442 3292 : Used 1 time 0
 Sort Area is drhe_tdm_decompress_drhe_tdm_decompress_Pipeline_SAMPLE_LOOP__GCB0 grp_sin_or_cos_float_s_fu_2280/mul_30s_29ns_58_1_0_U6/tmp_product_17 : 0 0 : 1850 3292 : Used 1 time 0
 Sort Area is drhe_tdm_decompress_drhe_tdm_decompress_Pipeline_SAMPLE_LOOP__GCB0 grp_sin_or_cos_float_s_fu_2280/mul_30s_29ns_58_1_0_U6/tmp_product_17 : 0 1 : 1442 3292 : Used 1 time 0
 Sort Area is drhe_tdm_decompress_drhe_tdm_decompress_Pipeline_SAMPLE_LOOP__GCB0 grp_sin_or_cos_float_s_fu_2265/mul_80s_24ns_80_1_0_U7/tmp_product_4 : 0 0 : 2120 2120 : Used 1 time 0
 Sort Area is drhe_tdm_decompress_drhe_tdm_decompress_Pipeline_SAMPLE_LOOP__GCB0 grp_sin_or_cos_float_s_fu_2265/mul_15ns_15ns_30_1_0_U12/tmp_product_6 : 0 0 : 1969 1969 : Used 1 time 0
 Sort Area is drhe_tdm_decompress_drhe_tdm_decompress_Pipeline_SAMPLE_LOOP__GCB0 grp_sin_or_cos_float_s_fu_2280/mul_15ns_15ns_30_1_0_U12/tmp_product_13 : 0 0 : 1969 1969 : Used 1 time 0
 Sort Area is drhe_tdm_decompress_drhe_tdm_decompress_Pipeline_SAMPLE_LOOP__GCB0 grp_sin_or_cos_float_s_fu_2265/mul_15ns_15s_30_1_0_U13/tmp_product_8 : 0 0 : 1803 1803 : Used 1 time 0
 Sort Area is drhe_tdm_decompress_drhe_tdm_decompress_Pipeline_SAMPLE_LOOP__GCB0 grp_sin_or_cos_float_s_fu_2280/mul_15ns_15s_30_1_0_U13/tmp_product_14 : 0 0 : 1803 1803 : Used 1 time 0
---------------------------------------------------------------------------------
Start Applying XDC Timing Constraints
---------------------------------------------------------------------------------
---------------------------------------------------------------------------------
Finished Applying XDC Timing Constraints : Time (s): cpu = 02:20:30 ; elapsed = 02:35:08 . Memory (MB): peak = 7303.973 ; gain = 5547.957
---------------------------------------------------------------------------------
---------------------------------------------------------------------------------
Start Timing Optimization
---------------------------------------------------------------------------------
---------------------------------------------------------------------------------
Finished Timing Optimization : Time (s): cpu = 03:10:15 ; elapsed = 03:29:00 . Memory (MB): peak = 12494.715 ; gain = 10738.699
---------------------------------------------------------------------------------
---------------------------------------------------------------------------------
Start Technology Mapping
---------------------------------------------------------------------------------
INFO: [Synth 8-7052] The timing for the instance inst/grp_drhe_tdm_decompress_Pipeline_SAMPLE_LOOP_fu_204/drhe_tdm_decompress_stream_stream_axis_0_int_int_int_int_s_phase_pred_3_U/ram_reg_bram_0 (implemented as a Block RAM) might be sub-optimal as no optional output register could be merged into the ram block. Providing additional output register may help in improving timing.
INFO: [Synth 8-7052] The timing for the instance inst/grp_drhe_tdm_decompress_Pipeline_SAMPLE_LOOP_fu_204/drhe_tdm_decompress_stream_stream_axis_0_int_int_int_int_s_phase_pred_3_U/ram_reg_bram_1 (implemented as a Block RAM) might be sub-optimal as no optional output register could be merged into the ram block. Providing additional output register may help in improving timing.
INFO: [Synth 8-7052] The timing for the instance inst/grp_drhe_tdm_decompress_Pipeline_SAMPLE_LOOP_fu_204/drhe_tdm_decompress_stream_stream_axis_0_int_int_int_int_s_phase_pred_2_U/ram_reg_bram_0 (implemented as a Block RAM) might be sub-optimal as no optional output register could be merged into the ram block. Providing additional output register may help in improving timing.
INFO: [Synth 8-7052] The timing for the instance inst/grp_drhe_tdm_decompress_Pipeline_SAMPLE_LOOP_fu_204/drhe_tdm_decompress_stream_stream_axis_0_int_int_int_int_s_phase_pred_2_U/ram_reg_bram_1 (implemented as a Block RAM) might be sub-optimal as no optional output register could be merged into the ram block. Providing additional output register may help in improving timing.
INFO: [Synth 8-7052] The timing for the instance inst/grp_drhe_tdm_decompress_Pipeline_SAMPLE_LOOP_fu_204/drhe_tdm_decompress_stream_stream_axis_0_int_int_int_int_s_phase_pred_1_U/ram_reg_bram_0 (implemented as a Block RAM) might be sub-optimal as no optional output register could be merged into the ram block. Providing additional output register may help in improving timing.
INFO: [Synth 8-7052] The timing for the instance inst/grp_drhe_tdm_decompress_Pipeline_SAMPLE_LOOP_fu_204/drhe_tdm_decompress_stream_stream_axis_0_int_int_int_int_s_phase_pred_1_U/ram_reg_bram_1 (implemented as a Block RAM) might be sub-optimal as no optional output register could be merged into the ram block. Providing additional output register may help in improving timing.
INFO: [Synth 8-7052] The timing for the instance inst/grp_drhe_tdm_decompress_Pipeline_SAMPLE_LOOP_fu_204/drhe_tdm_decompress_stream_stream_axis_0_int_int_int_int_s_prev_phase_1_U/ram_reg_bram_0 (implemented as a Block RAM) might be sub-optimal as no optional output register could be merged into the ram block. Providing additional output register may help in improving timing.
INFO: [Synth 8-7052] The timing for the instance inst/grp_drhe_tdm_decompress_Pipeline_SAMPLE_LOOP_fu_204/drhe_tdm_decompress_stream_stream_axis_0_int_int_int_int_s_prev_phase_1_U/ram_reg_bram_1 (implemented as a Block RAM) might be sub-optimal as no optional output register could be merged into the ram block. Providing additional output register may help in improving timing.
INFO: [Synth 8-7052] The timing for the instance inst/grp_drhe_tdm_decompress_Pipeline_SAMPLE_LOOP_fu_204/drhe_tdm_decompress_stream_stream_axis_0_int_int_int_int_s_prev_phase_U/ram_reg_bram_0 (implemented as a Block RAM) might be sub-optimal as no optional output register could be merged into the ram block. Providing additional output register may help in improving timing.
INFO: [Synth 8-7052] The timing for the instance inst/grp_drhe_tdm_decompress_Pipeline_SAMPLE_LOOP_fu_204/drhe_tdm_decompress_stream_stream_axis_0_int_int_int_int_s_prev_phase_U/ram_reg_bram_1 (implemented as a Block RAM) might be sub-optimal as no optional output register could be merged into the ram block. Providing additional output register may help in improving timing.
INFO: [Synth 8-7052] The timing for the instance inst/grp_drhe_tdm_decompress_Pipeline_SAMPLE_LOOP_fu_204/drhe_tdm_decompress_stream_stream_axis_0_int_int_int_int_s_prev_phase_2_U/ram_reg_bram_0 (implemented as a Block RAM) might be sub-optimal as no optional output register could be merged into the ram block. Providing additional output register may help in improving timing.
INFO: [Synth 8-7052] The timing for the instance inst/grp_drhe_tdm_decompress_Pipeline_SAMPLE_LOOP_fu_204/drhe_tdm_decompress_stream_stream_axis_0_int_int_int_int_s_prev_phase_2_U/ram_reg_bram_1 (implemented as a Block RAM) might be sub-optimal as no optional output register could be merged into the ram block. Providing additional output register may help in improving timing.
INFO: [Synth 8-7052] The timing for the instance inst/grp_drhe_tdm_decompress_Pipeline_SAMPLE_LOOP_fu_204/drhe_tdm_decompress_stream_stream_axis_0_int_int_int_int_s_phase_pred_U/ram_reg_bram_0 (implemented as a Block RAM) might be sub-optimal as no optional output register could be merged into the ram block. Providing additional output register may help in improving timing.
INFO: [Synth 8-7052] The timing for the instance inst/grp_drhe_tdm_decompress_Pipeline_SAMPLE_LOOP_fu_204/drhe_tdm_decompress_stream_stream_axis_0_int_int_int_int_s_phase_pred_U/ram_reg_bram_1 (implemented as a Block RAM) might be sub-optimal as no optional output register could be merged into the ram block. Providing additional output register may help in improving timing.
INFO: [Synth 8-7052] The timing for the instance inst/grp_drhe_tdm_decompress_Pipeline_SAMPLE_LOOP_fu_204/drhe_tdm_decompress_stream_stream_axis_0_int_int_int_int_s_prev_phase_3_U/ram_reg_bram_0 (implemented as a Block RAM) might be sub-optimal as no optional output register could be merged into the ram block. Providing additional output register may help in improving timing.
INFO: [Synth 8-7052] The timing for the instance inst/grp_drhe_tdm_decompress_Pipeline_SAMPLE_LOOP_fu_204/drhe_tdm_decompress_stream_stream_axis_0_int_int_int_int_s_prev_phase_3_U/ram_reg_bram_1 (implemented as a Block RAM) might be sub-optimal as no optional output register could be merged into the ram block. Providing additional output register may help in improving timing.
---------------------------------------------------------------------------------
Finished Technology Mapping : Time (s): cpu = 03:17:34 ; elapsed = 03:36:49 . Memory (MB): peak = 12494.715 ; gain = 10738.699
---------------------------------------------------------------------------------
---------------------------------------------------------------------------------
Start IO Insertion
---------------------------------------------------------------------------------
---------------------------------------------------------------------------------
Start Flattening Before IO Insertion
---------------------------------------------------------------------------------
---------------------------------------------------------------------------------
Finished Flattening Before IO Insertion
---------------------------------------------------------------------------------
---------------------------------------------------------------------------------
Start Final Netlist Cleanup
---------------------------------------------------------------------------------
INFO: [Synth 8-6069] LOCAL FORWARD RETIMING for instance inst/grp_drhe_tdm_decompress_Pipeline_SAMPLE_LOOP_fu_204/icmp_ln66_reg_6694_reg[0] with forward move, found 1 loads out of which
1 loads can have forward move
      Retimed registers names:
            inst/grp_drhe_tdm_decompress_Pipeline_SAMPLE_LOOP_fu_204/icmp_ln66_reg_6694_reg[0]_fret

INFO: [Synth 8-6069] LOCAL FORWARD RETIMING for instance inst/grp_drhe_tdm_decompress_Pipeline_SAMPLE_LOOP_fu_204/icmp_ln66_2_reg_6702_reg[0] with forward move, found 1 loads out of which
1 loads can have forward move
      Retimed registers names:
            inst/grp_drhe_tdm_decompress_Pipeline_SAMPLE_LOOP_fu_204/icmp_ln66_2_reg_6702_reg[0]_fret

INFO: [Synth 8-6069] LOCAL FORWARD RETIMING for instance inst/grp_drhe_tdm_decompress_Pipeline_SAMPLE_LOOP_fu_204/icmp_ln66_1_reg_6698_reg[0] with forward move, found 1 loads out of which
1 loads can have forward move
      Retimed registers names:
            inst/grp_drhe_tdm_decompress_Pipeline_SAMPLE_LOOP_fu_204/icmp_ln66_1_reg_6698_reg[0]_fret

---------------------------------------------------------------------------------
Finished Final Netlist Cleanup
---------------------------------------------------------------------------------
---------------------------------------------------------------------------------
Finished IO Insertion : Time (s): cpu = 03:18:17 ; elapsed = 03:38:11 . Memory (MB): peak = 12494.715 ; gain = 10738.699
---------------------------------------------------------------------------------
---------------------------------------------------------------------------------
Start Renaming Generated Instances
---------------------------------------------------------------------------------
---------------------------------------------------------------------------------
Finished Renaming Generated Instances : Time (s): cpu = 03:18:19 ; elapsed = 03:38:13 . Memory (MB): peak = 12494.715 ; gain = 10738.699
---------------------------------------------------------------------------------
---------------------------------------------------------------------------------
Start Rebuilding User Hierarchy
---------------------------------------------------------------------------------
---------------------------------------------------------------------------------
Finished Rebuilding User Hierarchy : Time (s): cpu = 03:18:37 ; elapsed = 03:38:32 . Memory (MB): peak = 12494.715 ; gain = 10738.699
---------------------------------------------------------------------------------
---------------------------------------------------------------------------------
Start Renaming Generated Ports
---------------------------------------------------------------------------------
---------------------------------------------------------------------------------
Finished Renaming Generated Ports : Time (s): cpu = 03:18:39 ; elapsed = 03:38:34 . Memory (MB): peak = 12494.715 ; gain = 10738.699
---------------------------------------------------------------------------------
---------------------------------------------------------------------------------
Start Handling Custom Attributes
---------------------------------------------------------------------------------
---------------------------------------------------------------------------------
Finished Handling Custom Attributes : Time (s): cpu = 03:18:53 ; elapsed = 03:38:49 . Memory (MB): peak = 12494.715 ; gain = 10738.699
---------------------------------------------------------------------------------
---------------------------------------------------------------------------------
Start Renaming Generated Nets
---------------------------------------------------------------------------------
---------------------------------------------------------------------------------
Finished Renaming Generated Nets : Time (s): cpu = 03:18:54 ; elapsed = 03:38:50 . Memory (MB): peak = 12494.715 ; gain = 10738.699
---------------------------------------------------------------------------------
---------------------------------------------------------------------------------
Start Writing Synthesis Report
---------------------------------------------------------------------------------

DSP Final Report (the ' indicates corresponding REG is set)
+----------------------------------------+----------------+--------+--------+--------+--------+--------+------+------+------+------+-------+------+------+
|Module Name                             | DSP Mapping    | A Size | B Size | C Size | D Size | P Size | AREG | BREG | CREG | DREG | ADREG | MREG | PREG | 
+----------------------------------------+----------------+--------+--------+--------+--------+--------+------+------+------+------+-------+------+------+
|dsp48e1_wrapper_795                     | Dynamic        | -      | -      | -      | -      | 40     | -    | -    | -    | -    | 0     | 0    | 0    | 
|dsp48e1_wrapper__parameterized0_745     | C+A*B          | 24     | 16     | 35     | -      | 35     | 0    | 0    | 0    | -    | -     | 0    | 0    | 
|dsp48e1_wrapper_729                     | Dynamic        | -      | -      | -      | -      | 40     | -    | -    | -    | -    | 0     | 0    | 0    | 
|dsp48e1_wrapper__parameterized0_679     | C+A*B          | 24     | 16     | 35     | -      | 35     | 0    | 0    | 0    | -    | -     | 0    | 0    | 
|dsp48e1_wrapper_664                     | Dynamic        | -      | -      | -      | -      | 40     | -    | -    | -    | -    | 0     | 0    | 0    | 
|dsp48e1_wrapper__parameterized0_614     | C+A*B          | 24     | 16     | 35     | -      | 35     | 0    | 0    | 0    | -    | -     | 0    | 0    | 
|dsp48e1_wrapper_598                     | Dynamic        | -      | -      | -      | -      | 40     | -    | -    | -    | -    | 0     | 0    | 0    | 
|dsp48e1_wrapper__parameterized0_548     | C+A*B          | 24     | 16     | 35     | -      | 35     | 0    | 0    | 0    | -    | -     | 0    | 0    | 
|dsp48e1_wrapper_532                     | Dynamic        | -      | -      | -      | -      | 40     | -    | -    | -    | -    | 0     | 0    | 0    | 
|dsp48e1_wrapper__parameterized0_482     | C+A*B          | 24     | 16     | 35     | -      | 35     | 0    | 0    | 0    | -    | -     | 0    | 0    | 
|dsp48e1_wrapper_466                     | Dynamic        | -      | -      | -      | -      | 40     | -    | -    | -    | -    | 0     | 0    | 0    | 
|dsp48e1_wrapper__parameterized0_416     | C+A*B          | 24     | 16     | 35     | -      | 35     | 0    | 0    | 0    | -    | -     | 0    | 0    | 
|dsp48e1_wrapper__parameterized1_372     | A*B            | 24     | 17     | -      | -      | 41     | 0    | 0    | -    | -    | -     | 0    | 0    | 
|dsp48e1_wrapper__parameterized2_373     | PCIN>>17+A*B   | 0      | 7      | -      | -      | 31     | 0    | 0    | -    | -    | -     | 0    | 0    | 
|dsp48e1_wrapper__parameterized3_370     | PCIN+A:B+C     | 22     | 0      | -      | -      | 48     | 0    | 0    | -    | -    | -     | 0    | 0    | 
|dsp48e1_wrapper__parameterized1_354     | A*B            | 24     | 17     | -      | -      | 41     | 0    | 0    | -    | -    | -     | 0    | 0    | 
|dsp48e1_wrapper__parameterized2_355     | PCIN>>17+A*B   | 0      | 7      | -      | -      | 31     | 0    | 0    | -    | -    | -     | 0    | 0    | 
|dsp48e1_wrapper__parameterized3_352     | PCIN+A:B+C     | 22     | 0      | -      | -      | 48     | 0    | 0    | -    | -    | -     | 0    | 0    | 
|dsp48e1_wrapper__parameterized1_336     | A*B            | 24     | 17     | -      | -      | 41     | 0    | 0    | -    | -    | -     | 0    | 0    | 
|dsp48e1_wrapper__parameterized2_337     | PCIN>>17+A*B   | 0      | 7      | -      | -      | 31     | 0    | 0    | -    | -    | -     | 0    | 0    | 
|dsp48e1_wrapper__parameterized3_334     | PCIN+A:B+C     | 22     | 0      | -      | -      | 48     | 0    | 0    | -    | -    | -     | 0    | 0    | 
|dsp48e1_wrapper__parameterized1_318     | A*B            | 24     | 17     | -      | -      | 41     | 0    | 0    | -    | -    | -     | 0    | 0    | 
|dsp48e1_wrapper__parameterized2_319     | PCIN>>17+A*B   | 0      | 7      | -      | -      | 31     | 0    | 0    | -    | -    | -     | 0    | 0    | 
|dsp48e1_wrapper__parameterized3_316     | PCIN+A:B+C     | 22     | 0      | -      | -      | 48     | 0    | 0    | -    | -    | -     | 0    | 0    | 
|dsp48e1_wrapper__parameterized1_300     | A*B            | 24     | 17     | -      | -      | 41     | 0    | 0    | -    | -    | -     | 0    | 0    | 
|dsp48e1_wrapper__parameterized2_301     | PCIN>>17+A*B   | 0      | 7      | -      | -      | 31     | 0    | 0    | -    | -    | -     | 0    | 0    | 
|dsp48e1_wrapper__parameterized3_298     | PCIN+A:B+C     | 22     | 0      | -      | -      | 48     | 0    | 0    | -    | -    | -     | 0    | 0    | 
|dsp48e1_wrapper__parameterized1_282     | A*B            | 24     | 17     | -      | -      | 41     | 0    | 0    | -    | -    | -     | 0    | 0    | 
|dsp48e1_wrapper__parameterized2_283     | PCIN>>17+A*B   | 0      | 7      | -      | -      | 31     | 0    | 0    | -    | -    | -     | 0    | 0    | 
|dsp48e1_wrapper__parameterized3_280     | PCIN+A:B+C     | 22     | 0      | -      | -      | 48     | 0    | 0    | -    | -    | -     | 0    | 0    | 
|dsp48e1_wrapper__parameterized1_264     | A*B            | 24     | 17     | -      | -      | 41     | 0    | 0    | -    | -    | -     | 0    | 0    | 
|dsp48e1_wrapper__parameterized2_265     | PCIN>>17+A*B   | 0      | 7      | -      | -      | 31     | 0    | 0    | -    | -    | -     | 0    | 0    | 
|dsp48e1_wrapper__parameterized3_262     | PCIN+A:B+C     | 22     | 0      | -      | -      | 48     | 0    | 0    | -    | -    | -     | 0    | 0    | 
|dsp48e1_wrapper__parameterized1         | A*B            | 24     | 17     | -      | -      | 41     | 0    | 0    | -    | -    | -     | 0    | 0    | 
|dsp48e1_wrapper__parameterized2         | PCIN>>17+A*B   | 0      | 7      | -      | -      | 31     | 0    | 0    | -    | -    | -     | 0    | 0    | 
|dsp48e1_wrapper__parameterized3         | PCIN+A:B+C     | 22     | 0      | -      | -      | 48     | 0    | 0    | -    | -    | -     | 0    | 0    | 
|dsp48e1_wrapper_233                     | Dynamic        | -      | -      | -      | -      | 40     | -    | -    | -    | -    | 0     | 0    | 0    | 
|dsp48e1_wrapper__parameterized0_187     | C+A*B          | 24     | 16     | 35     | -      | 35     | 0    | 0    | 0    | -    | -     | 0    | 0    | 
|dsp48e1_wrapper                         | Dynamic        | -      | -      | -      | -      | 40     | -    | -    | -    | -    | 0     | 0    | 0    | 
|dsp48e1_wrapper__parameterized0         | C+A*B          | 24     | 16     | 35     | -      | 35     | 0    | 0    | 0    | -    | -     | 0    | 0    | 
|drhe_tdm_decompress                     | A'*B'          | 15     | 15     | -      | -      | 32     | 1    | 1    | -    | -    | -     | 0    | 0    | 
|drhe_tdm_decompress_mul_15ns_15s_30_1_0 | A*B            | 15     | 18     | -      | -      | 31     | 0    | 0    | -    | -    | -     | 0    | 0    | 
|drhe_tdm_decompress                     | A'*B'          | 22     | 17     | -      | -      | 0      | 1    | 1    | -    | -    | -     | 0    | 0    | 
|drhe_tdm_decompress                     | PCIN>>17+A'*B  | 22     | 18     | -      | -      | 28     | 1    | 0    | -    | -    | -     | 0    | 0    | 
|drhe_tdm_decompress                     | A'*B'          | 17     | 18     | -      | -      | 48     | 1    | 1    | -    | -    | -     | 0    | 0    | 
|drhe_tdm_decompress                     | PCIN>>17+A'*B' | 30     | 12     | -      | -      | 48     | 1    | 1    | -    | -    | -     | 0    | 0    | 
|drhe_tdm_decompress                     | A'*B'          | 17     | 17     | -      | -      | 48     | 1    | 1    | -    | -    | -     | 0    | 0    | 
|drhe_tdm_decompress                     | PCIN>>17+A*B'  | 0      | 12     | -      | -      | 48     | 0    | 1    | -    | -    | -     | 0    | 0    | 
|drhe_tdm_decompress                     | A*B'           | 24     | 18     | -      | -      | 48     | 0    | 1    | -    | -    | -     | 0    | 0    | 
|drhe_tdm_decompress                     | A*B'           | 24     | 17     | -      | -      | 48     | 0    | 1    | -    | -    | -     | 0    | 0    | 
|drhe_tdm_decompress                     | PCIN>>17+A*B'  | 24     | 17     | -      | -      | 48     | 0    | 1    | -    | -    | -     | 0    | 0    | 
|drhe_tdm_decompress                     | A*B'           | 24     | 17     | -      | -      | 48     | 0    | 1    | -    | -    | -     | 0    | 0    | 
|drhe_tdm_decompress                     | PCIN>>17+A*B'  | 24     | 17     | -      | -      | 48     | 0    | 1    | -    | -    | -     | 0    | 0    | 
|drhe_tdm_decompress                     | A'*B'          | 15     | 15     | -      | -      | 32     | 1    | 1    | -    | -    | -     | 0    | 0    | 
|drhe_tdm_decompress_mul_15ns_15s_30_1_0 | A*B            | 15     | 18     | -      | -      | 31     | 0    | 0    | -    | -    | -     | 0    | 0    | 
|drhe_tdm_decompress                     | A'*B'          | 22     | 17     | -      | -      | 0      | 1    | 1    | -    | -    | -     | 0    | 0    | 
|drhe_tdm_decompress                     | PCIN>>17+A'*B  | 22     | 18     | -      | -      | 28     | 1    | 0    | -    | -    | -     | 0    | 0    | 
|drhe_tdm_decompress                     | A'*B'          | 17     | 18     | -      | -      | 48     | 1    | 1    | -    | -    | -     | 0    | 0    | 
|drhe_tdm_decompress                     | PCIN>>17+A'*B' | 30     | 12     | -      | -      | 48     | 1    | 1    | -    | -    | -     | 0    | 0    | 
|drhe_tdm_decompress                     | A'*B'          | 17     | 17     | -      | -      | 48     | 1    | 1    | -    | -    | -     | 0    | 0    | 
|drhe_tdm_decompress                     | PCIN>>17+A*B'  | 0      | 12     | -      | -      | 48     | 0    | 1    | -    | -    | -     | 0    | 0    | 
+----------------------------------------+----------------+--------+--------+--------+--------+--------+------+------+------+------+-------+------+------+


Report BlackBoxes: 
+-+--------------+----------+
| |BlackBox name |Instances |
+-+--------------+----------+
+-+--------------+----------+

Report Cell Usage: 
+------+----------------+------+
|      |Cell            |Count |
+------+----------------+------+
|1     |CARRY8          |  1013|
|2     |DSP48E1         |    40|
|3     |DSP_ALU         |    21|
|4     |DSP_A_B_DATA    |    21|
|8     |DSP_C_DATA      |    21|
|9     |DSP_MULTIPLIER  |    21|
|10    |DSP_M_DATA      |    21|
|11    |DSP_OUTPUT      |    21|
|12    |DSP_PREADD      |    21|
|13    |DSP_PREADD_DATA |    21|
|14    |LUT1            |   637|
|15    |LUT2            | 15568|
|16    |LUT3            | 33754|
|17    |LUT4            | 25437|
|18    |LUT5            | 31801|
|19    |LUT6            | 75381|
|20    |MUXCY           |  1931|
|21    |MUXF7           |  1788|
|22    |MUXF8           |    94|
|23    |RAMB36E2        |    40|
|29    |SRL16E          |   370|
|30    |SRLC32E         |     7|
|31    |XORCY           |  1397|
|32    |FDE             |    88|
|33    |FDRE            | 17023|
|34    |FDSE            |   143|
+------+----------------+------+
---------------------------------------------------------------------------------
Finished Writing Synthesis Report : Time (s): cpu = 03:18:54 ; elapsed = 03:38:51 . Memory (MB): peak = 12494.715 ; gain = 10738.699
---------------------------------------------------------------------------------
Synthesis finished with 0 errors, 0 critical warnings and 0 warnings.
Synthesis Optimization Runtime : Time (s): cpu = 03:10:52 ; elapsed = 03:37:35 . Memory (MB): peak = 12494.715 ; gain = 10534.035
Synthesis Optimization Complete : Time (s): cpu = 03:19:00 ; elapsed = 03:40:40 . Memory (MB): peak = 12494.715 ; gain = 10738.699
INFO: [Project 1-571] Translating synthesized netlist
Netlist sorting complete. Time (s): cpu = 00:00:03 ; elapsed = 00:00:02 . Memory (MB): peak = 12494.715 ; gain = 0.000
INFO: [Netlist 29-17] Analyzing 6372 Unisim elements for replacement
INFO: [Netlist 29-28] Unisim Transformation completed in 2 CPU seconds
INFO: [Project 1-570] Preparing netlist for logic optimization
INFO: [Opt 31-138] Pushed 0 inverter(s) to 0 load pin(s).
Netlist sorting complete. Time (s): cpu = 00:00:00 ; elapsed = 00:00:00.126 . Memory (MB): peak = 12494.715 ; gain = 0.000
INFO: [Project 1-111] Unisim Transformation Summary:
  A total of 468 instances were transformed.
  (CARRY4) => CARRY8: 319 instances
  DSP48E1 => DSP48E2 (DSP_ALU, DSP_A_B_DATA, DSP_C_DATA, DSP_MULTIPLIER, DSP_M_DATA, DSP_OUTPUT, DSP_PREADD, DSP_PREADD_DATA): 40 instances
  DSP48E2 => DSP48E2 (DSP_ALU, DSP_A_B_DATA, DSP_C_DATA, DSP_MULTIPLIER, DSP_M_DATA, DSP_OUTPUT, DSP_PREADD, DSP_PREADD_DATA): 21 instances
  FDE => FDRE: 88 instances

Synth Design complete | Checksum: 37e0c85e
INFO: [Common 17-83] Releasing license: Vivado_Synthesis
360 Infos, 0 Warnings, 0 Critical Warnings and 0 Errors encountered.
synth_design completed successfully
synth_design: Time (s): cpu = 03:20:39 ; elapsed = 03:42:48 . Memory (MB): peak = 12494.715 ; gain = 11855.074
Write ShapeDB Complete: Time (s): cpu = 00:00:02 ; elapsed = 00:00:00.732 . Memory (MB): peak = 12494.715 ; gain = 0.000
INFO: [Common 17-1381] The checkpoint 'D:/Thesis/ThesisA/fpga_kcu116/build/vivado_drhe/kcu116_drhe.runs/system_decomp_0_synth_1/system_decomp_0.dcp' has been generated.
write_checkpoint: Time (s): cpu = 00:00:16 ; elapsed = 00:00:14 . Memory (MB): peak = 12494.715 ; gain = 0.000
write_verilog: Time (s): cpu = 00:00:13 ; elapsed = 00:00:14 . Memory (MB): peak = 12494.715 ; gain = 0.000
write_vhdl: Time (s): cpu = 00:00:27 ; elapsed = 00:00:27 . Memory (MB): peak = 12494.715 ; gain = 0.000
INFO: [Ipptcl 7-1612] Added synthesis output to IP cache for IP system_decomp_0, cache-ID = 95c24a3fce02f483
INFO: [Coretcl 2-1174] Renamed 1119 cell refs.
Write ShapeDB Complete: Time (s): cpu = 00:00:01 ; elapsed = 00:00:00.180 . Memory (MB): peak = 12494.715 ; gain = 0.000
INFO: [Common 17-1381] The checkpoint 'D:/Thesis/ThesisA/fpga_kcu116/build/vivado_drhe/kcu116_drhe.runs/system_decomp_0_synth_1/system_decomp_0.dcp' has been generated.
write_checkpoint: Time (s): cpu = 00:00:16 ; elapsed = 00:00:12 . Memory (MB): peak = 12494.715 ; gain = 0.000
INFO: [Vivado 12-24828] Executing command : report_utilization -file system_decomp_0_utilization_synth.rpt -pb system_decomp_0_utilization_synth.pb
write_verilog: Time (s): cpu = 00:00:13 ; elapsed = 00:00:13 . Memory (MB): peak = 12494.715 ; gain = 0.000
write_vhdl: Time (s): cpu = 00:00:27 ; elapsed = 00:00:28 . Memory (MB): peak = 12494.715 ; gain = 0.000
INFO: [Common 17-206] Exiting Vivado at Mon Oct  5 18:35:13 2026...
