Copyright 1986-2022 Xilinx, Inc. All Rights Reserved. Copyright 2022-2026 Advanced Micro Devices, Inc. All Rights Reserved.
--------------------------------------------------------------------------------------------------------------------------------------------------
| Tool Version      : Vivado v.2026.1 (win64) Build 6511674 Tue Jun 16 11:02:23 MDT 2026
| Date              : Mon Oct  5 23:12:57 2026
| Host              : DESKTOP-6IQQE7O running 64-bit major release  (build 9200)
| Command           : report_timing_summary -file D:/Thesis/ThesisA/fpga_kcu116/out/kcu116_lpc_timing.rpt
| Design            : system_wrapper
| Device            : xcku5p-ffvb676
| Speed File        : -2  PRODUCTION 1.29 05-01-2022
| Design State      : Routed
| Temperature Grade : E
--------------------------------------------------------------------------------------------------------------------------------------------------

Timing Summary Report

------------------------------------------------------------------------------------------------
| Timer Settings
| --------------
------------------------------------------------------------------------------------------------

  Enable Multi Corner Analysis               :  Yes
  Enable Pessimism Removal                   :  Yes
  Pessimism Removal Resolution               :  Nearest Common Node
  Enable Input Delay Default Clock           :  No
  Enable Preset / Clear Arcs                 :  No
  Disable Flight Delays                      :  No
  Ignore I/O Paths                           :  No
  Timing Early Launch at Borrowing Latches   :  No
  Borrow Time for Max Delay Exceptions       :  Yes
  Merge Timing Exceptions                    :  Yes
  Inter-SLR Compensation                     :  Conservative

  Corner  Analyze    Analyze    
  Name    Max Paths  Min Paths  
  ------  ---------  ---------  
  Slow    Yes        Yes        
  Fast    Yes        Yes        


------------------------------------------------------------------------------------------------
| Report Methodology
| ------------------
------------------------------------------------------------------------------------------------

Rule       Severity  Description                                                                                            Violations  
---------  --------  -----------------------------------------------------------------------------------------------------  ----------  
LUTAR-1    Warning   LUT drives async reset alert                                                                           7           
TIMING-9   Warning   Unknown CDC Logic                                                                                      1           
TIMING-10  Warning   Missing property on synchronizer                                                                       1           
TIMING-18  Warning   Missing input or output delay                                                                          1           
TIMING-47  Warning   False path, asynchronous clock group or max delay datapath only constraint between synchronous clocks  6           

Note: This report is based on the most recent report_methodology run and may not be up-to-date. Run report_methodology on the current design for the latest report.



check_timing report

Table of Contents
-----------------
1. checking no_clock (0)
2. checking constant_clock (0)
3. checking pulse_width_clock (0)
4. checking unconstrained_internal_endpoints (0)
5. checking no_input_delay (2)
6. checking no_output_delay (10)
7. checking multiple_clock (0)
8. checking generated_clocks (0)
9. checking loops (0)
10. checking partial_input_delay (0)
11. checking partial_output_delay (0)
12. checking latch_loops (0)

1. checking no_clock (0)
------------------------
 There are 0 register/latch pins with no clock.


2. checking constant_clock (0)
------------------------------
 There are 0 register/latch pins with constant_clock.


3. checking pulse_width_clock (0)
---------------------------------
 There are 0 register/latch pins which need pulse_width check


4. checking unconstrained_internal_endpoints (0)
------------------------------------------------
 There are 0 pins that are not constrained for maximum delay.

 There are 0 pins that are not constrained for maximum delay due to constant clock.


5. checking no_input_delay (2)
------------------------------
 There are 2 input ports with no input delay specified. (HIGH)

 There are 0 input ports with no input delay but user has a false path constraint.


6. checking no_output_delay (10)
--------------------------------
 There are 10 ports with no output delay specified. (HIGH)

 There are 0 ports with no output delay but user has a false path constraint

 There are 0 ports with no output delay but with a timing clock defined on it or propagating through it


7. checking multiple_clock (0)
------------------------------
 There are 0 register/latch pins with multiple clocks.


8. checking generated_clocks (0)
--------------------------------
 There are 0 generated clocks that are not connected to a clock source.


9. checking loops (0)
---------------------
 There are 0 combinational loops in the design.


10. checking partial_input_delay (0)
------------------------------------
 There are 0 input ports with partial input delay specified.


11. checking partial_output_delay (0)
-------------------------------------
 There are 0 ports with partial output delay specified.


12. checking latch_loops (0)
----------------------------
 There are 0 combinational latch loops in the design through latch input



------------------------------------------------------------------------------------------------
| Design Timing Summary
| ---------------------
------------------------------------------------------------------------------------------------

    WNS(ns)      TNS(ns)  TNS Failing Endpoints  TNS Total Endpoints      WHS(ns)      THS(ns)  THS Failing Endpoints  THS Total Endpoints     WPWS(ns)     TPWS(ns)  TPWS Failing Endpoints  TPWS Total Endpoints  
    -------      -------  ---------------------  -------------------      -------      -------  ---------------------  -------------------     --------     --------  ----------------------  --------------------  
      0.320        0.000                      0               300655        0.010        0.000                      0               300085        0.000        0.000                       0                 93406  


All user specified timing constraints are met.


------------------------------------------------------------------------------------------------
| Clock Summary
| -------------
------------------------------------------------------------------------------------------------

Clock                                                                                                Waveform(ns)           Period(ns)      Frequency(MHz)
-----                                                                                                ------------           ----------      --------------
dbg_hub/inst/BSCANID.u_xsdbm_id/SWITCH_N_EXT_BSCAN.bscan_inst/SERIES7_BSCAN.bscan_inst/INTERNAL_TCK  {0.000 25.000}         50.000          20.000          
default_sysclk1_300_clk_p                                                                            {0.000 1.667}          3.334           299.940         
  mmcm_clkout0                                                                                       {0.000 1.500}          3.001           333.267         
    pll_clk[0]                                                                                       {0.000 0.188}          0.375           2666.133        
      pll_clk[0]_DIV                                                                                 {0.000 1.500}          3.001           333.267         
    pll_clk[1]                                                                                       {0.000 0.188}          0.375           2666.133        
      pll_clk[1]_DIV                                                                                 {0.000 1.500}          3.001           333.267         
  mmcm_clkout1                                                                                       {0.000 5.001}          10.002          99.980          
  mmcm_clkout2                                                                                       {0.000 1.500}          3.001           333.267         
  mmcm_clkout3                                                                                       {0.000 1.500}          3.001           333.267         
  mmcm_clkout4                                                                                       {0.000 1.500}          3.001           333.267         
  mmcm_clkout5                                                                                       {0.000 6.001}          12.002          83.317          
  mmcm_clkout6                                                                                       {0.000 3.001}          6.001           166.633         
system_i/mdm_0/U0/Use_E2.BSCAN_I/Use_E2.BSCANE2_I/INTERNAL_TCK                                       {0.000 16.666}         33.333          30.000          
  system_i/mdm_0/U0/Use_E2.BSCAN_I/Use_E2.BSCANE2_I/DRCK                                             {0.000 16.666}         33.333          30.000          
  system_i/mdm_0/U0/Use_E2.BSCAN_I/Use_E2.BSCANE2_I/UPDATE                                           {0.000 33.333}         66.666          15.000          


------------------------------------------------------------------------------------------------
| Intra Clock Table
| -----------------
------------------------------------------------------------------------------------------------

Clock                                                                                                    WNS(ns)      TNS(ns)  TNS Failing Endpoints  TNS Total Endpoints      WHS(ns)      THS(ns)  THS Failing Endpoints  THS Total Endpoints     WPWS(ns)     TPWS(ns)  TPWS Failing Endpoints  TPWS Total Endpoints  
-----                                                                                                    -------      -------  ---------------------  -------------------      -------      -------  ---------------------  -------------------     --------     --------  ----------------------  --------------------  
dbg_hub/inst/BSCANID.u_xsdbm_id/SWITCH_N_EXT_BSCAN.bscan_inst/SERIES7_BSCAN.bscan_inst/INTERNAL_TCK       13.013        0.000                      0                  992        0.017        0.000                      0                  992       24.468        0.000                       0                   479  
default_sysclk1_300_clk_p                                                                                  2.012        0.000                      0                   23        0.050        0.000                      0                   23        0.500        0.000                       0                    20  
  mmcm_clkout0                                                                                             0.320        0.000                      0                30993        0.012        0.000                      0                30993        0.044        0.000                       0                 14009  
    pll_clk[0]                                                                                                                                                                                                                                         0.000        0.000                       0                     6  
      pll_clk[0]_DIV                                                                                                                                                                                                                                   0.300        0.000                       0                    25  
    pll_clk[1]                                                                                                                                                                                                                                         0.000        0.000                       0                     9  
      pll_clk[1]_DIV                                                                                                                                                                                                                                   0.300        0.000                       0                    40  
  mmcm_clkout1                                                                                             0.463        0.000                      0               261186        0.010        0.000                      0               261186        4.459        0.000                       0                 76342  
  mmcm_clkout2                                                                                                                                                                                                                                         1.711        0.000                       0                     2  
  mmcm_clkout3                                                                                                                                                                                                                                         1.711        0.000                       0                     2  
  mmcm_clkout4                                                                                                                                                                                                                                         1.711        0.000                       0                     2  
  mmcm_clkout5                                                                                             9.752        0.000                      0                  827        0.023        0.000                      0                  827        5.469        0.000                       0                   570  
  mmcm_clkout6                                                                                             1.804        0.000                      0                 5306        0.027        0.000                      0                 5020        0.972        0.000                       0                  1626  
  system_i/mdm_0/U0/Use_E2.BSCAN_I/Use_E2.BSCANE2_I/DRCK                                                  14.553        0.000                      0                  228        0.028        0.000                      0                  228       16.134        0.000                       0                   234  
  system_i/mdm_0/U0/Use_E2.BSCAN_I/Use_E2.BSCANE2_I/UPDATE                                                30.013        0.000                      0                   46        0.146        0.000                      0                   46       33.058        0.000                       0                    40  


------------------------------------------------------------------------------------------------
| Inter Clock Table
| -----------------
------------------------------------------------------------------------------------------------

From Clock                                                                                           To Clock                                                                                                 WNS(ns)      TNS(ns)  TNS Failing Endpoints  TNS Total Endpoints      WHS(ns)      THS(ns)  THS Failing Endpoints  THS Total Endpoints  
----------                                                                                           --------                                                                                                 -------      -------  ---------------------  -------------------      -------      -------  ---------------------  -------------------  
mmcm_clkout5                                                                                         dbg_hub/inst/BSCANID.u_xsdbm_id/SWITCH_N_EXT_BSCAN.bscan_inst/SERIES7_BSCAN.bscan_inst/INTERNAL_TCK       11.573        0.000                      0                    8                                                                        
mmcm_clkout1                                                                                         mmcm_clkout0                                                                                               8.767        0.000                      0                  462                                                                        
mmcm_clkout5                                                                                         mmcm_clkout0                                                                                               2.522        0.000                      0                   28                                                                        
mmcm_clkout6                                                                                         mmcm_clkout0                                                                                               1.767        0.000                      0                  111                                                                        
mmcm_clkout0                                                                                         pll_clk[0]_DIV                                                                                             1.077        0.000                      0                  212        0.599        0.000                      0                  212  
mmcm_clkout0                                                                                         pll_clk[1]_DIV                                                                                             0.802        0.000                      0                  352        0.483        0.000                      0                  352  
mmcm_clkout0                                                                                         mmcm_clkout1                                                                                               1.800        0.000                      0                  316                                                                        
dbg_hub/inst/BSCANID.u_xsdbm_id/SWITCH_N_EXT_BSCAN.bscan_inst/SERIES7_BSCAN.bscan_inst/INTERNAL_TCK  mmcm_clkout5                                                                                              49.329        0.000                      0                    8                                                                        
mmcm_clkout0                                                                                         mmcm_clkout5                                                                                              11.357        0.000                      0                   10                                                                        
mmcm_clkout0                                                                                         mmcm_clkout6                                                                                               1.556        0.000                      0                   36        0.112        0.000                      0                    1  


------------------------------------------------------------------------------------------------
| Other Path Groups Table
| -----------------------
------------------------------------------------------------------------------------------------

Path Group                                                                                           From Clock                                                                                           To Clock                                                                                                 WNS(ns)      TNS(ns)  TNS Failing Endpoints  TNS Total Endpoints      WHS(ns)      THS(ns)  THS Failing Endpoints  THS Total Endpoints  
----------                                                                                           ----------                                                                                           --------                                                                                                 -------      -------  ---------------------  -------------------      -------      -------  ---------------------  -------------------  
**async_default**                                                                                    dbg_hub/inst/BSCANID.u_xsdbm_id/SWITCH_N_EXT_BSCAN.bscan_inst/SERIES7_BSCAN.bscan_inst/INTERNAL_TCK  dbg_hub/inst/BSCANID.u_xsdbm_id/SWITCH_N_EXT_BSCAN.bscan_inst/SERIES7_BSCAN.bscan_inst/INTERNAL_TCK       47.706        0.000                      0                  100        0.114        0.000                      0                  100  
**async_default**                                                                                    mmcm_clkout5                                                                                         mmcm_clkout5                                                                                              10.750        0.000                      0                  105        0.109        0.000                      0                  105  


------------------------------------------------------------------------------------------------
| Timing Details
| --------------
------------------------------------------------------------------------------------------------


---------------------------------------------------------------------------------------------------
From Clock:  dbg_hub/inst/BSCANID.u_xsdbm_id/SWITCH_N_EXT_BSCAN.bscan_inst/SERIES7_BSCAN.bscan_inst/INTERNAL_TCK
  To Clock:  dbg_hub/inst/BSCANID.u_xsdbm_id/SWITCH_N_EXT_BSCAN.bscan_inst/SERIES7_BSCAN.bscan_inst/INTERNAL_TCK

Setup :            0  Failing Endpoints,  Worst Slack       13.013ns,  Total Violation        0.000ns
Hold  :            0  Failing Endpoints,  Worst Slack        0.017ns,  Total Violation        0.000ns
PW    :            0  Failing Endpoints,  Worst Slack       24.468ns,  Total Violation        0.000ns
---------------------------------------------------------------------------------------------------


Max Delay Paths
--------------------------------------------------------------------------------------
Slack (MET) :             13.013ns  (required time - arrival time)
  Source:                 dbg_hub/inst/BSCANID.u_xsdbm_id/CORE_XSDB.U_ICON/iTDO_reg/C
                            (rising edge-triggered cell FDRE clocked by dbg_hub/inst/BSCANID.u_xsdbm_id/SWITCH_N_EXT_BSCAN.bscan_inst/SERIES7_BSCAN.bscan_inst/INTERNAL_TCK  {rise@0.000ns fall@25.000ns period=50.000ns})
  Destination:            dbg_hub/inst/BSCANID.u_xsdbm_id/SWITCH_N_EXT_BSCAN.bscan_inst/SERIES7_BSCAN.bscan_inst/TDO
                            (falling edge-triggered cell BSCANE2 clocked by dbg_hub/inst/BSCANID.u_xsdbm_id/SWITCH_N_EXT_BSCAN.bscan_inst/SERIES7_BSCAN.bscan_inst/INTERNAL_TCK  {rise@0.000ns fall@25.000ns period=50.000ns})
  Path Group:             dbg_hub/inst/BSCANID.u_xsdbm_id/SWITCH_N_EXT_BSCAN.bscan_inst/SERIES7_BSCAN.bscan_inst/INTERNAL_TCK
  Path Type:              Setup (Max at Slow Process Corner)
  Requirement:            25.000ns  (dbg_hub/inst/BSCANID.u_xsdbm_id/SWITCH_N_EXT_BSCAN.bscan_inst/SERIES7_BSCAN.bscan_inst/INTERNAL_TCK fall@25.000ns - dbg_hub/inst/BSCANID.u_xsdbm_id/SWITCH_N_EXT_BSCAN.bscan_inst/SERIES7_BSCAN.bscan_inst/INTERNAL_TCK rise@0.000ns)
  Data Path Delay:        2.112ns  (logic 0.166ns (7.859%)  route 1.946ns (92.141%))
  Logic Levels:           2  (LUT3=1 LUT6=1)
  Clock Path Skew:        -9.639ns (DCD - SCD + CPR)
    Destination Clock Delay (DCD):    0.000ns = ( 25.000 - 25.000 ) 
    Source Clock Delay      (SCD):    9.639ns
    Clock Pessimism Removal (CPR):    0.000ns
  Clock Uncertainty:      0.235ns  ((TSJ^2 + TIJ^2)^1/2 + DJ) / 2 + PE + DCD
    Total System Jitter     (TSJ):    0.071ns
    Total Input Jitter      (TIJ):    0.000ns
    Discrete Jitter          (DJ):    0.000ns
    Phase Error              (PE):    0.000ns
    Duty Cycle Distortion   (DCD):    0.200ns
  Clock Net Delay (Source):      2.348ns (routing 1.442ns, distribution 0.906ns)

    Location             Delay type                Incr(ns)  Path(ns)    Netlist Resource(s)
  -------------------------------------------------------------------    -------------------
                         (clock dbg_hub/inst/BSCANID.u_xsdbm_id/SWITCH_N_EXT_BSCAN.bscan_inst/SERIES7_BSCAN.bscan_inst/INTERNAL_TCK rise edge)
                                                      0.000     0.000 r  <hidden>
    CONFIG_SITE_X0Y0     BSCANE2                      0.000     0.000 r  dbg_hub/inst/BSCANID.u_xsdbm_id/SWITCH_N_EXT_BSCAN.bscan_inst/SERIES7_BSCAN.bscan_inst/INTERNAL_TCK
    CONFIG_SITE_X0Y0     BSCANE2 (Prop_BSCAN1_CONFIG_SITE_INTERNAL_TCK_TCK)
                                                      4.300     4.300 r  dbg_hub/inst/BSCANID.u_xsdbm_id/SWITCH_N_EXT_BSCAN.bscan_inst/SERIES7_BSCAN.bscan_inst/TCK
                         net (fo=1, routed)           2.963     7.263    dbg_hub/inst/BSCANID.u_xsdbm_id/tck_bs
    BUFGCE_X0Y76         BUFGCE (Prop_BUFCE_BUFGCE_I_O)
                                                      0.028     7.291 r  dbg_hub/inst/BSCANID.u_xsdbm_id/SWITCH_N_EXT_BSCAN.u_bufg_icon_tck/O
    X2Y1 (CLOCK_ROOT)    net (fo=478, routed)         2.348     9.639    dbg_hub/inst/BSCANID.u_xsdbm_id/CORE_XSDB.U_ICON/m_bscan_tck[0]
    SLICE_X49Y115        FDRE                                         r  dbg_hub/inst/BSCANID.u_xsdbm_id/CORE_XSDB.U_ICON/iTDO_reg/C
  -------------------------------------------------------------------    -------------------
    SLICE_X49Y115        FDRE (Prop_CFF2_SLICEM_C_Q)
                                                      0.077     9.716 r  dbg_hub/inst/BSCANID.u_xsdbm_id/CORE_XSDB.U_ICON/iTDO_reg/Q
                         net (fo=1, routed)           1.019    10.735    dbg_hub/inst/BSCANID.u_xsdbm_id/TDO
    SLICE_X97Y105        LUT3 (Prop_B6LUT_SLICEL_I2_O)
                                                      0.036    10.771 r  dbg_hub/inst/BSCANID.u_xsdbm_id/SWITCH_N_EXT_BSCAN.bscan_switch_i_1/O
                         net (fo=2, routed)           0.322    11.093    dbg_hub/inst/BSCANID.u_xsdbm_id/SWITCH_N_EXT_BSCAN.bscan_switch/m_bscan_tdo[0]
    SLICE_X98Y102        LUT6 (Prop_H6LUT_SLICEM_I5_O)
                                                      0.053    11.146 r  dbg_hub/inst/BSCANID.u_xsdbm_id/SWITCH_N_EXT_BSCAN.bscan_switch/s_bscan_tdo_INST_0/O
                         net (fo=1, routed)           0.605    11.751    dbg_hub/inst/BSCANID.u_xsdbm_id/SWITCH_N_EXT_BSCAN.bscan_inst/TDO
    CONFIG_SITE_X0Y0     BSCANE2                                      r  dbg_hub/inst/BSCANID.u_xsdbm_id/SWITCH_N_EXT_BSCAN.bscan_inst/SERIES7_BSCAN.bscan_inst/TDO
  -------------------------------------------------------------------    -------------------

                         (clock dbg_hub/inst/BSCANID.u_xsdbm_id/SWITCH_N_EXT_BSCAN.bscan_inst/SERIES7_BSCAN.bscan_inst/INTERNAL_TCK fall edge)
                                                     25.000    25.000 f  <hidden>
    CONFIG_SITE_X0Y0     BSCANE2                      0.000    25.000 f  dbg_hub/inst/BSCANID.u_xsdbm_id/SWITCH_N_EXT_BSCAN.bscan_inst/SERIES7_BSCAN.bscan_inst/INTERNAL_TCK
                         clock pessimism              0.000    25.000    <hidden>
                         clock uncertainty           -0.235    24.765    <hidden>
    CONFIG_SITE_X0Y0     BSCANE2 (Setup_BSCAN1_CONFIG_SITE_INTERNAL_TCK_TDO)
                                                      0.000    24.765    dbg_hub/inst/BSCANID.u_xsdbm_id/SWITCH_N_EXT_BSCAN.bscan_inst/SERIES7_BSCAN.bscan_inst
  -------------------------------------------------------------------
                         required time                         24.765    <hidden>
                         arrival time                         -11.751    <hidden>
  -------------------------------------------------------------------
                         slack                                 13.013    <hidden>





Min Delay Paths
--------------------------------------------------------------------------------------
Slack (MET) :             0.017ns  (arrival time - required time)
  Source:                 dbg_hub/inst/BSCANID.u_xsdbm_id/CORE_XSDB.UUT_MASTER/U_ICON_INTERFACE/U_CMD6_WR/shift_reg_in_reg[2]/C
                            (rising edge-triggered cell FDCE clocked by dbg_hub/inst/BSCANID.u_xsdbm_id/SWITCH_N_EXT_BSCAN.bscan_inst/SERIES7_BSCAN.bscan_inst/INTERNAL_TCK  {rise@0.000ns fall@25.000ns period=50.000ns})
  Destination:            dbg_hub/inst/BSCANID.u_xsdbm_id/CORE_XSDB.UUT_MASTER/U_ICON_INTERFACE/U_CMD6_WR/U_WR_FIFO/SUBCORE_FIFO.xsdbm_v3_0_6_wrfifo_inst/inst_fifo_gen/gconvfifo.rf/grf.rf/gntv_or_sync_fifo.mem/gdm.dm_gen.dm/RAM_reg_0_15_0_13/RAMA_D1/I
                            (rising edge-triggered cell RAMD32 clocked by dbg_hub/inst/BSCANID.u_xsdbm_id/SWITCH_N_EXT_BSCAN.bscan_inst/SERIES7_BSCAN.bscan_inst/INTERNAL_TCK  {rise@0.000ns fall@25.000ns period=50.000ns})
  Path Group:             dbg_hub/inst/BSCANID.u_xsdbm_id/SWITCH_N_EXT_BSCAN.bscan_inst/SERIES7_BSCAN.bscan_inst/INTERNAL_TCK
  Path Type:              Hold (Min at Slow Process Corner)
  Requirement:            0.000ns  (dbg_hub/inst/BSCANID.u_xsdbm_id/SWITCH_N_EXT_BSCAN.bscan_inst/SERIES7_BSCAN.bscan_inst/INTERNAL_TCK rise@0.000ns - dbg_hub/inst/BSCANID.u_xsdbm_id/SWITCH_N_EXT_BSCAN.bscan_inst/SERIES7_BSCAN.bscan_inst/INTERNAL_TCK rise@0.000ns)
  Data Path Delay:        0.138ns  (logic 0.058ns (41.906%)  route 0.080ns (58.094%))
  Logic Levels:           0  
  Clock Path Skew:        0.064ns (DCD - SCD - CPR)
    Destination Clock Delay (DCD):    9.687ns
    Source Clock Delay      (SCD):    4.594ns
    Clock Pessimism Removal (CPR):    5.030ns
  Clock Net Delay (Source):      2.110ns (routing 1.312ns, distribution 0.798ns)
  Clock Net Delay (Destination): 2.396ns (routing 1.442ns, distribution 0.954ns)

    Location             Delay type                Incr(ns)  Path(ns)    Netlist Resource(s)
  -------------------------------------------------------------------    -------------------
                         (clock dbg_hub/inst/BSCANID.u_xsdbm_id/SWITCH_N_EXT_BSCAN.bscan_inst/SERIES7_BSCAN.bscan_inst/INTERNAL_TCK rise edge)
                                                      0.000     0.000 r  <hidden>
    CONFIG_SITE_X0Y0     BSCANE2                      0.000     0.000 r  dbg_hub/inst/BSCANID.u_xsdbm_id/SWITCH_N_EXT_BSCAN.bscan_inst/SERIES7_BSCAN.bscan_inst/INTERNAL_TCK
    CONFIG_SITE_X0Y0     BSCANE2 (Prop_BSCAN1_CONFIG_SITE_INTERNAL_TCK_TCK)
                                                      0.465     0.465 r  dbg_hub/inst/BSCANID.u_xsdbm_id/SWITCH_N_EXT_BSCAN.bscan_inst/SERIES7_BSCAN.bscan_inst/TCK
                         net (fo=1, routed)           1.995     2.460    dbg_hub/inst/BSCANID.u_xsdbm_id/tck_bs
    BUFGCE_X0Y76         BUFGCE (Prop_BUFCE_BUFGCE_I_O)
                                                      0.024     2.484 r  dbg_hub/inst/BSCANID.u_xsdbm_id/SWITCH_N_EXT_BSCAN.u_bufg_icon_tck/O
    X2Y1 (CLOCK_ROOT)    net (fo=478, routed)         2.110     4.594    dbg_hub/inst/BSCANID.u_xsdbm_id/CORE_XSDB.UUT_MASTER/U_ICON_INTERFACE/U_CMD6_WR/m_bscan_tck[0]
    SLICE_X45Y114        FDCE                                         r  dbg_hub/inst/BSCANID.u_xsdbm_id/CORE_XSDB.UUT_MASTER/U_ICON_INTERFACE/U_CMD6_WR/shift_reg_in_reg[2]/C
  -------------------------------------------------------------------    -------------------
    SLICE_X45Y114        FDCE (Prop_CFF_SLICEL_C_Q)
                                                      0.058     4.652 r  dbg_hub/inst/BSCANID.u_xsdbm_id/CORE_XSDB.UUT_MASTER/U_ICON_INTERFACE/U_CMD6_WR/shift_reg_in_reg[2]/Q
                         net (fo=2, routed)           0.080     4.732    dbg_hub/inst/BSCANID.u_xsdbm_id/CORE_XSDB.UUT_MASTER/U_ICON_INTERFACE/U_CMD6_WR/U_WR_FIFO/SUBCORE_FIFO.xsdbm_v3_0_6_wrfifo_inst/inst_fifo_gen/gconvfifo.rf/grf.rf/gntv_or_sync_fifo.mem/gdm.dm_gen.dm/RAM_reg_0_15_0_13/DIA1
    SLICE_X44Y114        RAMD32                                       r  dbg_hub/inst/BSCANID.u_xsdbm_id/CORE_XSDB.UUT_MASTER/U_ICON_INTERFACE/U_CMD6_WR/U_WR_FIFO/SUBCORE_FIFO.xsdbm_v3_0_6_wrfifo_inst/inst_fifo_gen/gconvfifo.rf/grf.rf/gntv_or_sync_fifo.mem/gdm.dm_gen.dm/RAM_reg_0_15_0_13/RAMA_D1/I
  -------------------------------------------------------------------    -------------------

                         (clock dbg_hub/inst/BSCANID.u_xsdbm_id/SWITCH_N_EXT_BSCAN.bscan_inst/SERIES7_BSCAN.bscan_inst/INTERNAL_TCK rise edge)
                                                      0.000     0.000 r  <hidden>
    CONFIG_SITE_X0Y0     BSCANE2                      0.000     0.000 r  dbg_hub/inst/BSCANID.u_xsdbm_id/SWITCH_N_EXT_BSCAN.bscan_inst/SERIES7_BSCAN.bscan_inst/INTERNAL_TCK
    CONFIG_SITE_X0Y0     BSCANE2 (Prop_BSCAN1_CONFIG_SITE_INTERNAL_TCK_TCK)
                                                      4.300     4.300 r  dbg_hub/inst/BSCANID.u_xsdbm_id/SWITCH_N_EXT_BSCAN.bscan_inst/SERIES7_BSCAN.bscan_inst/TCK
                         net (fo=1, routed)           2.963     7.263    dbg_hub/inst/BSCANID.u_xsdbm_id/tck_bs
    BUFGCE_X0Y76         BUFGCE (Prop_BUFCE_BUFGCE_I_O)
                                                      0.028     7.291 r  dbg_hub/inst/BSCANID.u_xsdbm_id/SWITCH_N_EXT_BSCAN.u_bufg_icon_tck/O
    X2Y1 (CLOCK_ROOT)    net (fo=478, routed)         2.396     9.687    dbg_hub/inst/BSCANID.u_xsdbm_id/CORE_XSDB.UUT_MASTER/U_ICON_INTERFACE/U_CMD6_WR/U_WR_FIFO/SUBCORE_FIFO.xsdbm_v3_0_6_wrfifo_inst/inst_fifo_gen/gconvfifo.rf/grf.rf/gntv_or_sync_fifo.mem/gdm.dm_gen.dm/RAM_reg_0_15_0_13/WCLK
    SLICE_X44Y114        RAMD32                                       r  dbg_hub/inst/BSCANID.u_xsdbm_id/CORE_XSDB.UUT_MASTER/U_ICON_INTERFACE/U_CMD6_WR/U_WR_FIFO/SUBCORE_FIFO.xsdbm_v3_0_6_wrfifo_inst/inst_fifo_gen/gconvfifo.rf/grf.rf/gntv_or_sync_fifo.mem/gdm.dm_gen.dm/RAM_reg_0_15_0_13/RAMA_D1/CLK
                         clock pessimism             -5.030     4.657    <hidden>
    SLICE_X44Y114        RAMD32 (Hold_A6LUT_SLICEM_CLK_I)
                                                      0.058     4.715    dbg_hub/inst/BSCANID.u_xsdbm_id/CORE_XSDB.UUT_MASTER/U_ICON_INTERFACE/U_CMD6_WR/U_WR_FIFO/SUBCORE_FIFO.xsdbm_v3_0_6_wrfifo_inst/inst_fifo_gen/gconvfifo.rf/grf.rf/gntv_or_sync_fifo.mem/gdm.dm_gen.dm/RAM_reg_0_15_0_13/RAMA_D1
  -------------------------------------------------------------------
                         required time                         -4.715    <hidden>
                         arrival time                           4.732    <hidden>
  -------------------------------------------------------------------
                         slack                                  0.017    <hidden>





Pulse Width Checks
--------------------------------------------------------------------------------------
Clock Name:         dbg_hub/inst/BSCANID.u_xsdbm_id/SWITCH_N_EXT_BSCAN.bscan_inst/SERIES7_BSCAN.bscan_inst/INTERNAL_TCK
Waveform(ns):       { 0.000 25.000 }
Period(ns):         50.000
Sources:            { dbg_hub/inst/BSCANID.u_xsdbm_id/SWITCH_N_EXT_BSCAN.bscan_inst/SERIES7_BSCAN.bscan_inst/INTERNAL_TCK }

Check Type        Corner  Lib Pin     Reference Pin  Required(ns)  Actual(ns)  Slack(ns)  Location       Pin
Min Period        n/a     BUFGCE/I    n/a            1.290         50.000      48.710     BUFGCE_X0Y76   dbg_hub/inst/BSCANID.u_xsdbm_id/SWITCH_N_EXT_BSCAN.u_bufg_icon_tck/I
Low Pulse Width   Slow    RAMD32/CLK  n/a            0.532         25.000      24.468     SLICE_X44Y114  dbg_hub/inst/BSCANID.u_xsdbm_id/CORE_XSDB.UUT_MASTER/U_ICON_INTERFACE/U_CMD6_WR/U_WR_FIFO/SUBCORE_FIFO.xsdbm_v3_0_6_wrfifo_inst/inst_fifo_gen/gconvfifo.rf/grf.rf/gntv_or_sync_fifo.mem/gdm.dm_gen.dm/RAM_reg_0_15_0_13/RAMA/CLK
High Pulse Width  Slow    RAMD32/CLK  n/a            0.532         25.000      24.468     SLICE_X44Y114  dbg_hub/inst/BSCANID.u_xsdbm_id/CORE_XSDB.UUT_MASTER/U_ICON_INTERFACE/U_CMD6_WR/U_WR_FIFO/SUBCORE_FIFO.xsdbm_v3_0_6_wrfifo_inst/inst_fifo_gen/gconvfifo.rf/grf.rf/gntv_or_sync_fifo.mem/gdm.dm_gen.dm/RAM_reg_0_15_0_13/RAMA/CLK



---------------------------------------------------------------------------------------------------
From Clock:  default_sysclk1_300_clk_p
  To Clock:  default_sysclk1_300_clk_p

Setup :            0  Failing Endpoints,  Worst Slack        2.012ns,  Total Violation        0.000ns
Hold  :            0  Failing Endpoints,  Worst Slack        0.050ns,  Total Violation        0.000ns
PW    :            0  Failing Endpoints,  Worst Slack        0.500ns,  Total Violation        0.000ns
---------------------------------------------------------------------------------------------------


Max Delay Paths
--------------------------------------------------------------------------------------
Slack (MET) :             2.012ns  (required time - arrival time)
  Source:                 system_i/ddr4_0/inst/u_ddr4_infrastructure/rst_input_sync_r_reg[3]/C
                            (rising edge-triggered cell FDRE clocked by default_sysclk1_300_clk_p  {rise@0.000ns fall@1.667ns period=3.334ns})
  Destination:            system_i/ddr4_0/inst/u_ddr4_infrastructure/counter_input_rst_reg[0]/R
                            (rising edge-triggered cell FDRE clocked by default_sysclk1_300_clk_p  {rise@0.000ns fall@1.667ns period=3.334ns})
  Path Group:             default_sysclk1_300_clk_p
  Path Type:              Setup (Max at Slow Process Corner)
  Requirement:            3.334ns  (default_sysclk1_300_clk_p rise@3.334ns - default_sysclk1_300_clk_p rise@0.000ns)
  Data Path Delay:        1.072ns  (logic 0.204ns (19.031%)  route 0.868ns (80.969%))
  Logic Levels:           1  (LUT5=1)
  Clock Path Skew:        -0.141ns (DCD - SCD + CPR)
    Destination Clock Delay (DCD):    1.457ns = ( 4.791 - 3.334 ) 
    Source Clock Delay      (SCD):    1.786ns
    Clock Pessimism Removal (CPR):    0.188ns
  Clock Uncertainty:      0.035ns  ((TSJ^2 + TIJ^2)^1/2 + DJ) / 2 + PE
    Total System Jitter     (TSJ):    0.071ns
    Total Input Jitter      (TIJ):    0.000ns
    Discrete Jitter          (DJ):    0.000ns
    Phase Error              (PE):    0.000ns
  Clock Net Delay (Source):      0.803ns (routing 0.001ns, distribution 0.802ns)
  Clock Net Delay (Destination): 0.644ns (routing 0.001ns, distribution 0.643ns)

    Location             Delay type                Incr(ns)  Path(ns)    Netlist Resource(s)
  -------------------------------------------------------------------    -------------------
                         (clock default_sysclk1_300_clk_p rise edge)
                                                      0.000     0.000 r  <hidden>
    K22                                               0.000     0.000 r  default_sysclk1_300_clk_p
                         net (fo=0)                   0.100     0.100    system_i/ddr4_0/inst/u_ddr4_mem_intfc/u_mig_ddr4_phy/inst/u_ddr4_phy_pll/diff_input_clk.u_ibufg_sys_clk/I
    HPIOBDIFFINBUF_X0Y58 DIFFINBUF (Prop_DIFFINBUF_HPIOBDIFFINBUF_DIFF_IN_P_O)
                                                      0.469     0.569 r  system_i/ddr4_0/inst/u_ddr4_mem_intfc/u_mig_ddr4_phy/inst/u_ddr4_phy_pll/diff_input_clk.u_ibufg_sys_clk/DIFFINBUF_INST/O
                         net (fo=1, routed)           0.050     0.619    system_i/ddr4_0/inst/u_ddr4_mem_intfc/u_mig_ddr4_phy/inst/u_ddr4_phy_pll/diff_input_clk.u_ibufg_sys_clk/OUT
    K22                  IBUFCTRL (Prop_IBUFCTRL_HPIOB_M_I_O)
                                                      0.000     0.619 r  system_i/ddr4_0/inst/u_ddr4_mem_intfc/u_mig_ddr4_phy/inst/u_ddr4_phy_pll/diff_input_clk.u_ibufg_sys_clk/IBUFCTRL_INST/O
                         net (fo=2, routed)           0.336     0.955    system_i/ddr4_0/inst/u_ddr4_infrastructure/sys_clk_in
    BUFGCE_X0Y51         BUFGCE (Prop_BUFCE_BUFGCE_I_O)
                                                      0.028     0.983 r  system_i/ddr4_0/inst/u_ddr4_infrastructure/u_bufg_inst/O
    X0Y2 (CLOCK_ROOT)    net (fo=17, routed)          0.803     1.786    system_i/ddr4_0/inst/u_ddr4_infrastructure/sys_clk_in_bufg
    SLICE_X28Y167        FDRE                                         r  system_i/ddr4_0/inst/u_ddr4_infrastructure/rst_input_sync_r_reg[3]/C
  -------------------------------------------------------------------    -------------------
    SLICE_X28Y167        FDRE (Prop_DFF2_SLICEM_C_Q)
                                                      0.080     1.866 r  system_i/ddr4_0/inst/u_ddr4_infrastructure/rst_input_sync_r_reg[3]/Q
                         net (fo=4, routed)           0.639     2.505    system_i/ddr4_0/inst/u_ddr4_infrastructure/rst_input_sync_r[3]
    SLICE_X2Y159         LUT5 (Prop_H6LUT_SLICEL_I0_O)
                                                      0.124     2.629 r  system_i/ddr4_0/inst/u_ddr4_infrastructure/counter_input_rst[6]_i_1/O
                         net (fo=4, routed)           0.229     2.858    system_i/ddr4_0/inst/u_ddr4_infrastructure/counter_input_rst[6]_i_1_n_0
    SLICE_X2Y158         FDRE                                         r  system_i/ddr4_0/inst/u_ddr4_infrastructure/counter_input_rst_reg[0]/R
  -------------------------------------------------------------------    -------------------

                         (clock default_sysclk1_300_clk_p rise edge)
                                                      3.334     3.334 r  <hidden>
    K22                                               0.000     3.334 r  default_sysclk1_300_clk_p
                         net (fo=0)                   0.079     3.413    system_i/ddr4_0/inst/u_ddr4_mem_intfc/u_mig_ddr4_phy/inst/u_ddr4_phy_pll/diff_input_clk.u_ibufg_sys_clk/I
    HPIOBDIFFINBUF_X0Y58 DIFFINBUF (Prop_DIFFINBUF_HPIOBDIFFINBUF_DIFF_IN_P_O)
                                                      0.374     3.787 r  system_i/ddr4_0/inst/u_ddr4_mem_intfc/u_mig_ddr4_phy/inst/u_ddr4_phy_pll/diff_input_clk.u_ibufg_sys_clk/DIFFINBUF_INST/O
                         net (fo=1, routed)           0.040     3.827    system_i/ddr4_0/inst/u_ddr4_mem_intfc/u_mig_ddr4_phy/inst/u_ddr4_phy_pll/diff_input_clk.u_ibufg_sys_clk/OUT
    K22                  IBUFCTRL (Prop_IBUFCTRL_HPIOB_M_I_O)
                                                      0.000     3.827 r  system_i/ddr4_0/inst/u_ddr4_mem_intfc/u_mig_ddr4_phy/inst/u_ddr4_phy_pll/diff_input_clk.u_ibufg_sys_clk/IBUFCTRL_INST/O
                         net (fo=2, routed)           0.297     4.124    system_i/ddr4_0/inst/u_ddr4_infrastructure/sys_clk_in
    BUFGCE_X0Y51         BUFGCE (Prop_BUFCE_BUFGCE_I_O)
                                                      0.024     4.148 r  system_i/ddr4_0/inst/u_ddr4_infrastructure/u_bufg_inst/O
    X0Y2 (CLOCK_ROOT)    net (fo=17, routed)          0.644     4.791    system_i/ddr4_0/inst/u_ddr4_infrastructure/sys_clk_in_bufg
    SLICE_X2Y158         FDRE                                         r  system_i/ddr4_0/inst/u_ddr4_infrastructure/counter_input_rst_reg[0]/C
                         clock pessimism              0.188     4.979    <hidden>
                         clock uncertainty           -0.035     4.944    <hidden>
    SLICE_X2Y158         FDRE (Setup_BFF2_SLICEL_C_R)
                                                     -0.074     4.870    system_i/ddr4_0/inst/u_ddr4_infrastructure/counter_input_rst_reg[0]
  -------------------------------------------------------------------
                         required time                          4.870    <hidden>
                         arrival time                          -2.858    <hidden>
  -------------------------------------------------------------------
                         slack                                  2.012    <hidden>





Min Delay Paths
--------------------------------------------------------------------------------------
Slack (MET) :             0.050ns  (arrival time - required time)
  Source:                 system_i/ddr4_0/inst/u_ddr4_infrastructure/counter_input_rst_reg[2]/C
                            (rising edge-triggered cell FDRE clocked by default_sysclk1_300_clk_p  {rise@0.000ns fall@1.667ns period=3.334ns})
  Destination:            system_i/ddr4_0/inst/u_ddr4_infrastructure/counter_input_rst_reg[3]/D
                            (rising edge-triggered cell FDRE clocked by default_sysclk1_300_clk_p  {rise@0.000ns fall@1.667ns period=3.334ns})
  Path Group:             default_sysclk1_300_clk_p
  Path Type:              Hold (Min at Fast Process Corner)
  Requirement:            0.000ns  (default_sysclk1_300_clk_p rise@0.000ns - default_sysclk1_300_clk_p rise@0.000ns)
  Data Path Delay:        0.103ns  (logic 0.072ns (70.006%)  route 0.031ns (29.994%))
  Logic Levels:           1  (LUT4=1)
  Clock Path Skew:        0.006ns (DCD - SCD - CPR)
    Destination Clock Delay (DCD):    1.161ns
    Source Clock Delay      (SCD):    0.933ns
    Clock Pessimism Removal (CPR):    0.221ns
  Clock Net Delay (Source):      0.418ns (routing 0.000ns, distribution 0.418ns)
  Clock Net Delay (Destination): 0.476ns (routing 0.001ns, distribution 0.475ns)

    Location             Delay type                Incr(ns)  Path(ns)    Netlist Resource(s)
  -------------------------------------------------------------------    -------------------
                         (clock default_sysclk1_300_clk_p rise edge)
                                                      0.000     0.000 r  <hidden>
    K22                                               0.000     0.000 r  default_sysclk1_300_clk_p
                         net (fo=0)                   0.079     0.079    system_i/ddr4_0/inst/u_ddr4_mem_intfc/u_mig_ddr4_phy/inst/u_ddr4_phy_pll/diff_input_clk.u_ibufg_sys_clk/I
    HPIOBDIFFINBUF_X0Y58 DIFFINBUF (Prop_DIFFINBUF_HPIOBDIFFINBUF_DIFF_IN_P_O)
                                                      0.229     0.308 r  system_i/ddr4_0/inst/u_ddr4_mem_intfc/u_mig_ddr4_phy/inst/u_ddr4_phy_pll/diff_input_clk.u_ibufg_sys_clk/DIFFINBUF_INST/O
                         net (fo=1, routed)           0.040     0.348    system_i/ddr4_0/inst/u_ddr4_mem_intfc/u_mig_ddr4_phy/inst/u_ddr4_phy_pll/diff_input_clk.u_ibufg_sys_clk/OUT
    K22                  IBUFCTRL (Prop_IBUFCTRL_HPIOB_M_I_O)
                                                      0.000     0.348 r  system_i/ddr4_0/inst/u_ddr4_mem_intfc/u_mig_ddr4_phy/inst/u_ddr4_phy_pll/diff_input_clk.u_ibufg_sys_clk/IBUFCTRL_INST/O
                         net (fo=2, routed)           0.151     0.499    system_i/ddr4_0/inst/u_ddr4_infrastructure/sys_clk_in
    BUFGCE_X0Y51         BUFGCE (Prop_BUFCE_BUFGCE_I_O)
                                                      0.017     0.516 r  system_i/ddr4_0/inst/u_ddr4_infrastructure/u_bufg_inst/O
    X0Y2 (CLOCK_ROOT)    net (fo=17, routed)          0.418     0.933    system_i/ddr4_0/inst/u_ddr4_infrastructure/sys_clk_in_bufg
    SLICE_X2Y158         FDRE                                         r  system_i/ddr4_0/inst/u_ddr4_infrastructure/counter_input_rst_reg[2]/C
  -------------------------------------------------------------------    -------------------
    SLICE_X2Y158         FDRE (Prop_DFF_SLICEL_C_Q)
                                                      0.039     0.972 r  system_i/ddr4_0/inst/u_ddr4_infrastructure/counter_input_rst_reg[2]/Q
                         net (fo=4, routed)           0.025     0.997    system_i/ddr4_0/inst/u_ddr4_infrastructure/counter_input_rst[2]
    SLICE_X2Y158         LUT4 (Prop_D5LUT_SLICEL_I1_O)
                                                      0.033     1.030 r  system_i/ddr4_0/inst/u_ddr4_infrastructure/counter_input_rst[3]_i_1/O
                         net (fo=1, routed)           0.006     1.036    system_i/ddr4_0/inst/u_ddr4_infrastructure/counter_input_rst0[3]
    SLICE_X2Y158         FDRE                                         r  system_i/ddr4_0/inst/u_ddr4_infrastructure/counter_input_rst_reg[3]/D
  -------------------------------------------------------------------    -------------------

                         (clock default_sysclk1_300_clk_p rise edge)
                                                      0.000     0.000 r  <hidden>
    K22                                               0.000     0.000 r  default_sysclk1_300_clk_p
                         net (fo=0)                   0.100     0.100    system_i/ddr4_0/inst/u_ddr4_mem_intfc/u_mig_ddr4_phy/inst/u_ddr4_phy_pll/diff_input_clk.u_ibufg_sys_clk/I
    HPIOBDIFFINBUF_X0Y58 DIFFINBUF (Prop_DIFFINBUF_HPIOBDIFFINBUF_DIFF_IN_P_O)
                                                      0.326     0.426 r  system_i/ddr4_0/inst/u_ddr4_mem_intfc/u_mig_ddr4_phy/inst/u_ddr4_phy_pll/diff_input_clk.u_ibufg_sys_clk/DIFFINBUF_INST/O
                         net (fo=1, routed)           0.050     0.476    system_i/ddr4_0/inst/u_ddr4_mem_intfc/u_mig_ddr4_phy/inst/u_ddr4_phy_pll/diff_input_clk.u_ibufg_sys_clk/OUT
    K22                  IBUFCTRL (Prop_IBUFCTRL_HPIOB_M_I_O)
                                                      0.000     0.476 r  system_i/ddr4_0/inst/u_ddr4_mem_intfc/u_mig_ddr4_phy/inst/u_ddr4_phy_pll/diff_input_clk.u_ibufg_sys_clk/IBUFCTRL_INST/O
                         net (fo=2, routed)           0.189     0.665    system_i/ddr4_0/inst/u_ddr4_infrastructure/sys_clk_in
    BUFGCE_X0Y51         BUFGCE (Prop_BUFCE_BUFGCE_I_O)
                                                      0.019     0.684 r  system_i/ddr4_0/inst/u_ddr4_infrastructure/u_bufg_inst/O
    X0Y2 (CLOCK_ROOT)    net (fo=17, routed)          0.476     1.161    system_i/ddr4_0/inst/u_ddr4_infrastructure/sys_clk_in_bufg
    SLICE_X2Y158         FDRE                                         r  system_i/ddr4_0/inst/u_ddr4_infrastructure/counter_input_rst_reg[3]/C
                         clock pessimism             -0.221     0.939    <hidden>
    SLICE_X2Y158         FDRE (Hold_DFF2_SLICEL_C_D)
                                                      0.047     0.986    system_i/ddr4_0/inst/u_ddr4_infrastructure/counter_input_rst_reg[3]
  -------------------------------------------------------------------
                         required time                         -0.986    <hidden>
                         arrival time                           1.036    <hidden>
  -------------------------------------------------------------------
                         slack                                  0.050    <hidden>





Pulse Width Checks
--------------------------------------------------------------------------------------
Clock Name:         default_sysclk1_300_clk_p
Waveform(ns):       { 0.000 1.667 }
Period(ns):         3.334
Sources:            { default_sysclk1_300_clk_p }

Check Type        Corner  Lib Pin            Reference Pin  Required(ns)  Actual(ns)  Slack(ns)  Location      Pin
Min Period        n/a     BUFGCE/I           n/a            1.290         3.334       2.044      BUFGCE_X0Y51  system_i/ddr4_0/inst/u_ddr4_infrastructure/u_bufg_inst/I
Max Period        n/a     MMCME4_ADV/CLKIN1  n/a            100.000       3.334       96.666     MMCM_X0Y3     system_i/ddr4_0/inst/u_ddr4_infrastructure/gen_mmcme4.u_mmcme_adv_inst/CLKIN1
Low Pulse Width   Slow    MMCME4_ADV/CLKIN1  n/a            1.167         1.667       0.500      MMCM_X0Y3     system_i/ddr4_0/inst/u_ddr4_infrastructure/gen_mmcme4.u_mmcme_adv_inst/CLKIN1
High Pulse Width  Slow    MMCME4_ADV/CLKIN1  n/a            1.167         1.667       0.500      MMCM_X0Y3     system_i/ddr4_0/inst/u_ddr4_infrastructure/gen_mmcme4.u_mmcme_adv_inst/CLKIN1



---------------------------------------------------------------------------------------------------
From Clock:  mmcm_clkout0
  To Clock:  mmcm_clkout0

Setup :            0  Failing Endpoints,  Worst Slack        0.320ns,  Total Violation        0.000ns
Hold  :            0  Failing Endpoints,  Worst Slack        0.012ns,  Total Violation        0.000ns
PW    :            0  Failing Endpoints,  Worst Slack        0.044ns,  Total Violation        0.000ns
---------------------------------------------------------------------------------------------------


Max Delay Paths
--------------------------------------------------------------------------------------
Slack (MET) :             0.320ns  (required time - arrival time)
  Source:                 system_i/ddr4_0/inst/u_ddr4_mem_intfc/u_io_addr_sync/SYNC[2].sync_reg_reg[1]/C
                            (rising edge-triggered cell FDRE clocked by mmcm_clkout0  {rise@0.000ns fall@1.500ns period=3.001ns})
  Destination:            system_i/ddr4_0/inst/u_ddr4_mem_intfc/u_ddr_cal_top/u_ddr_cal/u_ddr_cal_addr_decode/cal_ADR_A_reg[19]/CE
                            (rising edge-triggered cell FDRE clocked by mmcm_clkout0  {rise@0.000ns fall@1.500ns period=3.001ns})
  Path Group:             mmcm_clkout0
  Path Type:              Setup (Max at Slow Process Corner)
  Requirement:            3.001ns  (mmcm_clkout0 rise@3.001ns - mmcm_clkout0 rise@0.000ns)
  Data Path Delay:        2.486ns  (logic 0.519ns (20.877%)  route 1.967ns (79.123%))
  Logic Levels:           4  (LUT2=1 LUT6=3)
  Clock Path Skew:        -0.071ns (DCD - SCD + CPR)
    Destination Clock Delay (DCD):    4.455ns = ( 7.456 - 3.001 ) 
    Source Clock Delay      (SCD):    4.188ns
    Clock Pessimism Removal (CPR):    -0.338ns
  Clock Uncertainty:      0.062ns  ((TSJ^2 + DJ^2)^1/2) / 2 + PE
    Total System Jitter     (TSJ):    0.071ns
    Discrete Jitter          (DJ):    0.103ns
    Phase Error              (PE):    0.000ns
  Clock Net Delay (Source):      1.881ns (routing 0.932ns, distribution 0.949ns)
  Clock Net Delay (Destination): 1.725ns (routing 0.847ns, distribution 0.878ns)

    Location             Delay type                Incr(ns)  Path(ns)    Netlist Resource(s)
  -------------------------------------------------------------------    -------------------
                         (clock mmcm_clkout0 rise edge)
                                                      0.000     0.000 r  <hidden>
    K22                                               0.000     0.000 r  default_sysclk1_300_clk_p
                         net (fo=0)                   0.100     0.100    system_i/ddr4_0/inst/u_ddr4_mem_intfc/u_mig_ddr4_phy/inst/u_ddr4_phy_pll/diff_input_clk.u_ibufg_sys_clk/I
    HPIOBDIFFINBUF_X0Y58 DIFFINBUF (Prop_DIFFINBUF_HPIOBDIFFINBUF_DIFF_IN_P_O)
                                                      0.469     0.569 r  system_i/ddr4_0/inst/u_ddr4_mem_intfc/u_mig_ddr4_phy/inst/u_ddr4_phy_pll/diff_input_clk.u_ibufg_sys_clk/DIFFINBUF_INST/O
                         net (fo=1, routed)           0.050     0.619    system_i/ddr4_0/inst/u_ddr4_mem_intfc/u_mig_ddr4_phy/inst/u_ddr4_phy_pll/diff_input_clk.u_ibufg_sys_clk/OUT
    K22                  IBUFCTRL (Prop_IBUFCTRL_HPIOB_M_I_O)
                                                      0.000     0.619 r  system_i/ddr4_0/inst/u_ddr4_mem_intfc/u_mig_ddr4_phy/inst/u_ddr4_phy_pll/diff_input_clk.u_ibufg_sys_clk/IBUFCTRL_INST/O
                         net (fo=2, routed)           0.336     0.955    system_i/ddr4_0/inst/u_ddr4_mem_intfc/u_mig_ddr4_phy/inst/u_ddr4_phy_pll/sys_clk_in
    BUFGCE_X0Y49         BUFGCE (Prop_BUFCE_BUFGCE_I_O)
                                                      0.028     0.983 r  system_i/ddr4_0/inst/u_ddr4_mem_intfc/u_mig_ddr4_phy/inst/u_ddr4_phy_pll/gen_bufg_backbone.u__bufg_backbone/O
                         net (fo=1, routed)           1.179     2.162    system_i/ddr4_0/inst/u_ddr4_infrastructure/mmcm_clk_in
    MMCM_X0Y3            MMCME4_ADV (Prop_MMCM_CLKIN1_CLKOUT0)
                                                     -0.127     2.035 r  system_i/ddr4_0/inst/u_ddr4_infrastructure/gen_mmcme4.u_mmcme_adv_inst/CLKOUT0
                         net (fo=1, routed)           0.244     2.279    system_i/ddr4_0/inst/u_ddr4_infrastructure/mmcm_clkout0
    BUFGCE_X0Y74         BUFGCE (Prop_BUFCE_BUFGCE_I_O)
                                                      0.028     2.307 r  system_i/ddr4_0/inst/u_ddr4_infrastructure/u_bufg_divClk/O
    X1Y2 (CLOCK_ROOT)    net (fo=14002, routed)       1.881     4.188    system_i/ddr4_0/inst/u_ddr4_mem_intfc/u_io_addr_sync/SYNC[31].sync_reg_reg[1]_0
    SLICE_X9Y157         FDRE                                         r  system_i/ddr4_0/inst/u_ddr4_mem_intfc/u_io_addr_sync/SYNC[2].sync_reg_reg[1]/C
  -------------------------------------------------------------------    -------------------
    SLICE_X9Y157         FDRE (Prop_AFF2_SLICEM_C_Q)
                                                      0.080     4.268 f  system_i/ddr4_0/inst/u_ddr4_mem_intfc/u_io_addr_sync/SYNC[2].sync_reg_reg[1]/Q
                         net (fo=176, routed)         1.001     5.269    system_i/ddr4_0/inst/u_ddr4_mem_intfc/u_io_addr_sync/SYNC[2].sync_reg[1]
    SLICE_X6Y184         LUT2 (Prop_D5LUT_SLICEL_I1_O)
                                                      0.157     5.426 r  system_i/ddr4_0/inst/u_ddr4_mem_intfc/u_io_addr_sync/clb2phy_wrcs0_low[15]_i_3/O
                         net (fo=2, routed)           0.259     5.685    system_i/ddr4_0/inst/u_ddr4_mem_intfc/u_io_addr_sync/clb2phy_wrcs0_low[15]_i_3_n_0
    SLICE_X7Y179         LUT6 (Prop_F6LUT_SLICEL_I2_O)
                                                      0.035     5.720 r  system_i/ddr4_0/inst/u_ddr4_mem_intfc/u_io_addr_sync/cal_ADR_A[31]_i_14/O
                         net (fo=1, routed)           0.148     5.868    system_i/ddr4_0/inst/u_ddr4_mem_intfc/u_io_addr_sync/cal_ADR_A[31]_i_14_n_0
    SLICE_X8Y179         LUT6 (Prop_B6LUT_SLICEL_I5_O)
                                                      0.098     5.966 r  system_i/ddr4_0/inst/u_ddr4_mem_intfc/u_io_addr_sync/cal_ADR_A[31]_i_4/O
                         net (fo=1, routed)           0.109     6.075    system_i/ddr4_0/inst/u_ddr4_mem_intfc/u_io_addr_sync/cal_ADR_A[31]_i_4_n_0
    SLICE_X8Y180         LUT6 (Prop_G6LUT_SLICEL_I2_O)
                                                      0.149     6.224 r  system_i/ddr4_0/inst/u_ddr4_mem_intfc/u_io_addr_sync/cal_ADR_A[31]_i_1/O
                         net (fo=32, routed)          0.450     6.674    system_i/ddr4_0/inst/u_ddr4_mem_intfc/u_ddr_cal_top/u_ddr_cal/u_ddr_cal_addr_decode/cal_ADR_A_reg[31]_1[0]
    SLICE_X9Y186         FDRE                                         r  system_i/ddr4_0/inst/u_ddr4_mem_intfc/u_ddr_cal_top/u_ddr_cal/u_ddr_cal_addr_decode/cal_ADR_A_reg[19]/CE
  -------------------------------------------------------------------    -------------------

                         (clock mmcm_clkout0 rise edge)
                                                      3.001     3.001 r  <hidden>
    K22                                               0.000     3.001 r  default_sysclk1_300_clk_p
                         net (fo=0)                   0.079     3.080    system_i/ddr4_0/inst/u_ddr4_mem_intfc/u_mig_ddr4_phy/inst/u_ddr4_phy_pll/diff_input_clk.u_ibufg_sys_clk/I
    HPIOBDIFFINBUF_X0Y58 DIFFINBUF (Prop_DIFFINBUF_HPIOBDIFFINBUF_DIFF_IN_P_O)
                                                      0.374     3.453 r  system_i/ddr4_0/inst/u_ddr4_mem_intfc/u_mig_ddr4_phy/inst/u_ddr4_phy_pll/diff_input_clk.u_ibufg_sys_clk/DIFFINBUF_INST/O
                         net (fo=1, routed)           0.040     3.493    system_i/ddr4_0/inst/u_ddr4_mem_intfc/u_mig_ddr4_phy/inst/u_ddr4_phy_pll/diff_input_clk.u_ibufg_sys_clk/OUT
    K22                  IBUFCTRL (Prop_IBUFCTRL_HPIOB_M_I_O)
                                                      0.000     3.493 r  system_i/ddr4_0/inst/u_ddr4_mem_intfc/u_mig_ddr4_phy/inst/u_ddr4_phy_pll/diff_input_clk.u_ibufg_sys_clk/IBUFCTRL_INST/O
                         net (fo=2, routed)           0.297     3.790    system_i/ddr4_0/inst/u_ddr4_mem_intfc/u_mig_ddr4_phy/inst/u_ddr4_phy_pll/sys_clk_in
    BUFGCE_X0Y49         BUFGCE (Prop_BUFCE_BUFGCE_I_O)
                                                      0.024     3.814 r  system_i/ddr4_0/inst/u_ddr4_mem_intfc/u_mig_ddr4_phy/inst/u_ddr4_phy_pll/gen_bufg_backbone.u__bufg_backbone/O
                         net (fo=1, routed)           1.049     4.863    system_i/ddr4_0/inst/u_ddr4_infrastructure/mmcm_clk_in
    MMCM_X0Y3            MMCME4_ADV (Prop_MMCM_CLKIN1_CLKOUT0)
                                                      0.630     5.493 r  system_i/ddr4_0/inst/u_ddr4_infrastructure/gen_mmcme4.u_mmcme_adv_inst/CLKOUT0
                         net (fo=1, routed)           0.214     5.707    system_i/ddr4_0/inst/u_ddr4_infrastructure/mmcm_clkout0
    BUFGCE_X0Y74         BUFGCE (Prop_BUFCE_BUFGCE_I_O)
                                                      0.024     5.731 r  system_i/ddr4_0/inst/u_ddr4_infrastructure/u_bufg_divClk/O
    X1Y2 (CLOCK_ROOT)    net (fo=14002, routed)       1.725     7.456    system_i/ddr4_0/inst/u_ddr4_mem_intfc/u_ddr_cal_top/u_ddr_cal/u_ddr_cal_addr_decode/odt_shift_reg[0][20]
    SLICE_X9Y186         FDRE                                         r  system_i/ddr4_0/inst/u_ddr4_mem_intfc/u_ddr_cal_top/u_ddr_cal/u_ddr_cal_addr_decode/cal_ADR_A_reg[19]/C
                         clock pessimism             -0.338     7.118    <hidden>
                         clock uncertainty           -0.062     7.055    <hidden>
    SLICE_X9Y186         FDRE (Setup_HFF_SLICEM_C_CE)
                                                     -0.061     6.994    system_i/ddr4_0/inst/u_ddr4_mem_intfc/u_ddr_cal_top/u_ddr_cal/u_ddr_cal_addr_decode/cal_ADR_A_reg[19]
  -------------------------------------------------------------------
                         required time                          6.994    <hidden>
                         arrival time                          -6.674    <hidden>
  -------------------------------------------------------------------
                         slack                                  0.320    <hidden>





Min Delay Paths
--------------------------------------------------------------------------------------
Slack (MET) :             0.012ns  (arrival time - required time)
  Source:                 system_i/sc_0/inst/m00_nodes/m00_w_node/inst/inst_mi_handler/gen_normal_area.inst_fifo_node_payld/gen_xpm_memory_fifo.inst_fifo/gen_mem_rep[0].inst_xpm_memory/xpm_memory_base_inst/gen_rd_b.gen_rd_b_synth_template.gen_rf_narrow_reg.doutb_reg_reg[26]/C
                            (rising edge-triggered cell FDRE clocked by mmcm_clkout0  {rise@0.000ns fall@1.500ns period=3.001ns})
  Destination:            system_i/sc_0/inst/m00_exit_pipeline/m00_exit/inst/w_reg/skid_buffer_reg[1027]/D
                            (rising edge-triggered cell FDRE clocked by mmcm_clkout0  {rise@0.000ns fall@1.500ns period=3.001ns})
  Path Group:             mmcm_clkout0
  Path Type:              Hold (Min at Slow Process Corner)
  Requirement:            0.000ns  (mmcm_clkout0 rise@0.000ns - mmcm_clkout0 rise@0.000ns)
  Data Path Delay:        0.169ns  (logic 0.058ns (34.223%)  route 0.111ns (65.777%))
  Logic Levels:           0  
  Clock Path Skew:        0.095ns (DCD - SCD - CPR)
    Destination Clock Delay (DCD):    4.094ns
    Source Clock Delay      (SCD):    4.302ns
    Clock Pessimism Removal (CPR):    -0.303ns
  Clock Net Delay (Source):      1.571ns (routing 0.847ns, distribution 0.724ns)
  Clock Net Delay (Destination): 1.786ns (routing 0.932ns, distribution 0.854ns)

    Location             Delay type                Incr(ns)  Path(ns)    Netlist Resource(s)
  -------------------------------------------------------------------    -------------------
                         (clock mmcm_clkout0 rise edge)
                                                      0.000     0.000 r  <hidden>
    K22                                               0.000     0.000 r  default_sysclk1_300_clk_p
                         net (fo=0)                   0.079     0.079    system_i/ddr4_0/inst/u_ddr4_mem_intfc/u_mig_ddr4_phy/inst/u_ddr4_phy_pll/diff_input_clk.u_ibufg_sys_clk/I
    HPIOBDIFFINBUF_X0Y58 DIFFINBUF (Prop_DIFFINBUF_HPIOBDIFFINBUF_DIFF_IN_P_O)
                                                      0.374     0.453 r  system_i/ddr4_0/inst/u_ddr4_mem_intfc/u_mig_ddr4_phy/inst/u_ddr4_phy_pll/diff_input_clk.u_ibufg_sys_clk/DIFFINBUF_INST/O
                         net (fo=1, routed)           0.040     0.493    system_i/ddr4_0/inst/u_ddr4_mem_intfc/u_mig_ddr4_phy/inst/u_ddr4_phy_pll/diff_input_clk.u_ibufg_sys_clk/OUT
    K22                  IBUFCTRL (Prop_IBUFCTRL_HPIOB_M_I_O)
                                                      0.000     0.493 r  system_i/ddr4_0/inst/u_ddr4_mem_intfc/u_mig_ddr4_phy/inst/u_ddr4_phy_pll/diff_input_clk.u_ibufg_sys_clk/IBUFCTRL_INST/O
                         net (fo=2, routed)           0.297     0.790    system_i/ddr4_0/inst/u_ddr4_mem_intfc/u_mig_ddr4_phy/inst/u_ddr4_phy_pll/sys_clk_in
    BUFGCE_X0Y49         BUFGCE (Prop_BUFCE_BUFGCE_I_O)
                                                      0.024     0.814 r  system_i/ddr4_0/inst/u_ddr4_mem_intfc/u_mig_ddr4_phy/inst/u_ddr4_phy_pll/gen_bufg_backbone.u__bufg_backbone/O
                         net (fo=1, routed)           1.049     1.863    system_i/ddr4_0/inst/u_ddr4_infrastructure/mmcm_clk_in
    MMCM_X0Y3            MMCME4_ADV (Prop_MMCM_CLKIN1_CLKOUT0)
                                                      0.630     2.493 r  system_i/ddr4_0/inst/u_ddr4_infrastructure/gen_mmcme4.u_mmcme_adv_inst/CLKOUT0
                         net (fo=1, routed)           0.214     2.707    system_i/ddr4_0/inst/u_ddr4_infrastructure/mmcm_clkout0
    BUFGCE_X0Y74         BUFGCE (Prop_BUFCE_BUFGCE_I_O)
                                                      0.024     2.731 r  system_i/ddr4_0/inst/u_ddr4_infrastructure/u_bufg_divClk/O
    X1Y2 (CLOCK_ROOT)    net (fo=14002, routed)       1.571     4.302    system_i/sc_0/inst/m00_nodes/m00_w_node/inst/inst_mi_handler/gen_normal_area.inst_fifo_node_payld/gen_xpm_memory_fifo.inst_fifo/gen_mem_rep[0].inst_xpm_memory/xpm_memory_base_inst/clkb
    SLICE_X43Y166        FDRE                                         r  system_i/sc_0/inst/m00_nodes/m00_w_node/inst/inst_mi_handler/gen_normal_area.inst_fifo_node_payld/gen_xpm_memory_fifo.inst_fifo/gen_mem_rep[0].inst_xpm_memory/xpm_memory_base_inst/gen_rd_b.gen_rd_b_synth_template.gen_rf_narrow_reg.doutb_reg_reg[26]/C
  -------------------------------------------------------------------    -------------------
    SLICE_X43Y166        FDRE (Prop_FFF_SLICEL_C_Q)
                                                      0.058     4.360 r  system_i/sc_0/inst/m00_nodes/m00_w_node/inst/inst_mi_handler/gen_normal_area.inst_fifo_node_payld/gen_xpm_memory_fifo.inst_fifo/gen_mem_rep[0].inst_xpm_memory/xpm_memory_base_inst/gen_rd_b.gen_rd_b_synth_template.gen_rf_narrow_reg.doutb_reg_reg[26]/Q
                         net (fo=2, routed)           0.111     4.471    system_i/sc_0/inst/m00_exit_pipeline/m00_exit/inst/w_reg/D[3]
    SLICE_X45Y168        FDRE                                         r  system_i/sc_0/inst/m00_exit_pipeline/m00_exit/inst/w_reg/skid_buffer_reg[1027]/D
  -------------------------------------------------------------------    -------------------

                         (clock mmcm_clkout0 rise edge)
                                                      0.000     0.000 r  <hidden>
    K22                                               0.000     0.000 r  default_sysclk1_300_clk_p
                         net (fo=0)                   0.100     0.100    system_i/ddr4_0/inst/u_ddr4_mem_intfc/u_mig_ddr4_phy/inst/u_ddr4_phy_pll/diff_input_clk.u_ibufg_sys_clk/I
    HPIOBDIFFINBUF_X0Y58 DIFFINBUF (Prop_DIFFINBUF_HPIOBDIFFINBUF_DIFF_IN_P_O)
                                                      0.469     0.569 r  system_i/ddr4_0/inst/u_ddr4_mem_intfc/u_mig_ddr4_phy/inst/u_ddr4_phy_pll/diff_input_clk.u_ibufg_sys_clk/DIFFINBUF_INST/O
                         net (fo=1, routed)           0.050     0.619    system_i/ddr4_0/inst/u_ddr4_mem_intfc/u_mig_ddr4_phy/inst/u_ddr4_phy_pll/diff_input_clk.u_ibufg_sys_clk/OUT
    K22                  IBUFCTRL (Prop_IBUFCTRL_HPIOB_M_I_O)
                                                      0.000     0.619 r  system_i/ddr4_0/inst/u_ddr4_mem_intfc/u_mig_ddr4_phy/inst/u_ddr4_phy_pll/diff_input_clk.u_ibufg_sys_clk/IBUFCTRL_INST/O
                         net (fo=2, routed)           0.336     0.955    system_i/ddr4_0/inst/u_ddr4_mem_intfc/u_mig_ddr4_phy/inst/u_ddr4_phy_pll/sys_clk_in
    BUFGCE_X0Y49         BUFGCE (Prop_BUFCE_BUFGCE_I_O)
                                                      0.028     0.983 r  system_i/ddr4_0/inst/u_ddr4_mem_intfc/u_mig_ddr4_phy/inst/u_ddr4_phy_pll/gen_bufg_backbone.u__bufg_backbone/O
                         net (fo=1, routed)           1.179     2.162    system_i/ddr4_0/inst/u_ddr4_infrastructure/mmcm_clk_in
    MMCM_X0Y3            MMCME4_ADV (Prop_MMCM_CLKIN1_CLKOUT0)
                                                     -0.127     2.035 r  system_i/ddr4_0/inst/u_ddr4_infrastructure/gen_mmcme4.u_mmcme_adv_inst/CLKOUT0
                         net (fo=1, routed)           0.244     2.279    system_i/ddr4_0/inst/u_ddr4_infrastructure/mmcm_clkout0
    BUFGCE_X0Y74         BUFGCE (Prop_BUFCE_BUFGCE_I_O)
                                                      0.028     2.307 r  system_i/ddr4_0/inst/u_ddr4_infrastructure/u_bufg_divClk/O
    X1Y2 (CLOCK_ROOT)    net (fo=14002, routed)       1.786     4.094    system_i/sc_0/inst/m00_exit_pipeline/m00_exit/inst/w_reg/aclk
    SLICE_X45Y168        FDRE                                         r  system_i/sc_0/inst/m00_exit_pipeline/m00_exit/inst/w_reg/skid_buffer_reg[1027]/C
                         clock pessimism              0.303     4.397    <hidden>
    SLICE_X45Y168        FDRE (Hold_EFF2_SLICEL_C_D)
                                                      0.062     4.459    system_i/sc_0/inst/m00_exit_pipeline/m00_exit/inst/w_reg/skid_buffer_reg[1027]
  -------------------------------------------------------------------
                         required time                         -4.459    <hidden>
                         arrival time                           4.471    <hidden>
  -------------------------------------------------------------------
                         slack                                  0.012    <hidden>





Pulse Width Checks
--------------------------------------------------------------------------------------
Clock Name:         mmcm_clkout0
Waveform(ns):       { 0.000 1.500 }
Period(ns):         3.001
Sources:            { system_i/ddr4_0/inst/u_ddr4_infrastructure/gen_mmcme4.u_mmcme_adv_inst/CLKOUT0 }

Check Type        Corner  Lib Pin                    Reference Pin       Required(ns)  Actual(ns)  Slack(ns)  Location               Pin
Min Period        n/a     RXTX_BITSLICE/FIFO_RD_CLK  n/a                 1.694         3.001       1.307      BITSLICE_RX_TX_X0Y129  system_i/ddr4_0/inst/u_ddr4_mem_intfc/u_mig_ddr4_phy/inst/generate_block1.u_ddr_xiphy/byte_num[0].xiphy_byte_wrapper.u_xiphy_byte_wrapper/I_BITSLICE_UPPER[6].GEN_RXTX_BITSLICE_EN.u_xiphy_bitslice_upper/xiphy_rxtx_bitslice/FIFO_RD_CLK
Max Period        n/a     PLLE4_ADV/CLKIN            n/a                 14.286        3.001       11.285     PLL_X0Y5               system_i/ddr4_0/inst/u_ddr4_mem_intfc/u_mig_ddr4_phy/inst/u_ddr4_phy_pll/plle_loop[0].gen_plle4.PLLE4_BASE_INST_OTHER/CLKIN
Low Pulse Width   Slow    PLLE4_ADV/CLKIN            n/a                 1.050         1.500       0.450      PLL_X0Y5               system_i/ddr4_0/inst/u_ddr4_mem_intfc/u_mig_ddr4_phy/inst/u_ddr4_phy_pll/plle_loop[0].gen_plle4.PLLE4_BASE_INST_OTHER/CLKIN
High Pulse Width  Slow    PLLE4_ADV/CLKIN            n/a                 1.050         1.500       0.450      PLL_X0Y5               system_i/ddr4_0/inst/u_ddr4_mem_intfc/u_mig_ddr4_phy/inst/u_ddr4_phy_pll/plle_loop[0].gen_plle4.PLLE4_BASE_INST_OTHER/CLKIN
Min Skew          Slow    RXTX_BITSLICE/D[1]         RXTX_BITSLICE/D[2]  0.090         0.134       0.044      BITSLICE_RX_TX_X0Y140  system_i/ddr4_0/inst/u_ddr4_mem_intfc/u_mig_ddr4_phy/inst/generate_block1.u_ddr_xiphy/byte_num[1].xiphy_byte_wrapper.u_xiphy_byte_wrapper/I_BITSLICE_UPPER[4].GEN_RXTX_BITSLICE_EN.u_xiphy_bitslice_upper/xiphy_rxtx_bitslice/D[1]



---------------------------------------------------------------------------------------------------
From Clock:  pll_clk[0]
  To Clock:  pll_clk[0]

Setup :           NA  Failing Endpoints,  Worst Slack           NA  ,  Total Violation           NA
Hold  :           NA  Failing Endpoints,  Worst Slack           NA  ,  Total Violation           NA
PW    :            0  Failing Endpoints,  Worst Slack        0.000ns,  Total Violation        0.000ns
---------------------------------------------------------------------------------------------------


Pulse Width Checks
--------------------------------------------------------------------------------------
Clock Name:         pll_clk[0]
Waveform(ns):       { 0.000 0.188 }
Period(ns):         0.375
Sources:            { system_i/ddr4_0/inst/u_ddr4_mem_intfc/u_mig_ddr4_phy/inst/u_ddr4_phy_pll/plle_loop[0].gen_plle4.PLLE4_BASE_INST_OTHER/CLKOUTPHY }

Check Type        Corner  Lib Pin                   Reference Pin  Required(ns)  Actual(ns)  Slack(ns)  Location                Pin
Min Period        n/a     BITSLICE_CONTROL/PLL_CLK  n/a            0.375         0.375       0.000      BITSLICE_CONTROL_X0Y19  system_i/ddr4_0/inst/u_ddr4_mem_intfc/u_mig_ddr4_phy/inst/generate_block1.u_ddr_xiphy/byte_num[0].xiphy_byte_wrapper.u_xiphy_byte_wrapper/I_CONTROL[1].GEN_I_CONTROL.u_xiphy_control/xiphy_control/PLL_CLK
Low Pulse Width   Slow    BITSLICE_CONTROL/PLL_CLK  n/a            0.169         0.188       0.019      BITSLICE_CONTROL_X0Y19  system_i/ddr4_0/inst/u_ddr4_mem_intfc/u_mig_ddr4_phy/inst/generate_block1.u_ddr_xiphy/byte_num[0].xiphy_byte_wrapper.u_xiphy_byte_wrapper/I_CONTROL[1].GEN_I_CONTROL.u_xiphy_control/xiphy_control/PLL_CLK
High Pulse Width  Slow    BITSLICE_CONTROL/PLL_CLK  n/a            0.169         0.188       0.019      BITSLICE_CONTROL_X0Y19  system_i/ddr4_0/inst/u_ddr4_mem_intfc/u_mig_ddr4_phy/inst/generate_block1.u_ddr_xiphy/byte_num[0].xiphy_byte_wrapper.u_xiphy_byte_wrapper/I_CONTROL[1].GEN_I_CONTROL.u_xiphy_control/xiphy_control/PLL_CLK



---------------------------------------------------------------------------------------------------
From Clock:  pll_clk[0]_DIV
  To Clock:  pll_clk[0]_DIV

Setup :           NA  Failing Endpoints,  Worst Slack           NA  ,  Total Violation           NA
Hold  :           NA  Failing Endpoints,  Worst Slack           NA  ,  Total Violation           NA
PW    :            0  Failing Endpoints,  Worst Slack        0.300ns,  Total Violation        0.000ns
---------------------------------------------------------------------------------------------------


Pulse Width Checks
--------------------------------------------------------------------------------------
Clock Name:         pll_clk[0]_DIV
Waveform(ns):       { 0.000 1.500 }
Period(ns):         3.001
Sources:            { system_i/ddr4_0/inst/u_ddr4_mem_intfc/u_mig_ddr4_phy/inst/generate_block1.u_ddr_xiphy/byte_num[0].xiphy_byte_wrapper.u_xiphy_byte_wrapper/I_CONTROL[1].GEN_I_CONTROL.u_xiphy_control/xiphy_control/RX_DIV4_CLK_Q system_i/ddr4_0/inst/u_ddr4_mem_intfc/u_mig_ddr4_phy/inst/generate_block1.u_ddr_xiphy/byte_num[0].xiphy_byte_wrapper.u_xiphy_byte_wrapper/I_CONTROL[1].GEN_I_CONTROL.u_xiphy_control/xiphy_control/TX_DIV4_CLK_Q system_i/ddr4_0/inst/u_ddr4_mem_intfc/u_mig_ddr4_phy/inst/generate_block1.u_ddr_xiphy/byte_num[1].xiphy_byte_wrapper.u_xiphy_byte_wrapper/I_CONTROL[0].GEN_I_CONTROL.u_xiphy_control/xiphy_control/RX_DIV4_CLK_Q system_i/ddr4_0/inst/u_ddr4_mem_intfc/u_mig_ddr4_phy/inst/generate_block1.u_ddr_xiphy/byte_num[1].xiphy_byte_wrapper.u_xiphy_byte_wrapper/I_CONTROL[0].GEN_I_CONTROL.u_xiphy_control/xiphy_control/TX_DIV4_CLK_Q system_i/ddr4_0/inst/u_ddr4_mem_intfc/u_mig_ddr4_phy/inst/generate_block1.u_ddr_xiphy/byte_num[1].xiphy_byte_wrapper.u_xiphy_byte_wrapper/I_CONTROL[1].GEN_I_CONTROL.u_xiphy_control/xiphy_control/RX_DIV4_CLK_Q system_i/ddr4_0/inst/u_ddr4_mem_intfc/u_mig_ddr4_phy/inst/generate_block1.u_ddr_xiphy/byte_num[1].xiphy_byte_wrapper.u_xiphy_byte_wrapper/I_CONTROL[1].GEN_I_CONTROL.u_xiphy_control/xiphy_control/TX_DIV4_CLK_Q system_i/ddr4_0/inst/u_ddr4_mem_intfc/u_mig_ddr4_phy/inst/generate_block1.u_ddr_xiphy/byte_num[2].xiphy_byte_wrapper.u_xiphy_byte_wrapper/I_CONTROL[0].GEN_I_CONTROL.u_xiphy_control/xiphy_control/RX_DIV4_CLK_Q system_i/ddr4_0/inst/u_ddr4_mem_intfc/u_mig_ddr4_phy/inst/generate_block1.u_ddr_xiphy/byte_num[2].xiphy_byte_wrapper.u_xiphy_byte_wrapper/I_CONTROL[0].GEN_I_CONTROL.u_xiphy_control/xiphy_control/TX_DIV4_CLK_Q system_i/ddr4_0/inst/u_ddr4_mem_intfc/u_mig_ddr4_phy/inst/generate_block1.u_ddr_xiphy/byte_num[2].xiphy_byte_wrapper.u_xiphy_byte_wrapper/I_CONTROL[1].GEN_I_CONTROL.u_xiphy_control/xiphy_control/RX_DIV4_CLK_Q system_i/ddr4_0/inst/u_ddr4_mem_intfc/u_mig_ddr4_phy/inst/generate_block1.u_ddr_xiphy/byte_num[2].xiphy_byte_wrapper.u_xiphy_byte_wrapper/I_CONTROL[1].GEN_I_CONTROL.u_xiphy_control/xiphy_control/TX_DIV4_CLK_Q }

Check Type        Corner  Lib Pin                           Reference Pin  Required(ns)  Actual(ns)  Slack(ns)  Location               Pin
Min Period        n/a     RXTX_BITSLICE/TX_BIT_CTRL_IN[26]  n/a            2.667         3.001       0.334      BITSLICE_RX_TX_X0Y129  system_i/ddr4_0/inst/u_ddr4_mem_intfc/u_mig_ddr4_phy/inst/generate_block1.u_ddr_xiphy/byte_num[0].xiphy_byte_wrapper.u_xiphy_byte_wrapper/I_BITSLICE_UPPER[6].GEN_RXTX_BITSLICE_EN.u_xiphy_bitslice_upper/xiphy_rxtx_bitslice/TX_BIT_CTRL_IN[26]
Low Pulse Width   Slow    RXTX_BITSLICE/TX_BIT_CTRL_IN[26]  n/a            1.200         1.500       0.300      BITSLICE_RX_TX_X0Y129  system_i/ddr4_0/inst/u_ddr4_mem_intfc/u_mig_ddr4_phy/inst/generate_block1.u_ddr_xiphy/byte_num[0].xiphy_byte_wrapper.u_xiphy_byte_wrapper/I_BITSLICE_UPPER[6].GEN_RXTX_BITSLICE_EN.u_xiphy_bitslice_upper/xiphy_rxtx_bitslice/TX_BIT_CTRL_IN[26]
High Pulse Width  Slow    RXTX_BITSLICE/TX_BIT_CTRL_IN[26]  n/a            1.200         1.500       0.300      BITSLICE_RX_TX_X0Y129  system_i/ddr4_0/inst/u_ddr4_mem_intfc/u_mig_ddr4_phy/inst/generate_block1.u_ddr_xiphy/byte_num[0].xiphy_byte_wrapper.u_xiphy_byte_wrapper/I_BITSLICE_UPPER[6].GEN_RXTX_BITSLICE_EN.u_xiphy_bitslice_upper/xiphy_rxtx_bitslice/TX_BIT_CTRL_IN[26]



---------------------------------------------------------------------------------------------------
From Clock:  pll_clk[1]
  To Clock:  pll_clk[1]

Setup :           NA  Failing Endpoints,  Worst Slack           NA  ,  Total Violation           NA
Hold  :           NA  Failing Endpoints,  Worst Slack           NA  ,  Total Violation           NA
PW    :            0  Failing Endpoints,  Worst Slack        0.000ns,  Total Violation        0.000ns
---------------------------------------------------------------------------------------------------


Pulse Width Checks
--------------------------------------------------------------------------------------
Clock Name:         pll_clk[1]
Waveform(ns):       { 0.000 0.188 }
Period(ns):         0.375
Sources:            { system_i/ddr4_0/inst/u_ddr4_mem_intfc/u_mig_ddr4_phy/inst/u_ddr4_phy_pll/plle_loop[1].gen_plle4.PLLE4_BASE_INST_OTHER/CLKOUTPHY }

Check Type        Corner  Lib Pin                   Reference Pin             Required(ns)  Actual(ns)  Slack(ns)  Location                Pin
Min Period        n/a     BITSLICE_CONTROL/PLL_CLK  n/a                       0.375         0.375       0.000      BITSLICE_CONTROL_X0Y24  system_i/ddr4_0/inst/u_ddr4_mem_intfc/u_mig_ddr4_phy/inst/generate_block1.u_ddr_xiphy/byte_num[3].xiphy_byte_wrapper.u_xiphy_byte_wrapper/I_CONTROL[0].GEN_I_CONTROL.u_xiphy_control/xiphy_control/PLL_CLK
Low Pulse Width   Slow    BITSLICE_CONTROL/PLL_CLK  n/a                       0.169         0.188       0.019      BITSLICE_CONTROL_X0Y24  system_i/ddr4_0/inst/u_ddr4_mem_intfc/u_mig_ddr4_phy/inst/generate_block1.u_ddr_xiphy/byte_num[3].xiphy_byte_wrapper.u_xiphy_byte_wrapper/I_CONTROL[0].GEN_I_CONTROL.u_xiphy_control/xiphy_control/PLL_CLK
High Pulse Width  Slow    BITSLICE_CONTROL/PLL_CLK  n/a                       0.169         0.188       0.019      BITSLICE_CONTROL_X0Y24  system_i/ddr4_0/inst/u_ddr4_mem_intfc/u_mig_ddr4_phy/inst/generate_block1.u_ddr_xiphy/byte_num[3].xiphy_byte_wrapper.u_xiphy_byte_wrapper/I_CONTROL[0].GEN_I_CONTROL.u_xiphy_control/xiphy_control/PLL_CLK
Max Skew          Fast    BITSLICE_CONTROL/PLL_CLK  BITSLICE_CONTROL/RIU_CLK  -0.300        -1.311      1.011      BITSLICE_CONTROL_X0Y28  system_i/ddr4_0/inst/u_ddr4_mem_intfc/u_mig_ddr4_phy/inst/generate_block1.u_ddr_xiphy/byte_num[5].xiphy_byte_wrapper.u_xiphy_byte_wrapper/I_CONTROL[0].GEN_I_CONTROL.u_xiphy_control/xiphy_control/PLL_CLK



---------------------------------------------------------------------------------------------------
From Clock:  pll_clk[1]_DIV
  To Clock:  pll_clk[1]_DIV

Setup :           NA  Failing Endpoints,  Worst Slack           NA  ,  Total Violation           NA
Hold  :           NA  Failing Endpoints,  Worst Slack           NA  ,  Total Violation           NA
PW    :            0  Failing Endpoints,  Worst Slack        0.300ns,  Total Violation        0.000ns
---------------------------------------------------------------------------------------------------


Pulse Width Checks
--------------------------------------------------------------------------------------
Clock Name:         pll_clk[1]_DIV
Waveform(ns):       { 0.000 1.500 }
Period(ns):         3.001
Sources:            { system_i/ddr4_0/inst/u_ddr4_mem_intfc/u_mig_ddr4_phy/inst/generate_block1.u_ddr_xiphy/byte_num[3].xiphy_byte_wrapper.u_xiphy_byte_wrapper/I_CONTROL[0].GEN_I_CONTROL.u_xiphy_control/xiphy_control/RX_DIV4_CLK_Q system_i/ddr4_0/inst/u_ddr4_mem_intfc/u_mig_ddr4_phy/inst/generate_block1.u_ddr_xiphy/byte_num[3].xiphy_byte_wrapper.u_xiphy_byte_wrapper/I_CONTROL[0].GEN_I_CONTROL.u_xiphy_control/xiphy_control/TX_DIV4_CLK_Q system_i/ddr4_0/inst/u_ddr4_mem_intfc/u_mig_ddr4_phy/inst/generate_block1.u_ddr_xiphy/byte_num[3].xiphy_byte_wrapper.u_xiphy_byte_wrapper/I_CONTROL[1].GEN_I_CONTROL.u_xiphy_control/xiphy_control/RX_DIV4_CLK_Q system_i/ddr4_0/inst/u_ddr4_mem_intfc/u_mig_ddr4_phy/inst/generate_block1.u_ddr_xiphy/byte_num[3].xiphy_byte_wrapper.u_xiphy_byte_wrapper/I_CONTROL[1].GEN_I_CONTROL.u_xiphy_control/xiphy_control/TX_DIV4_CLK_Q system_i/ddr4_0/inst/u_ddr4_mem_intfc/u_mig_ddr4_phy/inst/generate_block1.u_ddr_xiphy/byte_num[4].xiphy_byte_wrapper.u_xiphy_byte_wrapper/I_CONTROL[0].GEN_I_CONTROL.u_xiphy_control/xiphy_control/RX_DIV4_CLK_Q system_i/ddr4_0/inst/u_ddr4_mem_intfc/u_mig_ddr4_phy/inst/generate_block1.u_ddr_xiphy/byte_num[4].xiphy_byte_wrapper.u_xiphy_byte_wrapper/I_CONTROL[0].GEN_I_CONTROL.u_xiphy_control/xiphy_control/TX_DIV4_CLK_Q system_i/ddr4_0/inst/u_ddr4_mem_intfc/u_mig_ddr4_phy/inst/generate_block1.u_ddr_xiphy/byte_num[4].xiphy_byte_wrapper.u_xiphy_byte_wrapper/I_CONTROL[1].GEN_I_CONTROL.u_xiphy_control/xiphy_control/RX_DIV4_CLK_Q system_i/ddr4_0/inst/u_ddr4_mem_intfc/u_mig_ddr4_phy/inst/generate_block1.u_ddr_xiphy/byte_num[4].xiphy_byte_wrapper.u_xiphy_byte_wrapper/I_CONTROL[1].GEN_I_CONTROL.u_xiphy_control/xiphy_control/TX_DIV4_CLK_Q system_i/ddr4_0/inst/u_ddr4_mem_intfc/u_mig_ddr4_phy/inst/generate_block1.u_ddr_xiphy/byte_num[5].xiphy_byte_wrapper.u_xiphy_byte_wrapper/I_CONTROL[0].GEN_I_CONTROL.u_xiphy_control/xiphy_control/RX_DIV4_CLK_Q system_i/ddr4_0/inst/u_ddr4_mem_intfc/u_mig_ddr4_phy/inst/generate_block1.u_ddr_xiphy/byte_num[5].xiphy_byte_wrapper.u_xiphy_byte_wrapper/I_CONTROL[0].GEN_I_CONTROL.u_xiphy_control/xiphy_control/TX_DIV4_CLK_Q system_i/ddr4_0/inst/u_ddr4_mem_intfc/u_mig_ddr4_phy/inst/generate_block1.u_ddr_xiphy/byte_num[5].xiphy_byte_wrapper.u_xiphy_byte_wrapper/I_CONTROL[1].GEN_I_CONTROL.u_xiphy_control/xiphy_control/RX_DIV4_CLK_Q system_i/ddr4_0/inst/u_ddr4_mem_intfc/u_mig_ddr4_phy/inst/generate_block1.u_ddr_xiphy/byte_num[5].xiphy_byte_wrapper.u_xiphy_byte_wrapper/I_CONTROL[1].GEN_I_CONTROL.u_xiphy_control/xiphy_control/TX_DIV4_CLK_Q system_i/ddr4_0/inst/u_ddr4_mem_intfc/u_mig_ddr4_phy/inst/generate_block1.u_ddr_xiphy/byte_num[6].xiphy_byte_wrapper.u_xiphy_byte_wrapper/I_CONTROL[0].GEN_I_CONTROL.u_xiphy_control/xiphy_control/RX_DIV4_CLK_Q system_i/ddr4_0/inst/u_ddr4_mem_intfc/u_mig_ddr4_phy/inst/generate_block1.u_ddr_xiphy/byte_num[6].xiphy_byte_wrapper.u_xiphy_byte_wrapper/I_CONTROL[0].GEN_I_CONTROL.u_xiphy_control/xiphy_control/TX_DIV4_CLK_Q system_i/ddr4_0/inst/u_ddr4_mem_intfc/u_mig_ddr4_phy/inst/generate_block1.u_ddr_xiphy/byte_num[6].xiphy_byte_wrapper.u_xiphy_byte_wrapper/I_CONTROL[1].GEN_I_CONTROL.u_xiphy_control/xiphy_control/RX_DIV4_CLK_Q system_i/ddr4_0/inst/u_ddr4_mem_intfc/u_mig_ddr4_phy/inst/generate_block1.u_ddr_xiphy/byte_num[6].xiphy_byte_wrapper.u_xiphy_byte_wrapper/I_CONTROL[1].GEN_I_CONTROL.u_xiphy_control/xiphy_control/TX_DIV4_CLK_Q }

Check Type        Corner  Lib Pin                           Reference Pin  Required(ns)  Actual(ns)  Slack(ns)  Location               Pin
Min Period        n/a     RXTX_BITSLICE/TX_BIT_CTRL_IN[26]  n/a            2.667         3.001       0.334      BITSLICE_RX_TX_X0Y156  system_i/ddr4_0/inst/u_ddr4_mem_intfc/u_mig_ddr4_phy/inst/generate_block1.u_ddr_xiphy/byte_num[3].xiphy_byte_wrapper.u_xiphy_byte_wrapper/I_BITSLICE_LOWER[0].GEN_RXTX_BITSLICE_EN.u_xiphy_bitslice_lower/xiphy_rxtx_bitslice/TX_BIT_CTRL_IN[26]
Low Pulse Width   Slow    RXTX_BITSLICE/TX_BIT_CTRL_IN[26]  n/a            1.200         1.500       0.300      BITSLICE_RX_TX_X0Y156  system_i/ddr4_0/inst/u_ddr4_mem_intfc/u_mig_ddr4_phy/inst/generate_block1.u_ddr_xiphy/byte_num[3].xiphy_byte_wrapper.u_xiphy_byte_wrapper/I_BITSLICE_LOWER[0].GEN_RXTX_BITSLICE_EN.u_xiphy_bitslice_lower/xiphy_rxtx_bitslice/TX_BIT_CTRL_IN[26]
High Pulse Width  Slow    RXTX_BITSLICE/TX_BIT_CTRL_IN[26]  n/a            1.200         1.500       0.300      BITSLICE_RX_TX_X0Y156  system_i/ddr4_0/inst/u_ddr4_mem_intfc/u_mig_ddr4_phy/inst/generate_block1.u_ddr_xiphy/byte_num[3].xiphy_byte_wrapper.u_xiphy_byte_wrapper/I_BITSLICE_LOWER[0].GEN_RXTX_BITSLICE_EN.u_xiphy_bitslice_lower/xiphy_rxtx_bitslice/TX_BIT_CTRL_IN[26]



---------------------------------------------------------------------------------------------------
From Clock:  mmcm_clkout1
  To Clock:  mmcm_clkout1

Setup :            0  Failing Endpoints,  Worst Slack        0.463ns,  Total Violation        0.000ns
Hold  :            0  Failing Endpoints,  Worst Slack        0.010ns,  Total Violation        0.000ns
PW    :            0  Failing Endpoints,  Worst Slack        4.459ns,  Total Violation        0.000ns
---------------------------------------------------------------------------------------------------


Max Delay Paths
--------------------------------------------------------------------------------------
Slack (MET) :             0.463ns  (required time - arrival time)
  Source:                 system_i/comp/inst/grp_lpc_tdm_compress_Pipeline_RESIDUAL_RAMP_fu_552/trunc_ln140_1_reg_3137_pp0_iter54_reg_reg[1]_rep/C
                            (rising edge-triggered cell FDRE clocked by mmcm_clkout1  {rise@0.000ns fall@5.001ns period=10.002ns})
  Destination:            system_i/comp/inst/lpc_tdm_compress_stream_stream_axis_0_int_int_int_int_frame_buf_2_U/ram_reg_bram_1/DINADIN[11]
                            (rising edge-triggered cell RAMB36E2 clocked by mmcm_clkout1  {rise@0.000ns fall@5.001ns period=10.002ns})
  Path Group:             mmcm_clkout1
  Path Type:              Setup (Max at Slow Process Corner)
  Requirement:            10.002ns  (mmcm_clkout1 rise@10.002ns - mmcm_clkout1 rise@0.000ns)
  Data Path Delay:        8.993ns  (logic 3.605ns (40.085%)  route 5.388ns (59.915%))
  Logic Levels:           25  (CARRY8=9 DSP_A_B_DATA=1 DSP_ALU=1 DSP_M_DATA=1 DSP_MULTIPLIER=1 DSP_OUTPUT=1 DSP_PREADD_DATA=1 LUT1=1 LUT2=2 LUT3=2 LUT5=1 LUT6=3 MUXF7=1)
  Clock Path Skew:        -0.221ns (DCD - SCD + CPR)
    Destination Clock Delay (DCD):    4.835ns = ( 14.837 - 10.002 ) 
    Source Clock Delay      (SCD):    4.807ns
    Clock Pessimism Removal (CPR):    -0.249ns
  Clock Uncertainty:      0.074ns  ((TSJ^2 + DJ^2)^1/2) / 2 + PE
    Total System Jitter     (TSJ):    0.071ns
    Discrete Jitter          (DJ):    0.129ns
    Phase Error              (PE):    0.000ns
  Clock Net Delay (Source):      2.493ns (routing 1.313ns, distribution 1.180ns)
  Clock Net Delay (Destination): 2.099ns (routing 1.194ns, distribution 0.905ns)

    Location             Delay type                Incr(ns)  Path(ns)    Netlist Resource(s)
  -------------------------------------------------------------------    -------------------
                         (clock mmcm_clkout1 rise edge)
                                                      0.000     0.000 r  <hidden>
    K22                                               0.000     0.000 r  default_sysclk1_300_clk_p
                         net (fo=0)                   0.100     0.100    system_i/ddr4_0/inst/u_ddr4_mem_intfc/u_mig_ddr4_phy/inst/u_ddr4_phy_pll/diff_input_clk.u_ibufg_sys_clk/I
    HPIOBDIFFINBUF_X0Y58 DIFFINBUF (Prop_DIFFINBUF_HPIOBDIFFINBUF_DIFF_IN_P_O)
                                                      0.469     0.569 r  system_i/ddr4_0/inst/u_ddr4_mem_intfc/u_mig_ddr4_phy/inst/u_ddr4_phy_pll/diff_input_clk.u_ibufg_sys_clk/DIFFINBUF_INST/O
                         net (fo=1, routed)           0.050     0.619    system_i/ddr4_0/inst/u_ddr4_mem_intfc/u_mig_ddr4_phy/inst/u_ddr4_phy_pll/diff_input_clk.u_ibufg_sys_clk/OUT
    K22                  IBUFCTRL (Prop_IBUFCTRL_HPIOB_M_I_O)
                                                      0.000     0.619 r  system_i/ddr4_0/inst/u_ddr4_mem_intfc/u_mig_ddr4_phy/inst/u_ddr4_phy_pll/diff_input_clk.u_ibufg_sys_clk/IBUFCTRL_INST/O
                         net (fo=2, routed)           0.336     0.955    system_i/ddr4_0/inst/u_ddr4_mem_intfc/u_mig_ddr4_phy/inst/u_ddr4_phy_pll/sys_clk_in
    BUFGCE_X0Y49         BUFGCE (Prop_BUFCE_BUFGCE_I_O)
                                                      0.028     0.983 r  system_i/ddr4_0/inst/u_ddr4_mem_intfc/u_mig_ddr4_phy/inst/u_ddr4_phy_pll/gen_bufg_backbone.u__bufg_backbone/O
                         net (fo=1, routed)           1.179     2.162    system_i/ddr4_0/inst/u_ddr4_infrastructure/mmcm_clk_in
    MMCM_X0Y3            MMCME4_ADV (Prop_MMCM_CLKIN1_CLKOUT1)
                                                     -0.127     2.035 r  system_i/ddr4_0/inst/u_ddr4_infrastructure/gen_mmcme4.u_mmcme_adv_inst/CLKOUT1
                         net (fo=1, routed)           0.251     2.286    system_i/ddr4_0/inst/u_ddr4_infrastructure/mmcm_clkout1
    BUFGCE_X0Y84         BUFGCE (Prop_BUFCE_BUFGCE_I_O)
                                                      0.028     2.314 r  system_i/ddr4_0/inst/u_ddr4_infrastructure/u_bufg_addn_ui_clk_1/O
    X1Y1 (CLOCK_ROOT)    net (fo=77194, routed)       2.493     4.807    system_i/comp/inst/grp_lpc_tdm_compress_Pipeline_RESIDUAL_RAMP_fu_552/ap_clk
    SLICE_X78Y64         FDRE                                         r  system_i/comp/inst/grp_lpc_tdm_compress_Pipeline_RESIDUAL_RAMP_fu_552/trunc_ln140_1_reg_3137_pp0_iter54_reg_reg[1]_rep/C
  -------------------------------------------------------------------    -------------------
    SLICE_X78Y64         FDRE (Prop_GFF_SLICEL_C_Q)
                                                      0.079     4.886 r  system_i/comp/inst/grp_lpc_tdm_compress_Pipeline_RESIDUAL_RAMP_fu_552/trunc_ln140_1_reg_3137_pp0_iter54_reg_reg[1]_rep/Q
                         net (fo=96, routed)          0.583     5.470    system_i/comp/inst/grp_lpc_tdm_compress_Pipeline_RESIDUAL_RAMP_fu_552/mul_40s_19s_58_1_1_U75/tmp_product_i_2__6_0
    SLICE_X83Y68         LUT6 (Prop_D6LUT_SLICEL_I2_O)
                                                      0.146     5.616 f  system_i/comp/inst/grp_lpc_tdm_compress_Pipeline_RESIDUAL_RAMP_fu_552/mul_40s_19s_58_1_1_U75/tmp_product__1_i_99__0/O
                         net (fo=1, routed)           0.009     5.625    system_i/comp/inst/grp_lpc_tdm_compress_Pipeline_RESIDUAL_RAMP_fu_552/mul_40s_19s_58_1_1_U75/tmp_product__1_i_99__0_n_40
    SLICE_X83Y68         MUXF7 (Prop_F7MUX_CD_SLICEL_I0_O)
                                                      0.063     5.688 f  system_i/comp/inst/grp_lpc_tdm_compress_Pipeline_RESIDUAL_RAMP_fu_552/mul_40s_19s_58_1_1_U75/tmp_product__1_i_35__0/O
                         net (fo=1, routed)           0.335     6.023    system_i/comp/inst/grp_lpc_tdm_compress_Pipeline_RESIDUAL_RAMP_fu_552/mul_40s_19s_58_1_1_U75/tmp_product__1_i_35__0_n_40
    SLICE_X80Y71         LUT5 (Prop_G6LUT_SLICEL_I2_O)
                                                      0.123     6.146 f  system_i/comp/inst/grp_lpc_tdm_compress_Pipeline_RESIDUAL_RAMP_fu_552/mul_40s_19s_58_1_1_U75/tmp_product__1_i_7__0/O
                         net (fo=1, routed)           0.536     6.682    system_i/comp/inst/grp_lpc_tdm_compress_Pipeline_RESIDUAL_RAMP_fu_552/mul_40s_19s_58_1_1_U75/tmp_product__1/B[9]
    DSP48E2_X12Y32       DSP_A_B_DATA (Prop_DSP_A_B_DATA_DSP48E2_B[9]_B2_DATA[9])
                                                      0.151     6.833 r  system_i/comp/inst/grp_lpc_tdm_compress_Pipeline_RESIDUAL_RAMP_fu_552/mul_40s_19s_58_1_1_U75/tmp_product__1/DSP_A_B_DATA_INST/B2_DATA[9]
                         net (fo=1, routed)           0.000     6.833    system_i/comp/inst/grp_lpc_tdm_compress_Pipeline_RESIDUAL_RAMP_fu_552/mul_40s_19s_58_1_1_U75/tmp_product__1/DSP_A_B_DATA.B2_DATA<9>
    DSP48E2_X12Y32       DSP_PREADD_DATA (Prop_DSP_PREADD_DATA_DSP48E2_B2_DATA[9]_B2B1[9])
                                                      0.073     6.906 r  system_i/comp/inst/grp_lpc_tdm_compress_Pipeline_RESIDUAL_RAMP_fu_552/mul_40s_19s_58_1_1_U75/tmp_product__1/DSP_PREADD_DATA_INST/B2B1[9]
                         net (fo=1, routed)           0.000     6.906    system_i/comp/inst/grp_lpc_tdm_compress_Pipeline_RESIDUAL_RAMP_fu_552/mul_40s_19s_58_1_1_U75/tmp_product__1/DSP_PREADD_DATA.B2B1<9>
    DSP48E2_X12Y32       DSP_MULTIPLIER (Prop_DSP_MULTIPLIER_DSP48E2_B2B1[9]_V[16])
                                                      0.609     7.515 f  system_i/comp/inst/grp_lpc_tdm_compress_Pipeline_RESIDUAL_RAMP_fu_552/mul_40s_19s_58_1_1_U75/tmp_product__1/DSP_MULTIPLIER_INST/V[16]
                         net (fo=1, routed)           0.000     7.515    system_i/comp/inst/grp_lpc_tdm_compress_Pipeline_RESIDUAL_RAMP_fu_552/mul_40s_19s_58_1_1_U75/tmp_product__1/DSP_MULTIPLIER.V<16>
    DSP48E2_X12Y32       DSP_M_DATA (Prop_DSP_M_DATA_DSP48E2_V[16]_V_DATA[16])
                                                      0.046     7.561 r  system_i/comp/inst/grp_lpc_tdm_compress_Pipeline_RESIDUAL_RAMP_fu_552/mul_40s_19s_58_1_1_U75/tmp_product__1/DSP_M_DATA_INST/V_DATA[16]
                         net (fo=1, routed)           0.000     7.561    system_i/comp/inst/grp_lpc_tdm_compress_Pipeline_RESIDUAL_RAMP_fu_552/mul_40s_19s_58_1_1_U75/tmp_product__1/DSP_M_DATA.V_DATA<16>
    DSP48E2_X12Y32       DSP_ALU (Prop_DSP_ALU_DSP48E2_V_DATA[16]_ALU_OUT[16])
                                                      0.571     8.132 f  system_i/comp/inst/grp_lpc_tdm_compress_Pipeline_RESIDUAL_RAMP_fu_552/mul_40s_19s_58_1_1_U75/tmp_product__1/DSP_ALU_INST/ALU_OUT[16]
                         net (fo=1, routed)           0.000     8.132    system_i/comp/inst/grp_lpc_tdm_compress_Pipeline_RESIDUAL_RAMP_fu_552/mul_40s_19s_58_1_1_U75/tmp_product__1/DSP_ALU.ALU_OUT<16>
    DSP48E2_X12Y32       DSP_OUTPUT (Prop_DSP_OUTPUT_DSP48E2_ALU_OUT[16]_P[16])
                                                      0.109     8.241 r  system_i/comp/inst/grp_lpc_tdm_compress_Pipeline_RESIDUAL_RAMP_fu_552/mul_40s_19s_58_1_1_U75/tmp_product__1/DSP_OUTPUT_INST/P[16]
                         net (fo=1, routed)           0.523     8.764    system_i/comp/inst/grp_lpc_tdm_compress_Pipeline_RESIDUAL_RAMP_fu_552/mul_40s_19s_58_1_1_U75/tmp_product__1_n_129
    SLICE_X68Y77         CARRY8 (Prop_CARRY8_SLICEL_S[0]_CO[7])
                                                      0.190     8.954 r  system_i/comp/inst/grp_lpc_tdm_compress_Pipeline_RESIDUAL_RAMP_fu_552/mul_40s_19s_58_1_1_U75/tmp_product_carry/CO[7]
                         net (fo=1, routed)           0.026     8.980    system_i/comp/inst/grp_lpc_tdm_compress_Pipeline_RESIDUAL_RAMP_fu_552/mul_40s_19s_58_1_1_U75/tmp_product_carry_n_40
    SLICE_X68Y78         CARRY8 (Prop_CARRY8_SLICEL_CI_CO[7])
                                                      0.015     8.995 r  system_i/comp/inst/grp_lpc_tdm_compress_Pipeline_RESIDUAL_RAMP_fu_552/mul_40s_19s_58_1_1_U75/tmp_product_carry__0/CO[7]
                         net (fo=1, routed)           0.026     9.021    system_i/comp/inst/grp_lpc_tdm_compress_Pipeline_RESIDUAL_RAMP_fu_552/mul_40s_19s_58_1_1_U75/tmp_product_carry__0_n_40
    SLICE_X68Y79         CARRY8 (Prop_CARRY8_SLICEL_CI_O[0])
                                                      0.056     9.077 r  system_i/comp/inst/grp_lpc_tdm_compress_Pipeline_RESIDUAL_RAMP_fu_552/mul_40s_19s_58_1_1_U75/tmp_product_carry__1/O[0]
                         net (fo=2, routed)           0.320     9.397    system_i/comp/inst/grp_lpc_tdm_compress_Pipeline_RESIDUAL_RAMP_fu_552/mul_40s_19s_58_1_1_U75/tmp_product__2__0_0[49]
    SLICE_X68Y75         LUT2 (Prop_B6LUT_SLICEL_I0_O)
                                                      0.051     9.448 r  system_i/comp/inst/grp_lpc_tdm_compress_Pipeline_RESIDUAL_RAMP_fu_552/mul_40s_19s_58_1_1_U75/vr_fu_234[14]_i_84/O
                         net (fo=1, routed)           0.009     9.457    system_i/comp/inst/grp_lpc_tdm_compress_Pipeline_RESIDUAL_RAMP_fu_552/mul_40s_19s_58_1_1_U75/vr_fu_234[14]_i_84_n_40
    SLICE_X68Y75         CARRY8 (Prop_CARRY8_SLICEL_S[1]_CO[7])
                                                      0.186     9.643 r  system_i/comp/inst/grp_lpc_tdm_compress_Pipeline_RESIDUAL_RAMP_fu_552/mul_40s_19s_58_1_1_U75/vr_fu_234_reg[14]_i_32/CO[7]
                         net (fo=1, routed)           0.026     9.669    system_i/comp/inst/grp_lpc_tdm_compress_Pipeline_RESIDUAL_RAMP_fu_552/mul_40s_19s_58_1_1_U75/vr_fu_234_reg[14]_i_32_n_40
    SLICE_X68Y76         CARRY8 (Prop_CARRY8_SLICEL_CI_O[1])
                                                      0.076     9.745 f  system_i/comp/inst/grp_lpc_tdm_compress_Pipeline_RESIDUAL_RAMP_fu_552/mul_40s_19s_58_1_1_U75/vr_fu_234_reg[14]_i_19/O[1]
                         net (fo=37, routed)          0.231     9.975    system_i/comp/inst/grp_lpc_tdm_compress_Pipeline_RESIDUAL_RAMP_fu_552/mul_40s_19s_58_1_1_U75/sext_ln61_fu_1878_p1[39]
    SLICE_X69Y75         LUT1 (Prop_H6LUT_SLICEL_I0_O)
                                                      0.051    10.026 r  system_i/comp/inst/grp_lpc_tdm_compress_Pipeline_RESIDUAL_RAMP_fu_552/mul_40s_19s_58_1_1_U75/vr_fu_234[14]_i_33/O
                         net (fo=1, routed)           0.010    10.036    system_i/comp/inst/grp_lpc_tdm_compress_Pipeline_RESIDUAL_RAMP_fu_552/mul_40s_19s_58_1_1_U75/vr_fu_234[14]_i_33_n_40
    SLICE_X69Y75         CARRY8 (Prop_CARRY8_SLICEL_S[7]_CO[7])
                                                      0.115    10.151 r  system_i/comp/inst/grp_lpc_tdm_compress_Pipeline_RESIDUAL_RAMP_fu_552/mul_40s_19s_58_1_1_U75/vr_fu_234_reg[14]_i_17/CO[7]
                         net (fo=1, routed)           0.026    10.177    system_i/comp/inst/grp_lpc_tdm_compress_Pipeline_RESIDUAL_RAMP_fu_552/mul_40s_19s_58_1_1_U75/vr_fu_234_reg[14]_i_17_n_40
    SLICE_X69Y76         CARRY8 (Prop_CARRY8_SLICEL_CI_O[0])
                                                      0.056    10.233 r  system_i/comp/inst/grp_lpc_tdm_compress_Pipeline_RESIDUAL_RAMP_fu_552/mul_40s_19s_58_1_1_U75/vr_fu_234_reg[14]_i_43/O[0]
                         net (fo=11, routed)          0.304    10.537    system_i/comp/inst/grp_lpc_tdm_compress_Pipeline_RESIDUAL_RAMP_fu_552/mul_40s_19s_58_1_1_U75/vr_fu_234_reg[14]_i_43_n_55
    SLICE_X71Y75         LUT3 (Prop_D5LUT_SLICEM_I0_O)
                                                      0.135    10.672 r  system_i/comp/inst/grp_lpc_tdm_compress_Pipeline_RESIDUAL_RAMP_fu_552/mul_40s_19s_58_1_1_U75/vr_fu_234[14]_i_20/O
                         net (fo=16, routed)          0.156    10.827    system_i/comp/inst/grp_lpc_tdm_compress_Pipeline_RESIDUAL_RAMP_fu_552/mul_40s_19s_58_1_1_U75/vr_fu_234[14]_i_20_n_40
    SLICE_X71Y74         LUT6 (Prop_B6LUT_SLICEM_I3_O)
                                                      0.089    10.916 r  system_i/comp/inst/grp_lpc_tdm_compress_Pipeline_RESIDUAL_RAMP_fu_552/mul_40s_19s_58_1_1_U75/vr_fu_234[7]_i_8/O
                         net (fo=4, routed)           0.340    11.257    system_i/comp/inst/lpc_tdm_compress_stream_stream_axis_0_int_int_int_int_frame_buf_1_U/vr_fu_234_reg[7]_i_22_2
    SLICE_X73Y71         LUT2 (Prop_B6LUT_SLICEL_I1_O)
                                                      0.090    11.347 r  system_i/comp/inst/lpc_tdm_compress_stream_stream_axis_0_int_int_int_int_frame_buf_1_U/vr_fu_234[7]_i_44/O
                         net (fo=1, routed)           0.009    11.356    system_i/comp/inst/lpc_tdm_compress_stream_stream_axis_0_int_int_int_int_frame_buf_1_U/vr_fu_234[7]_i_44_n_40
    SLICE_X73Y71         CARRY8 (Prop_CARRY8_SLICEL_S[1]_CO[7])
                                                      0.186    11.542 r  system_i/comp/inst/lpc_tdm_compress_stream_stream_axis_0_int_int_int_int_frame_buf_1_U/vr_fu_234_reg[7]_i_22/CO[7]
                         net (fo=1, routed)           0.026    11.568    system_i/comp/inst/lpc_tdm_compress_stream_stream_axis_0_int_int_int_int_frame_buf_1_U/vr_fu_234_reg[7]_i_22_n_40
    SLICE_X73Y72         CARRY8 (Prop_CARRY8_SLICEL_CI_O[3])
                                                      0.082    11.650 r  system_i/comp/inst/lpc_tdm_compress_stream_stream_axis_0_int_int_int_int_frame_buf_1_U/vr_fu_234_reg[14]_i_25/O[3]
                         net (fo=2, routed)           0.236    11.886    system_i/comp/inst/grp_lpc_tdm_compress_Pipeline_RESIDUAL_RAMP_fu_552/mul_40s_19s_58_1_1_U75/sub_ln66_fu_2234_p20_out[11]
    SLICE_X73Y74         LUT6 (Prop_H6LUT_SLICEL_I0_O)
                                                      0.124    12.010 r  system_i/comp/inst/grp_lpc_tdm_compress_Pipeline_RESIDUAL_RAMP_fu_552/mul_40s_19s_58_1_1_U75/ram_reg_0_11_i_2/O
                         net (fo=4, routed)           0.507    12.517    system_i/comp/inst/grp_lpc_tdm_compress_Pipeline_RESIDUAL_RAMP_fu_552/mul_40s_19s_58_1_1_U75/grp_lpc_tdm_compress_Pipeline_RESIDUAL_RAMP_fu_552_lpc_tdm_compress_stream_stream_axis_0_int_int_int_int_frame_buf_d0[11]
    SLICE_X73Y119        LUT3 (Prop_D5LUT_SLICEL_I0_O)
                                                      0.133    12.650 r  system_i/comp/inst/grp_lpc_tdm_compress_Pipeline_RESIDUAL_RAMP_fu_552/mul_40s_19s_58_1_1_U75/ram_reg_bram_0_i_18__0/O
                         net (fo=12, routed)          1.151    13.801    system_i/comp/inst/lpc_tdm_compress_stream_stream_axis_0_int_int_int_int_frame_buf_2_U/lpc_tdm_compress_stream_stream_axis_0_int_int_int_int_frame_buf_2_d0[11]
    RAMB36_X3Y16         RAMB36E2                                     r  system_i/comp/inst/lpc_tdm_compress_stream_stream_axis_0_int_int_int_int_frame_buf_2_U/ram_reg_bram_1/DINADIN[11]
  -------------------------------------------------------------------    -------------------

                         (clock mmcm_clkout1 rise edge)
                                                     10.002    10.002 r  <hidden>
    K22                                               0.000    10.002 r  default_sysclk1_300_clk_p
                         net (fo=0)                   0.079    10.081    system_i/ddr4_0/inst/u_ddr4_mem_intfc/u_mig_ddr4_phy/inst/u_ddr4_phy_pll/diff_input_clk.u_ibufg_sys_clk/I
    HPIOBDIFFINBUF_X0Y58 DIFFINBUF (Prop_DIFFINBUF_HPIOBDIFFINBUF_DIFF_IN_P_O)
                                                      0.374    10.455 r  system_i/ddr4_0/inst/u_ddr4_mem_intfc/u_mig_ddr4_phy/inst/u_ddr4_phy_pll/diff_input_clk.u_ibufg_sys_clk/DIFFINBUF_INST/O
                         net (fo=1, routed)           0.040    10.495    system_i/ddr4_0/inst/u_ddr4_mem_intfc/u_mig_ddr4_phy/inst/u_ddr4_phy_pll/diff_input_clk.u_ibufg_sys_clk/OUT
    K22                  IBUFCTRL (Prop_IBUFCTRL_HPIOB_M_I_O)
                                                      0.000    10.495 r  system_i/ddr4_0/inst/u_ddr4_mem_intfc/u_mig_ddr4_phy/inst/u_ddr4_phy_pll/diff_input_clk.u_ibufg_sys_clk/IBUFCTRL_INST/O
                         net (fo=2, routed)           0.297    10.792    system_i/ddr4_0/inst/u_ddr4_mem_intfc/u_mig_ddr4_phy/inst/u_ddr4_phy_pll/sys_clk_in
    BUFGCE_X0Y49         BUFGCE (Prop_BUFCE_BUFGCE_I_O)
                                                      0.024    10.816 r  system_i/ddr4_0/inst/u_ddr4_mem_intfc/u_mig_ddr4_phy/inst/u_ddr4_phy_pll/gen_bufg_backbone.u__bufg_backbone/O
                         net (fo=1, routed)           1.049    11.865    system_i/ddr4_0/inst/u_ddr4_infrastructure/mmcm_clk_in
    MMCM_X0Y3            MMCME4_ADV (Prop_MMCM_CLKIN1_CLKOUT1)
                                                      0.630    12.495 r  system_i/ddr4_0/inst/u_ddr4_infrastructure/gen_mmcme4.u_mmcme_adv_inst/CLKOUT1
                         net (fo=1, routed)           0.220    12.715    system_i/ddr4_0/inst/u_ddr4_infrastructure/mmcm_clkout1
    BUFGCE_X0Y84         BUFGCE (Prop_BUFCE_BUFGCE_I_O)
                                                      0.024    12.739 r  system_i/ddr4_0/inst/u_ddr4_infrastructure/u_bufg_addn_ui_clk_1/O
    X1Y1 (CLOCK_ROOT)    net (fo=77194, routed)       2.099    14.837    system_i/comp/inst/lpc_tdm_compress_stream_stream_axis_0_int_int_int_int_frame_buf_2_U/ap_clk
    RAMB36_X3Y16         RAMB36E2                                     r  system_i/comp/inst/lpc_tdm_compress_stream_stream_axis_0_int_int_int_int_frame_buf_2_U/ram_reg_bram_1/CLKARDCLK
                         clock pessimism             -0.249    14.588    <hidden>
                         clock uncertainty           -0.074    14.514    <hidden>
    RAMB36_X3Y16         RAMB36E2 (Setup_RAMB36E2_RAMB36_CLKARDCLK_DINADIN[11])
                                                     -0.251    14.263    system_i/comp/inst/lpc_tdm_compress_stream_stream_axis_0_int_int_int_int_frame_buf_2_U/ram_reg_bram_1
  -------------------------------------------------------------------
                         required time                         14.263    <hidden>
                         arrival time                         -13.801    <hidden>
  -------------------------------------------------------------------
                         slack                                  0.463    <hidden>





Min Delay Paths
--------------------------------------------------------------------------------------
Slack (MET) :             0.010ns  (arrival time - required time)
  Source:                 system_i/sc_0/inst/s04_entry_pipeline/s04_mmu/inst/w_sreg/m_vector_i_reg[1103]/C
                            (rising edge-triggered cell FDRE clocked by mmcm_clkout1  {rise@0.000ns fall@5.001ns period=10.002ns})
  Destination:            system_i/sc_0/inst/s04_nodes/s04_w_node/inst/inst_mi_handler/gen_normal_area.gen_upsizer.inst_upsizer/gen_w_ch.accum_reg[bytes][9][userdata][6]/D
                            (rising edge-triggered cell FDRE clocked by mmcm_clkout1  {rise@0.000ns fall@5.001ns period=10.002ns})
  Path Group:             mmcm_clkout1
  Path Type:              Hold (Min at Slow Process Corner)
  Requirement:            0.000ns  (mmcm_clkout1 rise@0.000ns - mmcm_clkout1 rise@0.000ns)
  Data Path Delay:        0.172ns  (logic 0.061ns (35.465%)  route 0.111ns (64.535%))
  Logic Levels:           0  
  Clock Path Skew:        0.100ns (DCD - SCD - CPR)
    Destination Clock Delay (DCD):    4.695ns
    Source Clock Delay      (SCD):    4.845ns
    Clock Pessimism Removal (CPR):    -0.250ns
  Clock Net Delay (Source):      2.108ns (routing 1.194ns, distribution 0.914ns)
  Clock Net Delay (Destination): 2.381ns (routing 1.313ns, distribution 1.068ns)

    Location             Delay type                Incr(ns)  Path(ns)    Netlist Resource(s)
  -------------------------------------------------------------------    -------------------
                         (clock mmcm_clkout1 rise edge)
                                                      0.000     0.000 r  <hidden>
    K22                                               0.000     0.000 r  default_sysclk1_300_clk_p
                         net (fo=0)                   0.079     0.079    system_i/ddr4_0/inst/u_ddr4_mem_intfc/u_mig_ddr4_phy/inst/u_ddr4_phy_pll/diff_input_clk.u_ibufg_sys_clk/I
    HPIOBDIFFINBUF_X0Y58 DIFFINBUF (Prop_DIFFINBUF_HPIOBDIFFINBUF_DIFF_IN_P_O)
                                                      0.374     0.453 r  system_i/ddr4_0/inst/u_ddr4_mem_intfc/u_mig_ddr4_phy/inst/u_ddr4_phy_pll/diff_input_clk.u_ibufg_sys_clk/DIFFINBUF_INST/O
                         net (fo=1, routed)           0.040     0.493    system_i/ddr4_0/inst/u_ddr4_mem_intfc/u_mig_ddr4_phy/inst/u_ddr4_phy_pll/diff_input_clk.u_ibufg_sys_clk/OUT
    K22                  IBUFCTRL (Prop_IBUFCTRL_HPIOB_M_I_O)
                                                      0.000     0.493 r  system_i/ddr4_0/inst/u_ddr4_mem_intfc/u_mig_ddr4_phy/inst/u_ddr4_phy_pll/diff_input_clk.u_ibufg_sys_clk/IBUFCTRL_INST/O
                         net (fo=2, routed)           0.297     0.790    system_i/ddr4_0/inst/u_ddr4_mem_intfc/u_mig_ddr4_phy/inst/u_ddr4_phy_pll/sys_clk_in
    BUFGCE_X0Y49         BUFGCE (Prop_BUFCE_BUFGCE_I_O)
                                                      0.024     0.814 r  system_i/ddr4_0/inst/u_ddr4_mem_intfc/u_mig_ddr4_phy/inst/u_ddr4_phy_pll/gen_bufg_backbone.u__bufg_backbone/O
                         net (fo=1, routed)           1.049     1.863    system_i/ddr4_0/inst/u_ddr4_infrastructure/mmcm_clk_in
    MMCM_X0Y3            MMCME4_ADV (Prop_MMCM_CLKIN1_CLKOUT1)
                                                      0.630     2.493 r  system_i/ddr4_0/inst/u_ddr4_infrastructure/gen_mmcme4.u_mmcme_adv_inst/CLKOUT1
                         net (fo=1, routed)           0.220     2.713    system_i/ddr4_0/inst/u_ddr4_infrastructure/mmcm_clkout1
    BUFGCE_X0Y84         BUFGCE (Prop_BUFCE_BUFGCE_I_O)
                                                      0.024     2.737 r  system_i/ddr4_0/inst/u_ddr4_infrastructure/u_bufg_addn_ui_clk_1/O
    X1Y1 (CLOCK_ROOT)    net (fo=77194, routed)       2.108     4.845    system_i/sc_0/inst/s04_entry_pipeline/s04_mmu/inst/w_sreg/aclk
    SLICE_X54Y158        FDRE                                         r  system_i/sc_0/inst/s04_entry_pipeline/s04_mmu/inst/w_sreg/m_vector_i_reg[1103]/C
  -------------------------------------------------------------------    -------------------
    SLICE_X54Y158        FDRE (Prop_DFF2_SLICEL_C_Q)
                                                      0.061     4.906 r  system_i/sc_0/inst/s04_entry_pipeline/s04_mmu/inst/w_sreg/m_vector_i_reg[1103]/Q
                         net (fo=2, routed)           0.111     5.017    system_i/sc_0/inst/s04_nodes/s04_w_node/inst/inst_mi_handler/gen_normal_area.gen_upsizer.inst_upsizer/s_sc_payld[99]
    SLICE_X51Y158        FDRE                                         r  system_i/sc_0/inst/s04_nodes/s04_w_node/inst/inst_mi_handler/gen_normal_area.gen_upsizer.inst_upsizer/gen_w_ch.accum_reg[bytes][9][userdata][6]/D
  -------------------------------------------------------------------    -------------------

                         (clock mmcm_clkout1 rise edge)
                                                      0.000     0.000 r  <hidden>
    K22                                               0.000     0.000 r  default_sysclk1_300_clk_p
                         net (fo=0)                   0.100     0.100    system_i/ddr4_0/inst/u_ddr4_mem_intfc/u_mig_ddr4_phy/inst/u_ddr4_phy_pll/diff_input_clk.u_ibufg_sys_clk/I
    HPIOBDIFFINBUF_X0Y58 DIFFINBUF (Prop_DIFFINBUF_HPIOBDIFFINBUF_DIFF_IN_P_O)
                                                      0.469     0.569 r  system_i/ddr4_0/inst/u_ddr4_mem_intfc/u_mig_ddr4_phy/inst/u_ddr4_phy_pll/diff_input_clk.u_ibufg_sys_clk/DIFFINBUF_INST/O
                         net (fo=1, routed)           0.050     0.619    system_i/ddr4_0/inst/u_ddr4_mem_intfc/u_mig_ddr4_phy/inst/u_ddr4_phy_pll/diff_input_clk.u_ibufg_sys_clk/OUT
    K22                  IBUFCTRL (Prop_IBUFCTRL_HPIOB_M_I_O)
                                                      0.000     0.619 r  system_i/ddr4_0/inst/u_ddr4_mem_intfc/u_mig_ddr4_phy/inst/u_ddr4_phy_pll/diff_input_clk.u_ibufg_sys_clk/IBUFCTRL_INST/O
                         net (fo=2, routed)           0.336     0.955    system_i/ddr4_0/inst/u_ddr4_mem_intfc/u_mig_ddr4_phy/inst/u_ddr4_phy_pll/sys_clk_in
    BUFGCE_X0Y49         BUFGCE (Prop_BUFCE_BUFGCE_I_O)
                                                      0.028     0.983 r  system_i/ddr4_0/inst/u_ddr4_mem_intfc/u_mig_ddr4_phy/inst/u_ddr4_phy_pll/gen_bufg_backbone.u__bufg_backbone/O
                         net (fo=1, routed)           1.179     2.162    system_i/ddr4_0/inst/u_ddr4_infrastructure/mmcm_clk_in
    MMCM_X0Y3            MMCME4_ADV (Prop_MMCM_CLKIN1_CLKOUT1)
                                                     -0.127     2.035 r  system_i/ddr4_0/inst/u_ddr4_infrastructure/gen_mmcme4.u_mmcme_adv_inst/CLKOUT1
                         net (fo=1, routed)           0.251     2.286    system_i/ddr4_0/inst/u_ddr4_infrastructure/mmcm_clkout1
    BUFGCE_X0Y84         BUFGCE (Prop_BUFCE_BUFGCE_I_O)
                                                      0.028     2.314 r  system_i/ddr4_0/inst/u_ddr4_infrastructure/u_bufg_addn_ui_clk_1/O
    X1Y1 (CLOCK_ROOT)    net (fo=77194, routed)       2.381     4.695    system_i/sc_0/inst/s04_nodes/s04_w_node/inst/inst_mi_handler/gen_normal_area.gen_upsizer.inst_upsizer/s_sc_aclk
    SLICE_X51Y158        FDRE                                         r  system_i/sc_0/inst/s04_nodes/s04_w_node/inst/inst_mi_handler/gen_normal_area.gen_upsizer.inst_upsizer/gen_w_ch.accum_reg[bytes][9][userdata][6]/C
                         clock pessimism              0.250     4.945    <hidden>
    SLICE_X51Y158        FDRE (Hold_EFF2_SLICEL_C_D)
                                                      0.062     5.007    system_i/sc_0/inst/s04_nodes/s04_w_node/inst/inst_mi_handler/gen_normal_area.gen_upsizer.inst_upsizer/gen_w_ch.accum_reg[bytes][9][userdata][6]
  -------------------------------------------------------------------
                         required time                         -5.007    <hidden>
                         arrival time                           5.017    <hidden>
  -------------------------------------------------------------------
                         slack                                  0.010    <hidden>





Pulse Width Checks
--------------------------------------------------------------------------------------
Clock Name:         mmcm_clkout1
Waveform(ns):       { 0.000 5.001 }
Period(ns):         10.002
Sources:            { system_i/ddr4_0/inst/u_ddr4_infrastructure/gen_mmcme4.u_mmcme_adv_inst/CLKOUT1 }

Check Type        Corner  Lib Pin             Reference Pin  Required(ns)  Actual(ns)  Slack(ns)  Location      Pin
Min Period        n/a     RAMB36E2/CLKARDCLK  n/a            1.569         10.002      8.433      RAMB36_X5Y22  system_i/comp/inst/lpc_tdm_compress_stream_stream_axis_0_int_int_int_int_frame_buf_1_U/ram_reg_0_0/CLKARDCLK
Low Pulse Width   Slow    RAMB36E2/CLKARDCLK  n/a            0.542         5.001       4.459      RAMB36_X5Y22  system_i/comp/inst/lpc_tdm_compress_stream_stream_axis_0_int_int_int_int_frame_buf_1_U/ram_reg_0_0/CLKARDCLK
High Pulse Width  Slow    RAMB36E2/CLKARDCLK  n/a            0.542         5.001       4.459      RAMB36_X5Y22  system_i/comp/inst/lpc_tdm_compress_stream_stream_axis_0_int_int_int_int_frame_buf_1_U/ram_reg_0_0/CLKARDCLK



---------------------------------------------------------------------------------------------------
From Clock:  mmcm_clkout2
  To Clock:  mmcm_clkout2

Setup :           NA  Failing Endpoints,  Worst Slack           NA  ,  Total Violation           NA
Hold  :           NA  Failing Endpoints,  Worst Slack           NA  ,  Total Violation           NA
PW    :            0  Failing Endpoints,  Worst Slack        1.711ns,  Total Violation        0.000ns
---------------------------------------------------------------------------------------------------


Pulse Width Checks
--------------------------------------------------------------------------------------
Clock Name:         mmcm_clkout2
Waveform(ns):       { 0.000 1.500 }
Period(ns):         3.001
Sources:            { system_i/ddr4_0/inst/u_ddr4_infrastructure/gen_mmcme4.u_mmcme_adv_inst/CLKOUT2 }

Check Type  Corner  Lib Pin   Reference Pin  Required(ns)  Actual(ns)  Slack(ns)  Location      Pin
Min Period  n/a     BUFGCE/I  n/a            1.290         3.001       1.711      BUFGCE_X0Y85  system_i/ddr4_0/inst/u_ddr4_infrastructure/u_bufg_addn_ui_clk_2/I



---------------------------------------------------------------------------------------------------
From Clock:  mmcm_clkout3
  To Clock:  mmcm_clkout3

Setup :           NA  Failing Endpoints,  Worst Slack           NA  ,  Total Violation           NA
Hold  :           NA  Failing Endpoints,  Worst Slack           NA  ,  Total Violation           NA
PW    :            0  Failing Endpoints,  Worst Slack        1.711ns,  Total Violation        0.000ns
---------------------------------------------------------------------------------------------------


Pulse Width Checks
--------------------------------------------------------------------------------------
Clock Name:         mmcm_clkout3
Waveform(ns):       { 0.000 1.500 }
Period(ns):         3.001
Sources:            { system_i/ddr4_0/inst/u_ddr4_infrastructure/gen_mmcme4.u_mmcme_adv_inst/CLKOUT3 }

Check Type  Corner  Lib Pin   Reference Pin  Required(ns)  Actual(ns)  Slack(ns)  Location      Pin
Min Period  n/a     BUFGCE/I  n/a            1.290         3.001       1.711      BUFGCE_X0Y90  system_i/ddr4_0/inst/u_ddr4_infrastructure/u_bufg_addn_ui_clk_3/I



---------------------------------------------------------------------------------------------------
From Clock:  mmcm_clkout4
  To Clock:  mmcm_clkout4

Setup :           NA  Failing Endpoints,  Worst Slack           NA  ,  Total Violation           NA
Hold  :           NA  Failing Endpoints,  Worst Slack           NA  ,  Total Violation           NA
PW    :            0  Failing Endpoints,  Worst Slack        1.711ns,  Total Violation        0.000ns
---------------------------------------------------------------------------------------------------


Pulse Width Checks
--------------------------------------------------------------------------------------
Clock Name:         mmcm_clkout4
Waveform(ns):       { 0.000 1.500 }
Period(ns):         3.001
Sources:            { system_i/ddr4_0/inst/u_ddr4_infrastructure/gen_mmcme4.u_mmcme_adv_inst/CLKOUT4 }

Check Type  Corner  Lib Pin   Reference Pin  Required(ns)  Actual(ns)  Slack(ns)  Location      Pin
Min Period  n/a     BUFGCE/I  n/a            1.290         3.001       1.711      BUFGCE_X0Y88  system_i/ddr4_0/inst/u_ddr4_infrastructure/u_bufg_addn_ui_clk_4/I



---------------------------------------------------------------------------------------------------
From Clock:  mmcm_clkout5
  To Clock:  mmcm_clkout5

Setup :            0  Failing Endpoints,  Worst Slack        9.752ns,  Total Violation        0.000ns
Hold  :            0  Failing Endpoints,  Worst Slack        0.023ns,  Total Violation        0.000ns
PW    :            0  Failing Endpoints,  Worst Slack        5.469ns,  Total Violation        0.000ns
---------------------------------------------------------------------------------------------------


Max Delay Paths
--------------------------------------------------------------------------------------
Slack (MET) :             9.752ns  (required time - arrival time)
  Source:                 dbg_hub/inst/BSCANID.u_xsdbm_id/CORE_XSDB.UUT_MASTER/U_XSDB_ADDRESS_CONTROLLER/addr_reg[0]/C
                            (rising edge-triggered cell FDRE clocked by mmcm_clkout5  {rise@0.000ns fall@6.001ns period=12.002ns})
  Destination:            system_i/ddr4_0/inst/u_ddr4_mem_intfc/u_ddr_cal_top/u_ddr_cal/U_XSDB_SLAVE/reg_do_reg[7]/D
                            (rising edge-triggered cell FDRE clocked by mmcm_clkout5  {rise@0.000ns fall@6.001ns period=12.002ns})
  Path Group:             mmcm_clkout5
  Path Type:              Setup (Max at Slow Process Corner)
  Requirement:            12.002ns  (mmcm_clkout5 rise@12.002ns - mmcm_clkout5 rise@0.000ns)
  Data Path Delay:        1.997ns  (logic 0.453ns (22.680%)  route 1.544ns (77.320%))
  Logic Levels:           3  (LUT6=3)
  Clock Path Skew:        -0.202ns (DCD - SCD + CPR)
    Destination Clock Delay (DCD):    4.353ns = ( 16.355 - 12.002 ) 
    Source Clock Delay      (SCD):    4.260ns
    Clock Pessimism Removal (CPR):    -0.296ns
  Clock Uncertainty:      0.076ns  ((TSJ^2 + DJ^2)^1/2) / 2 + PE
    Total System Jitter     (TSJ):    0.071ns
    Discrete Jitter          (DJ):    0.134ns
    Phase Error              (PE):    0.000ns
  Clock Net Delay (Source):      1.960ns (routing 0.926ns, distribution 1.034ns)
  Clock Net Delay (Destination): 1.629ns (routing 0.840ns, distribution 0.789ns)

    Location             Delay type                Incr(ns)  Path(ns)    Netlist Resource(s)
  -------------------------------------------------------------------    -------------------
                         (clock mmcm_clkout5 rise edge)
                                                      0.000     0.000 r  <hidden>
    K22                                               0.000     0.000 r  default_sysclk1_300_clk_p
                         net (fo=0)                   0.100     0.100    system_i/ddr4_0/inst/u_ddr4_mem_intfc/u_mig_ddr4_phy/inst/u_ddr4_phy_pll/diff_input_clk.u_ibufg_sys_clk/I
    HPIOBDIFFINBUF_X0Y58 DIFFINBUF (Prop_DIFFINBUF_HPIOBDIFFINBUF_DIFF_IN_P_O)
                                                      0.469     0.569 r  system_i/ddr4_0/inst/u_ddr4_mem_intfc/u_mig_ddr4_phy/inst/u_ddr4_phy_pll/diff_input_clk.u_ibufg_sys_clk/DIFFINBUF_INST/O
                         net (fo=1, routed)           0.050     0.619    system_i/ddr4_0/inst/u_ddr4_mem_intfc/u_mig_ddr4_phy/inst/u_ddr4_phy_pll/diff_input_clk.u_ibufg_sys_clk/OUT
    K22                  IBUFCTRL (Prop_IBUFCTRL_HPIOB_M_I_O)
                                                      0.000     0.619 r  system_i/ddr4_0/inst/u_ddr4_mem_intfc/u_mig_ddr4_phy/inst/u_ddr4_phy_pll/diff_input_clk.u_ibufg_sys_clk/IBUFCTRL_INST/O
                         net (fo=2, routed)           0.336     0.955    system_i/ddr4_0/inst/u_ddr4_mem_intfc/u_mig_ddr4_phy/inst/u_ddr4_phy_pll/sys_clk_in
    BUFGCE_X0Y49         BUFGCE (Prop_BUFCE_BUFGCE_I_O)
                                                      0.028     0.983 r  system_i/ddr4_0/inst/u_ddr4_mem_intfc/u_mig_ddr4_phy/inst/u_ddr4_phy_pll/gen_bufg_backbone.u__bufg_backbone/O
                         net (fo=1, routed)           1.179     2.162    system_i/ddr4_0/inst/u_ddr4_infrastructure/mmcm_clk_in
    MMCM_X0Y3            MMCME4_ADV (Prop_MMCM_CLKIN1_CLKOUT5)
                                                     -0.127     2.035 r  system_i/ddr4_0/inst/u_ddr4_infrastructure/gen_mmcme4.u_mmcme_adv_inst/CLKOUT5
                         net (fo=1, routed)           0.236     2.271    system_i/ddr4_0/inst/u_ddr4_infrastructure/mmcm_clkout5
    BUFGCE_X0Y78         BUFGCE (Prop_BUFCE_BUFGCE_I_O)
                                                      0.028     2.299 r  system_i/ddr4_0/inst/u_ddr4_infrastructure/u_bufg_dbg_clk/O
    X0Y1 (CLOCK_ROOT)    net (fo=568, routed)         1.960     4.260    dbg_hub/inst/BSCANID.u_xsdbm_id/CORE_XSDB.UUT_MASTER/U_XSDB_ADDRESS_CONTROLLER/clk
    SLICE_X43Y120        FDRE                                         r  dbg_hub/inst/BSCANID.u_xsdbm_id/CORE_XSDB.UUT_MASTER/U_XSDB_ADDRESS_CONTROLLER/addr_reg[0]/C
  -------------------------------------------------------------------    -------------------
    SLICE_X43Y120        FDRE (Prop_AFF_SLICEL_C_Q)
                                                      0.079     4.339 r  dbg_hub/inst/BSCANID.u_xsdbm_id/CORE_XSDB.UUT_MASTER/U_XSDB_ADDRESS_CONTROLLER/addr_reg[0]/Q
                         net (fo=45, routed)          1.187     5.526    system_i/ddr4_0/inst/u_ddr4_mem_intfc/u_ddr_cal_top/u_ddr_cal/U_XSDB_SLAVE/sl_iport_i[4]
    SLICE_X22Y139        LUT6 (Prop_H6LUT_SLICEL_I4_O)
                                                      0.150     5.676 r  system_i/ddr4_0/inst/u_ddr4_mem_intfc/u_ddr_cal_top/u_ddr_cal/U_XSDB_SLAVE/reg_do[7]_i_5/O
                         net (fo=1, routed)           0.146     5.822    system_i/ddr4_0/inst/u_ddr4_mem_intfc/u_ddr_cal_top/u_ddr_cal/U_XSDB_SLAVE/reg_do[7]_i_5_n_0
    SLICE_X24Y138        LUT6 (Prop_H6LUT_SLICEL_I3_O)
                                                      0.124     5.946 r  system_i/ddr4_0/inst/u_ddr4_mem_intfc/u_ddr_cal_top/u_ddr_cal/U_XSDB_SLAVE/reg_do[7]_i_2/O
                         net (fo=1, routed)           0.152     6.098    system_i/ddr4_0/inst/u_ddr4_mem_intfc/u_ddr_cal_top/u_ddr_cal/U_XSDB_SLAVE/reg_do[7]_i_2_n_0
    SLICE_X25Y138        LUT6 (Prop_B6LUT_SLICEM_I0_O)
                                                      0.100     6.198 r  system_i/ddr4_0/inst/u_ddr4_mem_intfc/u_ddr_cal_top/u_ddr_cal/U_XSDB_SLAVE/reg_do[7]_i_1/O
                         net (fo=1, routed)           0.059     6.257    system_i/ddr4_0/inst/u_ddr4_mem_intfc/u_ddr_cal_top/u_ddr_cal/U_XSDB_SLAVE/reg_do[7]
    SLICE_X25Y138        FDRE                                         r  system_i/ddr4_0/inst/u_ddr4_mem_intfc/u_ddr_cal_top/u_ddr_cal/U_XSDB_SLAVE/reg_do_reg[7]/D
  -------------------------------------------------------------------    -------------------

                         (clock mmcm_clkout5 rise edge)
                                                     12.002    12.002 r  <hidden>
    K22                                               0.000    12.002 r  default_sysclk1_300_clk_p
                         net (fo=0)                   0.079    12.081    system_i/ddr4_0/inst/u_ddr4_mem_intfc/u_mig_ddr4_phy/inst/u_ddr4_phy_pll/diff_input_clk.u_ibufg_sys_clk/I
    HPIOBDIFFINBUF_X0Y58 DIFFINBUF (Prop_DIFFINBUF_HPIOBDIFFINBUF_DIFF_IN_P_O)
                                                      0.374    12.455 r  system_i/ddr4_0/inst/u_ddr4_mem_intfc/u_mig_ddr4_phy/inst/u_ddr4_phy_pll/diff_input_clk.u_ibufg_sys_clk/DIFFINBUF_INST/O
                         net (fo=1, routed)           0.040    12.495    system_i/ddr4_0/inst/u_ddr4_mem_intfc/u_mig_ddr4_phy/inst/u_ddr4_phy_pll/diff_input_clk.u_ibufg_sys_clk/OUT
    K22                  IBUFCTRL (Prop_IBUFCTRL_HPIOB_M_I_O)
                                                      0.000    12.495 r  system_i/ddr4_0/inst/u_ddr4_mem_intfc/u_mig_ddr4_phy/inst/u_ddr4_phy_pll/diff_input_clk.u_ibufg_sys_clk/IBUFCTRL_INST/O
                         net (fo=2, routed)           0.297    12.792    system_i/ddr4_0/inst/u_ddr4_mem_intfc/u_mig_ddr4_phy/inst/u_ddr4_phy_pll/sys_clk_in
    BUFGCE_X0Y49         BUFGCE (Prop_BUFCE_BUFGCE_I_O)
                                                      0.024    12.816 r  system_i/ddr4_0/inst/u_ddr4_mem_intfc/u_mig_ddr4_phy/inst/u_ddr4_phy_pll/gen_bufg_backbone.u__bufg_backbone/O
                         net (fo=1, routed)           1.049    13.865    system_i/ddr4_0/inst/u_ddr4_infrastructure/mmcm_clk_in
    MMCM_X0Y3            MMCME4_ADV (Prop_MMCM_CLKIN1_CLKOUT5)
                                                      0.630    14.495 r  system_i/ddr4_0/inst/u_ddr4_infrastructure/gen_mmcme4.u_mmcme_adv_inst/CLKOUT5
                         net (fo=1, routed)           0.207    14.702    system_i/ddr4_0/inst/u_ddr4_infrastructure/mmcm_clkout5
    BUFGCE_X0Y78         BUFGCE (Prop_BUFCE_BUFGCE_I_O)
                                                      0.024    14.726 r  system_i/ddr4_0/inst/u_ddr4_infrastructure/u_bufg_dbg_clk/O
    X0Y1 (CLOCK_ROOT)    net (fo=568, routed)         1.629    16.355    system_i/ddr4_0/inst/u_ddr4_mem_intfc/u_ddr_cal_top/u_ddr_cal/U_XSDB_SLAVE/sl_iport_i[1]
    SLICE_X25Y138        FDRE                                         r  system_i/ddr4_0/inst/u_ddr4_mem_intfc/u_ddr_cal_top/u_ddr_cal/U_XSDB_SLAVE/reg_do_reg[7]/C
                         clock pessimism             -0.296    16.060    <hidden>
                         clock uncertainty           -0.076    15.984    <hidden>
    SLICE_X25Y138        FDRE (Setup_BFF_SLICEM_C_D)
                                                      0.025    16.009    system_i/ddr4_0/inst/u_ddr4_mem_intfc/u_ddr_cal_top/u_ddr_cal/U_XSDB_SLAVE/reg_do_reg[7]
  -------------------------------------------------------------------
                         required time                         16.009    <hidden>
                         arrival time                          -6.257    <hidden>
  -------------------------------------------------------------------
                         slack                                  9.752    <hidden>





Min Delay Paths
--------------------------------------------------------------------------------------
Slack (MET) :             0.023ns  (arrival time - required time)
  Source:                 dbg_hub/inst/BSCANID.u_xsdbm_id/CORE_XSDB.UUT_MASTER/U_ICON_INTERFACE/U_CMD5/ctl_reg_reg[10]/C
                            (rising edge-triggered cell FDRE clocked by mmcm_clkout5  {rise@0.000ns fall@6.001ns period=12.002ns})
  Destination:            dbg_hub/inst/BSCANID.u_xsdbm_id/CORE_XSDB.UUT_MASTER/U_XSDB_ADDRESS_CONTROLLER/addr_reg[10]/D
                            (rising edge-triggered cell FDRE clocked by mmcm_clkout5  {rise@0.000ns fall@6.001ns period=12.002ns})
  Path Group:             mmcm_clkout5
  Path Type:              Hold (Min at Slow Process Corner)
  Requirement:            0.000ns  (mmcm_clkout5 rise@0.000ns - mmcm_clkout5 rise@0.000ns)
  Data Path Delay:        0.262ns  (logic 0.106ns (40.458%)  route 0.156ns (59.542%))
  Logic Levels:           2  (CARRY8=1 LUT3=1)
  Clock Path Skew:        0.179ns (DCD - SCD - CPR)
    Destination Clock Delay (DCD):    4.260ns
    Source Clock Delay      (SCD):    4.419ns
    Clock Pessimism Removal (CPR):    -0.338ns
  Clock Net Delay (Source):      1.695ns (routing 0.840ns, distribution 0.855ns)
  Clock Net Delay (Destination): 1.960ns (routing 0.926ns, distribution 1.034ns)

    Location             Delay type                Incr(ns)  Path(ns)    Netlist Resource(s)
  -------------------------------------------------------------------    -------------------
                         (clock mmcm_clkout5 rise edge)
                                                      0.000     0.000 r  <hidden>
    K22                                               0.000     0.000 r  default_sysclk1_300_clk_p
                         net (fo=0)                   0.079     0.079    system_i/ddr4_0/inst/u_ddr4_mem_intfc/u_mig_ddr4_phy/inst/u_ddr4_phy_pll/diff_input_clk.u_ibufg_sys_clk/I
    HPIOBDIFFINBUF_X0Y58 DIFFINBUF (Prop_DIFFINBUF_HPIOBDIFFINBUF_DIFF_IN_P_O)
                                                      0.374     0.453 r  system_i/ddr4_0/inst/u_ddr4_mem_intfc/u_mig_ddr4_phy/inst/u_ddr4_phy_pll/diff_input_clk.u_ibufg_sys_clk/DIFFINBUF_INST/O
                         net (fo=1, routed)           0.040     0.493    system_i/ddr4_0/inst/u_ddr4_mem_intfc/u_mig_ddr4_phy/inst/u_ddr4_phy_pll/diff_input_clk.u_ibufg_sys_clk/OUT
    K22                  IBUFCTRL (Prop_IBUFCTRL_HPIOB_M_I_O)
                                                      0.000     0.493 r  system_i/ddr4_0/inst/u_ddr4_mem_intfc/u_mig_ddr4_phy/inst/u_ddr4_phy_pll/diff_input_clk.u_ibufg_sys_clk/IBUFCTRL_INST/O
                         net (fo=2, routed)           0.297     0.790    system_i/ddr4_0/inst/u_ddr4_mem_intfc/u_mig_ddr4_phy/inst/u_ddr4_phy_pll/sys_clk_in
    BUFGCE_X0Y49         BUFGCE (Prop_BUFCE_BUFGCE_I_O)
                                                      0.024     0.814 r  system_i/ddr4_0/inst/u_ddr4_mem_intfc/u_mig_ddr4_phy/inst/u_ddr4_phy_pll/gen_bufg_backbone.u__bufg_backbone/O
                         net (fo=1, routed)           1.049     1.863    system_i/ddr4_0/inst/u_ddr4_infrastructure/mmcm_clk_in
    MMCM_X0Y3            MMCME4_ADV (Prop_MMCM_CLKIN1_CLKOUT5)
                                                      0.630     2.493 r  system_i/ddr4_0/inst/u_ddr4_infrastructure/gen_mmcme4.u_mmcme_adv_inst/CLKOUT5
                         net (fo=1, routed)           0.207     2.700    system_i/ddr4_0/inst/u_ddr4_infrastructure/mmcm_clkout5
    BUFGCE_X0Y78         BUFGCE (Prop_BUFCE_BUFGCE_I_O)
                                                      0.024     2.724 r  system_i/ddr4_0/inst/u_ddr4_infrastructure/u_bufg_dbg_clk/O
    X0Y1 (CLOCK_ROOT)    net (fo=568, routed)         1.695     4.419    dbg_hub/inst/BSCANID.u_xsdbm_id/CORE_XSDB.UUT_MASTER/U_ICON_INTERFACE/U_CMD5/clk
    SLICE_X44Y117        FDRE                                         r  dbg_hub/inst/BSCANID.u_xsdbm_id/CORE_XSDB.UUT_MASTER/U_ICON_INTERFACE/U_CMD5/ctl_reg_reg[10]/C
  -------------------------------------------------------------------    -------------------
    SLICE_X44Y117        FDRE (Prop_EFF_SLICEM_C_Q)
                                                      0.058     4.477 r  dbg_hub/inst/BSCANID.u_xsdbm_id/CORE_XSDB.UUT_MASTER/U_ICON_INTERFACE/U_CMD5/ctl_reg_reg[10]/Q
                         net (fo=1, routed)           0.136     4.613    dbg_hub/inst/BSCANID.u_xsdbm_id/CORE_XSDB.UUT_MASTER/U_XSDB_ADDRESS_CONTROLLER/addr_reg[16]_0[10]
    SLICE_X43Y121        LUT3 (Prop_C6LUT_SLICEL_I0_O)
                                                      0.022     4.635 r  dbg_hub/inst/BSCANID.u_xsdbm_id/CORE_XSDB.UUT_MASTER/U_XSDB_ADDRESS_CONTROLLER/addr[15]_i_7/O
                         net (fo=1, routed)           0.010     4.645    dbg_hub/inst/BSCANID.u_xsdbm_id/CORE_XSDB.UUT_MASTER/U_XSDB_ADDRESS_CONTROLLER/addr[15]_i_7_n_0
    SLICE_X43Y121        CARRY8 (Prop_CARRY8_SLICEL_S[2]_O[2])
                                                      0.026     4.671 r  dbg_hub/inst/BSCANID.u_xsdbm_id/CORE_XSDB.UUT_MASTER/U_XSDB_ADDRESS_CONTROLLER/addr_reg[15]_i_1/O[2]
                         net (fo=1, routed)           0.010     4.681    dbg_hub/inst/BSCANID.u_xsdbm_id/CORE_XSDB.UUT_MASTER/U_XSDB_ADDRESS_CONTROLLER/addr_reg[15]_i_1_n_13
    SLICE_X43Y121        FDRE                                         r  dbg_hub/inst/BSCANID.u_xsdbm_id/CORE_XSDB.UUT_MASTER/U_XSDB_ADDRESS_CONTROLLER/addr_reg[10]/D
  -------------------------------------------------------------------    -------------------

                         (clock mmcm_clkout5 rise edge)
                                                      0.000     0.000 r  <hidden>
    K22                                               0.000     0.000 r  default_sysclk1_300_clk_p
                         net (fo=0)                   0.100     0.100    system_i/ddr4_0/inst/u_ddr4_mem_intfc/u_mig_ddr4_phy/inst/u_ddr4_phy_pll/diff_input_clk.u_ibufg_sys_clk/I
    HPIOBDIFFINBUF_X0Y58 DIFFINBUF (Prop_DIFFINBUF_HPIOBDIFFINBUF_DIFF_IN_P_O)
                                                      0.469     0.569 r  system_i/ddr4_0/inst/u_ddr4_mem_intfc/u_mig_ddr4_phy/inst/u_ddr4_phy_pll/diff_input_clk.u_ibufg_sys_clk/DIFFINBUF_INST/O
                         net (fo=1, routed)           0.050     0.619    system_i/ddr4_0/inst/u_ddr4_mem_intfc/u_mig_ddr4_phy/inst/u_ddr4_phy_pll/diff_input_clk.u_ibufg_sys_clk/OUT
    K22                  IBUFCTRL (Prop_IBUFCTRL_HPIOB_M_I_O)
                                                      0.000     0.619 r  system_i/ddr4_0/inst/u_ddr4_mem_intfc/u_mig_ddr4_phy/inst/u_ddr4_phy_pll/diff_input_clk.u_ibufg_sys_clk/IBUFCTRL_INST/O
                         net (fo=2, routed)           0.336     0.955    system_i/ddr4_0/inst/u_ddr4_mem_intfc/u_mig_ddr4_phy/inst/u_ddr4_phy_pll/sys_clk_in
    BUFGCE_X0Y49         BUFGCE (Prop_BUFCE_BUFGCE_I_O)
                                                      0.028     0.983 r  system_i/ddr4_0/inst/u_ddr4_mem_intfc/u_mig_ddr4_phy/inst/u_ddr4_phy_pll/gen_bufg_backbone.u__bufg_backbone/O
                         net (fo=1, routed)           1.179     2.162    system_i/ddr4_0/inst/u_ddr4_infrastructure/mmcm_clk_in
    MMCM_X0Y3            MMCME4_ADV (Prop_MMCM_CLKIN1_CLKOUT5)
                                                     -0.127     2.035 r  system_i/ddr4_0/inst/u_ddr4_infrastructure/gen_mmcme4.u_mmcme_adv_inst/CLKOUT5
                         net (fo=1, routed)           0.236     2.271    system_i/ddr4_0/inst/u_ddr4_infrastructure/mmcm_clkout5
    BUFGCE_X0Y78         BUFGCE (Prop_BUFCE_BUFGCE_I_O)
                                                      0.028     2.299 r  system_i/ddr4_0/inst/u_ddr4_infrastructure/u_bufg_dbg_clk/O
    X0Y1 (CLOCK_ROOT)    net (fo=568, routed)         1.960     4.260    dbg_hub/inst/BSCANID.u_xsdbm_id/CORE_XSDB.UUT_MASTER/U_XSDB_ADDRESS_CONTROLLER/clk
    SLICE_X43Y121        FDRE                                         r  dbg_hub/inst/BSCANID.u_xsdbm_id/CORE_XSDB.UUT_MASTER/U_XSDB_ADDRESS_CONTROLLER/addr_reg[10]/C
                         clock pessimism              0.338     4.598    <hidden>
    SLICE_X43Y121        FDRE (Hold_CFF_SLICEL_C_D)
                                                      0.060     4.658    dbg_hub/inst/BSCANID.u_xsdbm_id/CORE_XSDB.UUT_MASTER/U_XSDB_ADDRESS_CONTROLLER/addr_reg[10]
  -------------------------------------------------------------------
                         required time                         -4.658    <hidden>
                         arrival time                           4.681    <hidden>
  -------------------------------------------------------------------
                         slack                                  0.023    <hidden>





Pulse Width Checks
--------------------------------------------------------------------------------------
Clock Name:         mmcm_clkout5
Waveform(ns):       { 0.000 6.001 }
Period(ns):         12.002
Sources:            { system_i/ddr4_0/inst/u_ddr4_infrastructure/gen_mmcme4.u_mmcme_adv_inst/CLKOUT5 }

Check Type        Corner  Lib Pin     Reference Pin  Required(ns)  Actual(ns)  Slack(ns)  Location       Pin
Min Period        n/a     BUFGCE/I    n/a            1.290         12.002      10.712     BUFGCE_X0Y78   system_i/ddr4_0/inst/u_ddr4_infrastructure/u_bufg_dbg_clk/I
Low Pulse Width   Slow    RAMD32/CLK  n/a            0.532         6.001       5.469      SLICE_X44Y112  dbg_hub/inst/BSCANID.u_xsdbm_id/CORE_XSDB.UUT_MASTER/U_ICON_INTERFACE/U_CMD6_RD/U_RD_FIFO/SUBCORE_FIFO.xsdbm_v3_0_6_rdfifo_inst/inst_fifo_gen/gconvfifo.rf/grf.rf/gntv_or_sync_fifo.mem/gdm.dm_gen.dm/RAM_reg_0_15_0_13/RAMA/CLK
High Pulse Width  Slow    RAMD32/CLK  n/a            0.532         6.001       5.469      SLICE_X44Y112  dbg_hub/inst/BSCANID.u_xsdbm_id/CORE_XSDB.UUT_MASTER/U_ICON_INTERFACE/U_CMD6_RD/U_RD_FIFO/SUBCORE_FIFO.xsdbm_v3_0_6_rdfifo_inst/inst_fifo_gen/gconvfifo.rf/grf.rf/gntv_or_sync_fifo.mem/gdm.dm_gen.dm/RAM_reg_0_15_0_13/RAMA/CLK



---------------------------------------------------------------------------------------------------
From Clock:  mmcm_clkout6
  To Clock:  mmcm_clkout6

Setup :            0  Failing Endpoints,  Worst Slack        1.804ns,  Total Violation        0.000ns
Hold  :            0  Failing Endpoints,  Worst Slack        0.027ns,  Total Violation        0.000ns
PW    :            0  Failing Endpoints,  Worst Slack        0.972ns,  Total Violation        0.000ns
---------------------------------------------------------------------------------------------------


Max Delay Paths
--------------------------------------------------------------------------------------
Slack (MET) :             1.804ns  (required time - arrival time)
  Source:                 system_i/ddr4_0/inst/u_ddr4_mem_intfc/u_ddr_cal_riu/mcs0/inst/microblaze_I/U0/<hidden>/<hidden>/<hidden>/<hidden>/<hidden>/<hidden>
                            (rising edge-triggered cell FDRE clocked by mmcm_clkout6  {rise@0.000ns fall@3.001ns period=6.001ns})
  Destination:            system_i/ddr4_0/inst/u_ddr4_mem_intfc/u_ddr_cal_riu/mcs0/inst/lmb_bram_I/U0/inst_blk_mem_gen/gnbram.gnative_mem_map_bmg.native_mem_map_blk_mem_gen/valid.cstr/ramloop[1].ram.r/prim_noinit.ram/DEVICE_8SERIES.WITH_BMM_INFO.TRUE_DP.SIMPLE_PRIM36.SERIES8_TDP_SP36_NO_ECC_ATTR.ram/ADDRBWRADDR[12]
                            (rising edge-triggered cell RAMB36E2 clocked by mmcm_clkout6  {rise@0.000ns fall@3.001ns period=6.001ns})
  Path Group:             mmcm_clkout6
  Path Type:              Setup (Max at Slow Process Corner)
  Requirement:            6.001ns  (mmcm_clkout6 rise@6.001ns - mmcm_clkout6 rise@0.000ns)
  Data Path Delay:        3.701ns  (logic 0.511ns (13.806%)  route 3.190ns (86.194%))
  Logic Levels:           3  (CARRY8=1 LUT3=1 LUT6=1)
  Clock Path Skew:        -0.144ns (DCD - SCD + CPR)
    Destination Clock Delay (DCD):    4.394ns = ( 10.395 - 6.001 ) 
    Source Clock Delay      (SCD):    4.249ns
    Clock Pessimism Removal (CPR):    -0.289ns
  Clock Uncertainty:      0.068ns  ((TSJ^2 + DJ^2)^1/2) / 2 + PE
    Total System Jitter     (TSJ):    0.071ns
    Discrete Jitter          (DJ):    0.117ns
    Phase Error              (PE):    0.000ns
  Clock Net Delay (Source):      1.923ns (routing 0.947ns, distribution 0.976ns)
  Clock Net Delay (Destination): 1.651ns (routing 0.862ns, distribution 0.789ns)

    Location             Delay type                Incr(ns)  Path(ns)    Netlist Resource(s)
  -------------------------------------------------------------------    -------------------
                         (clock mmcm_clkout6 rise edge)
                                                      0.000     0.000 r  <hidden>
    K22                                               0.000     0.000 r  default_sysclk1_300_clk_p
                         net (fo=0)                   0.100     0.100    system_i/ddr4_0/inst/u_ddr4_mem_intfc/u_mig_ddr4_phy/inst/u_ddr4_phy_pll/diff_input_clk.u_ibufg_sys_clk/I
    HPIOBDIFFINBUF_X0Y58 DIFFINBUF (Prop_DIFFINBUF_HPIOBDIFFINBUF_DIFF_IN_P_O)
                                                      0.469     0.569 r  system_i/ddr4_0/inst/u_ddr4_mem_intfc/u_mig_ddr4_phy/inst/u_ddr4_phy_pll/diff_input_clk.u_ibufg_sys_clk/DIFFINBUF_INST/O
                         net (fo=1, routed)           0.050     0.619    system_i/ddr4_0/inst/u_ddr4_mem_intfc/u_mig_ddr4_phy/inst/u_ddr4_phy_pll/diff_input_clk.u_ibufg_sys_clk/OUT
    K22                  IBUFCTRL (Prop_IBUFCTRL_HPIOB_M_I_O)
                                                      0.000     0.619 r  system_i/ddr4_0/inst/u_ddr4_mem_intfc/u_mig_ddr4_phy/inst/u_ddr4_phy_pll/diff_input_clk.u_ibufg_sys_clk/IBUFCTRL_INST/O
                         net (fo=2, routed)           0.336     0.955    system_i/ddr4_0/inst/u_ddr4_mem_intfc/u_mig_ddr4_phy/inst/u_ddr4_phy_pll/sys_clk_in
    BUFGCE_X0Y49         BUFGCE (Prop_BUFCE_BUFGCE_I_O)
                                                      0.028     0.983 r  system_i/ddr4_0/inst/u_ddr4_mem_intfc/u_mig_ddr4_phy/inst/u_ddr4_phy_pll/gen_bufg_backbone.u__bufg_backbone/O
                         net (fo=1, routed)           1.179     2.162    system_i/ddr4_0/inst/u_ddr4_infrastructure/mmcm_clk_in
    MMCM_X0Y3            MMCME4_ADV (Prop_MMCM_CLKIN1_CLKOUT6)
                                                     -0.127     2.035 r  system_i/ddr4_0/inst/u_ddr4_infrastructure/gen_mmcme4.u_mmcme_adv_inst/CLKOUT6
                         net (fo=1, routed)           0.262     2.297    system_i/ddr4_0/inst/u_ddr4_infrastructure/mmcm_clkout6
    BUFGCE_X0Y82         BUFGCE (Prop_BUFCE_BUFGCE_I_O)
                                                      0.028     2.325 r  system_i/ddr4_0/inst/u_ddr4_infrastructure/u_bufg_riuClk/O
    X1Y2 (CLOCK_ROOT)    net (fo=1640, routed)        1.923     4.249    system_i/ddr4_0/inst/u_ddr4_mem_intfc/u_ddr_cal_riu/mcs0/inst/microblaze_I/U0/<hidden>/<hidden>/<hidden>/<hidden>/<hidden>
    SLICE_X6Y136         FDRE                                         r  system_i/ddr4_0/inst/u_ddr4_mem_intfc/u_ddr_cal_riu/mcs0/inst/microblaze_I/U0/<hidden>/<hidden>/<hidden>/<hidden>/<hidden>/<hidden>
  -------------------------------------------------------------------    -------------------
    SLICE_X6Y136         FDRE (Prop_DFF_SLICEL_C_Q)
                                                      0.079     4.328 r  system_i/ddr4_0/inst/u_ddr4_mem_intfc/u_ddr_cal_riu/mcs0/inst/microblaze_I/U0/<hidden>/<hidden>/<hidden>/<hidden>/<hidden>/<hidden>
                         net (fo=48, routed)          0.681     5.008    system_i/ddr4_0/inst/u_ddr4_mem_intfc/u_ddr_cal_riu/mcs0/inst/microblaze_I/U0/<hidden>/<hidden>/<hidden>/<hidden>/<hidden>/<hidden>/<hidden>/<hidden>
    SLICE_X8Y145         LUT6 (Prop_A6LUT_SLICEL_I0_O)
                                                      0.149     5.157 r  system_i/ddr4_0/inst/u_ddr4_mem_intfc/u_ddr_cal_riu/mcs0/inst/microblaze_I/U0/<hidden>/<hidden>/<hidden>/<hidden>/<hidden>/<hidden>/<hidden>/<hidden>/<hidden>
                         net (fo=1, routed)           0.009     5.166    system_i/ddr4_0/inst/u_ddr4_mem_intfc/u_ddr_cal_riu/mcs0/inst/microblaze_I/U0/<hidden>/<hidden>/<hidden>/<hidden>/<hidden>/<hidden>/<hidden>
    SLICE_X8Y145         CARRY8 (Prop_CARRY8_SLICEL_S[0]_O[6])
                                                      0.231     5.397 r  system_i/ddr4_0/inst/u_ddr4_mem_intfc/u_ddr_cal_riu/mcs0/inst/microblaze_I/U0/<hidden>/<hidden>/<hidden>/<hidden>/<hidden>/<hidden>/<hidden>/<hidden>
                         net (fo=27, routed)          0.499     5.896    system_i/ddr4_0/inst/u_ddr4_mem_intfc/u_ddr_cal_riu/mcs0/inst/microblaze_I/U0/<hidden>/<hidden>/<hidden>/<hidden>/<hidden>/<hidden>
    SLICE_X4Y142         LUT3 (Prop_B6LUT_SLICEM_I0_O)
                                                      0.052     5.948 r  system_i/ddr4_0/inst/u_ddr4_mem_intfc/u_ddr_cal_riu/mcs0/inst/microblaze_I/U0/<hidden>/<hidden>/<hidden>/<hidden>/<hidden>/<hidden>/<hidden>
                         net (fo=25, routed)          2.002     7.950    system_i/ddr4_0/inst/u_ddr4_mem_intfc/u_ddr_cal_riu/mcs0/inst/lmb_bram_I/U0/inst_blk_mem_gen/gnbram.gnative_mem_map_bmg.native_mem_map_blk_mem_gen/valid.cstr/ramloop[1].ram.r/prim_noinit.ram/addrb[11]
    RAMB36_X2Y31         RAMB36E2                                     r  system_i/ddr4_0/inst/u_ddr4_mem_intfc/u_ddr_cal_riu/mcs0/inst/lmb_bram_I/U0/inst_blk_mem_gen/gnbram.gnative_mem_map_bmg.native_mem_map_blk_mem_gen/valid.cstr/ramloop[1].ram.r/prim_noinit.ram/DEVICE_8SERIES.WITH_BMM_INFO.TRUE_DP.SIMPLE_PRIM36.SERIES8_TDP_SP36_NO_ECC_ATTR.ram/ADDRBWRADDR[12]
  -------------------------------------------------------------------    -------------------

                         (clock mmcm_clkout6 rise edge)
                                                      6.001     6.001 r  <hidden>
    K22                                               0.000     6.001 r  default_sysclk1_300_clk_p
                         net (fo=0)                   0.079     6.080    system_i/ddr4_0/inst/u_ddr4_mem_intfc/u_mig_ddr4_phy/inst/u_ddr4_phy_pll/diff_input_clk.u_ibufg_sys_clk/I
    HPIOBDIFFINBUF_X0Y58 DIFFINBUF (Prop_DIFFINBUF_HPIOBDIFFINBUF_DIFF_IN_P_O)
                                                      0.374     6.454 r  system_i/ddr4_0/inst/u_ddr4_mem_intfc/u_mig_ddr4_phy/inst/u_ddr4_phy_pll/diff_input_clk.u_ibufg_sys_clk/DIFFINBUF_INST/O
                         net (fo=1, routed)           0.040     6.494    system_i/ddr4_0/inst/u_ddr4_mem_intfc/u_mig_ddr4_phy/inst/u_ddr4_phy_pll/diff_input_clk.u_ibufg_sys_clk/OUT
    K22                  IBUFCTRL (Prop_IBUFCTRL_HPIOB_M_I_O)
                                                      0.000     6.494 r  system_i/ddr4_0/inst/u_ddr4_mem_intfc/u_mig_ddr4_phy/inst/u_ddr4_phy_pll/diff_input_clk.u_ibufg_sys_clk/IBUFCTRL_INST/O
                         net (fo=2, routed)           0.297     6.791    system_i/ddr4_0/inst/u_ddr4_mem_intfc/u_mig_ddr4_phy/inst/u_ddr4_phy_pll/sys_clk_in
    BUFGCE_X0Y49         BUFGCE (Prop_BUFCE_BUFGCE_I_O)
                                                      0.024     6.815 r  system_i/ddr4_0/inst/u_ddr4_mem_intfc/u_mig_ddr4_phy/inst/u_ddr4_phy_pll/gen_bufg_backbone.u__bufg_backbone/O
                         net (fo=1, routed)           1.049     7.864    system_i/ddr4_0/inst/u_ddr4_infrastructure/mmcm_clk_in
    MMCM_X0Y3            MMCME4_ADV (Prop_MMCM_CLKIN1_CLKOUT6)
                                                      0.630     8.494 r  system_i/ddr4_0/inst/u_ddr4_infrastructure/gen_mmcme4.u_mmcme_adv_inst/CLKOUT6
                         net (fo=1, routed)           0.227     8.721    system_i/ddr4_0/inst/u_ddr4_infrastructure/mmcm_clkout6
    BUFGCE_X0Y82         BUFGCE (Prop_BUFCE_BUFGCE_I_O)
                                                      0.024     8.745 r  system_i/ddr4_0/inst/u_ddr4_infrastructure/u_bufg_riuClk/O
    X1Y2 (CLOCK_ROOT)    net (fo=1640, routed)        1.651    10.395    system_i/ddr4_0/inst/u_ddr4_mem_intfc/u_ddr_cal_riu/mcs0/inst/lmb_bram_I/U0/inst_blk_mem_gen/gnbram.gnative_mem_map_bmg.native_mem_map_blk_mem_gen/valid.cstr/ramloop[1].ram.r/prim_noinit.ram/clkb
    RAMB36_X2Y31         RAMB36E2                                     r  system_i/ddr4_0/inst/u_ddr4_mem_intfc/u_ddr_cal_riu/mcs0/inst/lmb_bram_I/U0/inst_blk_mem_gen/gnbram.gnative_mem_map_bmg.native_mem_map_blk_mem_gen/valid.cstr/ramloop[1].ram.r/prim_noinit.ram/DEVICE_8SERIES.WITH_BMM_INFO.TRUE_DP.SIMPLE_PRIM36.SERIES8_TDP_SP36_NO_ECC_ATTR.ram/CLKBWRCLK
                         clock pessimism             -0.289    10.106    <hidden>
                         clock uncertainty           -0.068    10.038    <hidden>
    RAMB36_X2Y31         RAMB36E2 (Setup_RAMB36E2_RAMB36_CLKBWRCLK_ADDRBWRADDR[12])
                                                     -0.284     9.754    system_i/ddr4_0/inst/u_ddr4_mem_intfc/u_ddr_cal_riu/mcs0/inst/lmb_bram_I/U0/inst_blk_mem_gen/gnbram.gnative_mem_map_bmg.native_mem_map_blk_mem_gen/valid.cstr/ramloop[1].ram.r/prim_noinit.ram/DEVICE_8SERIES.WITH_BMM_INFO.TRUE_DP.SIMPLE_PRIM36.SERIES8_TDP_SP36_NO_ECC_ATTR.ram
  -------------------------------------------------------------------
                         required time                          9.754    <hidden>
                         arrival time                          -7.950    <hidden>
  -------------------------------------------------------------------
                         slack                                  1.804    <hidden>





Min Delay Paths
--------------------------------------------------------------------------------------
Slack (MET) :             0.027ns  (arrival time - required time)
  Source:                 system_i/ddr4_0/inst/u_ddr4_mem_intfc/u_ddr_cal_riu/mcs0/inst/microblaze_I/U0/<hidden>/<hidden>/<hidden>/<hidden>/<hidden>/<hidden>
                            (rising edge-triggered cell FDRE clocked by mmcm_clkout6  {rise@0.000ns fall@3.001ns period=6.001ns})
  Destination:            system_i/ddr4_0/inst/u_ddr4_mem_intfc/u_ddr_cal_riu/mcs0/inst/microblaze_I/U0/<hidden>/<hidden>/<hidden>/<hidden>/<hidden>
                            (rising edge-triggered cell FDRE clocked by mmcm_clkout6  {rise@0.000ns fall@3.001ns period=6.001ns})
  Path Group:             mmcm_clkout6
  Path Type:              Hold (Min at Slow Process Corner)
  Requirement:            0.000ns  (mmcm_clkout6 rise@0.000ns - mmcm_clkout6 rise@0.000ns)
  Data Path Delay:        0.135ns  (logic 0.059ns (43.731%)  route 0.076ns (56.269%))
  Logic Levels:           0  
  Clock Path Skew:        0.046ns (DCD - SCD - CPR)
    Destination Clock Delay (DCD):    4.251ns
    Source Clock Delay      (SCD):    4.442ns
    Clock Pessimism Removal (CPR):    -0.237ns
  Clock Net Delay (Source):      1.698ns (routing 0.862ns, distribution 0.836ns)
  Clock Net Delay (Destination): 1.926ns (routing 0.947ns, distribution 0.979ns)

    Location             Delay type                Incr(ns)  Path(ns)    Netlist Resource(s)
  -------------------------------------------------------------------    -------------------
                         (clock mmcm_clkout6 rise edge)
                                                      0.000     0.000 r  <hidden>
    K22                                               0.000     0.000 r  default_sysclk1_300_clk_p
                         net (fo=0)                   0.079     0.079    system_i/ddr4_0/inst/u_ddr4_mem_intfc/u_mig_ddr4_phy/inst/u_ddr4_phy_pll/diff_input_clk.u_ibufg_sys_clk/I
    HPIOBDIFFINBUF_X0Y58 DIFFINBUF (Prop_DIFFINBUF_HPIOBDIFFINBUF_DIFF_IN_P_O)
                                                      0.374     0.453 r  system_i/ddr4_0/inst/u_ddr4_mem_intfc/u_mig_ddr4_phy/inst/u_ddr4_phy_pll/diff_input_clk.u_ibufg_sys_clk/DIFFINBUF_INST/O
                         net (fo=1, routed)           0.040     0.493    system_i/ddr4_0/inst/u_ddr4_mem_intfc/u_mig_ddr4_phy/inst/u_ddr4_phy_pll/diff_input_clk.u_ibufg_sys_clk/OUT
    K22                  IBUFCTRL (Prop_IBUFCTRL_HPIOB_M_I_O)
                                                      0.000     0.493 r  system_i/ddr4_0/inst/u_ddr4_mem_intfc/u_mig_ddr4_phy/inst/u_ddr4_phy_pll/diff_input_clk.u_ibufg_sys_clk/IBUFCTRL_INST/O
                         net (fo=2, routed)           0.297     0.790    system_i/ddr4_0/inst/u_ddr4_mem_intfc/u_mig_ddr4_phy/inst/u_ddr4_phy_pll/sys_clk_in
    BUFGCE_X0Y49         BUFGCE (Prop_BUFCE_BUFGCE_I_O)
                                                      0.024     0.814 r  system_i/ddr4_0/inst/u_ddr4_mem_intfc/u_mig_ddr4_phy/inst/u_ddr4_phy_pll/gen_bufg_backbone.u__bufg_backbone/O
                         net (fo=1, routed)           1.049     1.863    system_i/ddr4_0/inst/u_ddr4_infrastructure/mmcm_clk_in
    MMCM_X0Y3            MMCME4_ADV (Prop_MMCM_CLKIN1_CLKOUT6)
                                                      0.630     2.493 r  system_i/ddr4_0/inst/u_ddr4_infrastructure/gen_mmcme4.u_mmcme_adv_inst/CLKOUT6
                         net (fo=1, routed)           0.227     2.720    system_i/ddr4_0/inst/u_ddr4_infrastructure/mmcm_clkout6
    BUFGCE_X0Y82         BUFGCE (Prop_BUFCE_BUFGCE_I_O)
                                                      0.024     2.744 r  system_i/ddr4_0/inst/u_ddr4_infrastructure/u_bufg_riuClk/O
    X1Y2 (CLOCK_ROOT)    net (fo=1640, routed)        1.698     4.442    system_i/ddr4_0/inst/u_ddr4_mem_intfc/u_ddr_cal_riu/mcs0/inst/microblaze_I/U0/<hidden>/<hidden>/<hidden>/<hidden>/<hidden>
    SLICE_X13Y146        FDRE                                         r  system_i/ddr4_0/inst/u_ddr4_mem_intfc/u_ddr_cal_riu/mcs0/inst/microblaze_I/U0/<hidden>/<hidden>/<hidden>/<hidden>/<hidden>/<hidden>
  -------------------------------------------------------------------    -------------------
    SLICE_X13Y146        FDRE (Prop_BFF_SLICEL_C_Q)
                                                      0.059     4.501 r  system_i/ddr4_0/inst/u_ddr4_mem_intfc/u_ddr_cal_riu/mcs0/inst/microblaze_I/U0/<hidden>/<hidden>/<hidden>/<hidden>/<hidden>/<hidden>
                         net (fo=21, routed)          0.076     4.577    system_i/ddr4_0/inst/u_ddr4_mem_intfc/u_ddr_cal_riu/mcs0/inst/microblaze_I/U0/<hidden>/<hidden>/<hidden>/<hidden>
    SLICE_X13Y144        FDRE                                         r  system_i/ddr4_0/inst/u_ddr4_mem_intfc/u_ddr_cal_riu/mcs0/inst/microblaze_I/U0/<hidden>/<hidden>/<hidden>/<hidden>/<hidden>
  -------------------------------------------------------------------    -------------------

                         (clock mmcm_clkout6 rise edge)
                                                      0.000     0.000 r  <hidden>
    K22                                               0.000     0.000 r  default_sysclk1_300_clk_p
                         net (fo=0)                   0.100     0.100    system_i/ddr4_0/inst/u_ddr4_mem_intfc/u_mig_ddr4_phy/inst/u_ddr4_phy_pll/diff_input_clk.u_ibufg_sys_clk/I
    HPIOBDIFFINBUF_X0Y58 DIFFINBUF (Prop_DIFFINBUF_HPIOBDIFFINBUF_DIFF_IN_P_O)
                                                      0.469     0.569 r  system_i/ddr4_0/inst/u_ddr4_mem_intfc/u_mig_ddr4_phy/inst/u_ddr4_phy_pll/diff_input_clk.u_ibufg_sys_clk/DIFFINBUF_INST/O
                         net (fo=1, routed)           0.050     0.619    system_i/ddr4_0/inst/u_ddr4_mem_intfc/u_mig_ddr4_phy/inst/u_ddr4_phy_pll/diff_input_clk.u_ibufg_sys_clk/OUT
    K22                  IBUFCTRL (Prop_IBUFCTRL_HPIOB_M_I_O)
                                                      0.000     0.619 r  system_i/ddr4_0/inst/u_ddr4_mem_intfc/u_mig_ddr4_phy/inst/u_ddr4_phy_pll/diff_input_clk.u_ibufg_sys_clk/IBUFCTRL_INST/O
                         net (fo=2, routed)           0.336     0.955    system_i/ddr4_0/inst/u_ddr4_mem_intfc/u_mig_ddr4_phy/inst/u_ddr4_phy_pll/sys_clk_in
    BUFGCE_X0Y49         BUFGCE (Prop_BUFCE_BUFGCE_I_O)
                                                      0.028     0.983 r  system_i/ddr4_0/inst/u_ddr4_mem_intfc/u_mig_ddr4_phy/inst/u_ddr4_phy_pll/gen_bufg_backbone.u__bufg_backbone/O
                         net (fo=1, routed)           1.179     2.162    system_i/ddr4_0/inst/u_ddr4_infrastructure/mmcm_clk_in
    MMCM_X0Y3            MMCME4_ADV (Prop_MMCM_CLKIN1_CLKOUT6)
                                                     -0.127     2.035 r  system_i/ddr4_0/inst/u_ddr4_infrastructure/gen_mmcme4.u_mmcme_adv_inst/CLKOUT6
                         net (fo=1, routed)           0.262     2.297    system_i/ddr4_0/inst/u_ddr4_infrastructure/mmcm_clkout6
    BUFGCE_X0Y82         BUFGCE (Prop_BUFCE_BUFGCE_I_O)
                                                      0.028     2.325 r  system_i/ddr4_0/inst/u_ddr4_infrastructure/u_bufg_riuClk/O
    X1Y2 (CLOCK_ROOT)    net (fo=1640, routed)        1.926     4.251    system_i/ddr4_0/inst/u_ddr4_mem_intfc/u_ddr_cal_riu/mcs0/inst/microblaze_I/U0/<hidden>/<hidden>/<hidden>/<hidden>
    SLICE_X13Y144        FDRE                                         r  system_i/ddr4_0/inst/u_ddr4_mem_intfc/u_ddr_cal_riu/mcs0/inst/microblaze_I/U0/<hidden>/<hidden>/<hidden>/<hidden>/<hidden>
                         clock pessimism              0.237     4.488    <hidden>
    SLICE_X13Y144        FDRE (Hold_HFF2_SLICEL_C_D)
                                                      0.062     4.550    system_i/ddr4_0/inst/u_ddr4_mem_intfc/u_ddr_cal_riu/mcs0/inst/microblaze_I/U0/<hidden>/<hidden>/<hidden>/<hidden>
  -------------------------------------------------------------------
                         required time                         -4.550    <hidden>
                         arrival time                           4.577    <hidden>
  -------------------------------------------------------------------
                         slack                                  0.027    <hidden>





Pulse Width Checks
--------------------------------------------------------------------------------------
Clock Name:         mmcm_clkout6
Waveform(ns):       { 0.000 3.001 }
Period(ns):         6.001
Sources:            { system_i/ddr4_0/inst/u_ddr4_infrastructure/gen_mmcme4.u_mmcme_adv_inst/CLKOUT6 }

Check Type        Corner  Lib Pin                   Reference Pin             Required(ns)  Actual(ns)  Slack(ns)  Location                Pin
Min Period        n/a     BITSLICE_CONTROL/RIU_CLK  n/a                       3.846         6.001       2.155      BITSLICE_CONTROL_X0Y19  system_i/ddr4_0/inst/u_ddr4_mem_intfc/u_mig_ddr4_phy/inst/generate_block1.u_ddr_xiphy/byte_num[0].xiphy_byte_wrapper.u_xiphy_byte_wrapper/I_CONTROL[1].GEN_I_CONTROL.u_xiphy_control/xiphy_control/RIU_CLK
Low Pulse Width   Slow    BITSLICE_CONTROL/RIU_CLK  n/a                       1.731         3.001       1.270      BITSLICE_CONTROL_X0Y19  system_i/ddr4_0/inst/u_ddr4_mem_intfc/u_mig_ddr4_phy/inst/generate_block1.u_ddr_xiphy/byte_num[0].xiphy_byte_wrapper.u_xiphy_byte_wrapper/I_CONTROL[1].GEN_I_CONTROL.u_xiphy_control/xiphy_control/RIU_CLK
High Pulse Width  Slow    BITSLICE_CONTROL/RIU_CLK  n/a                       1.731         3.001       1.270      BITSLICE_CONTROL_X0Y19  system_i/ddr4_0/inst/u_ddr4_mem_intfc/u_mig_ddr4_phy/inst/generate_block1.u_ddr_xiphy/byte_num[0].xiphy_byte_wrapper.u_xiphy_byte_wrapper/I_CONTROL[1].GEN_I_CONTROL.u_xiphy_control/xiphy_control/RIU_CLK
Max Skew          Fast    BITSLICE_CONTROL/RIU_CLK  BITSLICE_CONTROL/PLL_CLK  1.818         0.846       0.972      BITSLICE_CONTROL_X0Y25  system_i/ddr4_0/inst/u_ddr4_mem_intfc/u_mig_ddr4_phy/inst/generate_block1.u_ddr_xiphy/byte_num[3].xiphy_byte_wrapper.u_xiphy_byte_wrapper/I_CONTROL[1].GEN_I_CONTROL.u_xiphy_control/xiphy_control/RIU_CLK



---------------------------------------------------------------------------------------------------
From Clock:  system_i/mdm_0/U0/Use_E2.BSCAN_I/Use_E2.BSCANE2_I/DRCK
  To Clock:  system_i/mdm_0/U0/Use_E2.BSCAN_I/Use_E2.BSCANE2_I/DRCK

Setup :            0  Failing Endpoints,  Worst Slack       14.553ns,  Total Violation        0.000ns
Hold  :            0  Failing Endpoints,  Worst Slack        0.028ns,  Total Violation        0.000ns
PW    :            0  Failing Endpoints,  Worst Slack       16.134ns,  Total Violation        0.000ns
---------------------------------------------------------------------------------------------------


Max Delay Paths
--------------------------------------------------------------------------------------
Slack (MET) :             14.553ns  (required time - arrival time)
  Source:                 system_i/mdm_0/U0/MDM_Core_I1/JTAG_CONTROL_I/Use_BSCAN.SYNC_FDRE/Using_FPGA.Native/C
                            (falling edge-triggered cell FDRE clocked by system_i/mdm_0/U0/Use_E2.BSCAN_I/Use_E2.BSCANE2_I/DRCK  {rise@0.000ns fall@16.667ns period=33.333ns})
  Destination:            system_i/microblaze_0/U0/<hidden>/<hidden>/<hidden>/<hidden>/<hidden>
                            (rising edge-triggered cell FDRE clocked by system_i/mdm_0/U0/Use_E2.BSCAN_I/Use_E2.BSCANE2_I/DRCK  {rise@0.000ns fall@16.667ns period=33.333ns})
  Path Group:             system_i/mdm_0/U0/Use_E2.BSCAN_I/Use_E2.BSCANE2_I/DRCK
  Path Type:              Setup (Max at Slow Process Corner)
  Requirement:            16.667ns  (system_i/mdm_0/U0/Use_E2.BSCAN_I/Use_E2.BSCANE2_I/DRCK rise@33.333ns - system_i/mdm_0/U0/Use_E2.BSCAN_I/Use_E2.BSCANE2_I/DRCK fall@16.667ns)
  Data Path Delay:        1.977ns  (logic 0.257ns (12.998%)  route 1.720ns (87.002%))
  Logic Levels:           2  (LUT3=1 LUT6=1)
  Clock Path Skew:        0.074ns (DCD - SCD + CPR)
    Destination Clock Delay (DCD):    4.084ns = ( 37.417 - 33.333 ) 
    Source Clock Delay      (SCD):    10.421ns = ( 27.088 - 16.667 ) 
    Clock Pessimism Removal (CPR):    6.412ns
  Clock Uncertainty:      0.235ns  ((TSJ^2 + TIJ^2)^1/2 + DJ) / 2 + PE + DCD
    Total System Jitter     (TSJ):    0.071ns
    Total Input Jitter      (TIJ):    0.000ns
    Discrete Jitter          (DJ):    0.000ns
    Phase Error              (PE):    0.000ns
    Duty Cycle Distortion   (DCD):    0.200ns
  Clock Net Delay (Source):      1.867ns (routing 0.989ns, distribution 0.878ns)
  Clock Net Delay (Destination): 1.810ns (routing 0.899ns, distribution 0.911ns)

    Location             Delay type                Incr(ns)  Path(ns)    Netlist Resource(s)
  -------------------------------------------------------------------    -------------------
                         (clock system_i/mdm_0/U0/Use_E2.BSCAN_I/Use_E2.BSCANE2_I/DRCK fall edge)
                                                     16.667    16.667 f  <hidden>
    CONFIG_SITE_X0Y0     BSCANE2                      0.000    16.667 f  system_i/mdm_0/U0/Use_E2.BSCAN_I/Use_E2.BSCANE2_I/INTERNAL_TCK
    CONFIG_SITE_X0Y0     BSCANE2 (Prop_BSCAN2_CONFIG_SITE_INTERNAL_TCK_DRCK)
                                                      5.900    22.566 f  system_i/mdm_0/U0/Use_E2.BSCAN_I/Use_E2.BSCANE2_I/DRCK
                         net (fo=1, routed)           2.626    25.193    system_i/mdm_0/U0/No_Dbg_Reg_Access.BUFG_DRCK/DRCK
    BUFGCE_X0Y5          BUFGCE (Prop_BUFCE_BUFGCE_I_O)
                                                      0.028    25.221 f  system_i/mdm_0/U0/No_Dbg_Reg_Access.BUFG_DRCK/Using_FPGA.Native/O
    X1Y2 (CLOCK_ROOT)    net (fo=233, routed)         1.867    27.088    system_i/mdm_0/U0/MDM_Core_I1/JTAG_CONTROL_I/Use_BSCAN.SYNC_FDRE/Using_FPGA.Native_0
    SLICE_X54Y212        FDRE                                         r  system_i/mdm_0/U0/MDM_Core_I1/JTAG_CONTROL_I/Use_BSCAN.SYNC_FDRE/Using_FPGA.Native/C  (IS_INVERTED)
  -------------------------------------------------------------------    -------------------
    SLICE_X54Y212        FDRE (Prop_EFF_SLICEL_C_Q)
                                                      0.079    27.167 r  system_i/mdm_0/U0/MDM_Core_I1/JTAG_CONTROL_I/Use_BSCAN.SYNC_FDRE/Using_FPGA.Native/Q
                         net (fo=3, routed)           0.659    27.826    system_i/mdm_0/U0/MDM_Core_I1/JTAG_CONTROL_I/Use_BSCAN.SYNC_FDRE/sync
    SLICE_X47Y189        LUT6 (Prop_E6LUT_SLICEL_I0_O)
                                                      0.090    27.916 r  system_i/mdm_0/U0/MDM_Core_I1/JTAG_CONTROL_I/Use_BSCAN.SYNC_FDRE/Dbg_Shift_0_INST_0/O
                         net (fo=8, routed)           0.772    28.688    system_i/microblaze_0/U0/<hidden>/<hidden>/<hidden>/<hidden>
    SLICE_X75Y182        LUT3 (Prop_D6LUT_SLICEM_I2_O)
                                                      0.088    28.776 r  system_i/microblaze_0/U0/<hidden>/<hidden>/<hidden>/<hidden>/<hidden>
                         net (fo=1, routed)           0.289    29.065    system_i/microblaze_0/U0/<hidden>/<hidden>/<hidden>/<hidden>
    SLICE_X75Y182        FDRE                                         r  system_i/microblaze_0/U0/<hidden>/<hidden>/<hidden>/<hidden>/<hidden>
  -------------------------------------------------------------------    -------------------

                         (clock system_i/mdm_0/U0/Use_E2.BSCAN_I/Use_E2.BSCANE2_I/DRCK rise edge)
                                                     33.333    33.333 r  <hidden>
    CONFIG_SITE_X0Y0     BSCANE2                      0.000    33.333 r  system_i/mdm_0/U0/Use_E2.BSCAN_I/Use_E2.BSCANE2_I/INTERNAL_TCK
    CONFIG_SITE_X0Y0     BSCANE2 (Prop_BSCAN2_CONFIG_SITE_INTERNAL_TCK_DRCK)
                                                      0.465    33.798 r  system_i/mdm_0/U0/Use_E2.BSCAN_I/Use_E2.BSCANE2_I/DRCK
                         net (fo=1, routed)           1.785    35.583    system_i/mdm_0/U0/No_Dbg_Reg_Access.BUFG_DRCK/DRCK
    BUFGCE_X0Y5          BUFGCE (Prop_BUFCE_BUFGCE_I_O)
                                                      0.024    35.607 r  system_i/mdm_0/U0/No_Dbg_Reg_Access.BUFG_DRCK/Using_FPGA.Native/O
    X1Y2 (CLOCK_ROOT)    net (fo=233, routed)         1.810    37.417    system_i/microblaze_0/U0/<hidden>/<hidden>/<hidden>/<hidden>
    SLICE_X75Y182        FDRE                                         r  system_i/microblaze_0/U0/<hidden>/<hidden>/<hidden>/<hidden>/<hidden>
                         clock pessimism              6.412    43.828    <hidden>
                         clock uncertainty           -0.235    43.593    <hidden>
    SLICE_X75Y182        FDRE (Setup_EFF_SLICEM_C_D)
                                                      0.025    43.618    system_i/microblaze_0/U0/<hidden>/<hidden>/<hidden>/<hidden>
  -------------------------------------------------------------------
                         required time                         43.618    <hidden>
                         arrival time                         -29.065    <hidden>
  -------------------------------------------------------------------
                         slack                                 14.553    <hidden>





Min Delay Paths
--------------------------------------------------------------------------------------
Slack (MET) :             0.028ns  (arrival time - required time)
  Source:                 system_i/mdm_0/U0/MDM_Core_I1/Use_BSCAN.Config_Reg_reg_c_9/C
                            (rising edge-triggered cell FDCE clocked by system_i/mdm_0/U0/Use_E2.BSCAN_I/Use_E2.BSCANE2_I/DRCK  {rise@0.000ns fall@16.667ns period=33.333ns})
  Destination:            system_i/mdm_0/U0/MDM_Core_I1/Use_BSCAN.Config_Reg_reg_c_10/D
                            (rising edge-triggered cell FDCE clocked by system_i/mdm_0/U0/Use_E2.BSCAN_I/Use_E2.BSCANE2_I/DRCK  {rise@0.000ns fall@16.667ns period=33.333ns})
  Path Group:             system_i/mdm_0/U0/Use_E2.BSCAN_I/Use_E2.BSCANE2_I/DRCK
  Path Type:              Hold (Min at Fast Process Corner)
  Requirement:            0.000ns  (system_i/mdm_0/U0/Use_E2.BSCAN_I/Use_E2.BSCANE2_I/DRCK rise@0.000ns - system_i/mdm_0/U0/Use_E2.BSCAN_I/Use_E2.BSCANE2_I/DRCK rise@0.000ns)
  Data Path Delay:        0.081ns  (logic 0.039ns (48.148%)  route 0.042ns (51.852%))
  Logic Levels:           0  
  Clock Path Skew:        0.006ns (DCD - SCD - CPR)
    Destination Clock Delay (DCD):    8.916ns
    Source Clock Delay      (SCD):    2.891ns
    Clock Pessimism Removal (CPR):    6.019ns
  Clock Net Delay (Source):      1.035ns (routing 0.540ns, distribution 0.495ns)
  Clock Net Delay (Destination): 1.173ns (routing 0.604ns, distribution 0.569ns)

    Location             Delay type                Incr(ns)  Path(ns)    Netlist Resource(s)
  -------------------------------------------------------------------    -------------------
                         (clock system_i/mdm_0/U0/Use_E2.BSCAN_I/Use_E2.BSCANE2_I/DRCK rise edge)
                                                      0.000     0.000 r  <hidden>
    CONFIG_SITE_X0Y0     BSCANE2                      0.000     0.000 r  system_i/mdm_0/U0/Use_E2.BSCAN_I/Use_E2.BSCANE2_I/INTERNAL_TCK
    CONFIG_SITE_X0Y0     BSCANE2 (Prop_BSCAN2_CONFIG_SITE_INTERNAL_TCK_DRCK)
                                                      0.465     0.465 r  system_i/mdm_0/U0/Use_E2.BSCAN_I/Use_E2.BSCANE2_I/DRCK
                         net (fo=1, routed)           1.374     1.839    system_i/mdm_0/U0/No_Dbg_Reg_Access.BUFG_DRCK/DRCK
    BUFGCE_X0Y5          BUFGCE (Prop_BUFCE_BUFGCE_I_O)
                                                      0.017     1.856 r  system_i/mdm_0/U0/No_Dbg_Reg_Access.BUFG_DRCK/Using_FPGA.Native/O
    X1Y2 (CLOCK_ROOT)    net (fo=233, routed)         1.035     2.891    system_i/mdm_0/U0/MDM_Core_I1/Use_unisim.MB_SRL16E_I1
    SLICE_X44Y237        FDCE                                         r  system_i/mdm_0/U0/MDM_Core_I1/Use_BSCAN.Config_Reg_reg_c_9/C
  -------------------------------------------------------------------    -------------------
    SLICE_X44Y237        FDCE (Prop_GFF_SLICEM_C_Q)
                                                      0.039     2.930 r  system_i/mdm_0/U0/MDM_Core_I1/Use_BSCAN.Config_Reg_reg_c_9/Q
                         net (fo=1, routed)           0.042     2.972    system_i/mdm_0/U0/MDM_Core_I1/Use_BSCAN.Config_Reg_reg_c_9_n_0
    SLICE_X44Y237        FDCE                                         r  system_i/mdm_0/U0/MDM_Core_I1/Use_BSCAN.Config_Reg_reg_c_10/D
  -------------------------------------------------------------------    -------------------

                         (clock system_i/mdm_0/U0/Use_E2.BSCAN_I/Use_E2.BSCANE2_I/DRCK rise edge)
                                                      0.000     0.000 r  <hidden>
    CONFIG_SITE_X0Y0     BSCANE2                      0.000     0.000 r  system_i/mdm_0/U0/Use_E2.BSCAN_I/Use_E2.BSCANE2_I/INTERNAL_TCK
    CONFIG_SITE_X0Y0     BSCANE2 (Prop_BSCAN2_CONFIG_SITE_INTERNAL_TCK_DRCK)
                                                      5.900     5.900 r  system_i/mdm_0/U0/Use_E2.BSCAN_I/Use_E2.BSCANE2_I/DRCK
                         net (fo=1, routed)           1.824     7.724    system_i/mdm_0/U0/No_Dbg_Reg_Access.BUFG_DRCK/DRCK
    BUFGCE_X0Y5          BUFGCE (Prop_BUFCE_BUFGCE_I_O)
                                                      0.019     7.743 r  system_i/mdm_0/U0/No_Dbg_Reg_Access.BUFG_DRCK/Using_FPGA.Native/O
    X1Y2 (CLOCK_ROOT)    net (fo=233, routed)         1.173     8.916    system_i/mdm_0/U0/MDM_Core_I1/Use_unisim.MB_SRL16E_I1
    SLICE_X44Y237        FDCE                                         r  system_i/mdm_0/U0/MDM_Core_I1/Use_BSCAN.Config_Reg_reg_c_10/C
                         clock pessimism             -6.019     2.897    <hidden>
    SLICE_X44Y237        FDCE (Hold_EFF2_SLICEM_C_D)
                                                      0.047     2.944    system_i/mdm_0/U0/MDM_Core_I1/Use_BSCAN.Config_Reg_reg_c_10
  -------------------------------------------------------------------
                         required time                         -2.944    <hidden>
                         arrival time                           2.972    <hidden>
  -------------------------------------------------------------------
                         slack                                  0.028    <hidden>





Pulse Width Checks
--------------------------------------------------------------------------------------
Clock Name:         system_i/mdm_0/U0/Use_E2.BSCAN_I/Use_E2.BSCANE2_I/DRCK
Waveform(ns):       { 0.000 16.667 }
Period(ns):         33.333
Sources:            { system_i/mdm_0/U0/Use_E2.BSCAN_I/Use_E2.BSCANE2_I/DRCK }

Check Type        Corner  Lib Pin     Reference Pin  Required(ns)  Actual(ns)  Slack(ns)  Location       Pin
Min Period        n/a     BUFGCE/I    n/a            1.290         33.333      32.043     BUFGCE_X0Y5    system_i/mdm_0/U0/No_Dbg_Reg_Access.BUFG_DRCK/Using_FPGA.Native/I
Low Pulse Width   Slow    SRL16E/CLK  n/a            0.532         16.666      16.134     SLICE_X42Y239  system_i/mdm_0/U0/MDM_Core_I1/Use_BSCAN.Config_Reg_reg[12]_srl13_MDM_Core_I1_Use_BSCAN.Config_Reg_reg_c_11/CLK
High Pulse Width  Slow    SRL16E/CLK  n/a            0.532         16.667      16.135     SLICE_X42Y239  system_i/mdm_0/U0/MDM_Core_I1/Use_BSCAN.Config_Reg_reg[12]_srl13_MDM_Core_I1_Use_BSCAN.Config_Reg_reg_c_11/CLK



---------------------------------------------------------------------------------------------------
From Clock:  system_i/mdm_0/U0/Use_E2.BSCAN_I/Use_E2.BSCANE2_I/UPDATE
  To Clock:  system_i/mdm_0/U0/Use_E2.BSCAN_I/Use_E2.BSCANE2_I/UPDATE

Setup :            0  Failing Endpoints,  Worst Slack       30.013ns,  Total Violation        0.000ns
Hold  :            0  Failing Endpoints,  Worst Slack        0.146ns,  Total Violation        0.000ns
PW    :            0  Failing Endpoints,  Worst Slack       33.058ns,  Total Violation        0.000ns
---------------------------------------------------------------------------------------------------


Max Delay Paths
--------------------------------------------------------------------------------------
Slack (MET) :             30.013ns  (required time - arrival time)
  Source:                 system_i/mdm_0/U0/MDM_Core_I1/JTAG_CONTROL_I/Use_BSCAN.command_reg[6]/C
                            (falling edge-triggered cell FDRE clocked by system_i/mdm_0/U0/Use_E2.BSCAN_I/Use_E2.BSCANE2_I/UPDATE  {rise@0.000ns fall@33.333ns period=66.666ns})
  Destination:            system_i/microblaze_0/U0/<hidden>/<hidden>/<hidden>/<hidden>/<hidden>
                            (rising edge-triggered cell FDCE clocked by system_i/mdm_0/U0/Use_E2.BSCAN_I/Use_E2.BSCANE2_I/UPDATE  {rise@0.000ns fall@33.333ns period=66.666ns})
  Path Group:             system_i/mdm_0/U0/Use_E2.BSCAN_I/Use_E2.BSCANE2_I/UPDATE
  Path Type:              Setup (Max at Slow Process Corner)
  Requirement:            33.333ns  (system_i/mdm_0/U0/Use_E2.BSCAN_I/Use_E2.BSCANE2_I/UPDATE rise@66.666ns - system_i/mdm_0/U0/Use_E2.BSCAN_I/Use_E2.BSCANE2_I/UPDATE fall@33.333ns)
  Data Path Delay:        2.968ns  (logic 0.338ns (11.390%)  route 2.630ns (88.610%))
  Logic Levels:           2  (LUT3=1 LUT5=1)
  Clock Path Skew:        -0.058ns (DCD - SCD + CPR)
    Destination Clock Delay (DCD):    4.307ns = ( 70.973 - 66.666 ) 
    Source Clock Delay      (SCD):    10.019ns = ( 43.352 - 33.333 ) 
    Clock Pessimism Removal (CPR):    5.654ns
  Clock Uncertainty:      0.235ns  ((TSJ^2 + TIJ^2)^1/2 + DJ) / 2 + PE + DCD
    Total System Jitter     (TSJ):    0.071ns
    Total Input Jitter      (TIJ):    0.000ns
    Discrete Jitter          (DJ):    0.000ns
    Phase Error              (PE):    0.000ns
    Duty Cycle Distortion   (DCD):    0.200ns
  Clock Net Delay (Source):      2.250ns (routing 1.387ns, distribution 0.863ns)
  Clock Net Delay (Destination): 2.027ns (routing 1.262ns, distribution 0.765ns)

    Location             Delay type                Incr(ns)  Path(ns)    Netlist Resource(s)
  -------------------------------------------------------------------    -------------------
                         (clock system_i/mdm_0/U0/Use_E2.BSCAN_I/Use_E2.BSCANE2_I/UPDATE fall edge)
                                                     33.333    33.333 f  <hidden>
    CONFIG_SITE_X0Y0     BSCANE2                      0.000    33.333 f  system_i/mdm_0/U0/Use_E2.BSCAN_I/Use_E2.BSCANE2_I/INTERNAL_TCK
    CONFIG_SITE_X0Y0     BSCANE2 (Prop_BSCAN2_CONFIG_SITE_INTERNAL_TCK_UPDATE)
                                                      5.100    38.433 f  system_i/mdm_0/U0/Use_E2.BSCAN_I/Use_E2.BSCANE2_I/UPDATE
                         net (fo=1, routed)           2.641    41.074    system_i/mdm_0/U0/Use_E2.BSCAN_I/Dbg_Update_0
    BUFGCE_X0Y21         BUFGCE (Prop_BUFCE_BUFGCE_I_O)
                                                      0.028    41.102 f  system_i/mdm_0/U0/Use_E2.BSCAN_I/Dbg_Update_0_BUFG_inst/O
    X1Y3 (CLOCK_ROOT)    net (fo=39, routed)          2.250    43.352    system_i/mdm_0/U0/MDM_Core_I1/JTAG_CONTROL_I/CLK
    SLICE_X59Y213        FDRE                                         r  system_i/mdm_0/U0/MDM_Core_I1/JTAG_CONTROL_I/Use_BSCAN.command_reg[6]/C  (IS_INVERTED)
  -------------------------------------------------------------------    -------------------
    SLICE_X59Y213        FDRE (Prop_FFF2_SLICEL_C_Q)
                                                      0.081    43.433 f  system_i/mdm_0/U0/MDM_Core_I1/JTAG_CONTROL_I/Use_BSCAN.command_reg[6]/Q
                         net (fo=14, routed)          1.115    44.548    system_i/mdm_0/U0/MDM_Core_I1/JTAG_CONTROL_I/Use_BSCAN.FDC_I/command[6]
    SLICE_X51Y185        LUT3 (Prop_D5LUT_SLICEL_I2_O)
                                                      0.096    44.644 f  system_i/mdm_0/U0/MDM_Core_I1/JTAG_CONTROL_I/Use_BSCAN.FDC_I/Dbg_Reg_En_0[6]_INST_0/O
                         net (fo=8, routed)           0.332    44.976    system_i/microblaze_0/U0/<hidden>/<hidden>/<hidden>/<hidden>
    SLICE_X50Y183        LUT5 (Prop_H5LUT_SLICEM_I3_O)
                                                      0.161    45.137 r  system_i/microblaze_0/U0/<hidden>/<hidden>/<hidden>/<hidden>/<hidden>
                         net (fo=8, routed)           1.182    46.320    system_i/microblaze_0/U0/<hidden>/<hidden>/<hidden>/<hidden>
    SLICE_X65Y220        FDCE                                         r  system_i/microblaze_0/U0/<hidden>/<hidden>/<hidden>/<hidden>/<hidden>
  -------------------------------------------------------------------    -------------------

                         (clock system_i/mdm_0/U0/Use_E2.BSCAN_I/Use_E2.BSCANE2_I/UPDATE rise edge)
                                                     66.666    66.666 f  <hidden>
    CONFIG_SITE_X0Y0     BSCANE2                      0.000    66.666 f  system_i/mdm_0/U0/Use_E2.BSCAN_I/Use_E2.BSCANE2_I/INTERNAL_TCK
    CONFIG_SITE_X0Y0     BSCANE2 (Prop_BSCAN2_CONFIG_SITE_INTERNAL_TCK_UPDATE)
                                                      0.465    67.131 r  system_i/mdm_0/U0/Use_E2.BSCAN_I/Use_E2.BSCANE2_I/UPDATE
                         net (fo=1, routed)           1.791    68.922    system_i/mdm_0/U0/Use_E2.BSCAN_I/Dbg_Update_0
    BUFGCE_X0Y21         BUFGCE (Prop_BUFCE_BUFGCE_I_O)
                                                      0.024    68.946 r  system_i/mdm_0/U0/Use_E2.BSCAN_I/Dbg_Update_0_BUFG_inst/O
    X1Y3 (CLOCK_ROOT)    net (fo=39, routed)          2.027    70.973    system_i/microblaze_0/U0/<hidden>/<hidden>/<hidden>/<hidden>
    SLICE_X65Y220        FDCE                                         r  system_i/microblaze_0/U0/<hidden>/<hidden>/<hidden>/<hidden>/<hidden>
                         clock pessimism              5.654    76.627    <hidden>
                         clock uncertainty           -0.235    76.392    <hidden>
    SLICE_X65Y220        FDCE (Setup_EFF_SLICEL_C_CE)
                                                     -0.060    76.332    system_i/microblaze_0/U0/<hidden>/<hidden>/<hidden>/<hidden>
  -------------------------------------------------------------------
                         required time                         76.332    <hidden>
                         arrival time                         -46.320    <hidden>
  -------------------------------------------------------------------
                         slack                                 30.013    <hidden>





Min Delay Paths
--------------------------------------------------------------------------------------
Slack (MET) :             0.146ns  (arrival time - required time)
  Source:                 system_i/mdm_0/U0/MDM_Core_I1/JTAG_CONTROL_I/completion_ctrl_reg[0]/C
                            (rising edge-triggered cell FDRE clocked by system_i/mdm_0/U0/Use_E2.BSCAN_I/Use_E2.BSCANE2_I/UPDATE  {rise@0.000ns fall@33.333ns period=66.666ns})
  Destination:            system_i/mdm_0/U0/MDM_Core_I1/JTAG_CONTROL_I/completion_ctrl_reg[0]/D
                            (rising edge-triggered cell FDRE clocked by system_i/mdm_0/U0/Use_E2.BSCAN_I/Use_E2.BSCANE2_I/UPDATE  {rise@0.000ns fall@33.333ns period=66.666ns})
  Path Group:             system_i/mdm_0/U0/Use_E2.BSCAN_I/Use_E2.BSCANE2_I/UPDATE
  Path Type:              Hold (Min at Fast Process Corner)
  Requirement:            0.000ns  (system_i/mdm_0/U0/Use_E2.BSCAN_I/Use_E2.BSCANE2_I/UPDATE rise@0.000ns - system_i/mdm_0/U0/Use_E2.BSCAN_I/Use_E2.BSCANE2_I/UPDATE rise@0.000ns)
  Data Path Delay:        0.199ns  (logic 0.071ns (35.738%)  route 0.128ns (64.262%))
  Logic Levels:           1  (LUT3=1)
  Clock Path Skew:        0.006ns (DCD - SCD - CPR)
    Destination Clock Delay (DCD):    8.308ns
    Source Clock Delay      (SCD):    3.062ns
    Clock Pessimism Removal (CPR):    5.240ns
  Clock Net Delay (Source):      1.206ns (routing 0.753ns, distribution 0.453ns)
  Clock Net Delay (Destination): 1.362ns (routing 0.839ns, distribution 0.523ns)

    Location             Delay type                Incr(ns)  Path(ns)    Netlist Resource(s)
  -------------------------------------------------------------------    -------------------
                         (clock system_i/mdm_0/U0/Use_E2.BSCAN_I/Use_E2.BSCANE2_I/UPDATE rise edge)
                                                      0.000     0.000 r  <hidden>
    CONFIG_SITE_X0Y0     BSCANE2                      0.000     0.000 f  system_i/mdm_0/U0/Use_E2.BSCAN_I/Use_E2.BSCANE2_I/INTERNAL_TCK
    CONFIG_SITE_X0Y0     BSCANE2 (Prop_BSCAN2_CONFIG_SITE_INTERNAL_TCK_UPDATE)
                                                      0.465     0.465 r  system_i/mdm_0/U0/Use_E2.BSCAN_I/Use_E2.BSCANE2_I/UPDATE
                         net (fo=1, routed)           1.374     1.839    system_i/mdm_0/U0/Use_E2.BSCAN_I/Dbg_Update_0
    BUFGCE_X0Y21         BUFGCE (Prop_BUFCE_BUFGCE_I_O)
                                                      0.017     1.856 r  system_i/mdm_0/U0/Use_E2.BSCAN_I/Dbg_Update_0_BUFG_inst/O
    X1Y3 (CLOCK_ROOT)    net (fo=39, routed)          1.206     3.062    system_i/mdm_0/U0/MDM_Core_I1/JTAG_CONTROL_I/CLK
    SLICE_X47Y193        FDRE                                         r  system_i/mdm_0/U0/MDM_Core_I1/JTAG_CONTROL_I/completion_ctrl_reg[0]/C
  -------------------------------------------------------------------    -------------------
    SLICE_X47Y193        FDRE (Prop_HFF2_SLICEL_C_Q)
                                                      0.039     3.101 r  system_i/mdm_0/U0/MDM_Core_I1/JTAG_CONTROL_I/completion_ctrl_reg[0]/Q
                         net (fo=2, routed)           0.122     3.223    system_i/mdm_0/U0/MDM_Core_I1/JTAG_CONTROL_I/Use_BSCAN.FDC_I/completion_ctrl[0]
    SLICE_X47Y193        LUT3 (Prop_H5LUT_SLICEL_I2_O)
                                                      0.032     3.255 r  system_i/mdm_0/U0/MDM_Core_I1/JTAG_CONTROL_I/Use_BSCAN.FDC_I/completion_ctrl[0]_i_1/O
                         net (fo=1, routed)           0.006     3.261    system_i/mdm_0/U0/MDM_Core_I1/JTAG_CONTROL_I/Use_BSCAN.FDC_I_n_35
    SLICE_X47Y193        FDRE                                         r  system_i/mdm_0/U0/MDM_Core_I1/JTAG_CONTROL_I/completion_ctrl_reg[0]/D
  -------------------------------------------------------------------    -------------------

                         (clock system_i/mdm_0/U0/Use_E2.BSCAN_I/Use_E2.BSCANE2_I/UPDATE rise edge)
                                                      0.000     0.000 f  <hidden>
    CONFIG_SITE_X0Y0     BSCANE2                      0.000     0.000 f  system_i/mdm_0/U0/Use_E2.BSCAN_I/Use_E2.BSCANE2_I/INTERNAL_TCK
    CONFIG_SITE_X0Y0     BSCANE2 (Prop_BSCAN2_CONFIG_SITE_INTERNAL_TCK_UPDATE)
                                                      5.100     5.100 r  system_i/mdm_0/U0/Use_E2.BSCAN_I/Use_E2.BSCANE2_I/UPDATE
                         net (fo=1, routed)           1.827     6.927    system_i/mdm_0/U0/Use_E2.BSCAN_I/Dbg_Update_0
    BUFGCE_X0Y21         BUFGCE (Prop_BUFCE_BUFGCE_I_O)
                                                      0.019     6.946 r  system_i/mdm_0/U0/Use_E2.BSCAN_I/Dbg_Update_0_BUFG_inst/O
    X1Y3 (CLOCK_ROOT)    net (fo=39, routed)          1.362     8.308    system_i/mdm_0/U0/MDM_Core_I1/JTAG_CONTROL_I/CLK
    SLICE_X47Y193        FDRE                                         r  system_i/mdm_0/U0/MDM_Core_I1/JTAG_CONTROL_I/completion_ctrl_reg[0]/C
                         clock pessimism             -5.240     3.068    <hidden>
    SLICE_X47Y193        FDRE (Hold_HFF2_SLICEL_C_D)
                                                      0.047     3.115    system_i/mdm_0/U0/MDM_Core_I1/JTAG_CONTROL_I/completion_ctrl_reg[0]
  -------------------------------------------------------------------
                         required time                         -3.115    <hidden>
                         arrival time                           3.261    <hidden>
  -------------------------------------------------------------------
                         slack                                  0.146    <hidden>





Pulse Width Checks
--------------------------------------------------------------------------------------
Clock Name:         system_i/mdm_0/U0/Use_E2.BSCAN_I/Use_E2.BSCANE2_I/UPDATE
Waveform(ns):       { 0.000 33.333 }
Period(ns):         66.666
Sources:            { system_i/mdm_0/U0/Use_E2.BSCAN_I/Use_E2.BSCANE2_I/UPDATE }

Check Type        Corner  Lib Pin   Reference Pin  Required(ns)  Actual(ns)  Slack(ns)  Location       Pin
Min Period        n/a     BUFGCE/I  n/a            1.290         66.666      65.376     BUFGCE_X0Y21   system_i/mdm_0/U0/Use_E2.BSCAN_I/Dbg_Update_0_BUFG_inst/I
Low Pulse Width   Slow    FDCE/C    n/a            0.275         33.333      33.058     SLICE_X59Y219  system_i/mdm_0/U0/MDM_Core_I1/Use_BSCAN.PORT_Selector_1_reg[0]/C
High Pulse Width  Slow    FDCE/C    n/a            0.275         33.333      33.058     SLICE_X59Y219  system_i/mdm_0/U0/MDM_Core_I1/Use_BSCAN.PORT_Selector_1_reg[0]/C



---------------------------------------------------------------------------------------------------
From Clock:  mmcm_clkout5
  To Clock:  dbg_hub/inst/BSCANID.u_xsdbm_id/SWITCH_N_EXT_BSCAN.bscan_inst/SERIES7_BSCAN.bscan_inst/INTERNAL_TCK

Setup :            0  Failing Endpoints,  Worst Slack       11.573ns,  Total Violation        0.000ns
Hold  :           NA  Failing Endpoints,  Worst Slack           NA  ,  Total Violation           NA
---------------------------------------------------------------------------------------------------


Max Delay Paths
--------------------------------------------------------------------------------------
Slack (MET) :             11.573ns  (required time - arrival time)
  Source:                 dbg_hub/inst/BSCANID.u_xsdbm_id/CORE_XSDB.UUT_MASTER/U_ICON_INTERFACE/U_CMD6_WR/U_WR_FIFO/SUBCORE_FIFO.xsdbm_v3_0_6_wrfifo_inst/inst_fifo_gen/gconvfifo.rf/grf.rf/gntv_or_sync_fifo.gcx.clkx/gnxpm_cdc.rd_pntr_gc_reg[1]/C
                            (rising edge-triggered cell FDCE clocked by mmcm_clkout5  {rise@0.000ns fall@6.001ns period=12.002ns})
  Destination:            dbg_hub/inst/BSCANID.u_xsdbm_id/CORE_XSDB.UUT_MASTER/U_ICON_INTERFACE/U_CMD6_WR/U_WR_FIFO/SUBCORE_FIFO.xsdbm_v3_0_6_wrfifo_inst/inst_fifo_gen/gconvfifo.rf/grf.rf/gntv_or_sync_fifo.gcx.clkx/gnxpm_cdc.gsync_stage[1].wr_stg_inst/Q_reg_reg[1]/D
                            (rising edge-triggered cell FDCE clocked by dbg_hub/inst/BSCANID.u_xsdbm_id/SWITCH_N_EXT_BSCAN.bscan_inst/SERIES7_BSCAN.bscan_inst/INTERNAL_TCK  {rise@0.000ns fall@25.000ns period=50.000ns})
  Path Group:             dbg_hub/inst/BSCANID.u_xsdbm_id/SWITCH_N_EXT_BSCAN.bscan_inst/SERIES7_BSCAN.bscan_inst/INTERNAL_TCK
  Path Type:              Setup (Max at Slow Process Corner)
  Requirement:            12.002ns  (MaxDelay Path 12.002ns)
  Data Path Delay:        0.454ns  (logic 0.081ns (17.841%)  route 0.373ns (82.159%))
  Logic Levels:           0  
  Timing Exception:       MaxDelay Path 12.002ns -datapath_only

    Location             Delay type                Incr(ns)  Path(ns)    Netlist Resource(s)
  -------------------------------------------------------------------    -------------------
    SLICE_X43Y114                                     0.000     0.000 r  dbg_hub/inst/BSCANID.u_xsdbm_id/CORE_XSDB.UUT_MASTER/U_ICON_INTERFACE/U_CMD6_WR/U_WR_FIFO/SUBCORE_FIFO.xsdbm_v3_0_6_wrfifo_inst/inst_fifo_gen/gconvfifo.rf/grf.rf/gntv_or_sync_fifo.gcx.clkx/gnxpm_cdc.rd_pntr_gc_reg[1]/C
    SLICE_X43Y114        FDCE (Prop_DFF2_SLICEL_C_Q)
                                                      0.081     0.081 r  dbg_hub/inst/BSCANID.u_xsdbm_id/CORE_XSDB.UUT_MASTER/U_ICON_INTERFACE/U_CMD6_WR/U_WR_FIFO/SUBCORE_FIFO.xsdbm_v3_0_6_wrfifo_inst/inst_fifo_gen/gconvfifo.rf/grf.rf/gntv_or_sync_fifo.gcx.clkx/gnxpm_cdc.rd_pntr_gc_reg[1]/Q
                         net (fo=1, routed)           0.373     0.454    dbg_hub/inst/BSCANID.u_xsdbm_id/CORE_XSDB.UUT_MASTER/U_ICON_INTERFACE/U_CMD6_WR/U_WR_FIFO/SUBCORE_FIFO.xsdbm_v3_0_6_wrfifo_inst/inst_fifo_gen/gconvfifo.rf/grf.rf/gntv_or_sync_fifo.gcx.clkx/gnxpm_cdc.gsync_stage[1].wr_stg_inst/Q[1]
    SLICE_X46Y115        FDCE                                         r  dbg_hub/inst/BSCANID.u_xsdbm_id/CORE_XSDB.UUT_MASTER/U_ICON_INTERFACE/U_CMD6_WR/U_WR_FIFO/SUBCORE_FIFO.xsdbm_v3_0_6_wrfifo_inst/inst_fifo_gen/gconvfifo.rf/grf.rf/gntv_or_sync_fifo.gcx.clkx/gnxpm_cdc.gsync_stage[1].wr_stg_inst/Q_reg_reg[1]/D
  -------------------------------------------------------------------    -------------------

                         max delay                   12.002    12.002    <hidden>
    SLICE_X46Y115        FDCE (Setup_GFF2_SLICEL_C_D)
                                                      0.025    12.027    dbg_hub/inst/BSCANID.u_xsdbm_id/CORE_XSDB.UUT_MASTER/U_ICON_INTERFACE/U_CMD6_WR/U_WR_FIFO/SUBCORE_FIFO.xsdbm_v3_0_6_wrfifo_inst/inst_fifo_gen/gconvfifo.rf/grf.rf/gntv_or_sync_fifo.gcx.clkx/gnxpm_cdc.gsync_stage[1].wr_stg_inst/Q_reg_reg[1]
  -------------------------------------------------------------------
                         required time                         12.027    <hidden>
                         arrival time                          -0.454    <hidden>
  -------------------------------------------------------------------
                         slack                                 11.573    <hidden>





---------------------------------------------------------------------------------------------------
From Clock:  mmcm_clkout1
  To Clock:  mmcm_clkout0

Setup :            0  Failing Endpoints,  Worst Slack        8.767ns,  Total Violation        0.000ns
Hold  :           NA  Failing Endpoints,  Worst Slack           NA  ,  Total Violation           NA
---------------------------------------------------------------------------------------------------


Max Delay Paths
--------------------------------------------------------------------------------------
Slack (MET) :             8.767ns  (required time - arrival time)
  Source:                 system_i/sc_0/inst/m00_nodes/m00_w_node/inst/inst_mi_handler/gen_normal_area.inst_fifo_node_payld/gen_xpm_memory_fifo.inst_fifo/gen_mem_rep[1].inst_xpm_memory/xpm_memory_base_inst/gen_wr_a.gen_word_narrow.mem_reg_0_31_98_111/RAMF_D1/CLK
                            (rising edge-triggered cell RAMD32 clocked by mmcm_clkout1  {rise@0.000ns fall@5.001ns period=10.002ns})
  Destination:            system_i/sc_0/inst/m00_nodes/m00_w_node/inst/inst_mi_handler/gen_normal_area.inst_fifo_node_payld/gen_xpm_memory_fifo.inst_fifo/gen_mem_rep[1].inst_xpm_memory/xpm_memory_base_inst/gen_rd_b.gen_rd_b_synth_template.gen_rf_narrow_reg.doutb_reg_reg[109]/D
                            (rising edge-triggered cell FDRE clocked by mmcm_clkout0  {rise@0.000ns fall@1.500ns period=3.001ns})
  Path Group:             mmcm_clkout0
  Path Type:              Setup (Max at Slow Process Corner)
  Requirement:            10.002ns  (MaxDelay Path 10.002ns)
  Data Path Delay:        1.260ns  (logic 0.304ns (24.127%)  route 0.956ns (75.873%))
  Logic Levels:           0  
  Timing Exception:       MaxDelay Path 10.002ns -datapath_only

    Location             Delay type                Incr(ns)  Path(ns)    Netlist Resource(s)
  -------------------------------------------------------------------    -------------------
    SLICE_X52Y156                                     0.000     0.000 r  system_i/sc_0/inst/m00_nodes/m00_w_node/inst/inst_mi_handler/gen_normal_area.inst_fifo_node_payld/gen_xpm_memory_fifo.inst_fifo/gen_mem_rep[1].inst_xpm_memory/xpm_memory_base_inst/gen_wr_a.gen_word_narrow.mem_reg_0_31_98_111/RAMF_D1/CLK
    SLICE_X52Y156        RAMD32 (Prop_F6LUT_SLICEM_CLK_O)
                                                      0.304     0.304 r  system_i/sc_0/inst/m00_nodes/m00_w_node/inst/inst_mi_handler/gen_normal_area.inst_fifo_node_payld/gen_xpm_memory_fifo.inst_fifo/gen_mem_rep[1].inst_xpm_memory/xpm_memory_base_inst/gen_wr_a.gen_word_narrow.mem_reg_0_31_98_111/RAMF_D1/O
                         net (fo=1, routed)           0.956     1.260    system_i/sc_0/inst/m00_nodes/m00_w_node/inst/inst_mi_handler/gen_normal_area.inst_fifo_node_payld/gen_xpm_memory_fifo.inst_fifo/gen_mem_rep[1].inst_xpm_memory/xpm_memory_base_inst/gen_rd_b.gen_rd_b_synth_template.gen_rf_narrow_reg.doutb_reg_reg0[109]
    SLICE_X46Y189        FDRE                                         r  system_i/sc_0/inst/m00_nodes/m00_w_node/inst/inst_mi_handler/gen_normal_area.inst_fifo_node_payld/gen_xpm_memory_fifo.inst_fifo/gen_mem_rep[1].inst_xpm_memory/xpm_memory_base_inst/gen_rd_b.gen_rd_b_synth_template.gen_rf_narrow_reg.doutb_reg_reg[109]/D
  -------------------------------------------------------------------    -------------------

                         max delay                   10.002    10.002    <hidden>
    SLICE_X46Y189        FDRE (Setup_BFF2_SLICEL_C_D)
                                                      0.025    10.027    system_i/sc_0/inst/m00_nodes/m00_w_node/inst/inst_mi_handler/gen_normal_area.inst_fifo_node_payld/gen_xpm_memory_fifo.inst_fifo/gen_mem_rep[1].inst_xpm_memory/xpm_memory_base_inst/gen_rd_b.gen_rd_b_synth_template.gen_rf_narrow_reg.doutb_reg_reg[109]
  -------------------------------------------------------------------
                         required time                         10.027    <hidden>
                         arrival time                          -1.260    <hidden>
  -------------------------------------------------------------------
                         slack                                  8.767    <hidden>





---------------------------------------------------------------------------------------------------
From Clock:  mmcm_clkout5
  To Clock:  mmcm_clkout0

Setup :            0  Failing Endpoints,  Worst Slack        2.522ns,  Total Violation        0.000ns
Hold  :           NA  Failing Endpoints,  Worst Slack           NA  ,  Total Violation           NA
---------------------------------------------------------------------------------------------------


Max Delay Paths
--------------------------------------------------------------------------------------
Slack (MET) :             2.522ns  (required time - arrival time)
  Source:                 system_i/ddr4_0/inst/u_ddr4_mem_intfc/u_ddr_cal_top/u_ddr_cal/u_xsdb_arbiter/slave_addr_r_reg[9]/C
                            (rising edge-triggered cell FDRE clocked by mmcm_clkout5  {rise@0.000ns fall@6.001ns period=12.002ns})
  Destination:            system_i/ddr4_0/inst/u_ddr4_mem_intfc/u_ddr_cal_top/u_ddr_cal/u_xsdb_arbiter/u_slave_addr_sync/SYNC[9].sync_reg_reg[0]/D
                            (rising edge-triggered cell FDRE clocked by mmcm_clkout0  {rise@0.000ns fall@1.500ns period=3.001ns})
  Path Group:             mmcm_clkout0
  Path Type:              Setup (Max at Slow Process Corner)
  Requirement:            3.000ns  (MaxDelay Path 3.000ns)
  Data Path Delay:        0.503ns  (logic 0.081ns (16.103%)  route 0.422ns (83.897%))
  Logic Levels:           0  
  Timing Exception:       MaxDelay Path 3.000ns -datapath_only

    Location             Delay type                Incr(ns)  Path(ns)    Netlist Resource(s)
  -------------------------------------------------------------------    -------------------
    SLICE_X22Y136                                     0.000     0.000 r  system_i/ddr4_0/inst/u_ddr4_mem_intfc/u_ddr_cal_top/u_ddr_cal/u_xsdb_arbiter/slave_addr_r_reg[9]/C
    SLICE_X22Y136        FDRE (Prop_FFF2_SLICEL_C_Q)
                                                      0.081     0.081 r  system_i/ddr4_0/inst/u_ddr4_mem_intfc/u_ddr_cal_top/u_ddr_cal/u_xsdb_arbiter/slave_addr_r_reg[9]/Q
                         net (fo=1, routed)           0.422     0.503    system_i/ddr4_0/inst/u_ddr4_mem_intfc/u_ddr_cal_top/u_ddr_cal/u_xsdb_arbiter/u_slave_addr_sync/out[9]
    SLICE_X19Y148        FDRE                                         r  system_i/ddr4_0/inst/u_ddr4_mem_intfc/u_ddr_cal_top/u_ddr_cal/u_xsdb_arbiter/u_slave_addr_sync/SYNC[9].sync_reg_reg[0]/D
  -------------------------------------------------------------------    -------------------

                         max delay                    3.000     3.000    <hidden>
    SLICE_X19Y148        FDRE (Setup_DFF2_SLICEL_C_D)
                                                      0.025     3.025    system_i/ddr4_0/inst/u_ddr4_mem_intfc/u_ddr_cal_top/u_ddr_cal/u_xsdb_arbiter/u_slave_addr_sync/SYNC[9].sync_reg_reg[0]
  -------------------------------------------------------------------
                         required time                          3.025    <hidden>
                         arrival time                          -0.503    <hidden>
  -------------------------------------------------------------------
                         slack                                  2.522    <hidden>





---------------------------------------------------------------------------------------------------
From Clock:  mmcm_clkout6
  To Clock:  mmcm_clkout0

Setup :            0  Failing Endpoints,  Worst Slack        1.767ns,  Total Violation        0.000ns
Hold  :           NA  Failing Endpoints,  Worst Slack           NA  ,  Total Violation           NA
---------------------------------------------------------------------------------------------------


Max Delay Paths
--------------------------------------------------------------------------------------
Slack (MET) :             1.767ns  (required time - arrival time)
  Source:                 system_i/ddr4_0/inst/u_ddr4_mem_intfc/u_ddr_cal_riu/io_address_riuclk_reg[21]/C
                            (rising edge-triggered cell FDRE clocked by mmcm_clkout6  {rise@0.000ns fall@3.001ns period=6.001ns})
  Destination:            system_i/ddr4_0/inst/u_ddr4_mem_intfc/u_io_addr_sync/SYNC[21].sync_reg_reg[0]/D
                            (rising edge-triggered cell FDRE clocked by mmcm_clkout0  {rise@0.000ns fall@1.500ns period=3.001ns})
  Path Group:             mmcm_clkout0
  Path Type:              Setup (Max at Slow Process Corner)
  Requirement:            3.000ns  (MaxDelay Path 3.000ns)
  Data Path Delay:        1.258ns  (logic 0.079ns (6.277%)  route 1.179ns (93.723%))
  Logic Levels:           0  
  Timing Exception:       MaxDelay Path 3.000ns -datapath_only

    Location             Delay type                Incr(ns)  Path(ns)    Netlist Resource(s)
  -------------------------------------------------------------------    -------------------
    SLICE_X8Y155                                      0.000     0.000 r  system_i/ddr4_0/inst/u_ddr4_mem_intfc/u_ddr_cal_riu/io_address_riuclk_reg[21]/C
    SLICE_X8Y155         FDRE (Prop_FFF_SLICEL_C_Q)
                                                      0.079     0.079 r  system_i/ddr4_0/inst/u_ddr4_mem_intfc/u_ddr_cal_riu/io_address_riuclk_reg[21]/Q
                         net (fo=43, routed)          1.179     1.258    system_i/ddr4_0/inst/u_ddr4_mem_intfc/u_io_addr_sync/SYNC[31].sync_reg_reg[0]_0[21]
    SLICE_X6Y181         FDRE                                         r  system_i/ddr4_0/inst/u_ddr4_mem_intfc/u_io_addr_sync/SYNC[21].sync_reg_reg[0]/D
  -------------------------------------------------------------------    -------------------

                         max delay                    3.000     3.000    <hidden>
    SLICE_X6Y181         FDRE (Setup_DFF2_SLICEL_C_D)
                                                      0.025     3.025    system_i/ddr4_0/inst/u_ddr4_mem_intfc/u_io_addr_sync/SYNC[21].sync_reg_reg[0]
  -------------------------------------------------------------------
                         required time                          3.025    <hidden>
                         arrival time                          -1.258    <hidden>
  -------------------------------------------------------------------
                         slack                                  1.767    <hidden>





---------------------------------------------------------------------------------------------------
From Clock:  mmcm_clkout0
  To Clock:  pll_clk[0]_DIV

Setup :            0  Failing Endpoints,  Worst Slack        1.077ns,  Total Violation        0.000ns
Hold  :            0  Failing Endpoints,  Worst Slack        0.599ns,  Total Violation        0.000ns
---------------------------------------------------------------------------------------------------


Max Delay Paths
--------------------------------------------------------------------------------------
Slack (MET) :             1.077ns  (required time - arrival time)
  Source:                 system_i/ddr4_0/inst/u_ddr4_mem_intfc/u_mig_ddr4_phy/inst/clb2phy_t_b_addr_reg[0]/C
                            (rising edge-triggered cell FDRE clocked by mmcm_clkout0  {rise@0.000ns fall@1.500ns period=3.001ns})
  Destination:            system_i/ddr4_0/inst/u_ddr4_mem_intfc/u_mig_ddr4_phy/inst/generate_block1.u_ddr_xiphy/byte_num[0].xiphy_byte_wrapper.u_xiphy_byte_wrapper/I_CONTROL[1].GEN_I_CONTROL.u_xiphy_control/xiphy_control/TBYTE_IN[0]
                            (rising edge-triggered cell BITSLICE_CONTROL clocked by pll_clk[0]_DIV  {rise@0.000ns fall@1.500ns period=3.001ns})
  Path Group:             pll_clk[0]_DIV
  Path Type:              Setup (Max at Slow Process Corner)
  Requirement:            3.001ns  (pll_clk[0]_DIV rise@3.001ns - mmcm_clkout0 rise@0.000ns)
  Data Path Delay:        1.021ns  (logic 0.079ns (7.736%)  route 0.942ns (92.264%))
  Logic Levels:           0  
  Clock Path Skew:        -0.574ns (DCD - SCD + CPR)
    Destination Clock Delay (DCD):    3.930ns = ( 6.931 - 3.001 ) 
    Source Clock Delay      (SCD):    4.202ns
    Clock Pessimism Removal (CPR):    -0.302ns
  Clock Uncertainty:      0.170ns  ((TSJ^2 + DJ^2)^1/2) / 2 + PE
    Total System Jitter     (TSJ):    0.071ns
    Discrete Jitter          (DJ):    0.062ns
    Phase Error              (PE):    0.123ns
  Clock Net Delay (Source):      1.895ns (routing 0.932ns, distribution 0.963ns)
  Clock Net Delay (Destination): 1.558ns (routing 0.847ns, distribution 0.711ns)

    Location             Delay type                Incr(ns)  Path(ns)    Netlist Resource(s)
  -------------------------------------------------------------------    -------------------
                         (clock mmcm_clkout0 rise edge)
                                                      0.000     0.000 r  <hidden>
    K22                                               0.000     0.000 r  default_sysclk1_300_clk_p
                         net (fo=0)                   0.100     0.100    system_i/ddr4_0/inst/u_ddr4_mem_intfc/u_mig_ddr4_phy/inst/u_ddr4_phy_pll/diff_input_clk.u_ibufg_sys_clk/I
    HPIOBDIFFINBUF_X0Y58 DIFFINBUF (Prop_DIFFINBUF_HPIOBDIFFINBUF_DIFF_IN_P_O)
                                                      0.469     0.569 r  system_i/ddr4_0/inst/u_ddr4_mem_intfc/u_mig_ddr4_phy/inst/u_ddr4_phy_pll/diff_input_clk.u_ibufg_sys_clk/DIFFINBUF_INST/O
                         net (fo=1, routed)           0.050     0.619    system_i/ddr4_0/inst/u_ddr4_mem_intfc/u_mig_ddr4_phy/inst/u_ddr4_phy_pll/diff_input_clk.u_ibufg_sys_clk/OUT
    K22                  IBUFCTRL (Prop_IBUFCTRL_HPIOB_M_I_O)
                                                      0.000     0.619 r  system_i/ddr4_0/inst/u_ddr4_mem_intfc/u_mig_ddr4_phy/inst/u_ddr4_phy_pll/diff_input_clk.u_ibufg_sys_clk/IBUFCTRL_INST/O
                         net (fo=2, routed)           0.336     0.955    system_i/ddr4_0/inst/u_ddr4_mem_intfc/u_mig_ddr4_phy/inst/u_ddr4_phy_pll/sys_clk_in
    BUFGCE_X0Y49         BUFGCE (Prop_BUFCE_BUFGCE_I_O)
                                                      0.028     0.983 r  system_i/ddr4_0/inst/u_ddr4_mem_intfc/u_mig_ddr4_phy/inst/u_ddr4_phy_pll/gen_bufg_backbone.u__bufg_backbone/O
                         net (fo=1, routed)           1.179     2.162    system_i/ddr4_0/inst/u_ddr4_infrastructure/mmcm_clk_in
    MMCM_X0Y3            MMCME4_ADV (Prop_MMCM_CLKIN1_CLKOUT0)
                                                     -0.127     2.035 r  system_i/ddr4_0/inst/u_ddr4_infrastructure/gen_mmcme4.u_mmcme_adv_inst/CLKOUT0
                         net (fo=1, routed)           0.244     2.279    system_i/ddr4_0/inst/u_ddr4_infrastructure/mmcm_clkout0
    BUFGCE_X0Y74         BUFGCE (Prop_BUFCE_BUFGCE_I_O)
                                                      0.028     2.307 r  system_i/ddr4_0/inst/u_ddr4_infrastructure/u_bufg_divClk/O
    X1Y2 (CLOCK_ROOT)    net (fo=14002, routed)       1.895     4.202    system_i/ddr4_0/inst/u_ddr4_mem_intfc/u_mig_ddr4_phy/inst/div_clk
    SLICE_X2Y154         FDRE                                         r  system_i/ddr4_0/inst/u_ddr4_mem_intfc/u_mig_ddr4_phy/inst/clb2phy_t_b_addr_reg[0]/C
  -------------------------------------------------------------------    -------------------
    SLICE_X2Y154         FDRE (Prop_FFF_SLICEL_C_Q)
                                                      0.079     4.281 r  system_i/ddr4_0/inst/u_ddr4_mem_intfc/u_mig_ddr4_phy/inst/clb2phy_t_b_addr_reg[0]/Q
                         net (fo=5, routed)           0.942     5.224    system_i/ddr4_0/inst/u_ddr4_mem_intfc/u_mig_ddr4_phy/inst/generate_block1.u_ddr_xiphy/byte_num[0].xiphy_byte_wrapper.u_xiphy_byte_wrapper/I_CONTROL[1].GEN_I_CONTROL.u_xiphy_control/clb2phy_t_b_low[0]
    BITSLICE_CONTROL_X0Y19
                         BITSLICE_CONTROL                             r  system_i/ddr4_0/inst/u_ddr4_mem_intfc/u_mig_ddr4_phy/inst/generate_block1.u_ddr_xiphy/byte_num[0].xiphy_byte_wrapper.u_xiphy_byte_wrapper/I_CONTROL[1].GEN_I_CONTROL.u_xiphy_control/xiphy_control/TBYTE_IN[0]
  -------------------------------------------------------------------    -------------------

                         (clock pll_clk[0]_DIV rise edge)
                                                      3.001     3.001 r  <hidden>
    K22                                               0.000     3.001 r  default_sysclk1_300_clk_p
                         net (fo=0)                   0.079     3.080    system_i/ddr4_0/inst/u_ddr4_mem_intfc/u_mig_ddr4_phy/inst/u_ddr4_phy_pll/diff_input_clk.u_ibufg_sys_clk/I
    HPIOBDIFFINBUF_X0Y58 DIFFINBUF (Prop_DIFFINBUF_HPIOBDIFFINBUF_DIFF_IN_P_O)
                                                      0.374     3.453 r  system_i/ddr4_0/inst/u_ddr4_mem_intfc/u_mig_ddr4_phy/inst/u_ddr4_phy_pll/diff_input_clk.u_ibufg_sys_clk/DIFFINBUF_INST/O
                         net (fo=1, routed)           0.040     3.493    system_i/ddr4_0/inst/u_ddr4_mem_intfc/u_mig_ddr4_phy/inst/u_ddr4_phy_pll/diff_input_clk.u_ibufg_sys_clk/OUT
    K22                  IBUFCTRL (Prop_IBUFCTRL_HPIOB_M_I_O)
                                                      0.000     3.493 r  system_i/ddr4_0/inst/u_ddr4_mem_intfc/u_mig_ddr4_phy/inst/u_ddr4_phy_pll/diff_input_clk.u_ibufg_sys_clk/IBUFCTRL_INST/O
                         net (fo=2, routed)           0.297     3.790    system_i/ddr4_0/inst/u_ddr4_mem_intfc/u_mig_ddr4_phy/inst/u_ddr4_phy_pll/sys_clk_in
    BUFGCE_X0Y49         BUFGCE (Prop_BUFCE_BUFGCE_I_O)
                                                      0.024     3.814 r  system_i/ddr4_0/inst/u_ddr4_mem_intfc/u_mig_ddr4_phy/inst/u_ddr4_phy_pll/gen_bufg_backbone.u__bufg_backbone/O
                         net (fo=1, routed)           1.049     4.863    system_i/ddr4_0/inst/u_ddr4_infrastructure/mmcm_clk_in
    MMCM_X0Y3            MMCME4_ADV (Prop_MMCM_CLKIN1_CLKOUT0)
                                                      0.630     5.493 r  system_i/ddr4_0/inst/u_ddr4_infrastructure/gen_mmcme4.u_mmcme_adv_inst/CLKOUT0
                         net (fo=1, routed)           0.214     5.707    system_i/ddr4_0/inst/u_ddr4_infrastructure/mmcm_clkout0
    BUFGCE_X0Y74         BUFGCE (Prop_BUFCE_BUFGCE_I_O)
                                                      0.024     5.731 r  system_i/ddr4_0/inst/u_ddr4_infrastructure/u_bufg_divClk/O
    X1Y2 (CLOCK_ROOT)    net (fo=14002, routed)       1.558     7.289    system_i/ddr4_0/inst/u_ddr4_mem_intfc/u_mig_ddr4_phy/inst/u_ddr4_phy_pll/div_clk
    PLL_X0Y5             PLLE4_ADV (Prop_PLL_CLKIN_CLKOUTPHY)
                                                     -0.630     6.659 r  system_i/ddr4_0/inst/u_ddr4_mem_intfc/u_mig_ddr4_phy/inst/u_ddr4_phy_pll/plle_loop[0].gen_plle4.PLLE4_BASE_INST_OTHER/CLKOUTPHY
                         net (fo=5, routed)           0.091     6.750    system_i/ddr4_0/inst/u_ddr4_mem_intfc/u_mig_ddr4_phy/inst/generate_block1.u_ddr_xiphy/byte_num[0].xiphy_byte_wrapper.u_xiphy_byte_wrapper/I_CONTROL[1].GEN_I_CONTROL.u_xiphy_control/pll_clk[0]
    BITSLICE_CONTROL_X0Y19
                         BITSLICE_CONTROL (Prop_CONTROL_BITSLICE_CONTROL_PLL_CLK_TX_DIV2_CLK_Q)
                                                      0.106     6.856 r  system_i/ddr4_0/inst/u_ddr4_mem_intfc/u_mig_ddr4_phy/inst/generate_block1.u_ddr_xiphy/byte_num[0].xiphy_byte_wrapper.u_xiphy_byte_wrapper/I_CONTROL[1].GEN_I_CONTROL.u_xiphy_control/xiphy_control/TX_DIV2_CLK_Q
    BITSLICE_CONTROL_X0Y19
                         BITSLICE_CONTROL (Prop_CONTROL_BITSLICE_CONTROL_TX_DIV2_CLK_Q_TX_DIV4_CLK_Q)
                                                      0.075     6.931 r  system_i/ddr4_0/inst/u_ddr4_mem_intfc/u_mig_ddr4_phy/inst/generate_block1.u_ddr_xiphy/byte_num[0].xiphy_byte_wrapper.u_xiphy_byte_wrapper/I_CONTROL[1].GEN_I_CONTROL.u_xiphy_control/xiphy_control/TX_DIV4_CLK_Q
                         clock pessimism             -0.302     6.629    <hidden>
                         clock uncertainty           -0.170     6.459    <hidden>
    BITSLICE_CONTROL_X0Y19
                         BITSLICE_CONTROL (Setup_CONTROL_BITSLICE_CONTROL_TX_DIV4_CLK_Q_TBYTE_IN[0])
                                                     -0.158     6.301    system_i/ddr4_0/inst/u_ddr4_mem_intfc/u_mig_ddr4_phy/inst/generate_block1.u_ddr_xiphy/byte_num[0].xiphy_byte_wrapper.u_xiphy_byte_wrapper/I_CONTROL[1].GEN_I_CONTROL.u_xiphy_control/xiphy_control
  -------------------------------------------------------------------
                         required time                          6.300    <hidden>
                         arrival time                          -5.224    <hidden>
  -------------------------------------------------------------------
                         slack                                  1.077    <hidden>





Min Delay Paths
--------------------------------------------------------------------------------------
Slack (MET) :             0.599ns  (arrival time - required time)
  Source:                 system_i/ddr4_0/inst/u_ddr4_mem_intfc/u_ddr_cal_top/mcal_ADR_dly_reg[0][14]/C
                            (rising edge-triggered cell FDRE clocked by mmcm_clkout0  {rise@0.000ns fall@1.500ns period=3.001ns})
  Destination:            system_i/ddr4_0/inst/u_ddr4_mem_intfc/u_mig_ddr4_phy/inst/generate_block1.u_ddr_xiphy/byte_num[2].xiphy_byte_wrapper.u_xiphy_byte_wrapper/I_BITSLICE_UPPER[0].GEN_RXTX_BITSLICE_EN.u_xiphy_bitslice_upper/xiphy_rxtx_bitslice/D[2]
                            (rising edge-triggered cell RXTX_BITSLICE clocked by pll_clk[0]_DIV  {rise@0.000ns fall@1.500ns period=3.001ns})
  Path Group:             pll_clk[0]_DIV
  Path Type:              Hold (Min at Slow Process Corner)
  Requirement:            0.000ns  (pll_clk[0]_DIV rise@0.000ns - mmcm_clkout0 rise@0.000ns)
  Data Path Delay:        0.315ns  (logic 0.059ns (18.734%)  route 0.256ns (81.266%))
  Logic Levels:           0  
  Clock Path Skew:        -0.507ns (DCD - SCD - CPR)
    Destination Clock Delay (DCD):    3.615ns
    Source Clock Delay      (SCD):    4.425ns
    Clock Pessimism Removal (CPR):    -0.303ns
  Clock Uncertainty:      0.170ns  ((TSJ^2 + DJ^2)^1/2) / 2 + PE
    Total System Jitter     (TSJ):    0.071ns
    Discrete Jitter          (DJ):    0.062ns
    Phase Error              (PE):    0.123ns
  Clock Net Delay (Source):      1.695ns (routing 0.847ns, distribution 0.848ns)

    Location             Delay type                Incr(ns)  Path(ns)    Netlist Resource(s)
  -------------------------------------------------------------------    -------------------
                         (clock mmcm_clkout0 rise edge)
                                                      0.000     0.000 r  <hidden>
    K22                                               0.000     0.000 r  default_sysclk1_300_clk_p
                         net (fo=0)                   0.079     0.079    system_i/ddr4_0/inst/u_ddr4_mem_intfc/u_mig_ddr4_phy/inst/u_ddr4_phy_pll/diff_input_clk.u_ibufg_sys_clk/I
    HPIOBDIFFINBUF_X0Y58 DIFFINBUF (Prop_DIFFINBUF_HPIOBDIFFINBUF_DIFF_IN_P_O)
                                                      0.374     0.453 r  system_i/ddr4_0/inst/u_ddr4_mem_intfc/u_mig_ddr4_phy/inst/u_ddr4_phy_pll/diff_input_clk.u_ibufg_sys_clk/DIFFINBUF_INST/O
                         net (fo=1, routed)           0.040     0.493    system_i/ddr4_0/inst/u_ddr4_mem_intfc/u_mig_ddr4_phy/inst/u_ddr4_phy_pll/diff_input_clk.u_ibufg_sys_clk/OUT
    K22                  IBUFCTRL (Prop_IBUFCTRL_HPIOB_M_I_O)
                                                      0.000     0.493 r  system_i/ddr4_0/inst/u_ddr4_mem_intfc/u_mig_ddr4_phy/inst/u_ddr4_phy_pll/diff_input_clk.u_ibufg_sys_clk/IBUFCTRL_INST/O
                         net (fo=2, routed)           0.297     0.790    system_i/ddr4_0/inst/u_ddr4_mem_intfc/u_mig_ddr4_phy/inst/u_ddr4_phy_pll/sys_clk_in
    BUFGCE_X0Y49         BUFGCE (Prop_BUFCE_BUFGCE_I_O)
                                                      0.024     0.814 r  system_i/ddr4_0/inst/u_ddr4_mem_intfc/u_mig_ddr4_phy/inst/u_ddr4_phy_pll/gen_bufg_backbone.u__bufg_backbone/O
                         net (fo=1, routed)           1.049     1.863    system_i/ddr4_0/inst/u_ddr4_infrastructure/mmcm_clk_in
    MMCM_X0Y3            MMCME4_ADV (Prop_MMCM_CLKIN1_CLKOUT0)
                                                      0.630     2.493 r  system_i/ddr4_0/inst/u_ddr4_infrastructure/gen_mmcme4.u_mmcme_adv_inst/CLKOUT0
                         net (fo=1, routed)           0.214     2.707    system_i/ddr4_0/inst/u_ddr4_infrastructure/mmcm_clkout0
    BUFGCE_X0Y74         BUFGCE (Prop_BUFCE_BUFGCE_I_O)
                                                      0.024     2.731 r  system_i/ddr4_0/inst/u_ddr4_infrastructure/u_bufg_divClk/O
    X1Y2 (CLOCK_ROOT)    net (fo=14002, routed)       1.695     4.425    system_i/ddr4_0/inst/u_ddr4_mem_intfc/u_ddr_cal_top/dReg_reg[13]
    SLICE_X1Y173         FDRE                                         r  system_i/ddr4_0/inst/u_ddr4_mem_intfc/u_ddr_cal_top/mcal_ADR_dly_reg[0][14]/C
  -------------------------------------------------------------------    -------------------
    SLICE_X1Y173         FDRE (Prop_HFF2_SLICEM_C_Q)
                                                      0.059     4.484 r  system_i/ddr4_0/inst/u_ddr4_mem_intfc/u_ddr_cal_top/mcal_ADR_dly_reg[0][14]/Q
                         net (fo=4, routed)           0.256     4.740    system_i/ddr4_0/inst/u_ddr4_mem_intfc/u_mig_ddr4_phy/inst/generate_block1.u_ddr_xiphy/byte_num[2].xiphy_byte_wrapper.u_xiphy_byte_wrapper/I_BITSLICE_UPPER[0].GEN_RXTX_BITSLICE_EN.u_xiphy_bitslice_upper/mcal_ADR[2]
    BITSLICE_RX_TX_X0Y149
                         RXTX_BITSLICE                                r  system_i/ddr4_0/inst/u_ddr4_mem_intfc/u_mig_ddr4_phy/inst/generate_block1.u_ddr_xiphy/byte_num[2].xiphy_byte_wrapper.u_xiphy_byte_wrapper/I_BITSLICE_UPPER[0].GEN_RXTX_BITSLICE_EN.u_xiphy_bitslice_upper/xiphy_rxtx_bitslice/D[2]
  -------------------------------------------------------------------    -------------------

                         (clock pll_clk[0]_DIV rise edge)
                                                      0.000     0.000 r  <hidden>
    K22                                               0.000     0.000 r  default_sysclk1_300_clk_p
                         net (fo=0)                   0.100     0.100    system_i/ddr4_0/inst/u_ddr4_mem_intfc/u_mig_ddr4_phy/inst/u_ddr4_phy_pll/diff_input_clk.u_ibufg_sys_clk/I
    HPIOBDIFFINBUF_X0Y58 DIFFINBUF (Prop_DIFFINBUF_HPIOBDIFFINBUF_DIFF_IN_P_O)
                                                      0.469     0.569 r  system_i/ddr4_0/inst/u_ddr4_mem_intfc/u_mig_ddr4_phy/inst/u_ddr4_phy_pll/diff_input_clk.u_ibufg_sys_clk/DIFFINBUF_INST/O
                         net (fo=1, routed)           0.050     0.619    system_i/ddr4_0/inst/u_ddr4_mem_intfc/u_mig_ddr4_phy/inst/u_ddr4_phy_pll/diff_input_clk.u_ibufg_sys_clk/OUT
    K22                  IBUFCTRL (Prop_IBUFCTRL_HPIOB_M_I_O)
                                                      0.000     0.619 r  system_i/ddr4_0/inst/u_ddr4_mem_intfc/u_mig_ddr4_phy/inst/u_ddr4_phy_pll/diff_input_clk.u_ibufg_sys_clk/IBUFCTRL_INST/O
                         net (fo=2, routed)           0.336     0.955    system_i/ddr4_0/inst/u_ddr4_mem_intfc/u_mig_ddr4_phy/inst/u_ddr4_phy_pll/sys_clk_in
    BUFGCE_X0Y49         BUFGCE (Prop_BUFCE_BUFGCE_I_O)
                                                      0.028     0.983 r  system_i/ddr4_0/inst/u_ddr4_mem_intfc/u_mig_ddr4_phy/inst/u_ddr4_phy_pll/gen_bufg_backbone.u__bufg_backbone/O
                         net (fo=1, routed)           1.179     2.162    system_i/ddr4_0/inst/u_ddr4_infrastructure/mmcm_clk_in
    MMCM_X0Y3            MMCME4_ADV (Prop_MMCM_CLKIN1_CLKOUT0)
                                                     -0.127     2.035 r  system_i/ddr4_0/inst/u_ddr4_infrastructure/gen_mmcme4.u_mmcme_adv_inst/CLKOUT0
                         net (fo=1, routed)           0.244     2.279    system_i/ddr4_0/inst/u_ddr4_infrastructure/mmcm_clkout0
    BUFGCE_X0Y74         BUFGCE (Prop_BUFCE_BUFGCE_I_O)
                                                      0.028     2.307 r  system_i/ddr4_0/inst/u_ddr4_infrastructure/u_bufg_divClk/O
                         net (fo=14002, routed)       1.739     4.046    system_i/ddr4_0/inst/u_ddr4_mem_intfc/u_mig_ddr4_phy/inst/u_ddr4_phy_pll/div_clk
    PLL_X0Y5             PLLE4_ADV (Prop_PLL_CLKIN_CLKOUTPHY)
                                                     -1.058     2.988 r  system_i/ddr4_0/inst/u_ddr4_mem_intfc/u_mig_ddr4_phy/inst/u_ddr4_phy_pll/plle_loop[0].gen_plle4.PLLE4_BASE_INST_OTHER/CLKOUTPHY
                         net (fo=5, routed)           0.142     3.130    system_i/ddr4_0/inst/u_ddr4_mem_intfc/u_mig_ddr4_phy/inst/generate_block1.u_ddr_xiphy/byte_num[2].xiphy_byte_wrapper.u_xiphy_byte_wrapper/I_CONTROL[1].GEN_I_CONTROL.u_xiphy_control/pll_clk[0]
    BITSLICE_CONTROL_X0Y23
                         BITSLICE_CONTROL (Prop_CONTROL_BITSLICE_CONTROL_PLL_CLK_TX_DIV2_CLK_Q)
                                                      0.151     3.281 r  system_i/ddr4_0/inst/u_ddr4_mem_intfc/u_mig_ddr4_phy/inst/generate_block1.u_ddr_xiphy/byte_num[2].xiphy_byte_wrapper.u_xiphy_byte_wrapper/I_CONTROL[1].GEN_I_CONTROL.u_xiphy_control/xiphy_control/TX_DIV2_CLK_Q
    BITSLICE_CONTROL_X0Y23
                         BITSLICE_CONTROL (Prop_CONTROL_BITSLICE_CONTROL_TX_DIV2_CLK_Q_TX_DIV4_CLK_Q)
                                                      0.109     3.390 r  system_i/ddr4_0/inst/u_ddr4_mem_intfc/u_mig_ddr4_phy/inst/generate_block1.u_ddr_xiphy/byte_num[2].xiphy_byte_wrapper.u_xiphy_byte_wrapper/I_CONTROL[1].GEN_I_CONTROL.u_xiphy_control/xiphy_control/TX_DIV4_CLK_Q
    BITSLICE_CONTROL_X0Y23
                         BITSLICE_CONTROL (Prop_CONTROL_BITSLICE_CONTROL_TX_DIV4_CLK_Q_TX_BIT_CTRL_OUT0[26])
                                                      0.182     3.572 r  system_i/ddr4_0/inst/u_ddr4_mem_intfc/u_mig_ddr4_phy/inst/generate_block1.u_ddr_xiphy/byte_num[2].xiphy_byte_wrapper.u_xiphy_byte_wrapper/I_CONTROL[1].GEN_I_CONTROL.u_xiphy_control/xiphy_control/TX_BIT_CTRL_OUT0[26]
                         net (fo=1, routed)           0.043     3.615    system_i/ddr4_0/inst/u_ddr4_mem_intfc/u_mig_ddr4_phy/inst/generate_block1.u_ddr_xiphy/byte_num[2].xiphy_byte_wrapper.u_xiphy_byte_wrapper/I_BITSLICE_UPPER[0].GEN_RXTX_BITSLICE_EN.u_xiphy_bitslice_upper/TX_BIT_CTRL_OUT0[26]
    BITSLICE_RX_TX_X0Y149
                         RXTX_BITSLICE                                r  system_i/ddr4_0/inst/u_ddr4_mem_intfc/u_mig_ddr4_phy/inst/generate_block1.u_ddr_xiphy/byte_num[2].xiphy_byte_wrapper.u_xiphy_byte_wrapper/I_BITSLICE_UPPER[0].GEN_RXTX_BITSLICE_EN.u_xiphy_bitslice_upper/xiphy_rxtx_bitslice/TX_BIT_CTRL_IN[26]
                         clock pessimism              0.303     3.918    <hidden>
                         clock uncertainty            0.170     4.088    <hidden>
    BITSLICE_RX_TX_X0Y149
                         RXTX_BITSLICE (Hold_RXTX_BITSLICE_BITSLICE_RX_TX_TX_BIT_CTRL_IN[26]_D[2])
                                                      0.053     4.141    system_i/ddr4_0/inst/u_ddr4_mem_intfc/u_mig_ddr4_phy/inst/generate_block1.u_ddr_xiphy/byte_num[2].xiphy_byte_wrapper.u_xiphy_byte_wrapper/I_BITSLICE_UPPER[0].GEN_RXTX_BITSLICE_EN.u_xiphy_bitslice_upper/xiphy_rxtx_bitslice
  -------------------------------------------------------------------
                         required time                         -4.141    <hidden>
                         arrival time                           4.740    <hidden>
  -------------------------------------------------------------------
                         slack                                  0.599    <hidden>





---------------------------------------------------------------------------------------------------
From Clock:  mmcm_clkout0
  To Clock:  pll_clk[1]_DIV

Setup :            0  Failing Endpoints,  Worst Slack        0.802ns,  Total Violation        0.000ns
Hold  :            0  Failing Endpoints,  Worst Slack        0.483ns,  Total Violation        0.000ns
---------------------------------------------------------------------------------------------------


Max Delay Paths
--------------------------------------------------------------------------------------
Slack (MET) :             0.802ns  (required time - arrival time)
  Source:                 system_i/ddr4_0/inst/u_ddr4_mem_intfc/u_ddr_cal_top/u_ddr_mc_pi/u_ddr_mc_write/genByte[1].u_ddr_mc_wr_byte/genBit[0].u_ddr_mc_wr_bit/dReg_reg[2]/C
                            (rising edge-triggered cell FDRE clocked by mmcm_clkout0  {rise@0.000ns fall@1.500ns period=3.001ns})
  Destination:            system_i/ddr4_0/inst/u_ddr4_mem_intfc/u_mig_ddr4_phy/inst/generate_block1.u_ddr_xiphy/byte_num[5].xiphy_byte_wrapper.u_xiphy_byte_wrapper/I_BITSLICE_UPPER[4].GEN_RXTX_BITSLICE_EN.u_xiphy_bitslice_upper/xiphy_rxtx_bitslice/D[2]
                            (rising edge-triggered cell RXTX_BITSLICE clocked by pll_clk[1]_DIV  {rise@0.000ns fall@1.500ns period=3.001ns})
  Path Group:             pll_clk[1]_DIV
  Path Type:              Setup (Max at Slow Process Corner)
  Requirement:            3.001ns  (pll_clk[1]_DIV rise@3.001ns - mmcm_clkout0 rise@0.000ns)
  Data Path Delay:        1.576ns  (logic 0.078ns (4.949%)  route 1.498ns (95.051%))
  Logic Levels:           0  
  Clock Path Skew:        -0.439ns (DCD - SCD + CPR)
    Destination Clock Delay (DCD):    4.120ns = ( 7.121 - 3.001 ) 
    Source Clock Delay      (SCD):    4.221ns
    Clock Pessimism Removal (CPR):    -0.338ns
  Clock Uncertainty:      0.170ns  ((TSJ^2 + DJ^2)^1/2) / 2 + PE
    Total System Jitter     (TSJ):    0.071ns
    Discrete Jitter          (DJ):    0.062ns
    Phase Error              (PE):    0.123ns
  Clock Net Delay (Source):      1.914ns (routing 0.932ns, distribution 0.982ns)

    Location             Delay type                Incr(ns)  Path(ns)    Netlist Resource(s)
  -------------------------------------------------------------------    -------------------
                         (clock mmcm_clkout0 rise edge)
                                                      0.000     0.000 r  <hidden>
    K22                                               0.000     0.000 r  default_sysclk1_300_clk_p
                         net (fo=0)                   0.100     0.100    system_i/ddr4_0/inst/u_ddr4_mem_intfc/u_mig_ddr4_phy/inst/u_ddr4_phy_pll/diff_input_clk.u_ibufg_sys_clk/I
    HPIOBDIFFINBUF_X0Y58 DIFFINBUF (Prop_DIFFINBUF_HPIOBDIFFINBUF_DIFF_IN_P_O)
                                                      0.469     0.569 r  system_i/ddr4_0/inst/u_ddr4_mem_intfc/u_mig_ddr4_phy/inst/u_ddr4_phy_pll/diff_input_clk.u_ibufg_sys_clk/DIFFINBUF_INST/O
                         net (fo=1, routed)           0.050     0.619    system_i/ddr4_0/inst/u_ddr4_mem_intfc/u_mig_ddr4_phy/inst/u_ddr4_phy_pll/diff_input_clk.u_ibufg_sys_clk/OUT
    K22                  IBUFCTRL (Prop_IBUFCTRL_HPIOB_M_I_O)
                                                      0.000     0.619 r  system_i/ddr4_0/inst/u_ddr4_mem_intfc/u_mig_ddr4_phy/inst/u_ddr4_phy_pll/diff_input_clk.u_ibufg_sys_clk/IBUFCTRL_INST/O
                         net (fo=2, routed)           0.336     0.955    system_i/ddr4_0/inst/u_ddr4_mem_intfc/u_mig_ddr4_phy/inst/u_ddr4_phy_pll/sys_clk_in
    BUFGCE_X0Y49         BUFGCE (Prop_BUFCE_BUFGCE_I_O)
                                                      0.028     0.983 r  system_i/ddr4_0/inst/u_ddr4_mem_intfc/u_mig_ddr4_phy/inst/u_ddr4_phy_pll/gen_bufg_backbone.u__bufg_backbone/O
                         net (fo=1, routed)           1.179     2.162    system_i/ddr4_0/inst/u_ddr4_infrastructure/mmcm_clk_in
    MMCM_X0Y3            MMCME4_ADV (Prop_MMCM_CLKIN1_CLKOUT0)
                                                     -0.127     2.035 r  system_i/ddr4_0/inst/u_ddr4_infrastructure/gen_mmcme4.u_mmcme_adv_inst/CLKOUT0
                         net (fo=1, routed)           0.244     2.279    system_i/ddr4_0/inst/u_ddr4_infrastructure/mmcm_clkout0
    BUFGCE_X0Y74         BUFGCE (Prop_BUFCE_BUFGCE_I_O)
                                                      0.028     2.307 r  system_i/ddr4_0/inst/u_ddr4_infrastructure/u_bufg_divClk/O
    X1Y2 (CLOCK_ROOT)    net (fo=14002, routed)       1.914     4.221    system_i/ddr4_0/inst/u_ddr4_mem_intfc/u_ddr_cal_top/u_ddr_mc_pi/u_ddr_mc_write/genByte[1].u_ddr_mc_wr_byte/genBit[0].u_ddr_mc_wr_bit/dReg_reg[13]_0
    SLICE_X5Y163         FDRE                                         r  system_i/ddr4_0/inst/u_ddr4_mem_intfc/u_ddr_cal_top/u_ddr_mc_pi/u_ddr_mc_write/genByte[1].u_ddr_mc_wr_byte/genBit[0].u_ddr_mc_wr_bit/dReg_reg[2]/C
  -------------------------------------------------------------------    -------------------
    SLICE_X5Y163         FDRE (Prop_GFF_SLICEM_C_Q)
                                                      0.078     4.299 r  system_i/ddr4_0/inst/u_ddr4_mem_intfc/u_ddr_cal_top/u_ddr_mc_pi/u_ddr_mc_write/genByte[1].u_ddr_mc_wr_byte/genBit[0].u_ddr_mc_wr_bit/dReg_reg[2]/Q
                         net (fo=1, routed)           1.498     5.797    system_i/ddr4_0/inst/u_ddr4_mem_intfc/u_mig_ddr4_phy/inst/generate_block1.u_ddr_xiphy/byte_num[5].xiphy_byte_wrapper.u_xiphy_byte_wrapper/I_BITSLICE_UPPER[4].GEN_RXTX_BITSLICE_EN.u_xiphy_bitslice_upper/clb2phy_wr_dq10[2]
    BITSLICE_RX_TX_X0Y192
                         RXTX_BITSLICE                                r  system_i/ddr4_0/inst/u_ddr4_mem_intfc/u_mig_ddr4_phy/inst/generate_block1.u_ddr_xiphy/byte_num[5].xiphy_byte_wrapper.u_xiphy_byte_wrapper/I_BITSLICE_UPPER[4].GEN_RXTX_BITSLICE_EN.u_xiphy_bitslice_upper/xiphy_rxtx_bitslice/D[2]
  -------------------------------------------------------------------    -------------------

                         (clock pll_clk[1]_DIV rise edge)
                                                      3.001     3.001 f  <hidden>
    K22                                               0.000     3.001 f  default_sysclk1_300_clk_p
                         net (fo=0)                   0.079     3.080    system_i/ddr4_0/inst/u_ddr4_mem_intfc/u_mig_ddr4_phy/inst/u_ddr4_phy_pll/diff_input_clk.u_ibufg_sys_clk/I
    HPIOBDIFFINBUF_X0Y58 DIFFINBUF (Prop_DIFFINBUF_HPIOBDIFFINBUF_DIFF_IN_P_O)
                                                      0.374     3.453 f  system_i/ddr4_0/inst/u_ddr4_mem_intfc/u_mig_ddr4_phy/inst/u_ddr4_phy_pll/diff_input_clk.u_ibufg_sys_clk/DIFFINBUF_INST/O
                         net (fo=1, routed)           0.040     3.493    system_i/ddr4_0/inst/u_ddr4_mem_intfc/u_mig_ddr4_phy/inst/u_ddr4_phy_pll/diff_input_clk.u_ibufg_sys_clk/OUT
    K22                  IBUFCTRL (Prop_IBUFCTRL_HPIOB_M_I_O)
                                                      0.000     3.493 f  system_i/ddr4_0/inst/u_ddr4_mem_intfc/u_mig_ddr4_phy/inst/u_ddr4_phy_pll/diff_input_clk.u_ibufg_sys_clk/IBUFCTRL_INST/O
                         net (fo=2, routed)           0.297     3.790    system_i/ddr4_0/inst/u_ddr4_mem_intfc/u_mig_ddr4_phy/inst/u_ddr4_phy_pll/sys_clk_in
    BUFGCE_X0Y49         BUFGCE (Prop_BUFCE_BUFGCE_I_O)
                                                      0.024     3.814 f  system_i/ddr4_0/inst/u_ddr4_mem_intfc/u_mig_ddr4_phy/inst/u_ddr4_phy_pll/gen_bufg_backbone.u__bufg_backbone/O
                         net (fo=1, routed)           1.049     4.863    system_i/ddr4_0/inst/u_ddr4_infrastructure/mmcm_clk_in
    MMCM_X0Y3            MMCME4_ADV (Prop_MMCM_CLKIN1_CLKOUT0)
                                                      0.630     5.493 f  system_i/ddr4_0/inst/u_ddr4_infrastructure/gen_mmcme4.u_mmcme_adv_inst/CLKOUT0
                         net (fo=1, routed)           0.214     5.707    system_i/ddr4_0/inst/u_ddr4_infrastructure/mmcm_clkout0
    BUFGCE_X0Y74         BUFGCE (Prop_BUFCE_BUFGCE_I_O)
                                                      0.024     5.731 f  system_i/ddr4_0/inst/u_ddr4_infrastructure/u_bufg_divClk/O
                         net (fo=14002, routed)       1.599     7.330    system_i/ddr4_0/inst/u_ddr4_mem_intfc/u_mig_ddr4_phy/inst/u_ddr4_phy_pll/div_clk
    PLL_X0Y6             PLLE4_ADV (Prop_PLL_CLKIN_CLKOUTPHY)
                                                     -0.630     6.700 f  system_i/ddr4_0/inst/u_ddr4_mem_intfc/u_mig_ddr4_phy/inst/u_ddr4_phy_pll/plle_loop[1].gen_plle4.PLLE4_BASE_INST_OTHER/CLKOUTPHY
                         net (fo=8, routed)           0.102     6.802    system_i/ddr4_0/inst/u_ddr4_mem_intfc/u_mig_ddr4_phy/inst/generate_block1.u_ddr_xiphy/byte_num[5].xiphy_byte_wrapper.u_xiphy_byte_wrapper/I_CONTROL[1].GEN_I_CONTROL.u_xiphy_control/pll_clk[0]
    BITSLICE_CONTROL_X0Y29
                         BITSLICE_CONTROL (Prop_CONTROL_BITSLICE_CONTROL_PLL_CLK_TX_DIV2_CLK_Q)
                                                      0.106     6.908 r  system_i/ddr4_0/inst/u_ddr4_mem_intfc/u_mig_ddr4_phy/inst/generate_block1.u_ddr_xiphy/byte_num[5].xiphy_byte_wrapper.u_xiphy_byte_wrapper/I_CONTROL[1].GEN_I_CONTROL.u_xiphy_control/xiphy_control/TX_DIV2_CLK_Q
    BITSLICE_CONTROL_X0Y29
                         BITSLICE_CONTROL (Prop_CONTROL_BITSLICE_CONTROL_TX_DIV2_CLK_Q_TX_DIV4_CLK_Q)
                                                      0.075     6.983 r  system_i/ddr4_0/inst/u_ddr4_mem_intfc/u_mig_ddr4_phy/inst/generate_block1.u_ddr_xiphy/byte_num[5].xiphy_byte_wrapper.u_xiphy_byte_wrapper/I_CONTROL[1].GEN_I_CONTROL.u_xiphy_control/xiphy_control/TX_DIV4_CLK_Q
    BITSLICE_CONTROL_X0Y29
                         BITSLICE_CONTROL (Prop_CONTROL_BITSLICE_CONTROL_TX_DIV4_CLK_Q_TX_BIT_CTRL_OUT4[26])
                                                      0.125     7.108 r  system_i/ddr4_0/inst/u_ddr4_mem_intfc/u_mig_ddr4_phy/inst/generate_block1.u_ddr_xiphy/byte_num[5].xiphy_byte_wrapper.u_xiphy_byte_wrapper/I_CONTROL[1].GEN_I_CONTROL.u_xiphy_control/xiphy_control/TX_BIT_CTRL_OUT4[26]
                         net (fo=1, routed)           0.013     7.121    system_i/ddr4_0/inst/u_ddr4_mem_intfc/u_mig_ddr4_phy/inst/generate_block1.u_ddr_xiphy/byte_num[5].xiphy_byte_wrapper.u_xiphy_byte_wrapper/I_BITSLICE_UPPER[4].GEN_RXTX_BITSLICE_EN.u_xiphy_bitslice_upper/TX_BIT_CTRL_OUT4[26]
    BITSLICE_RX_TX_X0Y192
                         RXTX_BITSLICE                                r  system_i/ddr4_0/inst/u_ddr4_mem_intfc/u_mig_ddr4_phy/inst/generate_block1.u_ddr_xiphy/byte_num[5].xiphy_byte_wrapper.u_xiphy_byte_wrapper/I_BITSLICE_UPPER[4].GEN_RXTX_BITSLICE_EN.u_xiphy_bitslice_upper/xiphy_rxtx_bitslice/TX_BIT_CTRL_IN[26]
                         clock pessimism             -0.338     6.783    <hidden>
                         clock uncertainty           -0.170     6.613    <hidden>
    BITSLICE_RX_TX_X0Y192
                         RXTX_BITSLICE (Setup_RXTX_BITSLICE_BITSLICE_RX_TX_TX_BIT_CTRL_IN[26]_D[2])
                                                     -0.013     6.600    system_i/ddr4_0/inst/u_ddr4_mem_intfc/u_mig_ddr4_phy/inst/generate_block1.u_ddr_xiphy/byte_num[5].xiphy_byte_wrapper.u_xiphy_byte_wrapper/I_BITSLICE_UPPER[4].GEN_RXTX_BITSLICE_EN.u_xiphy_bitslice_upper/xiphy_rxtx_bitslice
  -------------------------------------------------------------------
                         required time                          6.600    <hidden>
                         arrival time                          -5.797    <hidden>
  -------------------------------------------------------------------
                         slack                                  0.802    <hidden>





Min Delay Paths
--------------------------------------------------------------------------------------
Slack (MET) :             0.483ns  (arrival time - required time)
  Source:                 system_i/ddr4_0/inst/u_ddr4_mem_intfc/u_ddr_cal_top/u_ddr_mc_pi/rdEn[2].u_ddr_mc_rd_en_low/rdEn_reg[3]/C
                            (rising edge-triggered cell FDRE clocked by mmcm_clkout0  {rise@0.000ns fall@1.500ns period=3.001ns})
  Destination:            system_i/ddr4_0/inst/u_ddr4_mem_intfc/u_mig_ddr4_phy/inst/generate_block1.u_ddr_xiphy/byte_num[4].xiphy_byte_wrapper.u_xiphy_byte_wrapper/I_CONTROL[0].GEN_I_CONTROL.u_xiphy_control/xiphy_control/PHY_RDEN[3]
                            (rising edge-triggered cell BITSLICE_CONTROL clocked by pll_clk[1]_DIV  {rise@0.000ns fall@1.500ns period=3.001ns})
  Path Group:             pll_clk[1]_DIV
  Path Type:              Hold (Min at Slow Process Corner)
  Requirement:            0.000ns  (pll_clk[1]_DIV rise@0.000ns - mmcm_clkout0 rise@0.000ns)
  Data Path Delay:        0.234ns  (logic 0.058ns (24.786%)  route 0.176ns (75.214%))
  Logic Levels:           0  
  Clock Path Skew:        -0.687ns (DCD - SCD - CPR)
    Destination Clock Delay (DCD):    3.488ns
    Source Clock Delay      (SCD):    4.474ns
    Clock Pessimism Removal (CPR):    -0.299ns
  Clock Uncertainty:      0.170ns  ((TSJ^2 + DJ^2)^1/2) / 2 + PE
    Total System Jitter     (TSJ):    0.071ns
    Discrete Jitter          (DJ):    0.062ns
    Phase Error              (PE):    0.123ns
  Clock Net Delay (Source):      1.744ns (routing 0.847ns, distribution 0.897ns)
  Clock Net Delay (Destination): 1.784ns (routing 0.932ns, distribution 0.852ns)

    Location             Delay type                Incr(ns)  Path(ns)    Netlist Resource(s)
  -------------------------------------------------------------------    -------------------
                         (clock mmcm_clkout0 rise edge)
                                                      0.000     0.000 r  <hidden>
    K22                                               0.000     0.000 r  default_sysclk1_300_clk_p
                         net (fo=0)                   0.079     0.079    system_i/ddr4_0/inst/u_ddr4_mem_intfc/u_mig_ddr4_phy/inst/u_ddr4_phy_pll/diff_input_clk.u_ibufg_sys_clk/I
    HPIOBDIFFINBUF_X0Y58 DIFFINBUF (Prop_DIFFINBUF_HPIOBDIFFINBUF_DIFF_IN_P_O)
                                                      0.374     0.453 r  system_i/ddr4_0/inst/u_ddr4_mem_intfc/u_mig_ddr4_phy/inst/u_ddr4_phy_pll/diff_input_clk.u_ibufg_sys_clk/DIFFINBUF_INST/O
                         net (fo=1, routed)           0.040     0.493    system_i/ddr4_0/inst/u_ddr4_mem_intfc/u_mig_ddr4_phy/inst/u_ddr4_phy_pll/diff_input_clk.u_ibufg_sys_clk/OUT
    K22                  IBUFCTRL (Prop_IBUFCTRL_HPIOB_M_I_O)
                                                      0.000     0.493 r  system_i/ddr4_0/inst/u_ddr4_mem_intfc/u_mig_ddr4_phy/inst/u_ddr4_phy_pll/diff_input_clk.u_ibufg_sys_clk/IBUFCTRL_INST/O
                         net (fo=2, routed)           0.297     0.790    system_i/ddr4_0/inst/u_ddr4_mem_intfc/u_mig_ddr4_phy/inst/u_ddr4_phy_pll/sys_clk_in
    BUFGCE_X0Y49         BUFGCE (Prop_BUFCE_BUFGCE_I_O)
                                                      0.024     0.814 r  system_i/ddr4_0/inst/u_ddr4_mem_intfc/u_mig_ddr4_phy/inst/u_ddr4_phy_pll/gen_bufg_backbone.u__bufg_backbone/O
                         net (fo=1, routed)           1.049     1.863    system_i/ddr4_0/inst/u_ddr4_infrastructure/mmcm_clk_in
    MMCM_X0Y3            MMCME4_ADV (Prop_MMCM_CLKIN1_CLKOUT0)
                                                      0.630     2.493 r  system_i/ddr4_0/inst/u_ddr4_infrastructure/gen_mmcme4.u_mmcme_adv_inst/CLKOUT0
                         net (fo=1, routed)           0.214     2.707    system_i/ddr4_0/inst/u_ddr4_infrastructure/mmcm_clkout0
    BUFGCE_X0Y74         BUFGCE (Prop_BUFCE_BUFGCE_I_O)
                                                      0.024     2.731 r  system_i/ddr4_0/inst/u_ddr4_infrastructure/u_bufg_divClk/O
    X1Y2 (CLOCK_ROOT)    net (fo=14002, routed)       1.744     4.474    system_i/ddr4_0/inst/u_ddr4_mem_intfc/u_ddr_cal_top/u_ddr_mc_pi/rdEn[2].u_ddr_mc_rd_en_low/rsMask_reg[6][9]_0
    SLICE_X1Y197         FDRE                                         r  system_i/ddr4_0/inst/u_ddr4_mem_intfc/u_ddr_cal_top/u_ddr_mc_pi/rdEn[2].u_ddr_mc_rd_en_low/rdEn_reg[3]/C
  -------------------------------------------------------------------    -------------------
    SLICE_X1Y197         FDRE (Prop_BFF_SLICEM_C_Q)
                                                      0.058     4.532 r  system_i/ddr4_0/inst/u_ddr4_mem_intfc/u_ddr_cal_top/u_ddr_mc_pi/rdEn[2].u_ddr_mc_rd_en_low/rdEn_reg[3]/Q
                         net (fo=1, routed)           0.176     4.708    system_i/ddr4_0/inst/u_ddr4_mem_intfc/u_mig_ddr4_phy/inst/generate_block1.u_ddr_xiphy/byte_num[4].xiphy_byte_wrapper.u_xiphy_byte_wrapper/I_CONTROL[0].GEN_I_CONTROL.u_xiphy_control/ch0_mcal_clb2phy_rden_low[3]
    BITSLICE_CONTROL_X0Y26
                         BITSLICE_CONTROL                             r  system_i/ddr4_0/inst/u_ddr4_mem_intfc/u_mig_ddr4_phy/inst/generate_block1.u_ddr_xiphy/byte_num[4].xiphy_byte_wrapper.u_xiphy_byte_wrapper/I_CONTROL[0].GEN_I_CONTROL.u_xiphy_control/xiphy_control/PHY_RDEN[3]
  -------------------------------------------------------------------    -------------------

                         (clock pll_clk[1]_DIV rise edge)
                                                      0.000     0.000 r  <hidden>
    K22                                               0.000     0.000 r  default_sysclk1_300_clk_p
                         net (fo=0)                   0.100     0.100    system_i/ddr4_0/inst/u_ddr4_mem_intfc/u_mig_ddr4_phy/inst/u_ddr4_phy_pll/diff_input_clk.u_ibufg_sys_clk/I
    HPIOBDIFFINBUF_X0Y58 DIFFINBUF (Prop_DIFFINBUF_HPIOBDIFFINBUF_DIFF_IN_P_O)
                                                      0.469     0.569 r  system_i/ddr4_0/inst/u_ddr4_mem_intfc/u_mig_ddr4_phy/inst/u_ddr4_phy_pll/diff_input_clk.u_ibufg_sys_clk/DIFFINBUF_INST/O
                         net (fo=1, routed)           0.050     0.619    system_i/ddr4_0/inst/u_ddr4_mem_intfc/u_mig_ddr4_phy/inst/u_ddr4_phy_pll/diff_input_clk.u_ibufg_sys_clk/OUT
    K22                  IBUFCTRL (Prop_IBUFCTRL_HPIOB_M_I_O)
                                                      0.000     0.619 r  system_i/ddr4_0/inst/u_ddr4_mem_intfc/u_mig_ddr4_phy/inst/u_ddr4_phy_pll/diff_input_clk.u_ibufg_sys_clk/IBUFCTRL_INST/O
                         net (fo=2, routed)           0.336     0.955    system_i/ddr4_0/inst/u_ddr4_mem_intfc/u_mig_ddr4_phy/inst/u_ddr4_phy_pll/sys_clk_in
    BUFGCE_X0Y49         BUFGCE (Prop_BUFCE_BUFGCE_I_O)
                                                      0.028     0.983 r  system_i/ddr4_0/inst/u_ddr4_mem_intfc/u_mig_ddr4_phy/inst/u_ddr4_phy_pll/gen_bufg_backbone.u__bufg_backbone/O
                         net (fo=1, routed)           1.179     2.162    system_i/ddr4_0/inst/u_ddr4_infrastructure/mmcm_clk_in
    MMCM_X0Y3            MMCME4_ADV (Prop_MMCM_CLKIN1_CLKOUT0)
                                                     -0.127     2.035 r  system_i/ddr4_0/inst/u_ddr4_infrastructure/gen_mmcme4.u_mmcme_adv_inst/CLKOUT0
                         net (fo=1, routed)           0.244     2.279    system_i/ddr4_0/inst/u_ddr4_infrastructure/mmcm_clkout0
    BUFGCE_X0Y74         BUFGCE (Prop_BUFCE_BUFGCE_I_O)
                                                      0.028     2.307 r  system_i/ddr4_0/inst/u_ddr4_infrastructure/u_bufg_divClk/O
    X1Y2 (CLOCK_ROOT)    net (fo=14002, routed)       1.784     4.091    system_i/ddr4_0/inst/u_ddr4_mem_intfc/u_mig_ddr4_phy/inst/u_ddr4_phy_pll/div_clk
    PLL_X0Y6             PLLE4_ADV (Prop_PLL_CLKIN_CLKOUTPHY)
                                                     -1.058     3.033 r  system_i/ddr4_0/inst/u_ddr4_mem_intfc/u_mig_ddr4_phy/inst/u_ddr4_phy_pll/plle_loop[1].gen_plle4.PLLE4_BASE_INST_OTHER/CLKOUTPHY
                         net (fo=8, routed)           0.143     3.176    system_i/ddr4_0/inst/u_ddr4_mem_intfc/u_mig_ddr4_phy/inst/generate_block1.u_ddr_xiphy/byte_num[4].xiphy_byte_wrapper.u_xiphy_byte_wrapper/I_CONTROL[0].GEN_I_CONTROL.u_xiphy_control/pll_clk[0]
    BITSLICE_CONTROL_X0Y26
                         BITSLICE_CONTROL (Prop_CONTROL_BITSLICE_CONTROL_PLL_CLK_RX_DIV2_CLK_Q)
                                                      0.193     3.369 r  system_i/ddr4_0/inst/u_ddr4_mem_intfc/u_mig_ddr4_phy/inst/generate_block1.u_ddr_xiphy/byte_num[4].xiphy_byte_wrapper.u_xiphy_byte_wrapper/I_CONTROL[0].GEN_I_CONTROL.u_xiphy_control/xiphy_control/RX_DIV2_CLK_Q
    BITSLICE_CONTROL_X0Y26
                         BITSLICE_CONTROL (Prop_CONTROL_BITSLICE_CONTROL_RX_DIV2_CLK_Q_RX_DIV4_CLK_Q)
                                                      0.119     3.488 r  system_i/ddr4_0/inst/u_ddr4_mem_intfc/u_mig_ddr4_phy/inst/generate_block1.u_ddr_xiphy/byte_num[4].xiphy_byte_wrapper.u_xiphy_byte_wrapper/I_CONTROL[0].GEN_I_CONTROL.u_xiphy_control/xiphy_control/RX_DIV4_CLK_Q
                         clock pessimism              0.299     3.787    <hidden>
                         clock uncertainty            0.170     3.957    <hidden>
    BITSLICE_CONTROL_X0Y26
                         BITSLICE_CONTROL (Hold_CONTROL_BITSLICE_CONTROL_RX_DIV4_CLK_Q_PHY_RDEN[3])
                                                      0.268     4.225    system_i/ddr4_0/inst/u_ddr4_mem_intfc/u_mig_ddr4_phy/inst/generate_block1.u_ddr_xiphy/byte_num[4].xiphy_byte_wrapper.u_xiphy_byte_wrapper/I_CONTROL[0].GEN_I_CONTROL.u_xiphy_control/xiphy_control
  -------------------------------------------------------------------
                         required time                         -4.225    <hidden>
                         arrival time                           4.708    <hidden>
  -------------------------------------------------------------------
                         slack                                  0.483    <hidden>





---------------------------------------------------------------------------------------------------
From Clock:  mmcm_clkout0
  To Clock:  mmcm_clkout1

Setup :            0  Failing Endpoints,  Worst Slack        1.800ns,  Total Violation        0.000ns
Hold  :           NA  Failing Endpoints,  Worst Slack           NA  ,  Total Violation           NA
---------------------------------------------------------------------------------------------------


Max Delay Paths
--------------------------------------------------------------------------------------
Slack (MET) :             1.800ns  (required time - arrival time)
  Source:                 system_i/sc_0/inst/m00_nodes/m00_r_node/inst/inst_mi_handler/gen_normal_area.inst_fifo_node_payld/gen_xpm_memory_fifo.inst_fifo/gen_mem_rep[1].inst_xpm_memory/xpm_memory_base_inst/gen_wr_a.gen_word_narrow.mem_reg_0_31_56_69/RAMB_D1/CLK
                            (rising edge-triggered cell RAMD32 clocked by mmcm_clkout0  {rise@0.000ns fall@1.500ns period=3.001ns})
  Destination:            system_i/sc_0/inst/m00_nodes/m00_r_node/inst/inst_mi_handler/gen_normal_area.inst_fifo_node_payld/gen_xpm_memory_fifo.inst_fifo/gen_mem_rep[1].inst_xpm_memory/xpm_memory_base_inst/gen_rd_b.gen_rd_b_synth_template.gen_rf_narrow_reg.doutb_reg_reg[59]/D
                            (rising edge-triggered cell FDRE clocked by mmcm_clkout1  {rise@0.000ns fall@5.001ns period=10.002ns})
  Path Group:             mmcm_clkout1
  Path Type:              Setup (Max at Slow Process Corner)
  Requirement:            3.001ns  (MaxDelay Path 3.001ns)
  Data Path Delay:        1.226ns  (logic 0.307ns (25.041%)  route 0.919ns (74.959%))
  Logic Levels:           0  
  Timing Exception:       MaxDelay Path 3.001ns -datapath_only

    Location             Delay type                Incr(ns)  Path(ns)    Netlist Resource(s)
  -------------------------------------------------------------------    -------------------
    SLICE_X67Y208                                     0.000     0.000 r  system_i/sc_0/inst/m00_nodes/m00_r_node/inst/inst_mi_handler/gen_normal_area.inst_fifo_node_payld/gen_xpm_memory_fifo.inst_fifo/gen_mem_rep[1].inst_xpm_memory/xpm_memory_base_inst/gen_wr_a.gen_word_narrow.mem_reg_0_31_56_69/RAMB_D1/CLK
    SLICE_X67Y208        RAMD32 (Prop_B6LUT_SLICEM_CLK_O)
                                                      0.307     0.307 r  system_i/sc_0/inst/m00_nodes/m00_r_node/inst/inst_mi_handler/gen_normal_area.inst_fifo_node_payld/gen_xpm_memory_fifo.inst_fifo/gen_mem_rep[1].inst_xpm_memory/xpm_memory_base_inst/gen_wr_a.gen_word_narrow.mem_reg_0_31_56_69/RAMB_D1/O
                         net (fo=1, routed)           0.919     1.226    system_i/sc_0/inst/m00_nodes/m00_r_node/inst/inst_mi_handler/gen_normal_area.inst_fifo_node_payld/gen_xpm_memory_fifo.inst_fifo/gen_mem_rep[1].inst_xpm_memory/xpm_memory_base_inst/gen_rd_b.gen_rd_b_synth_template.gen_rf_narrow_reg.doutb_reg_reg0[59]
    SLICE_X79Y210        FDRE                                         r  system_i/sc_0/inst/m00_nodes/m00_r_node/inst/inst_mi_handler/gen_normal_area.inst_fifo_node_payld/gen_xpm_memory_fifo.inst_fifo/gen_mem_rep[1].inst_xpm_memory/xpm_memory_base_inst/gen_rd_b.gen_rd_b_synth_template.gen_rf_narrow_reg.doutb_reg_reg[59]/D
  -------------------------------------------------------------------    -------------------

                         max delay                    3.001     3.001    <hidden>
    SLICE_X79Y210        FDRE (Setup_FFF2_SLICEM_C_D)
                                                      0.025     3.026    system_i/sc_0/inst/m00_nodes/m00_r_node/inst/inst_mi_handler/gen_normal_area.inst_fifo_node_payld/gen_xpm_memory_fifo.inst_fifo/gen_mem_rep[1].inst_xpm_memory/xpm_memory_base_inst/gen_rd_b.gen_rd_b_synth_template.gen_rf_narrow_reg.doutb_reg_reg[59]
  -------------------------------------------------------------------
                         required time                          3.026    <hidden>
                         arrival time                          -1.226    <hidden>
  -------------------------------------------------------------------
                         slack                                  1.800    <hidden>





---------------------------------------------------------------------------------------------------
From Clock:  dbg_hub/inst/BSCANID.u_xsdbm_id/SWITCH_N_EXT_BSCAN.bscan_inst/SERIES7_BSCAN.bscan_inst/INTERNAL_TCK
  To Clock:  mmcm_clkout5

Setup :            0  Failing Endpoints,  Worst Slack       49.329ns,  Total Violation        0.000ns
Hold  :           NA  Failing Endpoints,  Worst Slack           NA  ,  Total Violation           NA
---------------------------------------------------------------------------------------------------


Max Delay Paths
--------------------------------------------------------------------------------------
Slack (MET) :             49.329ns  (required time - arrival time)
  Source:                 dbg_hub/inst/BSCANID.u_xsdbm_id/CORE_XSDB.UUT_MASTER/U_ICON_INTERFACE/U_CMD6_RD/U_RD_FIFO/SUBCORE_FIFO.xsdbm_v3_0_6_rdfifo_inst/inst_fifo_gen/gconvfifo.rf/grf.rf/gntv_or_sync_fifo.gcx.clkx/gnxpm_cdc.rd_pntr_gc_reg[0]/C
                            (rising edge-triggered cell FDCE clocked by dbg_hub/inst/BSCANID.u_xsdbm_id/SWITCH_N_EXT_BSCAN.bscan_inst/SERIES7_BSCAN.bscan_inst/INTERNAL_TCK  {rise@0.000ns fall@25.000ns period=50.000ns})
  Destination:            dbg_hub/inst/BSCANID.u_xsdbm_id/CORE_XSDB.UUT_MASTER/U_ICON_INTERFACE/U_CMD6_RD/U_RD_FIFO/SUBCORE_FIFO.xsdbm_v3_0_6_rdfifo_inst/inst_fifo_gen/gconvfifo.rf/grf.rf/gntv_or_sync_fifo.gcx.clkx/gnxpm_cdc.gsync_stage[1].wr_stg_inst/Q_reg_reg[0]/D
                            (rising edge-triggered cell FDCE clocked by mmcm_clkout5  {rise@0.000ns fall@6.001ns period=12.002ns})
  Path Group:             mmcm_clkout5
  Path Type:              Setup (Max at Slow Process Corner)
  Requirement:            50.000ns  (MaxDelay Path 50.000ns)
  Data Path Delay:        0.696ns  (logic 0.076ns (10.920%)  route 0.620ns (89.080%))
  Logic Levels:           0  
  Timing Exception:       MaxDelay Path 50.000ns -datapath_only

    Location             Delay type                Incr(ns)  Path(ns)    Netlist Resource(s)
  -------------------------------------------------------------------    -------------------
    SLICE_X44Y105                                     0.000     0.000 r  dbg_hub/inst/BSCANID.u_xsdbm_id/CORE_XSDB.UUT_MASTER/U_ICON_INTERFACE/U_CMD6_RD/U_RD_FIFO/SUBCORE_FIFO.xsdbm_v3_0_6_rdfifo_inst/inst_fifo_gen/gconvfifo.rf/grf.rf/gntv_or_sync_fifo.gcx.clkx/gnxpm_cdc.rd_pntr_gc_reg[0]/C
    SLICE_X44Y105        FDCE (Prop_EFF_SLICEM_C_Q)
                                                      0.076     0.076 r  dbg_hub/inst/BSCANID.u_xsdbm_id/CORE_XSDB.UUT_MASTER/U_ICON_INTERFACE/U_CMD6_RD/U_RD_FIFO/SUBCORE_FIFO.xsdbm_v3_0_6_rdfifo_inst/inst_fifo_gen/gconvfifo.rf/grf.rf/gntv_or_sync_fifo.gcx.clkx/gnxpm_cdc.rd_pntr_gc_reg[0]/Q
                         net (fo=1, routed)           0.620     0.696    dbg_hub/inst/BSCANID.u_xsdbm_id/CORE_XSDB.UUT_MASTER/U_ICON_INTERFACE/U_CMD6_RD/U_RD_FIFO/SUBCORE_FIFO.xsdbm_v3_0_6_rdfifo_inst/inst_fifo_gen/gconvfifo.rf/grf.rf/gntv_or_sync_fifo.gcx.clkx/gnxpm_cdc.gsync_stage[1].wr_stg_inst/Q[0]
    SLICE_X45Y104        FDCE                                         r  dbg_hub/inst/BSCANID.u_xsdbm_id/CORE_XSDB.UUT_MASTER/U_ICON_INTERFACE/U_CMD6_RD/U_RD_FIFO/SUBCORE_FIFO.xsdbm_v3_0_6_rdfifo_inst/inst_fifo_gen/gconvfifo.rf/grf.rf/gntv_or_sync_fifo.gcx.clkx/gnxpm_cdc.gsync_stage[1].wr_stg_inst/Q_reg_reg[0]/D
  -------------------------------------------------------------------    -------------------

                         max delay                   50.000    50.000    <hidden>
    SLICE_X45Y104        FDCE (Setup_GFF2_SLICEL_C_D)
                                                      0.025    50.025    dbg_hub/inst/BSCANID.u_xsdbm_id/CORE_XSDB.UUT_MASTER/U_ICON_INTERFACE/U_CMD6_RD/U_RD_FIFO/SUBCORE_FIFO.xsdbm_v3_0_6_rdfifo_inst/inst_fifo_gen/gconvfifo.rf/grf.rf/gntv_or_sync_fifo.gcx.clkx/gnxpm_cdc.gsync_stage[1].wr_stg_inst/Q_reg_reg[0]
  -------------------------------------------------------------------
                         required time                         50.025    <hidden>
                         arrival time                          -0.696    <hidden>
  -------------------------------------------------------------------
                         slack                                 49.329    <hidden>





---------------------------------------------------------------------------------------------------
From Clock:  mmcm_clkout0
  To Clock:  mmcm_clkout5

Setup :            0  Failing Endpoints,  Worst Slack       11.357ns,  Total Violation        0.000ns
Hold  :           NA  Failing Endpoints,  Worst Slack           NA  ,  Total Violation           NA
---------------------------------------------------------------------------------------------------


Max Delay Paths
--------------------------------------------------------------------------------------
Slack (MET) :             11.357ns  (required time - arrival time)
  Source:                 system_i/ddr4_0/inst/u_ddr4_mem_intfc/u_ddr_cal_top/u_ddr_cal/u_xsdb_arbiter/slave_do_fclk_reg[7]/C
                            (rising edge-triggered cell FDRE clocked by mmcm_clkout0  {rise@0.000ns fall@1.500ns period=3.001ns})
  Destination:            system_i/ddr4_0/inst/u_ddr4_mem_intfc/u_ddr_cal_top/u_ddr_cal/u_xsdb_arbiter/u_slave_do_sync/SYNC[7].sync_reg_reg[0]/D
                            (rising edge-triggered cell FDRE clocked by mmcm_clkout5  {rise@0.000ns fall@6.001ns period=12.002ns})
  Path Group:             mmcm_clkout5
  Path Type:              Setup (Max at Slow Process Corner)
  Requirement:            12.000ns  (MaxDelay Path 12.000ns)
  Data Path Delay:        0.668ns  (logic 0.079ns (11.826%)  route 0.589ns (88.174%))
  Logic Levels:           0  
  Timing Exception:       MaxDelay Path 12.000ns -datapath_only

    Location             Delay type                Incr(ns)  Path(ns)    Netlist Resource(s)
  -------------------------------------------------------------------    -------------------
    SLICE_X19Y146                                     0.000     0.000 r  system_i/ddr4_0/inst/u_ddr4_mem_intfc/u_ddr_cal_top/u_ddr_cal/u_xsdb_arbiter/slave_do_fclk_reg[7]/C
    SLICE_X19Y146        FDRE (Prop_DFF_SLICEL_C_Q)
                                                      0.079     0.079 r  system_i/ddr4_0/inst/u_ddr4_mem_intfc/u_ddr_cal_top/u_ddr_cal/u_xsdb_arbiter/slave_do_fclk_reg[7]/Q
                         net (fo=1, routed)           0.589     0.668    system_i/ddr4_0/inst/u_ddr4_mem_intfc/u_ddr_cal_top/u_ddr_cal/u_xsdb_arbiter/u_slave_do_sync/out[7]
    SLICE_X25Y138        FDRE                                         r  system_i/ddr4_0/inst/u_ddr4_mem_intfc/u_ddr_cal_top/u_ddr_cal/u_xsdb_arbiter/u_slave_do_sync/SYNC[7].sync_reg_reg[0]/D
  -------------------------------------------------------------------    -------------------

                         max delay                   12.000    12.000    <hidden>
    SLICE_X25Y138        FDRE (Setup_DFF2_SLICEM_C_D)
                                                      0.025    12.025    system_i/ddr4_0/inst/u_ddr4_mem_intfc/u_ddr_cal_top/u_ddr_cal/u_xsdb_arbiter/u_slave_do_sync/SYNC[7].sync_reg_reg[0]
  -------------------------------------------------------------------
                         required time                         12.025    <hidden>
                         arrival time                          -0.668    <hidden>
  -------------------------------------------------------------------
                         slack                                 11.357    <hidden>





---------------------------------------------------------------------------------------------------
From Clock:  mmcm_clkout0
  To Clock:  mmcm_clkout6

Setup :            0  Failing Endpoints,  Worst Slack        1.556ns,  Total Violation        0.000ns
Hold  :            0  Failing Endpoints,  Worst Slack        0.112ns,  Total Violation        0.000ns
---------------------------------------------------------------------------------------------------


Max Delay Paths
--------------------------------------------------------------------------------------
Slack (MET) :             1.556ns  (required time - arrival time)
  Source:                 system_i/ddr4_0/inst/u_ddr4_mem_intfc/u_ddr_cal_top/sample_gts_reg/C
                            (rising edge-triggered cell FDRE clocked by mmcm_clkout0  {rise@0.000ns fall@1.500ns period=3.001ns})
  Destination:            system_i/ddr4_0/inst/u_ddr4_mem_intfc/u_ddr_cal_riu/sample_gts_riu_reg/D
                            (rising edge-triggered cell FDRE clocked by mmcm_clkout6  {rise@0.000ns fall@3.001ns period=6.001ns})
  Path Group:             mmcm_clkout6
  Path Type:              Setup (Max at Slow Process Corner)
  Requirement:            3.001ns  (mmcm_clkout6 rise@6.001ns - mmcm_clkout0 rise@3.001ns)
  Data Path Delay:        1.038ns  (logic 0.079ns (7.611%)  route 0.959ns (92.389%))
  Logic Levels:           0  
  Clock Path Skew:        -0.243ns (DCD - SCD + CPR)
    Destination Clock Delay (DCD):    4.454ns = ( 10.455 - 6.001 ) 
    Source Clock Delay      (SCD):    4.240ns = ( 7.241 - 3.001 ) 
    Clock Pessimism Removal (CPR):    -0.457ns
  Clock Uncertainty:      0.188ns  ((TSJ^2 + DJ^2)^1/2) / 2 + PE
    Total System Jitter     (TSJ):    0.071ns
    Discrete Jitter          (DJ):    0.117ns
    Phase Error              (PE):    0.120ns
  Clock Net Delay (Source):      1.933ns (routing 0.932ns, distribution 1.001ns)
  Clock Net Delay (Destination): 1.711ns (routing 0.862ns, distribution 0.849ns)

    Location             Delay type                Incr(ns)  Path(ns)    Netlist Resource(s)
  -------------------------------------------------------------------    -------------------
                         (clock mmcm_clkout0 rise edge)
                                                      3.001     3.001 r  <hidden>
    K22                                               0.000     3.001 r  default_sysclk1_300_clk_p
                         net (fo=0)                   0.100     3.101    system_i/ddr4_0/inst/u_ddr4_mem_intfc/u_mig_ddr4_phy/inst/u_ddr4_phy_pll/diff_input_clk.u_ibufg_sys_clk/I
    HPIOBDIFFINBUF_X0Y58 DIFFINBUF (Prop_DIFFINBUF_HPIOBDIFFINBUF_DIFF_IN_P_O)
                                                      0.469     3.570 r  system_i/ddr4_0/inst/u_ddr4_mem_intfc/u_mig_ddr4_phy/inst/u_ddr4_phy_pll/diff_input_clk.u_ibufg_sys_clk/DIFFINBUF_INST/O
                         net (fo=1, routed)           0.050     3.620    system_i/ddr4_0/inst/u_ddr4_mem_intfc/u_mig_ddr4_phy/inst/u_ddr4_phy_pll/diff_input_clk.u_ibufg_sys_clk/OUT
    K22                  IBUFCTRL (Prop_IBUFCTRL_HPIOB_M_I_O)
                                                      0.000     3.620 r  system_i/ddr4_0/inst/u_ddr4_mem_intfc/u_mig_ddr4_phy/inst/u_ddr4_phy_pll/diff_input_clk.u_ibufg_sys_clk/IBUFCTRL_INST/O
                         net (fo=2, routed)           0.336     3.956    system_i/ddr4_0/inst/u_ddr4_mem_intfc/u_mig_ddr4_phy/inst/u_ddr4_phy_pll/sys_clk_in
    BUFGCE_X0Y49         BUFGCE (Prop_BUFCE_BUFGCE_I_O)
                                                      0.028     3.984 r  system_i/ddr4_0/inst/u_ddr4_mem_intfc/u_mig_ddr4_phy/inst/u_ddr4_phy_pll/gen_bufg_backbone.u__bufg_backbone/O
                         net (fo=1, routed)           1.179     5.163    system_i/ddr4_0/inst/u_ddr4_infrastructure/mmcm_clk_in
    MMCM_X0Y3            MMCME4_ADV (Prop_MMCM_CLKIN1_CLKOUT0)
                                                     -0.127     5.036 r  system_i/ddr4_0/inst/u_ddr4_infrastructure/gen_mmcme4.u_mmcme_adv_inst/CLKOUT0
                         net (fo=1, routed)           0.244     5.280    system_i/ddr4_0/inst/u_ddr4_infrastructure/mmcm_clkout0
    BUFGCE_X0Y74         BUFGCE (Prop_BUFCE_BUFGCE_I_O)
                                                      0.028     5.308 r  system_i/ddr4_0/inst/u_ddr4_infrastructure/u_bufg_divClk/O
    X1Y2 (CLOCK_ROOT)    net (fo=14002, routed)       1.933     7.241    system_i/ddr4_0/inst/u_ddr4_mem_intfc/u_ddr_cal_top/dReg_reg[13]
    SLICE_X3Y217         FDRE                                         r  system_i/ddr4_0/inst/u_ddr4_mem_intfc/u_ddr_cal_top/sample_gts_reg/C
  -------------------------------------------------------------------    -------------------
    SLICE_X3Y217         FDRE (Prop_DFF_SLICEL_C_Q)
                                                      0.079     7.320 r  system_i/ddr4_0/inst/u_ddr4_mem_intfc/u_ddr_cal_top/sample_gts_reg/Q
                         net (fo=1, routed)           0.959     8.279    system_i/ddr4_0/inst/u_ddr4_mem_intfc/u_ddr_cal_riu/sample_gts
    SLICE_X4Y162         FDRE                                         r  system_i/ddr4_0/inst/u_ddr4_mem_intfc/u_ddr_cal_riu/sample_gts_riu_reg/D
  -------------------------------------------------------------------    -------------------

                         (clock mmcm_clkout6 rise edge)
                                                      6.001     6.001 r  <hidden>
    K22                                               0.000     6.001 r  default_sysclk1_300_clk_p
                         net (fo=0)                   0.079     6.080    system_i/ddr4_0/inst/u_ddr4_mem_intfc/u_mig_ddr4_phy/inst/u_ddr4_phy_pll/diff_input_clk.u_ibufg_sys_clk/I
    HPIOBDIFFINBUF_X0Y58 DIFFINBUF (Prop_DIFFINBUF_HPIOBDIFFINBUF_DIFF_IN_P_O)
                                                      0.374     6.454 r  system_i/ddr4_0/inst/u_ddr4_mem_intfc/u_mig_ddr4_phy/inst/u_ddr4_phy_pll/diff_input_clk.u_ibufg_sys_clk/DIFFINBUF_INST/O
                         net (fo=1, routed)           0.040     6.494    system_i/ddr4_0/inst/u_ddr4_mem_intfc/u_mig_ddr4_phy/inst/u_ddr4_phy_pll/diff_input_clk.u_ibufg_sys_clk/OUT
    K22                  IBUFCTRL (Prop_IBUFCTRL_HPIOB_M_I_O)
                                                      0.000     6.494 r  system_i/ddr4_0/inst/u_ddr4_mem_intfc/u_mig_ddr4_phy/inst/u_ddr4_phy_pll/diff_input_clk.u_ibufg_sys_clk/IBUFCTRL_INST/O
                         net (fo=2, routed)           0.297     6.791    system_i/ddr4_0/inst/u_ddr4_mem_intfc/u_mig_ddr4_phy/inst/u_ddr4_phy_pll/sys_clk_in
    BUFGCE_X0Y49         BUFGCE (Prop_BUFCE_BUFGCE_I_O)
                                                      0.024     6.815 r  system_i/ddr4_0/inst/u_ddr4_mem_intfc/u_mig_ddr4_phy/inst/u_ddr4_phy_pll/gen_bufg_backbone.u__bufg_backbone/O
                         net (fo=1, routed)           1.049     7.864    system_i/ddr4_0/inst/u_ddr4_infrastructure/mmcm_clk_in
    MMCM_X0Y3            MMCME4_ADV (Prop_MMCM_CLKIN1_CLKOUT6)
                                                      0.630     8.494 r  system_i/ddr4_0/inst/u_ddr4_infrastructure/gen_mmcme4.u_mmcme_adv_inst/CLKOUT6
                         net (fo=1, routed)           0.227     8.721    system_i/ddr4_0/inst/u_ddr4_infrastructure/mmcm_clkout6
    BUFGCE_X0Y82         BUFGCE (Prop_BUFCE_BUFGCE_I_O)
                                                      0.024     8.745 r  system_i/ddr4_0/inst/u_ddr4_infrastructure/u_bufg_riuClk/O
    X1Y2 (CLOCK_ROOT)    net (fo=1640, routed)        1.711    10.455    system_i/ddr4_0/inst/u_ddr4_mem_intfc/u_ddr_cal_riu/CLK
    SLICE_X4Y162         FDRE                                         r  system_i/ddr4_0/inst/u_ddr4_mem_intfc/u_ddr_cal_riu/sample_gts_riu_reg/C
                         clock pessimism             -0.457     9.998    <hidden>
                         clock uncertainty           -0.188     9.810    <hidden>
    SLICE_X4Y162         FDRE (Setup_FFF_SLICEM_C_D)
                                                      0.025     9.835    system_i/ddr4_0/inst/u_ddr4_mem_intfc/u_ddr_cal_riu/sample_gts_riu_reg
  -------------------------------------------------------------------
                         required time                          9.835    <hidden>
                         arrival time                          -8.279    <hidden>
  -------------------------------------------------------------------
                         slack                                  1.556    <hidden>





Min Delay Paths
--------------------------------------------------------------------------------------
Slack (MET) :             0.112ns  (arrival time - required time)
  Source:                 system_i/ddr4_0/inst/u_ddr4_mem_intfc/u_ddr_cal_top/sample_gts_reg/C
                            (rising edge-triggered cell FDRE clocked by mmcm_clkout0  {rise@0.000ns fall@1.500ns period=3.001ns})
  Destination:            system_i/ddr4_0/inst/u_ddr4_mem_intfc/u_ddr_cal_riu/sample_gts_riu_reg/D
                            (rising edge-triggered cell FDRE clocked by mmcm_clkout6  {rise@0.000ns fall@3.001ns period=6.001ns})
  Path Group:             mmcm_clkout6
  Path Type:              Hold (Min at Fast Process Corner)
  Requirement:            0.000ns  (mmcm_clkout6 rise@0.000ns - mmcm_clkout0 rise@0.000ns)
  Data Path Delay:        0.512ns  (logic 0.039ns (7.617%)  route 0.473ns (92.383%))
  Logic Levels:           0  
  Clock Path Skew:        0.166ns (DCD - SCD - CPR)
    Destination Clock Delay (DCD):    2.517ns
    Source Clock Delay      (SCD):    2.628ns
    Clock Pessimism Removal (CPR):    -0.277ns
  Clock Uncertainty:      0.188ns  ((TSJ^2 + DJ^2)^1/2) / 2 + PE
    Total System Jitter     (TSJ):    0.071ns
    Discrete Jitter          (DJ):    0.117ns
    Phase Error              (PE):    0.120ns
  Clock Net Delay (Source):      1.067ns (routing 0.512ns, distribution 0.555ns)
  Clock Net Delay (Destination): 1.198ns (routing 0.577ns, distribution 0.621ns)

    Location             Delay type                Incr(ns)  Path(ns)    Netlist Resource(s)
  -------------------------------------------------------------------    -------------------
                         (clock mmcm_clkout0 rise edge)
                                                      0.000     0.000 r  <hidden>
    K22                                               0.000     0.000 r  default_sysclk1_300_clk_p
                         net (fo=0)                   0.079     0.079    system_i/ddr4_0/inst/u_ddr4_mem_intfc/u_mig_ddr4_phy/inst/u_ddr4_phy_pll/diff_input_clk.u_ibufg_sys_clk/I
    HPIOBDIFFINBUF_X0Y58 DIFFINBUF (Prop_DIFFINBUF_HPIOBDIFFINBUF_DIFF_IN_P_O)
                                                      0.229     0.308 r  system_i/ddr4_0/inst/u_ddr4_mem_intfc/u_mig_ddr4_phy/inst/u_ddr4_phy_pll/diff_input_clk.u_ibufg_sys_clk/DIFFINBUF_INST/O
                         net (fo=1, routed)           0.040     0.348    system_i/ddr4_0/inst/u_ddr4_mem_intfc/u_mig_ddr4_phy/inst/u_ddr4_phy_pll/diff_input_clk.u_ibufg_sys_clk/OUT
    K22                  IBUFCTRL (Prop_IBUFCTRL_HPIOB_M_I_O)
                                                      0.000     0.348 r  system_i/ddr4_0/inst/u_ddr4_mem_intfc/u_mig_ddr4_phy/inst/u_ddr4_phy_pll/diff_input_clk.u_ibufg_sys_clk/IBUFCTRL_INST/O
                         net (fo=2, routed)           0.151     0.499    system_i/ddr4_0/inst/u_ddr4_mem_intfc/u_mig_ddr4_phy/inst/u_ddr4_phy_pll/sys_clk_in
    BUFGCE_X0Y49         BUFGCE (Prop_BUFCE_BUFGCE_I_O)
                                                      0.017     0.516 r  system_i/ddr4_0/inst/u_ddr4_mem_intfc/u_mig_ddr4_phy/inst/u_ddr4_phy_pll/gen_bufg_backbone.u__bufg_backbone/O
                         net (fo=1, routed)           0.654     1.170    system_i/ddr4_0/inst/u_ddr4_infrastructure/mmcm_clk_in
    MMCM_X0Y3            MMCME4_ADV (Prop_MMCM_CLKIN1_CLKOUT0)
                                                      0.230     1.400 r  system_i/ddr4_0/inst/u_ddr4_infrastructure/gen_mmcme4.u_mmcme_adv_inst/CLKOUT0
                         net (fo=1, routed)           0.145     1.545    system_i/ddr4_0/inst/u_ddr4_infrastructure/mmcm_clkout0
    BUFGCE_X0Y74         BUFGCE (Prop_BUFCE_BUFGCE_I_O)
                                                      0.017     1.562 r  system_i/ddr4_0/inst/u_ddr4_infrastructure/u_bufg_divClk/O
    X1Y2 (CLOCK_ROOT)    net (fo=14002, routed)       1.067     2.628    system_i/ddr4_0/inst/u_ddr4_mem_intfc/u_ddr_cal_top/dReg_reg[13]
    SLICE_X3Y217         FDRE                                         r  system_i/ddr4_0/inst/u_ddr4_mem_intfc/u_ddr_cal_top/sample_gts_reg/C
  -------------------------------------------------------------------    -------------------
    SLICE_X3Y217         FDRE (Prop_DFF_SLICEL_C_Q)
                                                      0.039     2.667 r  system_i/ddr4_0/inst/u_ddr4_mem_intfc/u_ddr_cal_top/sample_gts_reg/Q
                         net (fo=1, routed)           0.473     3.140    system_i/ddr4_0/inst/u_ddr4_mem_intfc/u_ddr_cal_riu/sample_gts
    SLICE_X4Y162         FDRE                                         r  system_i/ddr4_0/inst/u_ddr4_mem_intfc/u_ddr_cal_riu/sample_gts_riu_reg/D
  -------------------------------------------------------------------    -------------------

                         (clock mmcm_clkout6 rise edge)
                                                      0.000     0.000 r  <hidden>
    K22                                               0.000     0.000 r  default_sysclk1_300_clk_p
                         net (fo=0)                   0.100     0.100    system_i/ddr4_0/inst/u_ddr4_mem_intfc/u_mig_ddr4_phy/inst/u_ddr4_phy_pll/diff_input_clk.u_ibufg_sys_clk/I
    HPIOBDIFFINBUF_X0Y58 DIFFINBUF (Prop_DIFFINBUF_HPIOBDIFFINBUF_DIFF_IN_P_O)
                                                      0.326     0.426 r  system_i/ddr4_0/inst/u_ddr4_mem_intfc/u_mig_ddr4_phy/inst/u_ddr4_phy_pll/diff_input_clk.u_ibufg_sys_clk/DIFFINBUF_INST/O
                         net (fo=1, routed)           0.050     0.476    system_i/ddr4_0/inst/u_ddr4_mem_intfc/u_mig_ddr4_phy/inst/u_ddr4_phy_pll/diff_input_clk.u_ibufg_sys_clk/OUT
    K22                  IBUFCTRL (Prop_IBUFCTRL_HPIOB_M_I_O)
                                                      0.000     0.476 r  system_i/ddr4_0/inst/u_ddr4_mem_intfc/u_mig_ddr4_phy/inst/u_ddr4_phy_pll/diff_input_clk.u_ibufg_sys_clk/IBUFCTRL_INST/O
                         net (fo=2, routed)           0.189     0.665    system_i/ddr4_0/inst/u_ddr4_mem_intfc/u_mig_ddr4_phy/inst/u_ddr4_phy_pll/sys_clk_in
    BUFGCE_X0Y49         BUFGCE (Prop_BUFCE_BUFGCE_I_O)
                                                      0.019     0.684 r  system_i/ddr4_0/inst/u_ddr4_mem_intfc/u_mig_ddr4_phy/inst/u_ddr4_phy_pll/gen_bufg_backbone.u__bufg_backbone/O
                         net (fo=1, routed)           0.733     1.417    system_i/ddr4_0/inst/u_ddr4_infrastructure/mmcm_clk_in
    MMCM_X0Y3            MMCME4_ADV (Prop_MMCM_CLKIN1_CLKOUT6)
                                                     -0.295     1.122 r  system_i/ddr4_0/inst/u_ddr4_infrastructure/gen_mmcme4.u_mmcme_adv_inst/CLKOUT6
                         net (fo=1, routed)           0.177     1.299    system_i/ddr4_0/inst/u_ddr4_infrastructure/mmcm_clkout6
    BUFGCE_X0Y82         BUFGCE (Prop_BUFCE_BUFGCE_I_O)
                                                      0.019     1.318 r  system_i/ddr4_0/inst/u_ddr4_infrastructure/u_bufg_riuClk/O
    X1Y2 (CLOCK_ROOT)    net (fo=1640, routed)        1.198     2.517    system_i/ddr4_0/inst/u_ddr4_mem_intfc/u_ddr_cal_riu/CLK
    SLICE_X4Y162         FDRE                                         r  system_i/ddr4_0/inst/u_ddr4_mem_intfc/u_ddr_cal_riu/sample_gts_riu_reg/C
                         clock pessimism              0.277     2.794    <hidden>
                         clock uncertainty            0.188     2.982    <hidden>
    SLICE_X4Y162         FDRE (Hold_FFF_SLICEM_C_D)
                                                      0.046     3.028    system_i/ddr4_0/inst/u_ddr4_mem_intfc/u_ddr_cal_riu/sample_gts_riu_reg
  -------------------------------------------------------------------
                         required time                         -3.028    <hidden>
                         arrival time                           3.140    <hidden>
  -------------------------------------------------------------------
                         slack                                  0.112    <hidden>





---------------------------------------------------------------------------------------------------
Path Group:  **async_default**
From Clock:  dbg_hub/inst/BSCANID.u_xsdbm_id/SWITCH_N_EXT_BSCAN.bscan_inst/SERIES7_BSCAN.bscan_inst/INTERNAL_TCK
  To Clock:  dbg_hub/inst/BSCANID.u_xsdbm_id/SWITCH_N_EXT_BSCAN.bscan_inst/SERIES7_BSCAN.bscan_inst/INTERNAL_TCK

Setup :            0  Failing Endpoints,  Worst Slack       47.706ns,  Total Violation        0.000ns
Hold  :            0  Failing Endpoints,  Worst Slack        0.114ns,  Total Violation        0.000ns
---------------------------------------------------------------------------------------------------


Max Delay Paths
--------------------------------------------------------------------------------------
Slack (MET) :             47.706ns  (required time - arrival time)
  Source:                 dbg_hub/inst/BSCANID.u_xsdbm_id/SWITCH_N_EXT_BSCAN.bscan_switch/portno_reg[2]/C
                            (rising edge-triggered cell FDRE clocked by dbg_hub/inst/BSCANID.u_xsdbm_id/SWITCH_N_EXT_BSCAN.bscan_inst/SERIES7_BSCAN.bscan_inst/INTERNAL_TCK  {rise@0.000ns fall@25.000ns period=50.000ns})
  Destination:            dbg_hub/inst/BSCANID.u_xsdbm_id/CORE_XSDB.U_ICON/U_CMD/iTARGET_reg[10]/CLR
                            (recovery check against rising-edge clock dbg_hub/inst/BSCANID.u_xsdbm_id/SWITCH_N_EXT_BSCAN.bscan_inst/SERIES7_BSCAN.bscan_inst/INTERNAL_TCK  {rise@0.000ns fall@25.000ns period=50.000ns})
  Path Group:             **async_default**
  Path Type:              Recovery (Max at Slow Process Corner)
  Requirement:            50.000ns  (dbg_hub/inst/BSCANID.u_xsdbm_id/SWITCH_N_EXT_BSCAN.bscan_inst/SERIES7_BSCAN.bscan_inst/INTERNAL_TCK rise@50.000ns - dbg_hub/inst/BSCANID.u_xsdbm_id/SWITCH_N_EXT_BSCAN.bscan_inst/SERIES7_BSCAN.bscan_inst/INTERNAL_TCK rise@0.000ns)
  Data Path Delay:        2.044ns  (logic 0.341ns (16.682%)  route 1.703ns (83.318%))
  Logic Levels:           2  (LUT4=1 LUT6=1)
  Clock Path Skew:        -0.148ns (DCD - SCD + CPR)
    Destination Clock Delay (DCD):    4.576ns = ( 54.576 - 50.000 ) 
    Source Clock Delay      (SCD):    9.702ns
    Clock Pessimism Removal (CPR):    4.978ns
  Clock Uncertainty:      0.035ns  ((TSJ^2 + TIJ^2)^1/2 + DJ) / 2 + PE
    Total System Jitter     (TSJ):    0.071ns
    Total Input Jitter      (TIJ):    0.000ns
    Discrete Jitter          (DJ):    0.000ns
    Phase Error              (PE):    0.000ns
  Clock Net Delay (Source):      2.411ns (routing 1.442ns, distribution 0.969ns)
  Clock Net Delay (Destination): 2.092ns (routing 1.312ns, distribution 0.780ns)

    Location             Delay type                Incr(ns)  Path(ns)    Netlist Resource(s)
  -------------------------------------------------------------------    -------------------
                         (clock dbg_hub/inst/BSCANID.u_xsdbm_id/SWITCH_N_EXT_BSCAN.bscan_inst/SERIES7_BSCAN.bscan_inst/INTERNAL_TCK rise edge)
                                                      0.000     0.000 r  <hidden>
    CONFIG_SITE_X0Y0     BSCANE2                      0.000     0.000 r  dbg_hub/inst/BSCANID.u_xsdbm_id/SWITCH_N_EXT_BSCAN.bscan_inst/SERIES7_BSCAN.bscan_inst/INTERNAL_TCK
    CONFIG_SITE_X0Y0     BSCANE2 (Prop_BSCAN1_CONFIG_SITE_INTERNAL_TCK_TCK)
                                                      4.300     4.300 r  dbg_hub/inst/BSCANID.u_xsdbm_id/SWITCH_N_EXT_BSCAN.bscan_inst/SERIES7_BSCAN.bscan_inst/TCK
                         net (fo=1, routed)           2.963     7.263    dbg_hub/inst/BSCANID.u_xsdbm_id/tck_bs
    BUFGCE_X0Y76         BUFGCE (Prop_BUFCE_BUFGCE_I_O)
                                                      0.028     7.291 r  dbg_hub/inst/BSCANID.u_xsdbm_id/SWITCH_N_EXT_BSCAN.u_bufg_icon_tck/O
    X2Y1 (CLOCK_ROOT)    net (fo=478, routed)         2.411     9.702    dbg_hub/inst/BSCANID.u_xsdbm_id/SWITCH_N_EXT_BSCAN.bscan_switch/s_bscan_tck
    SLICE_X98Y101        FDRE                                         r  dbg_hub/inst/BSCANID.u_xsdbm_id/SWITCH_N_EXT_BSCAN.bscan_switch/portno_reg[2]/C
  -------------------------------------------------------------------    -------------------
    SLICE_X98Y101        FDRE (Prop_EFF2_SLICEM_C_Q)
                                                      0.079     9.781 f  dbg_hub/inst/BSCANID.u_xsdbm_id/SWITCH_N_EXT_BSCAN.bscan_switch/portno_reg[2]/Q
                         net (fo=1, routed)           0.306    10.087    dbg_hub/inst/BSCANID.u_xsdbm_id/SWITCH_N_EXT_BSCAN.bscan_switch/portno[2]
    SLICE_X98Y101        LUT6 (Prop_H6LUT_SLICEM_I1_O)
                                                      0.152    10.239 f  dbg_hub/inst/BSCANID.u_xsdbm_id/SWITCH_N_EXT_BSCAN.bscan_switch/m_bscan_drck[0]_INST_0_i_1/O
                         net (fo=5, routed)           0.178    10.417    dbg_hub/inst/BSCANID.u_xsdbm_id/SWITCH_N_EXT_BSCAN.bscan_switch/m_bscan_drck[0]_INST_0_i_1_n_0
    SLICE_X98Y102        LUT4 (Prop_D5LUT_SLICEM_I3_O)
                                                      0.110    10.527 r  dbg_hub/inst/BSCANID.u_xsdbm_id/SWITCH_N_EXT_BSCAN.bscan_switch/m_bscan_sel[0]_INST_0/O
                         net (fo=11, routed)          1.219    11.746    dbg_hub/inst/BSCANID.u_xsdbm_id/CORE_XSDB.U_ICON/U_CMD/iTARGET_reg[6]_0
    SLICE_X49Y115        FDCE                                         f  dbg_hub/inst/BSCANID.u_xsdbm_id/CORE_XSDB.U_ICON/U_CMD/iTARGET_reg[10]/CLR  (IS_INVERTED)
  -------------------------------------------------------------------    -------------------

                         (clock dbg_hub/inst/BSCANID.u_xsdbm_id/SWITCH_N_EXT_BSCAN.bscan_inst/SERIES7_BSCAN.bscan_inst/INTERNAL_TCK rise edge)
                                                     50.000    50.000 r  <hidden>
    CONFIG_SITE_X0Y0     BSCANE2                      0.000    50.000 r  dbg_hub/inst/BSCANID.u_xsdbm_id/SWITCH_N_EXT_BSCAN.bscan_inst/SERIES7_BSCAN.bscan_inst/INTERNAL_TCK
    CONFIG_SITE_X0Y0     BSCANE2 (Prop_BSCAN1_CONFIG_SITE_INTERNAL_TCK_TCK)
                                                      0.465    50.465 r  dbg_hub/inst/BSCANID.u_xsdbm_id/SWITCH_N_EXT_BSCAN.bscan_inst/SERIES7_BSCAN.bscan_inst/TCK
                         net (fo=1, routed)           1.995    52.460    dbg_hub/inst/BSCANID.u_xsdbm_id/tck_bs
    BUFGCE_X0Y76         BUFGCE (Prop_BUFCE_BUFGCE_I_O)
                                                      0.024    52.484 r  dbg_hub/inst/BSCANID.u_xsdbm_id/SWITCH_N_EXT_BSCAN.u_bufg_icon_tck/O
    X2Y1 (CLOCK_ROOT)    net (fo=478, routed)         2.092    54.576    dbg_hub/inst/BSCANID.u_xsdbm_id/CORE_XSDB.U_ICON/U_CMD/m_bscan_tck[0]
    SLICE_X49Y115        FDCE                                         r  dbg_hub/inst/BSCANID.u_xsdbm_id/CORE_XSDB.U_ICON/U_CMD/iTARGET_reg[10]/C
                         clock pessimism              4.978    59.554    <hidden>
                         clock uncertainty           -0.035    59.518    <hidden>
    SLICE_X49Y115        FDCE (Recov_EFF_SLICEM_C_CLR)
                                                     -0.066    59.452    dbg_hub/inst/BSCANID.u_xsdbm_id/CORE_XSDB.U_ICON/U_CMD/iTARGET_reg[10]
  -------------------------------------------------------------------
                         required time                         59.452    <hidden>
                         arrival time                         -11.746    <hidden>
  -------------------------------------------------------------------
                         slack                                 47.706    <hidden>





Min Delay Paths
--------------------------------------------------------------------------------------
Slack (MET) :             0.114ns  (arrival time - required time)
  Source:                 dbg_hub/inst/BSCANID.u_xsdbm_id/CORE_XSDB.UUT_MASTER/U_ICON_INTERFACE/U_CMD6_RD/U_RD_FIFO/SUBCORE_FIFO.xsdbm_v3_0_6_rdfifo_inst/inst_fifo_gen/gconvfifo.rf/grf.rf/rstblk/ngwrdrst.grst.g7serrst.rd_rst_reg_reg[2]/C
                            (rising edge-triggered cell FDPE clocked by dbg_hub/inst/BSCANID.u_xsdbm_id/SWITCH_N_EXT_BSCAN.bscan_inst/SERIES7_BSCAN.bscan_inst/INTERNAL_TCK  {rise@0.000ns fall@25.000ns period=50.000ns})
  Destination:            dbg_hub/inst/BSCANID.u_xsdbm_id/CORE_XSDB.UUT_MASTER/U_ICON_INTERFACE/U_CMD6_RD/U_RD_FIFO/SUBCORE_FIFO.xsdbm_v3_0_6_rdfifo_inst/inst_fifo_gen/gconvfifo.rf/grf.rf/gntv_or_sync_fifo.gl0.rd/gr1.gr1_int.rfwft/empty_fwft_fb_o_i_reg/PRE
                            (removal check against rising-edge clock dbg_hub/inst/BSCANID.u_xsdbm_id/SWITCH_N_EXT_BSCAN.bscan_inst/SERIES7_BSCAN.bscan_inst/INTERNAL_TCK  {rise@0.000ns fall@25.000ns period=50.000ns})
  Path Group:             **async_default**
  Path Type:              Removal (Min at Fast Process Corner)
  Requirement:            0.000ns  (dbg_hub/inst/BSCANID.u_xsdbm_id/SWITCH_N_EXT_BSCAN.bscan_inst/SERIES7_BSCAN.bscan_inst/INTERNAL_TCK rise@0.000ns - dbg_hub/inst/BSCANID.u_xsdbm_id/SWITCH_N_EXT_BSCAN.bscan_inst/SERIES7_BSCAN.bscan_inst/INTERNAL_TCK rise@0.000ns)
  Data Path Delay:        0.145ns  (logic 0.040ns (27.630%)  route 0.105ns (72.370%))
  Logic Levels:           0  
  Clock Path Skew:        0.051ns (DCD - SCD - CPR)
    Destination Clock Delay (DCD):    7.834ns
    Source Clock Delay      (SCD):    3.329ns
    Clock Pessimism Removal (CPR):    4.455ns
  Clock Net Delay (Source):      1.301ns (routing 0.782ns, distribution 0.519ns)
  Clock Net Delay (Destination): 1.470ns (routing 0.875ns, distribution 0.595ns)

    Location             Delay type                Incr(ns)  Path(ns)    Netlist Resource(s)
  -------------------------------------------------------------------    -------------------
                         (clock dbg_hub/inst/BSCANID.u_xsdbm_id/SWITCH_N_EXT_BSCAN.bscan_inst/SERIES7_BSCAN.bscan_inst/INTERNAL_TCK rise edge)
                                                      0.000     0.000 r  <hidden>
    CONFIG_SITE_X0Y0     BSCANE2                      0.000     0.000 r  dbg_hub/inst/BSCANID.u_xsdbm_id/SWITCH_N_EXT_BSCAN.bscan_inst/SERIES7_BSCAN.bscan_inst/INTERNAL_TCK
    CONFIG_SITE_X0Y0     BSCANE2 (Prop_BSCAN1_CONFIG_SITE_INTERNAL_TCK_TCK)
                                                      0.465     0.465 r  dbg_hub/inst/BSCANID.u_xsdbm_id/SWITCH_N_EXT_BSCAN.bscan_inst/SERIES7_BSCAN.bscan_inst/TCK
                         net (fo=1, routed)           1.546     2.011    dbg_hub/inst/BSCANID.u_xsdbm_id/tck_bs
    BUFGCE_X0Y76         BUFGCE (Prop_BUFCE_BUFGCE_I_O)
                                                      0.017     2.028 r  dbg_hub/inst/BSCANID.u_xsdbm_id/SWITCH_N_EXT_BSCAN.u_bufg_icon_tck/O
    X2Y1 (CLOCK_ROOT)    net (fo=478, routed)         1.301     3.329    dbg_hub/inst/BSCANID.u_xsdbm_id/CORE_XSDB.UUT_MASTER/U_ICON_INTERFACE/U_CMD6_RD/U_RD_FIFO/SUBCORE_FIFO.xsdbm_v3_0_6_rdfifo_inst/inst_fifo_gen/gconvfifo.rf/grf.rf/rstblk/rd_clk
    SLICE_X43Y108        FDPE                                         r  dbg_hub/inst/BSCANID.u_xsdbm_id/CORE_XSDB.UUT_MASTER/U_ICON_INTERFACE/U_CMD6_RD/U_RD_FIFO/SUBCORE_FIFO.xsdbm_v3_0_6_rdfifo_inst/inst_fifo_gen/gconvfifo.rf/grf.rf/rstblk/ngwrdrst.grst.g7serrst.rd_rst_reg_reg[2]/C
  -------------------------------------------------------------------    -------------------
    SLICE_X43Y108        FDPE (Prop_EFF2_SLICEL_C_Q)
                                                      0.040     3.369 f  dbg_hub/inst/BSCANID.u_xsdbm_id/CORE_XSDB.UUT_MASTER/U_ICON_INTERFACE/U_CMD6_RD/U_RD_FIFO/SUBCORE_FIFO.xsdbm_v3_0_6_rdfifo_inst/inst_fifo_gen/gconvfifo.rf/grf.rf/rstblk/ngwrdrst.grst.g7serrst.rd_rst_reg_reg[2]/Q
                         net (fo=18, routed)          0.105     3.473    dbg_hub/inst/BSCANID.u_xsdbm_id/CORE_XSDB.UUT_MASTER/U_ICON_INTERFACE/U_CMD6_RD/U_RD_FIFO/SUBCORE_FIFO.xsdbm_v3_0_6_rdfifo_inst/inst_fifo_gen/gconvfifo.rf/grf.rf/gntv_or_sync_fifo.gl0.rd/gr1.gr1_int.rfwft/out[1]
    SLICE_X44Y108        FDPE                                         f  dbg_hub/inst/BSCANID.u_xsdbm_id/CORE_XSDB.UUT_MASTER/U_ICON_INTERFACE/U_CMD6_RD/U_RD_FIFO/SUBCORE_FIFO.xsdbm_v3_0_6_rdfifo_inst/inst_fifo_gen/gconvfifo.rf/grf.rf/gntv_or_sync_fifo.gl0.rd/gr1.gr1_int.rfwft/empty_fwft_fb_o_i_reg/PRE
  -------------------------------------------------------------------    -------------------

                         (clock dbg_hub/inst/BSCANID.u_xsdbm_id/SWITCH_N_EXT_BSCAN.bscan_inst/SERIES7_BSCAN.bscan_inst/INTERNAL_TCK rise edge)
                                                      0.000     0.000 r  <hidden>
    CONFIG_SITE_X0Y0     BSCANE2                      0.000     0.000 r  dbg_hub/inst/BSCANID.u_xsdbm_id/SWITCH_N_EXT_BSCAN.bscan_inst/SERIES7_BSCAN.bscan_inst/INTERNAL_TCK
    CONFIG_SITE_X0Y0     BSCANE2 (Prop_BSCAN1_CONFIG_SITE_INTERNAL_TCK_TCK)
                                                      4.300     4.300 r  dbg_hub/inst/BSCANID.u_xsdbm_id/SWITCH_N_EXT_BSCAN.bscan_inst/SERIES7_BSCAN.bscan_inst/TCK
                         net (fo=1, routed)           2.045     6.345    dbg_hub/inst/BSCANID.u_xsdbm_id/tck_bs
    BUFGCE_X0Y76         BUFGCE (Prop_BUFCE_BUFGCE_I_O)
                                                      0.019     6.364 r  dbg_hub/inst/BSCANID.u_xsdbm_id/SWITCH_N_EXT_BSCAN.u_bufg_icon_tck/O
    X2Y1 (CLOCK_ROOT)    net (fo=478, routed)         1.470     7.834    dbg_hub/inst/BSCANID.u_xsdbm_id/CORE_XSDB.UUT_MASTER/U_ICON_INTERFACE/U_CMD6_RD/U_RD_FIFO/SUBCORE_FIFO.xsdbm_v3_0_6_rdfifo_inst/inst_fifo_gen/gconvfifo.rf/grf.rf/gntv_or_sync_fifo.gl0.rd/gr1.gr1_int.rfwft/rd_clk
    SLICE_X44Y108        FDPE                                         r  dbg_hub/inst/BSCANID.u_xsdbm_id/CORE_XSDB.UUT_MASTER/U_ICON_INTERFACE/U_CMD6_RD/U_RD_FIFO/SUBCORE_FIFO.xsdbm_v3_0_6_rdfifo_inst/inst_fifo_gen/gconvfifo.rf/grf.rf/gntv_or_sync_fifo.gl0.rd/gr1.gr1_int.rfwft/empty_fwft_fb_o_i_reg/C
                         clock pessimism             -4.455     3.380    <hidden>
    SLICE_X44Y108        FDPE (Remov_HFF2_SLICEM_C_PRE)
                                                     -0.020     3.360    dbg_hub/inst/BSCANID.u_xsdbm_id/CORE_XSDB.UUT_MASTER/U_ICON_INTERFACE/U_CMD6_RD/U_RD_FIFO/SUBCORE_FIFO.xsdbm_v3_0_6_rdfifo_inst/inst_fifo_gen/gconvfifo.rf/grf.rf/gntv_or_sync_fifo.gl0.rd/gr1.gr1_int.rfwft/empty_fwft_fb_o_i_reg
  -------------------------------------------------------------------
                         required time                         -3.360    <hidden>
                         arrival time                           3.473    <hidden>
  -------------------------------------------------------------------
                         slack                                  0.114    <hidden>





---------------------------------------------------------------------------------------------------
Path Group:  **async_default**
From Clock:  mmcm_clkout5
  To Clock:  mmcm_clkout5

Setup :            0  Failing Endpoints,  Worst Slack       10.750ns,  Total Violation        0.000ns
Hold  :            0  Failing Endpoints,  Worst Slack        0.109ns,  Total Violation        0.000ns
---------------------------------------------------------------------------------------------------


Max Delay Paths
--------------------------------------------------------------------------------------
Slack (MET) :             10.750ns  (required time - arrival time)
  Source:                 dbg_hub/inst/BSCANID.u_xsdbm_id/CORE_XSDB.UUT_MASTER/U_ICON_INTERFACE/U_CMD1/ctl_reg_reg[0]/C
                            (rising edge-triggered cell FDRE clocked by mmcm_clkout5  {rise@0.000ns fall@6.001ns period=12.002ns})
  Destination:            dbg_hub/inst/BSCANID.u_xsdbm_id/CORE_XSDB.UUT_MASTER/U_XSDB_BUS_CONTROLLER/FSM_onehot_current_state_reg[2]/CLR
                            (recovery check against rising-edge clock mmcm_clkout5  {rise@0.000ns fall@6.001ns period=12.002ns})
  Path Group:             **async_default**
  Path Type:              Recovery (Max at Slow Process Corner)
  Requirement:            12.002ns  (mmcm_clkout5 rise@12.002ns - mmcm_clkout5 rise@0.000ns)
  Data Path Delay:        1.025ns  (logic 0.079ns (7.710%)  route 0.946ns (92.290%))
  Logic Levels:           0  
  Clock Path Skew:        -0.086ns (DCD - SCD + CPR)
    Destination Clock Delay (DCD):    4.412ns = ( 16.414 - 12.002 ) 
    Source Clock Delay      (SCD):    4.204ns
    Clock Pessimism Removal (CPR):    -0.293ns
  Clock Uncertainty:      0.076ns  ((TSJ^2 + DJ^2)^1/2) / 2 + PE
    Total System Jitter     (TSJ):    0.071ns
    Discrete Jitter          (DJ):    0.134ns
    Phase Error              (PE):    0.000ns
  Clock Net Delay (Source):      1.905ns (routing 0.926ns, distribution 0.979ns)
  Clock Net Delay (Destination): 1.688ns (routing 0.840ns, distribution 0.848ns)

    Location             Delay type                Incr(ns)  Path(ns)    Netlist Resource(s)
  -------------------------------------------------------------------    -------------------
                         (clock mmcm_clkout5 rise edge)
                                                      0.000     0.000 r  <hidden>
    K22                                               0.000     0.000 r  default_sysclk1_300_clk_p
                         net (fo=0)                   0.100     0.100    system_i/ddr4_0/inst/u_ddr4_mem_intfc/u_mig_ddr4_phy/inst/u_ddr4_phy_pll/diff_input_clk.u_ibufg_sys_clk/I
    HPIOBDIFFINBUF_X0Y58 DIFFINBUF (Prop_DIFFINBUF_HPIOBDIFFINBUF_DIFF_IN_P_O)
                                                      0.469     0.569 r  system_i/ddr4_0/inst/u_ddr4_mem_intfc/u_mig_ddr4_phy/inst/u_ddr4_phy_pll/diff_input_clk.u_ibufg_sys_clk/DIFFINBUF_INST/O
                         net (fo=1, routed)           0.050     0.619    system_i/ddr4_0/inst/u_ddr4_mem_intfc/u_mig_ddr4_phy/inst/u_ddr4_phy_pll/diff_input_clk.u_ibufg_sys_clk/OUT
    K22                  IBUFCTRL (Prop_IBUFCTRL_HPIOB_M_I_O)
                                                      0.000     0.619 r  system_i/ddr4_0/inst/u_ddr4_mem_intfc/u_mig_ddr4_phy/inst/u_ddr4_phy_pll/diff_input_clk.u_ibufg_sys_clk/IBUFCTRL_INST/O
                         net (fo=2, routed)           0.336     0.955    system_i/ddr4_0/inst/u_ddr4_mem_intfc/u_mig_ddr4_phy/inst/u_ddr4_phy_pll/sys_clk_in
    BUFGCE_X0Y49         BUFGCE (Prop_BUFCE_BUFGCE_I_O)
                                                      0.028     0.983 r  system_i/ddr4_0/inst/u_ddr4_mem_intfc/u_mig_ddr4_phy/inst/u_ddr4_phy_pll/gen_bufg_backbone.u__bufg_backbone/O
                         net (fo=1, routed)           1.179     2.162    system_i/ddr4_0/inst/u_ddr4_infrastructure/mmcm_clk_in
    MMCM_X0Y3            MMCME4_ADV (Prop_MMCM_CLKIN1_CLKOUT5)
                                                     -0.127     2.035 r  system_i/ddr4_0/inst/u_ddr4_infrastructure/gen_mmcme4.u_mmcme_adv_inst/CLKOUT5
                         net (fo=1, routed)           0.236     2.271    system_i/ddr4_0/inst/u_ddr4_infrastructure/mmcm_clkout5
    BUFGCE_X0Y78         BUFGCE (Prop_BUFCE_BUFGCE_I_O)
                                                      0.028     2.299 r  system_i/ddr4_0/inst/u_ddr4_infrastructure/u_bufg_dbg_clk/O
    X0Y1 (CLOCK_ROOT)    net (fo=568, routed)         1.905     4.204    dbg_hub/inst/BSCANID.u_xsdbm_id/CORE_XSDB.UUT_MASTER/U_ICON_INTERFACE/U_CMD1/clk
    SLICE_X48Y113        FDRE                                         r  dbg_hub/inst/BSCANID.u_xsdbm_id/CORE_XSDB.UUT_MASTER/U_ICON_INTERFACE/U_CMD1/ctl_reg_reg[0]/C
  -------------------------------------------------------------------    -------------------
    SLICE_X48Y113        FDRE (Prop_DFF_SLICEL_C_Q)
                                                      0.079     4.283 f  dbg_hub/inst/BSCANID.u_xsdbm_id/CORE_XSDB.UUT_MASTER/U_ICON_INTERFACE/U_CMD1/ctl_reg_reg[0]/Q
                         net (fo=176, routed)         0.946     5.229    dbg_hub/inst/BSCANID.u_xsdbm_id/CORE_XSDB.UUT_MASTER/U_XSDB_BUS_CONTROLLER/out[0]
    SLICE_X45Y108        FDCE                                         f  dbg_hub/inst/BSCANID.u_xsdbm_id/CORE_XSDB.UUT_MASTER/U_XSDB_BUS_CONTROLLER/FSM_onehot_current_state_reg[2]/CLR
  -------------------------------------------------------------------    -------------------

                         (clock mmcm_clkout5 rise edge)
                                                     12.002    12.002 r  <hidden>
    K22                                               0.000    12.002 r  default_sysclk1_300_clk_p
                         net (fo=0)                   0.079    12.081    system_i/ddr4_0/inst/u_ddr4_mem_intfc/u_mig_ddr4_phy/inst/u_ddr4_phy_pll/diff_input_clk.u_ibufg_sys_clk/I
    HPIOBDIFFINBUF_X0Y58 DIFFINBUF (Prop_DIFFINBUF_HPIOBDIFFINBUF_DIFF_IN_P_O)
                                                      0.374    12.455 r  system_i/ddr4_0/inst/u_ddr4_mem_intfc/u_mig_ddr4_phy/inst/u_ddr4_phy_pll/diff_input_clk.u_ibufg_sys_clk/DIFFINBUF_INST/O
                         net (fo=1, routed)           0.040    12.495    system_i/ddr4_0/inst/u_ddr4_mem_intfc/u_mig_ddr4_phy/inst/u_ddr4_phy_pll/diff_input_clk.u_ibufg_sys_clk/OUT
    K22                  IBUFCTRL (Prop_IBUFCTRL_HPIOB_M_I_O)
                                                      0.000    12.495 r  system_i/ddr4_0/inst/u_ddr4_mem_intfc/u_mig_ddr4_phy/inst/u_ddr4_phy_pll/diff_input_clk.u_ibufg_sys_clk/IBUFCTRL_INST/O
                         net (fo=2, routed)           0.297    12.792    system_i/ddr4_0/inst/u_ddr4_mem_intfc/u_mig_ddr4_phy/inst/u_ddr4_phy_pll/sys_clk_in
    BUFGCE_X0Y49         BUFGCE (Prop_BUFCE_BUFGCE_I_O)
                                                      0.024    12.816 r  system_i/ddr4_0/inst/u_ddr4_mem_intfc/u_mig_ddr4_phy/inst/u_ddr4_phy_pll/gen_bufg_backbone.u__bufg_backbone/O
                         net (fo=1, routed)           1.049    13.865    system_i/ddr4_0/inst/u_ddr4_infrastructure/mmcm_clk_in
    MMCM_X0Y3            MMCME4_ADV (Prop_MMCM_CLKIN1_CLKOUT5)
                                                      0.630    14.495 r  system_i/ddr4_0/inst/u_ddr4_infrastructure/gen_mmcme4.u_mmcme_adv_inst/CLKOUT5
                         net (fo=1, routed)           0.207    14.702    system_i/ddr4_0/inst/u_ddr4_infrastructure/mmcm_clkout5
    BUFGCE_X0Y78         BUFGCE (Prop_BUFCE_BUFGCE_I_O)
                                                      0.024    14.726 r  system_i/ddr4_0/inst/u_ddr4_infrastructure/u_bufg_dbg_clk/O
    X0Y1 (CLOCK_ROOT)    net (fo=568, routed)         1.688    16.414    dbg_hub/inst/BSCANID.u_xsdbm_id/CORE_XSDB.UUT_MASTER/U_XSDB_BUS_CONTROLLER/clk
    SLICE_X45Y108        FDCE                                         r  dbg_hub/inst/BSCANID.u_xsdbm_id/CORE_XSDB.UUT_MASTER/U_XSDB_BUS_CONTROLLER/FSM_onehot_current_state_reg[2]/C
                         clock pessimism             -0.293    16.121    <hidden>
                         clock uncertainty           -0.076    16.045    <hidden>
    SLICE_X45Y108        FDCE (Recov_EFF_SLICEL_C_CLR)
                                                     -0.066    15.979    dbg_hub/inst/BSCANID.u_xsdbm_id/CORE_XSDB.UUT_MASTER/U_XSDB_BUS_CONTROLLER/FSM_onehot_current_state_reg[2]
  -------------------------------------------------------------------
                         required time                         15.979    <hidden>
                         arrival time                          -5.229    <hidden>
  -------------------------------------------------------------------
                         slack                                 10.750    <hidden>





Min Delay Paths
--------------------------------------------------------------------------------------
Slack (MET) :             0.109ns  (arrival time - required time)
  Source:                 dbg_hub/inst/BSCANID.u_xsdbm_id/CORE_XSDB.UUT_MASTER/U_ICON_INTERFACE/U_CMD6_WR/U_WR_FIFO/SUBCORE_FIFO.xsdbm_v3_0_6_wrfifo_inst/inst_fifo_gen/gconvfifo.rf/grf.rf/rstblk/ngwrdrst.grst.g7serrst.rd_rst_reg_reg[1]/C
                            (rising edge-triggered cell FDPE clocked by mmcm_clkout5  {rise@0.000ns fall@6.001ns period=12.002ns})
  Destination:            dbg_hub/inst/BSCANID.u_xsdbm_id/CORE_XSDB.UUT_MASTER/U_ICON_INTERFACE/U_CMD6_WR/U_WR_FIFO/SUBCORE_FIFO.xsdbm_v3_0_6_wrfifo_inst/inst_fifo_gen/gconvfifo.rf/grf.rf/gntv_or_sync_fifo.gcx.clkx/gnxpm_cdc.gsync_stage[1].rd_stg_inst/Q_reg_reg[3]/CLR
                            (removal check against rising-edge clock mmcm_clkout5  {rise@0.000ns fall@6.001ns period=12.002ns})
  Path Group:             **async_default**
  Path Type:              Removal (Min at Fast Process Corner)
  Requirement:            0.000ns  (mmcm_clkout5 rise@0.000ns - mmcm_clkout5 rise@0.000ns)
  Data Path Delay:        0.143ns  (logic 0.040ns (28.008%)  route 0.103ns (71.992%))
  Logic Levels:           0  
  Clock Path Skew:        0.053ns (DCD - SCD - CPR)
    Destination Clock Delay (DCD):    2.500ns
    Source Clock Delay      (SCD):    2.612ns
    Clock Pessimism Removal (CPR):    -0.166ns
  Clock Net Delay (Source):      1.055ns (routing 0.510ns, distribution 0.545ns)
  Clock Net Delay (Destination): 1.199ns (routing 0.573ns, distribution 0.626ns)

    Location             Delay type                Incr(ns)  Path(ns)    Netlist Resource(s)
  -------------------------------------------------------------------    -------------------
                         (clock mmcm_clkout5 rise edge)
                                                      0.000     0.000 r  <hidden>
    K22                                               0.000     0.000 r  default_sysclk1_300_clk_p
                         net (fo=0)                   0.079     0.079    system_i/ddr4_0/inst/u_ddr4_mem_intfc/u_mig_ddr4_phy/inst/u_ddr4_phy_pll/diff_input_clk.u_ibufg_sys_clk/I
    HPIOBDIFFINBUF_X0Y58 DIFFINBUF (Prop_DIFFINBUF_HPIOBDIFFINBUF_DIFF_IN_P_O)
                                                      0.229     0.308 r  system_i/ddr4_0/inst/u_ddr4_mem_intfc/u_mig_ddr4_phy/inst/u_ddr4_phy_pll/diff_input_clk.u_ibufg_sys_clk/DIFFINBUF_INST/O
                         net (fo=1, routed)           0.040     0.348    system_i/ddr4_0/inst/u_ddr4_mem_intfc/u_mig_ddr4_phy/inst/u_ddr4_phy_pll/diff_input_clk.u_ibufg_sys_clk/OUT
    K22                  IBUFCTRL (Prop_IBUFCTRL_HPIOB_M_I_O)
                                                      0.000     0.348 r  system_i/ddr4_0/inst/u_ddr4_mem_intfc/u_mig_ddr4_phy/inst/u_ddr4_phy_pll/diff_input_clk.u_ibufg_sys_clk/IBUFCTRL_INST/O
                         net (fo=2, routed)           0.151     0.499    system_i/ddr4_0/inst/u_ddr4_mem_intfc/u_mig_ddr4_phy/inst/u_ddr4_phy_pll/sys_clk_in
    BUFGCE_X0Y49         BUFGCE (Prop_BUFCE_BUFGCE_I_O)
                                                      0.017     0.516 r  system_i/ddr4_0/inst/u_ddr4_mem_intfc/u_mig_ddr4_phy/inst/u_ddr4_phy_pll/gen_bufg_backbone.u__bufg_backbone/O
                         net (fo=1, routed)           0.654     1.170    system_i/ddr4_0/inst/u_ddr4_infrastructure/mmcm_clk_in
    MMCM_X0Y3            MMCME4_ADV (Prop_MMCM_CLKIN1_CLKOUT5)
                                                      0.230     1.400 r  system_i/ddr4_0/inst/u_ddr4_infrastructure/gen_mmcme4.u_mmcme_adv_inst/CLKOUT5
                         net (fo=1, routed)           0.140     1.540    system_i/ddr4_0/inst/u_ddr4_infrastructure/mmcm_clkout5
    BUFGCE_X0Y78         BUFGCE (Prop_BUFCE_BUFGCE_I_O)
                                                      0.017     1.557 r  system_i/ddr4_0/inst/u_ddr4_infrastructure/u_bufg_dbg_clk/O
    X0Y1 (CLOCK_ROOT)    net (fo=568, routed)         1.055     2.612    dbg_hub/inst/BSCANID.u_xsdbm_id/CORE_XSDB.UUT_MASTER/U_ICON_INTERFACE/U_CMD6_WR/U_WR_FIFO/SUBCORE_FIFO.xsdbm_v3_0_6_wrfifo_inst/inst_fifo_gen/gconvfifo.rf/grf.rf/rstblk/rd_clk
    SLICE_X46Y116        FDPE                                         r  dbg_hub/inst/BSCANID.u_xsdbm_id/CORE_XSDB.UUT_MASTER/U_ICON_INTERFACE/U_CMD6_WR/U_WR_FIFO/SUBCORE_FIFO.xsdbm_v3_0_6_wrfifo_inst/inst_fifo_gen/gconvfifo.rf/grf.rf/rstblk/ngwrdrst.grst.g7serrst.rd_rst_reg_reg[1]/C
  -------------------------------------------------------------------    -------------------
    SLICE_X46Y116        FDPE (Prop_EFF2_SLICEL_C_Q)
                                                      0.040     2.652 f  dbg_hub/inst/BSCANID.u_xsdbm_id/CORE_XSDB.UUT_MASTER/U_ICON_INTERFACE/U_CMD6_WR/U_WR_FIFO/SUBCORE_FIFO.xsdbm_v3_0_6_wrfifo_inst/inst_fifo_gen/gconvfifo.rf/grf.rf/rstblk/ngwrdrst.grst.g7serrst.rd_rst_reg_reg[1]/Q
                         net (fo=16, routed)          0.103     2.754    dbg_hub/inst/BSCANID.u_xsdbm_id/CORE_XSDB.UUT_MASTER/U_ICON_INTERFACE/U_CMD6_WR/U_WR_FIFO/SUBCORE_FIFO.xsdbm_v3_0_6_wrfifo_inst/inst_fifo_gen/gconvfifo.rf/grf.rf/gntv_or_sync_fifo.gcx.clkx/gnxpm_cdc.gsync_stage[1].rd_stg_inst/Q_reg_reg[0]_0[0]
    SLICE_X45Y116        FDCE                                         f  dbg_hub/inst/BSCANID.u_xsdbm_id/CORE_XSDB.UUT_MASTER/U_ICON_INTERFACE/U_CMD6_WR/U_WR_FIFO/SUBCORE_FIFO.xsdbm_v3_0_6_wrfifo_inst/inst_fifo_gen/gconvfifo.rf/grf.rf/gntv_or_sync_fifo.gcx.clkx/gnxpm_cdc.gsync_stage[1].rd_stg_inst/Q_reg_reg[3]/CLR
  -------------------------------------------------------------------    -------------------

                         (clock mmcm_clkout5 rise edge)
                                                      0.000     0.000 r  <hidden>
    K22                                               0.000     0.000 r  default_sysclk1_300_clk_p
                         net (fo=0)                   0.100     0.100    system_i/ddr4_0/inst/u_ddr4_mem_intfc/u_mig_ddr4_phy/inst/u_ddr4_phy_pll/diff_input_clk.u_ibufg_sys_clk/I
    HPIOBDIFFINBUF_X0Y58 DIFFINBUF (Prop_DIFFINBUF_HPIOBDIFFINBUF_DIFF_IN_P_O)
                                                      0.326     0.426 r  system_i/ddr4_0/inst/u_ddr4_mem_intfc/u_mig_ddr4_phy/inst/u_ddr4_phy_pll/diff_input_clk.u_ibufg_sys_clk/DIFFINBUF_INST/O
                         net (fo=1, routed)           0.050     0.476    system_i/ddr4_0/inst/u_ddr4_mem_intfc/u_mig_ddr4_phy/inst/u_ddr4_phy_pll/diff_input_clk.u_ibufg_sys_clk/OUT
    K22                  IBUFCTRL (Prop_IBUFCTRL_HPIOB_M_I_O)
                                                      0.000     0.476 r  system_i/ddr4_0/inst/u_ddr4_mem_intfc/u_mig_ddr4_phy/inst/u_ddr4_phy_pll/diff_input_clk.u_ibufg_sys_clk/IBUFCTRL_INST/O
                         net (fo=2, routed)           0.189     0.665    system_i/ddr4_0/inst/u_ddr4_mem_intfc/u_mig_ddr4_phy/inst/u_ddr4_phy_pll/sys_clk_in
    BUFGCE_X0Y49         BUFGCE (Prop_BUFCE_BUFGCE_I_O)
                                                      0.019     0.684 r  system_i/ddr4_0/inst/u_ddr4_mem_intfc/u_mig_ddr4_phy/inst/u_ddr4_phy_pll/gen_bufg_backbone.u__bufg_backbone/O
                         net (fo=1, routed)           0.733     1.417    system_i/ddr4_0/inst/u_ddr4_infrastructure/mmcm_clk_in
    MMCM_X0Y3            MMCME4_ADV (Prop_MMCM_CLKIN1_CLKOUT5)
                                                     -0.295     1.122 r  system_i/ddr4_0/inst/u_ddr4_infrastructure/gen_mmcme4.u_mmcme_adv_inst/CLKOUT5
                         net (fo=1, routed)           0.159     1.281    system_i/ddr4_0/inst/u_ddr4_infrastructure/mmcm_clkout5
    BUFGCE_X0Y78         BUFGCE (Prop_BUFCE_BUFGCE_I_O)
                                                      0.019     1.300 r  system_i/ddr4_0/inst/u_ddr4_infrastructure/u_bufg_dbg_clk/O
    X0Y1 (CLOCK_ROOT)    net (fo=568, routed)         1.199     2.500    dbg_hub/inst/BSCANID.u_xsdbm_id/CORE_XSDB.UUT_MASTER/U_ICON_INTERFACE/U_CMD6_WR/U_WR_FIFO/SUBCORE_FIFO.xsdbm_v3_0_6_wrfifo_inst/inst_fifo_gen/gconvfifo.rf/grf.rf/gntv_or_sync_fifo.gcx.clkx/gnxpm_cdc.gsync_stage[1].rd_stg_inst/rd_clk
    SLICE_X45Y116        FDCE                                         r  dbg_hub/inst/BSCANID.u_xsdbm_id/CORE_XSDB.UUT_MASTER/U_ICON_INTERFACE/U_CMD6_WR/U_WR_FIFO/SUBCORE_FIFO.xsdbm_v3_0_6_wrfifo_inst/inst_fifo_gen/gconvfifo.rf/grf.rf/gntv_or_sync_fifo.gcx.clkx/gnxpm_cdc.gsync_stage[1].rd_stg_inst/Q_reg_reg[3]/C
                         clock pessimism              0.166     2.665    <hidden>
    SLICE_X45Y116        FDCE (Remov_HFF2_SLICEL_C_CLR)
                                                     -0.020     2.645    dbg_hub/inst/BSCANID.u_xsdbm_id/CORE_XSDB.UUT_MASTER/U_ICON_INTERFACE/U_CMD6_WR/U_WR_FIFO/SUBCORE_FIFO.xsdbm_v3_0_6_wrfifo_inst/inst_fifo_gen/gconvfifo.rf/grf.rf/gntv_or_sync_fifo.gcx.clkx/gnxpm_cdc.gsync_stage[1].rd_stg_inst/Q_reg_reg[3]
  -------------------------------------------------------------------
                         required time                         -2.645    <hidden>
                         arrival time                           2.754    <hidden>
  -------------------------------------------------------------------
                         slack                                  0.109    <hidden>





