Copyright 1986-2022 Xilinx, Inc. All Rights Reserved. Copyright 2022-2026 Advanced Micro Devices, Inc. All Rights Reserved.
--------------------------------------------------------------------------------------------------------------------------------------------------
| Tool Version      : Vivado v.2026.1 (win64) Build 6511674 Tue Jun 16 11:02:23 MDT 2026
| Date              : Thu Oct  8 16:01:42 2026
| Host              : DESKTOP-6IQQE7O running 64-bit major release  (build 9200)
| Command           : report_timing_summary -file D:/Thesis/ThesisA/fpga_kcu116/out/kcu116_drhe_timing.rpt
| Design            : system_wrapper
| Device            : xcku5p-ffvb676
| Speed File        : -2  PRODUCTION 1.29 05-01-2022
| Design State      : Routed
| Temperature Grade : E
--------------------------------------------------------------------------------------------------------------------------------------------------

Timing Summary Report

------------------------------------------------------------------------------------------------
| Timer Settings
| --------------
------------------------------------------------------------------------------------------------

  Enable Multi Corner Analysis               :  Yes
  Enable Pessimism Removal                   :  Yes
  Pessimism Removal Resolution               :  Nearest Common Node
  Enable Input Delay Default Clock           :  No
  Enable Preset / Clear Arcs                 :  No
  Disable Flight Delays                      :  No
  Ignore I/O Paths                           :  No
  Timing Early Launch at Borrowing Latches   :  No
  Borrow Time for Max Delay Exceptions       :  Yes
  Merge Timing Exceptions                    :  Yes
  Inter-SLR Compensation                     :  Conservative

  Corner  Analyze    Analyze    
  Name    Max Paths  Min Paths  
  ------  ---------  ---------  
  Slow    Yes        Yes        
  Fast    Yes        Yes        


------------------------------------------------------------------------------------------------
| Report Methodology
| ------------------
------------------------------------------------------------------------------------------------

Rule       Severity  Description                                                                                            Violations  
---------  --------  -----------------------------------------------------------------------------------------------------  ----------  
LUTAR-1    Warning   LUT drives async reset alert                                                                           7           
TIMING-9   Warning   Unknown CDC Logic                                                                                      1           
TIMING-10  Warning   Missing property on synchronizer                                                                       1           
TIMING-18  Warning   Missing input or output delay                                                                          1           
TIMING-47  Warning   False path, asynchronous clock group or max delay datapath only constraint between synchronous clocks  6           

Note: This report is based on the most recent report_methodology run and may not be up-to-date. Run report_methodology on the current design for the latest report.



check_timing report

Table of Contents
-----------------
1. checking no_clock (0)
2. checking constant_clock (0)
3. checking pulse_width_clock (0)
4. checking unconstrained_internal_endpoints (0)
5. checking no_input_delay (2)
6. checking no_output_delay (10)
7. checking multiple_clock (0)
8. checking generated_clocks (0)
9. checking loops (0)
10. checking partial_input_delay (0)
11. checking partial_output_delay (0)
12. checking latch_loops (0)

1. checking no_clock (0)
------------------------
 There are 0 register/latch pins with no clock.


2. checking constant_clock (0)
------------------------------
 There are 0 register/latch pins with constant_clock.


3. checking pulse_width_clock (0)
---------------------------------
 There are 0 register/latch pins which need pulse_width check


4. checking unconstrained_internal_endpoints (0)
------------------------------------------------
 There are 0 pins that are not constrained for maximum delay.

 There are 0 pins that are not constrained for maximum delay due to constant clock.


5. checking no_input_delay (2)
------------------------------
 There are 2 input ports with no input delay specified. (HIGH)

 There are 0 input ports with no input delay but user has a false path constraint.


6. checking no_output_delay (10)
--------------------------------
 There are 10 ports with no output delay specified. (HIGH)

 There are 0 ports with no output delay but user has a false path constraint

 There are 0 ports with no output delay but with a timing clock defined on it or propagating through it


7. checking multiple_clock (0)
------------------------------
 There are 0 register/latch pins with multiple clocks.


8. checking generated_clocks (0)
--------------------------------
 There are 0 generated clocks that are not connected to a clock source.


9. checking loops (0)
---------------------
 There are 0 combinational loops in the design.


10. checking partial_input_delay (0)
------------------------------------
 There are 0 input ports with partial input delay specified.


11. checking partial_output_delay (0)
-------------------------------------
 There are 0 ports with partial output delay specified.


12. checking latch_loops (0)
----------------------------
 There are 0 combinational latch loops in the design through latch input



------------------------------------------------------------------------------------------------
| Design Timing Summary
| ---------------------
------------------------------------------------------------------------------------------------

    WNS(ns)      TNS(ns)  TNS Failing Endpoints  TNS Total Endpoints      WHS(ns)      THS(ns)  THS Failing Endpoints  THS Total Endpoints     WPWS(ns)     TPWS(ns)  TPWS Failing Endpoints  TPWS Total Endpoints  
    -------      -------  ---------------------  -------------------      -------      -------  ---------------------  -------------------     --------     --------  ----------------------  --------------------  
      0.243        0.000                      0               187594        0.010        0.000                      0               187024        0.000        0.000                       0                 68974  


All user specified timing constraints are met.


------------------------------------------------------------------------------------------------
| Clock Summary
| -------------
------------------------------------------------------------------------------------------------

Clock                                                                                                Waveform(ns)           Period(ns)      Frequency(MHz)
-----                                                                                                ------------           ----------      --------------
dbg_hub/inst/BSCANID.u_xsdbm_id/SWITCH_N_EXT_BSCAN.bscan_inst/SERIES7_BSCAN.bscan_inst/INTERNAL_TCK  {0.000 25.000}         50.000          20.000          
default_sysclk1_300_clk_p                                                                            {0.000 1.667}          3.334           299.940         
  mmcm_clkout0                                                                                       {0.000 1.500}          3.001           333.267         
    pll_clk[0]                                                                                       {0.000 0.188}          0.375           2666.133        
      pll_clk[0]_DIV                                                                                 {0.000 1.500}          3.001           333.267         
    pll_clk[1]                                                                                       {0.000 0.188}          0.375           2666.133        
      pll_clk[1]_DIV                                                                                 {0.000 1.500}          3.001           333.267         
  mmcm_clkout1                                                                                       {0.000 5.001}          10.002          99.980          
  mmcm_clkout2                                                                                       {0.000 1.500}          3.001           333.267         
  mmcm_clkout3                                                                                       {0.000 1.500}          3.001           333.267         
  mmcm_clkout4                                                                                       {0.000 1.500}          3.001           333.267         
  mmcm_clkout5                                                                                       {0.000 6.001}          12.002          83.317          
  mmcm_clkout6                                                                                       {0.000 3.001}          6.001           166.633         
system_i/mdm_0/U0/Use_E2.BSCAN_I/Use_E2.BSCANE2_I/INTERNAL_TCK                                       {0.000 16.666}         33.333          30.000          
  system_i/mdm_0/U0/Use_E2.BSCAN_I/Use_E2.BSCANE2_I/DRCK                                             {0.000 16.666}         33.333          30.000          
  system_i/mdm_0/U0/Use_E2.BSCAN_I/Use_E2.BSCANE2_I/UPDATE                                           {0.000 33.333}         66.666          15.000          


------------------------------------------------------------------------------------------------
| Intra Clock Table
| -----------------
------------------------------------------------------------------------------------------------

Clock                                                                                                    WNS(ns)      TNS(ns)  TNS Failing Endpoints  TNS Total Endpoints      WHS(ns)      THS(ns)  THS Failing Endpoints  THS Total Endpoints     WPWS(ns)     TPWS(ns)  TPWS Failing Endpoints  TPWS Total Endpoints  
-----                                                                                                    -------      -------  ---------------------  -------------------      -------      -------  ---------------------  -------------------     --------     --------  ----------------------  --------------------  
dbg_hub/inst/BSCANID.u_xsdbm_id/SWITCH_N_EXT_BSCAN.bscan_inst/SERIES7_BSCAN.bscan_inst/INTERNAL_TCK       12.742        0.000                      0                  992        0.012        0.000                      0                  992       24.468        0.000                       0                   479  
default_sysclk1_300_clk_p                                                                                  1.903        0.000                      0                   23        0.049        0.000                      0                   23        0.500        0.000                       0                    20  
  mmcm_clkout0                                                                                             0.243        0.000                      0                31052        0.014        0.000                      0                31052        0.203        0.000                       0                 14023  
    pll_clk[0]                                                                                                                                                                                                                                         0.000        0.000                       0                     6  
      pll_clk[0]_DIV                                                                                                                                                                                                                                   0.300        0.000                       0                    25  
    pll_clk[1]                                                                                                                                                                                                                                         0.000        0.000                       0                     9  
      pll_clk[1]_DIV                                                                                                                                                                                                                                   0.300        0.000                       0                    40  
  mmcm_clkout1                                                                                             1.939        0.000                      0               148066        0.010        0.000                      0               148066        4.459        0.000                       0                 51896  
  mmcm_clkout2                                                                                                                                                                                                                                         1.711        0.000                       0                     2  
  mmcm_clkout3                                                                                                                                                                                                                                         1.711        0.000                       0                     2  
  mmcm_clkout4                                                                                                                                                                                                                                         1.711        0.000                       0                     2  
  mmcm_clkout5                                                                                             9.430        0.000                      0                  827        0.021        0.000                      0                  827        5.469        0.000                       0                   570  
  mmcm_clkout6                                                                                             1.679        0.000                      0                 5306        0.016        0.000                      0                 5020        0.967        0.000                       0                  1626  
  system_i/mdm_0/U0/Use_E2.BSCAN_I/Use_E2.BSCANE2_I/DRCK                                                  15.517        0.000                      0                  228        0.023        0.000                      0                  228       16.134        0.000                       0                   234  
  system_i/mdm_0/U0/Use_E2.BSCAN_I/Use_E2.BSCANE2_I/UPDATE                                                30.791        0.000                      0                   46        0.136        0.000                      0                   46       33.058        0.000                       0                    40  


------------------------------------------------------------------------------------------------
| Inter Clock Table
| -----------------
------------------------------------------------------------------------------------------------

From Clock                                                                                           To Clock                                                                                                 WNS(ns)      TNS(ns)  TNS Failing Endpoints  TNS Total Endpoints      WHS(ns)      THS(ns)  THS Failing Endpoints  THS Total Endpoints  
----------                                                                                           --------                                                                                                 -------      -------  ---------------------  -------------------      -------      -------  ---------------------  -------------------  
mmcm_clkout5                                                                                         dbg_hub/inst/BSCANID.u_xsdbm_id/SWITCH_N_EXT_BSCAN.bscan_inst/SERIES7_BSCAN.bscan_inst/INTERNAL_TCK       11.589        0.000                      0                    8                                                                        
mmcm_clkout1                                                                                         mmcm_clkout0                                                                                               8.914        0.000                      0                  462                                                                        
mmcm_clkout5                                                                                         mmcm_clkout0                                                                                               2.557        0.000                      0                   28                                                                        
mmcm_clkout6                                                                                         mmcm_clkout0                                                                                               2.123        0.000                      0                  111                                                                        
mmcm_clkout0                                                                                         pll_clk[0]_DIV                                                                                             1.225        0.000                      0                  212        0.552        0.000                      0                  212  
mmcm_clkout0                                                                                         pll_clk[1]_DIV                                                                                             0.447        0.000                      0                  352        0.510        0.000                      0                  352  
mmcm_clkout0                                                                                         mmcm_clkout1                                                                                               1.971        0.000                      0                  326                                                                        
dbg_hub/inst/BSCANID.u_xsdbm_id/SWITCH_N_EXT_BSCAN.bscan_inst/SERIES7_BSCAN.bscan_inst/INTERNAL_TCK  mmcm_clkout5                                                                                              49.431        0.000                      0                    8                                                                        
mmcm_clkout0                                                                                         mmcm_clkout5                                                                                              11.596        0.000                      0                   10                                                                        
mmcm_clkout0                                                                                         mmcm_clkout6                                                                                               1.615        0.000                      0                   36        0.078        0.000                      0                    1  


------------------------------------------------------------------------------------------------
| Other Path Groups Table
| -----------------------
------------------------------------------------------------------------------------------------

Path Group                                                                                           From Clock                                                                                           To Clock                                                                                                 WNS(ns)      TNS(ns)  TNS Failing Endpoints  TNS Total Endpoints      WHS(ns)      THS(ns)  THS Failing Endpoints  THS Total Endpoints  
----------                                                                                           ----------                                                                                           --------                                                                                                 -------      -------  ---------------------  -------------------      -------      -------  ---------------------  -------------------  
**async_default**                                                                                    dbg_hub/inst/BSCANID.u_xsdbm_id/SWITCH_N_EXT_BSCAN.bscan_inst/SERIES7_BSCAN.bscan_inst/INTERNAL_TCK  dbg_hub/inst/BSCANID.u_xsdbm_id/SWITCH_N_EXT_BSCAN.bscan_inst/SERIES7_BSCAN.bscan_inst/INTERNAL_TCK       47.447        0.000                      0                  100        0.095        0.000                      0                  100  
**async_default**                                                                                    mmcm_clkout5                                                                                         mmcm_clkout5                                                                                              10.616        0.000                      0                  105        0.116        0.000                      0                  105  


------------------------------------------------------------------------------------------------
| Timing Details
| --------------
------------------------------------------------------------------------------------------------


---------------------------------------------------------------------------------------------------
From Clock:  dbg_hub/inst/BSCANID.u_xsdbm_id/SWITCH_N_EXT_BSCAN.bscan_inst/SERIES7_BSCAN.bscan_inst/INTERNAL_TCK
  To Clock:  dbg_hub/inst/BSCANID.u_xsdbm_id/SWITCH_N_EXT_BSCAN.bscan_inst/SERIES7_BSCAN.bscan_inst/INTERNAL_TCK

Setup :            0  Failing Endpoints,  Worst Slack       12.742ns,  Total Violation        0.000ns
Hold  :            0  Failing Endpoints,  Worst Slack        0.012ns,  Total Violation        0.000ns
PW    :            0  Failing Endpoints,  Worst Slack       24.468ns,  Total Violation        0.000ns
---------------------------------------------------------------------------------------------------


Max Delay Paths
--------------------------------------------------------------------------------------
Slack (MET) :             12.742ns  (required time - arrival time)
  Source:                 dbg_hub/inst/BSCANID.u_xsdbm_id/CORE_XSDB.U_ICON/iTDO_reg/C
                            (rising edge-triggered cell FDRE clocked by dbg_hub/inst/BSCANID.u_xsdbm_id/SWITCH_N_EXT_BSCAN.bscan_inst/SERIES7_BSCAN.bscan_inst/INTERNAL_TCK  {rise@0.000ns fall@25.000ns period=50.000ns})
  Destination:            dbg_hub/inst/BSCANID.u_xsdbm_id/SWITCH_N_EXT_BSCAN.bscan_inst/SERIES7_BSCAN.bscan_inst/TDO
                            (falling edge-triggered cell BSCANE2 clocked by dbg_hub/inst/BSCANID.u_xsdbm_id/SWITCH_N_EXT_BSCAN.bscan_inst/SERIES7_BSCAN.bscan_inst/INTERNAL_TCK  {rise@0.000ns fall@25.000ns period=50.000ns})
  Path Group:             dbg_hub/inst/BSCANID.u_xsdbm_id/SWITCH_N_EXT_BSCAN.bscan_inst/SERIES7_BSCAN.bscan_inst/INTERNAL_TCK
  Path Type:              Setup (Max at Slow Process Corner)
  Requirement:            25.000ns  (dbg_hub/inst/BSCANID.u_xsdbm_id/SWITCH_N_EXT_BSCAN.bscan_inst/SERIES7_BSCAN.bscan_inst/INTERNAL_TCK fall@25.000ns - dbg_hub/inst/BSCANID.u_xsdbm_id/SWITCH_N_EXT_BSCAN.bscan_inst/SERIES7_BSCAN.bscan_inst/INTERNAL_TCK rise@0.000ns)
  Data Path Delay:        2.331ns  (logic 0.378ns (16.216%)  route 1.953ns (83.784%))
  Logic Levels:           2  (LUT3=1 LUT6=1)
  Clock Path Skew:        -9.692ns (DCD - SCD + CPR)
    Destination Clock Delay (DCD):    0.000ns = ( 25.000 - 25.000 ) 
    Source Clock Delay      (SCD):    9.692ns
    Clock Pessimism Removal (CPR):    0.000ns
  Clock Uncertainty:      0.235ns  ((TSJ^2 + TIJ^2)^1/2 + DJ) / 2 + PE + DCD
    Total System Jitter     (TSJ):    0.071ns
    Total Input Jitter      (TIJ):    0.000ns
    Discrete Jitter          (DJ):    0.000ns
    Phase Error              (PE):    0.000ns
    Duty Cycle Distortion   (DCD):    0.200ns
  Clock Net Delay (Source):      2.401ns (routing 1.442ns, distribution 0.959ns)

    Location             Delay type                Incr(ns)  Path(ns)    Netlist Resource(s)
  -------------------------------------------------------------------    -------------------
                         (clock dbg_hub/inst/BSCANID.u_xsdbm_id/SWITCH_N_EXT_BSCAN.bscan_inst/SERIES7_BSCAN.bscan_inst/INTERNAL_TCK rise edge)
                                                      0.000     0.000 r  <hidden>
    CONFIG_SITE_X0Y0     BSCANE2                      0.000     0.000 r  dbg_hub/inst/BSCANID.u_xsdbm_id/SWITCH_N_EXT_BSCAN.bscan_inst/SERIES7_BSCAN.bscan_inst/INTERNAL_TCK
    CONFIG_SITE_X0Y0     BSCANE2 (Prop_BSCAN1_CONFIG_SITE_INTERNAL_TCK_TCK)
                                                      4.300     4.300 r  dbg_hub/inst/BSCANID.u_xsdbm_id/SWITCH_N_EXT_BSCAN.bscan_inst/SERIES7_BSCAN.bscan_inst/TCK
                         net (fo=1, routed)           2.963     7.263    dbg_hub/inst/BSCANID.u_xsdbm_id/tck_bs
    BUFGCE_X0Y76         BUFGCE (Prop_BUFCE_BUFGCE_I_O)
                                                      0.028     7.291 r  dbg_hub/inst/BSCANID.u_xsdbm_id/SWITCH_N_EXT_BSCAN.u_bufg_icon_tck/O
    X2Y1 (CLOCK_ROOT)    net (fo=478, routed)         2.401     9.692    dbg_hub/inst/BSCANID.u_xsdbm_id/CORE_XSDB.U_ICON/m_bscan_tck[0]
    SLICE_X48Y120        FDRE                                         r  dbg_hub/inst/BSCANID.u_xsdbm_id/CORE_XSDB.U_ICON/iTDO_reg/C
  -------------------------------------------------------------------    -------------------
    SLICE_X48Y120        FDRE (Prop_HFF2_SLICEL_C_Q)
                                                      0.080     9.772 r  dbg_hub/inst/BSCANID.u_xsdbm_id/CORE_XSDB.U_ICON/iTDO_reg/Q
                         net (fo=1, routed)           1.078    10.850    dbg_hub/inst/BSCANID.u_xsdbm_id/TDO
    SLICE_X99Y100        LUT3 (Prop_B6LUT_SLICEL_I2_O)
                                                      0.148    10.998 r  dbg_hub/inst/BSCANID.u_xsdbm_id/SWITCH_N_EXT_BSCAN.bscan_switch_i_1/O
                         net (fo=2, routed)           0.223    11.221    dbg_hub/inst/BSCANID.u_xsdbm_id/SWITCH_N_EXT_BSCAN.bscan_switch/m_bscan_tdo[0]
    SLICE_X99Y99         LUT6 (Prop_H6LUT_SLICEL_I5_O)
                                                      0.150    11.371 r  dbg_hub/inst/BSCANID.u_xsdbm_id/SWITCH_N_EXT_BSCAN.bscan_switch/s_bscan_tdo_INST_0/O
                         net (fo=1, routed)           0.652    12.023    dbg_hub/inst/BSCANID.u_xsdbm_id/SWITCH_N_EXT_BSCAN.bscan_inst/TDO
    CONFIG_SITE_X0Y0     BSCANE2                                      r  dbg_hub/inst/BSCANID.u_xsdbm_id/SWITCH_N_EXT_BSCAN.bscan_inst/SERIES7_BSCAN.bscan_inst/TDO
  -------------------------------------------------------------------    -------------------

                         (clock dbg_hub/inst/BSCANID.u_xsdbm_id/SWITCH_N_EXT_BSCAN.bscan_inst/SERIES7_BSCAN.bscan_inst/INTERNAL_TCK fall edge)
                                                     25.000    25.000 f  <hidden>
    CONFIG_SITE_X0Y0     BSCANE2                      0.000    25.000 f  dbg_hub/inst/BSCANID.u_xsdbm_id/SWITCH_N_EXT_BSCAN.bscan_inst/SERIES7_BSCAN.bscan_inst/INTERNAL_TCK
                         clock pessimism              0.000    25.000    <hidden>
                         clock uncertainty           -0.235    24.765    <hidden>
    CONFIG_SITE_X0Y0     BSCANE2 (Setup_BSCAN1_CONFIG_SITE_INTERNAL_TCK_TDO)
                                                      0.000    24.765    dbg_hub/inst/BSCANID.u_xsdbm_id/SWITCH_N_EXT_BSCAN.bscan_inst/SERIES7_BSCAN.bscan_inst
  -------------------------------------------------------------------
                         required time                         24.765    <hidden>
                         arrival time                         -12.023    <hidden>
  -------------------------------------------------------------------
                         slack                                 12.742    <hidden>





Min Delay Paths
--------------------------------------------------------------------------------------
Slack (MET) :             0.012ns  (arrival time - required time)
  Source:                 dbg_hub/inst/BSCANID.u_xsdbm_id/CORE_XSDB.UUT_MASTER/U_ICON_INTERFACE/U_CMD6_WR/shift_reg_in_reg[1]/C
                            (rising edge-triggered cell FDCE clocked by dbg_hub/inst/BSCANID.u_xsdbm_id/SWITCH_N_EXT_BSCAN.bscan_inst/SERIES7_BSCAN.bscan_inst/INTERNAL_TCK  {rise@0.000ns fall@25.000ns period=50.000ns})
  Destination:            dbg_hub/inst/BSCANID.u_xsdbm_id/CORE_XSDB.UUT_MASTER/U_ICON_INTERFACE/U_CMD6_WR/U_WR_FIFO/SUBCORE_FIFO.xsdbm_v3_0_6_wrfifo_inst/inst_fifo_gen/gconvfifo.rf/grf.rf/gntv_or_sync_fifo.mem/gdm.dm_gen.dm/RAM_reg_0_15_0_13/RAMA/I
                            (rising edge-triggered cell RAMD32 clocked by dbg_hub/inst/BSCANID.u_xsdbm_id/SWITCH_N_EXT_BSCAN.bscan_inst/SERIES7_BSCAN.bscan_inst/INTERNAL_TCK  {rise@0.000ns fall@25.000ns period=50.000ns})
  Path Group:             dbg_hub/inst/BSCANID.u_xsdbm_id/SWITCH_N_EXT_BSCAN.bscan_inst/SERIES7_BSCAN.bscan_inst/INTERNAL_TCK
  Path Type:              Hold (Min at Slow Process Corner)
  Requirement:            0.000ns  (dbg_hub/inst/BSCANID.u_xsdbm_id/SWITCH_N_EXT_BSCAN.bscan_inst/SERIES7_BSCAN.bscan_inst/INTERNAL_TCK rise@0.000ns - dbg_hub/inst/BSCANID.u_xsdbm_id/SWITCH_N_EXT_BSCAN.bscan_inst/SERIES7_BSCAN.bscan_inst/INTERNAL_TCK rise@0.000ns)
  Data Path Delay:        0.157ns  (logic 0.060ns (38.119%)  route 0.097ns (61.882%))
  Logic Levels:           0  
  Clock Path Skew:        0.071ns (DCD - SCD - CPR)
    Destination Clock Delay (DCD):    9.760ns
    Source Clock Delay      (SCD):    4.644ns
    Clock Pessimism Removal (CPR):    5.045ns
  Clock Net Delay (Source):      2.160ns (routing 1.312ns, distribution 0.848ns)
  Clock Net Delay (Destination): 2.469ns (routing 1.442ns, distribution 1.027ns)

    Location             Delay type                Incr(ns)  Path(ns)    Netlist Resource(s)
  -------------------------------------------------------------------    -------------------
                         (clock dbg_hub/inst/BSCANID.u_xsdbm_id/SWITCH_N_EXT_BSCAN.bscan_inst/SERIES7_BSCAN.bscan_inst/INTERNAL_TCK rise edge)
                                                      0.000     0.000 r  <hidden>
    CONFIG_SITE_X0Y0     BSCANE2                      0.000     0.000 r  dbg_hub/inst/BSCANID.u_xsdbm_id/SWITCH_N_EXT_BSCAN.bscan_inst/SERIES7_BSCAN.bscan_inst/INTERNAL_TCK
    CONFIG_SITE_X0Y0     BSCANE2 (Prop_BSCAN1_CONFIG_SITE_INTERNAL_TCK_TCK)
                                                      0.465     0.465 r  dbg_hub/inst/BSCANID.u_xsdbm_id/SWITCH_N_EXT_BSCAN.bscan_inst/SERIES7_BSCAN.bscan_inst/TCK
                         net (fo=1, routed)           1.995     2.460    dbg_hub/inst/BSCANID.u_xsdbm_id/tck_bs
    BUFGCE_X0Y76         BUFGCE (Prop_BUFCE_BUFGCE_I_O)
                                                      0.024     2.484 r  dbg_hub/inst/BSCANID.u_xsdbm_id/SWITCH_N_EXT_BSCAN.u_bufg_icon_tck/O
    X2Y1 (CLOCK_ROOT)    net (fo=478, routed)         2.160     4.644    dbg_hub/inst/BSCANID.u_xsdbm_id/CORE_XSDB.UUT_MASTER/U_ICON_INTERFACE/U_CMD6_WR/m_bscan_tck[0]
    SLICE_X45Y120        FDCE                                         r  dbg_hub/inst/BSCANID.u_xsdbm_id/CORE_XSDB.UUT_MASTER/U_ICON_INTERFACE/U_CMD6_WR/shift_reg_in_reg[1]/C
  -------------------------------------------------------------------    -------------------
    SLICE_X45Y120        FDCE (Prop_AFF2_SLICEL_C_Q)
                                                      0.060     4.704 r  dbg_hub/inst/BSCANID.u_xsdbm_id/CORE_XSDB.UUT_MASTER/U_ICON_INTERFACE/U_CMD6_WR/shift_reg_in_reg[1]/Q
                         net (fo=2, routed)           0.097     4.801    dbg_hub/inst/BSCANID.u_xsdbm_id/CORE_XSDB.UUT_MASTER/U_ICON_INTERFACE/U_CMD6_WR/U_WR_FIFO/SUBCORE_FIFO.xsdbm_v3_0_6_wrfifo_inst/inst_fifo_gen/gconvfifo.rf/grf.rf/gntv_or_sync_fifo.mem/gdm.dm_gen.dm/RAM_reg_0_15_0_13/DIA0
    SLICE_X44Y120        RAMD32                                       r  dbg_hub/inst/BSCANID.u_xsdbm_id/CORE_XSDB.UUT_MASTER/U_ICON_INTERFACE/U_CMD6_WR/U_WR_FIFO/SUBCORE_FIFO.xsdbm_v3_0_6_wrfifo_inst/inst_fifo_gen/gconvfifo.rf/grf.rf/gntv_or_sync_fifo.mem/gdm.dm_gen.dm/RAM_reg_0_15_0_13/RAMA/I
  -------------------------------------------------------------------    -------------------

                         (clock dbg_hub/inst/BSCANID.u_xsdbm_id/SWITCH_N_EXT_BSCAN.bscan_inst/SERIES7_BSCAN.bscan_inst/INTERNAL_TCK rise edge)
                                                      0.000     0.000 r  <hidden>
    CONFIG_SITE_X0Y0     BSCANE2                      0.000     0.000 r  dbg_hub/inst/BSCANID.u_xsdbm_id/SWITCH_N_EXT_BSCAN.bscan_inst/SERIES7_BSCAN.bscan_inst/INTERNAL_TCK
    CONFIG_SITE_X0Y0     BSCANE2 (Prop_BSCAN1_CONFIG_SITE_INTERNAL_TCK_TCK)
                                                      4.300     4.300 r  dbg_hub/inst/BSCANID.u_xsdbm_id/SWITCH_N_EXT_BSCAN.bscan_inst/SERIES7_BSCAN.bscan_inst/TCK
                         net (fo=1, routed)           2.963     7.263    dbg_hub/inst/BSCANID.u_xsdbm_id/tck_bs
    BUFGCE_X0Y76         BUFGCE (Prop_BUFCE_BUFGCE_I_O)
                                                      0.028     7.291 r  dbg_hub/inst/BSCANID.u_xsdbm_id/SWITCH_N_EXT_BSCAN.u_bufg_icon_tck/O
    X2Y1 (CLOCK_ROOT)    net (fo=478, routed)         2.469     9.760    dbg_hub/inst/BSCANID.u_xsdbm_id/CORE_XSDB.UUT_MASTER/U_ICON_INTERFACE/U_CMD6_WR/U_WR_FIFO/SUBCORE_FIFO.xsdbm_v3_0_6_wrfifo_inst/inst_fifo_gen/gconvfifo.rf/grf.rf/gntv_or_sync_fifo.mem/gdm.dm_gen.dm/RAM_reg_0_15_0_13/WCLK
    SLICE_X44Y120        RAMD32                                       r  dbg_hub/inst/BSCANID.u_xsdbm_id/CORE_XSDB.UUT_MASTER/U_ICON_INTERFACE/U_CMD6_WR/U_WR_FIFO/SUBCORE_FIFO.xsdbm_v3_0_6_wrfifo_inst/inst_fifo_gen/gconvfifo.rf/grf.rf/gntv_or_sync_fifo.mem/gdm.dm_gen.dm/RAM_reg_0_15_0_13/RAMA/CLK
                         clock pessimism             -5.045     4.714    <hidden>
    SLICE_X44Y120        RAMD32 (Hold_A5LUT_SLICEM_CLK_I)
                                                      0.075     4.789    dbg_hub/inst/BSCANID.u_xsdbm_id/CORE_XSDB.UUT_MASTER/U_ICON_INTERFACE/U_CMD6_WR/U_WR_FIFO/SUBCORE_FIFO.xsdbm_v3_0_6_wrfifo_inst/inst_fifo_gen/gconvfifo.rf/grf.rf/gntv_or_sync_fifo.mem/gdm.dm_gen.dm/RAM_reg_0_15_0_13/RAMA
  -------------------------------------------------------------------
                         required time                         -4.789    <hidden>
                         arrival time                           4.801    <hidden>
  -------------------------------------------------------------------
                         slack                                  0.012    <hidden>





Pulse Width Checks
--------------------------------------------------------------------------------------
Clock Name:         dbg_hub/inst/BSCANID.u_xsdbm_id/SWITCH_N_EXT_BSCAN.bscan_inst/SERIES7_BSCAN.bscan_inst/INTERNAL_TCK
Waveform(ns):       { 0.000 25.000 }
Period(ns):         50.000
Sources:            { dbg_hub/inst/BSCANID.u_xsdbm_id/SWITCH_N_EXT_BSCAN.bscan_inst/SERIES7_BSCAN.bscan_inst/INTERNAL_TCK }

Check Type        Corner  Lib Pin     Reference Pin  Required(ns)  Actual(ns)  Slack(ns)  Location       Pin
Min Period        n/a     BUFGCE/I    n/a            1.290         50.000      48.710     BUFGCE_X0Y76   dbg_hub/inst/BSCANID.u_xsdbm_id/SWITCH_N_EXT_BSCAN.u_bufg_icon_tck/I
Low Pulse Width   Slow    RAMD32/CLK  n/a            0.532         25.000      24.468     SLICE_X44Y120  dbg_hub/inst/BSCANID.u_xsdbm_id/CORE_XSDB.UUT_MASTER/U_ICON_INTERFACE/U_CMD6_WR/U_WR_FIFO/SUBCORE_FIFO.xsdbm_v3_0_6_wrfifo_inst/inst_fifo_gen/gconvfifo.rf/grf.rf/gntv_or_sync_fifo.mem/gdm.dm_gen.dm/RAM_reg_0_15_0_13/RAMA/CLK
High Pulse Width  Slow    RAMD32/CLK  n/a            0.532         25.000      24.468     SLICE_X44Y120  dbg_hub/inst/BSCANID.u_xsdbm_id/CORE_XSDB.UUT_MASTER/U_ICON_INTERFACE/U_CMD6_WR/U_WR_FIFO/SUBCORE_FIFO.xsdbm_v3_0_6_wrfifo_inst/inst_fifo_gen/gconvfifo.rf/grf.rf/gntv_or_sync_fifo.mem/gdm.dm_gen.dm/RAM_reg_0_15_0_13/RAMA/CLK



---------------------------------------------------------------------------------------------------
From Clock:  default_sysclk1_300_clk_p
  To Clock:  default_sysclk1_300_clk_p

Setup :            0  Failing Endpoints,  Worst Slack        1.903ns,  Total Violation        0.000ns
Hold  :            0  Failing Endpoints,  Worst Slack        0.049ns,  Total Violation        0.000ns
PW    :            0  Failing Endpoints,  Worst Slack        0.500ns,  Total Violation        0.000ns
---------------------------------------------------------------------------------------------------


Max Delay Paths
--------------------------------------------------------------------------------------
Slack (MET) :             1.903ns  (required time - arrival time)
  Source:                 system_i/ddr4_0/inst/u_ddr4_infrastructure/rst_input_sync_r_reg[3]/C
                            (rising edge-triggered cell FDRE clocked by default_sysclk1_300_clk_p  {rise@0.000ns fall@1.667ns period=3.334ns})
  Destination:            system_i/ddr4_0/inst/u_ddr4_infrastructure/counter_input_rst_reg[1]/S
                            (rising edge-triggered cell FDSE clocked by default_sysclk1_300_clk_p  {rise@0.000ns fall@1.667ns period=3.334ns})
  Path Group:             default_sysclk1_300_clk_p
  Path Type:              Setup (Max at Slow Process Corner)
  Requirement:            3.334ns  (default_sysclk1_300_clk_p rise@3.334ns - default_sysclk1_300_clk_p rise@0.000ns)
  Data Path Delay:        1.182ns  (logic 0.081ns (6.854%)  route 1.101ns (93.146%))
  Logic Levels:           0  
  Clock Path Skew:        -0.140ns (DCD - SCD + CPR)
    Destination Clock Delay (DCD):    1.747ns = ( 5.081 - 3.334 ) 
    Source Clock Delay      (SCD):    2.073ns
    Clock Pessimism Removal (CPR):    0.186ns
  Clock Uncertainty:      0.035ns  ((TSJ^2 + TIJ^2)^1/2 + DJ) / 2 + PE
    Total System Jitter     (TSJ):    0.071ns
    Total Input Jitter      (TIJ):    0.000ns
    Discrete Jitter          (DJ):    0.000ns
    Phase Error              (PE):    0.000ns
  Clock Net Delay (Source):      1.090ns (routing 0.171ns, distribution 0.919ns)
  Clock Net Delay (Destination): 0.934ns (routing 0.155ns, distribution 0.779ns)

    Location             Delay type                Incr(ns)  Path(ns)    Netlist Resource(s)
  -------------------------------------------------------------------    -------------------
                         (clock default_sysclk1_300_clk_p rise edge)
                                                      0.000     0.000 r  <hidden>
    K22                                               0.000     0.000 r  default_sysclk1_300_clk_p
                         net (fo=0)                   0.100     0.100    system_i/ddr4_0/inst/u_ddr4_mem_intfc/u_mig_ddr4_phy/inst/u_ddr4_phy_pll/diff_input_clk.u_ibufg_sys_clk/I
    HPIOBDIFFINBUF_X0Y58 DIFFINBUF (Prop_DIFFINBUF_HPIOBDIFFINBUF_DIFF_IN_P_O)
                                                      0.469     0.569 r  system_i/ddr4_0/inst/u_ddr4_mem_intfc/u_mig_ddr4_phy/inst/u_ddr4_phy_pll/diff_input_clk.u_ibufg_sys_clk/DIFFINBUF_INST/O
                         net (fo=1, routed)           0.050     0.619    system_i/ddr4_0/inst/u_ddr4_mem_intfc/u_mig_ddr4_phy/inst/u_ddr4_phy_pll/diff_input_clk.u_ibufg_sys_clk/OUT
    K22                  IBUFCTRL (Prop_IBUFCTRL_HPIOB_M_I_O)
                                                      0.000     0.619 r  system_i/ddr4_0/inst/u_ddr4_mem_intfc/u_mig_ddr4_phy/inst/u_ddr4_phy_pll/diff_input_clk.u_ibufg_sys_clk/IBUFCTRL_INST/O
                         net (fo=2, routed)           0.336     0.955    system_i/ddr4_0/inst/u_ddr4_infrastructure/sys_clk_in
    BUFGCE_X0Y51         BUFGCE (Prop_BUFCE_BUFGCE_I_O)
                                                      0.028     0.983 r  system_i/ddr4_0/inst/u_ddr4_infrastructure/u_bufg_inst/O
    X0Y2 (CLOCK_ROOT)    net (fo=17, routed)          1.090     2.073    system_i/ddr4_0/inst/u_ddr4_infrastructure/sys_clk_in_bufg
    SLICE_X27Y167        FDRE                                         r  system_i/ddr4_0/inst/u_ddr4_infrastructure/rst_input_sync_r_reg[3]/C
  -------------------------------------------------------------------    -------------------
    SLICE_X27Y167        FDRE (Prop_DFF2_SLICEL_C_Q)
                                                      0.081     2.154 r  system_i/ddr4_0/inst/u_ddr4_infrastructure/rst_input_sync_r_reg[3]/Q
                         net (fo=4, routed)           1.101     3.255    system_i/ddr4_0/inst/u_ddr4_infrastructure/rst_input_sync_r[3]
    SLICE_X3Y210         FDSE                                         r  system_i/ddr4_0/inst/u_ddr4_infrastructure/counter_input_rst_reg[1]/S
  -------------------------------------------------------------------    -------------------

                         (clock default_sysclk1_300_clk_p rise edge)
                                                      3.334     3.334 r  <hidden>
    K22                                               0.000     3.334 r  default_sysclk1_300_clk_p
                         net (fo=0)                   0.079     3.413    system_i/ddr4_0/inst/u_ddr4_mem_intfc/u_mig_ddr4_phy/inst/u_ddr4_phy_pll/diff_input_clk.u_ibufg_sys_clk/I
    HPIOBDIFFINBUF_X0Y58 DIFFINBUF (Prop_DIFFINBUF_HPIOBDIFFINBUF_DIFF_IN_P_O)
                                                      0.374     3.787 r  system_i/ddr4_0/inst/u_ddr4_mem_intfc/u_mig_ddr4_phy/inst/u_ddr4_phy_pll/diff_input_clk.u_ibufg_sys_clk/DIFFINBUF_INST/O
                         net (fo=1, routed)           0.040     3.827    system_i/ddr4_0/inst/u_ddr4_mem_intfc/u_mig_ddr4_phy/inst/u_ddr4_phy_pll/diff_input_clk.u_ibufg_sys_clk/OUT
    K22                  IBUFCTRL (Prop_IBUFCTRL_HPIOB_M_I_O)
                                                      0.000     3.827 r  system_i/ddr4_0/inst/u_ddr4_mem_intfc/u_mig_ddr4_phy/inst/u_ddr4_phy_pll/diff_input_clk.u_ibufg_sys_clk/IBUFCTRL_INST/O
                         net (fo=2, routed)           0.297     4.124    system_i/ddr4_0/inst/u_ddr4_infrastructure/sys_clk_in
    BUFGCE_X0Y51         BUFGCE (Prop_BUFCE_BUFGCE_I_O)
                                                      0.024     4.148 r  system_i/ddr4_0/inst/u_ddr4_infrastructure/u_bufg_inst/O
    X0Y2 (CLOCK_ROOT)    net (fo=17, routed)          0.934     5.081    system_i/ddr4_0/inst/u_ddr4_infrastructure/sys_clk_in_bufg
    SLICE_X3Y210         FDSE                                         r  system_i/ddr4_0/inst/u_ddr4_infrastructure/counter_input_rst_reg[1]/C
                         clock pessimism              0.186     5.267    <hidden>
                         clock uncertainty           -0.035     5.232    <hidden>
    SLICE_X3Y210         FDSE (Setup_CFF_SLICEL_C_S)
                                                     -0.074     5.158    system_i/ddr4_0/inst/u_ddr4_infrastructure/counter_input_rst_reg[1]
  -------------------------------------------------------------------
                         required time                          5.158    <hidden>
                         arrival time                          -3.255    <hidden>
  -------------------------------------------------------------------
                         slack                                  1.903    <hidden>





Min Delay Paths
--------------------------------------------------------------------------------------
Slack (MET) :             0.049ns  (arrival time - required time)
  Source:                 system_i/ddr4_0/inst/u_ddr4_infrastructure/counter_input_rst_reg[4]/C
                            (rising edge-triggered cell FDSE clocked by default_sysclk1_300_clk_p  {rise@0.000ns fall@1.667ns period=3.334ns})
  Destination:            system_i/ddr4_0/inst/u_ddr4_infrastructure/counter_input_rst_reg[1]/D
                            (rising edge-triggered cell FDSE clocked by default_sysclk1_300_clk_p  {rise@0.000ns fall@1.667ns period=3.334ns})
  Path Group:             default_sysclk1_300_clk_p
  Path Type:              Hold (Min at Fast Process Corner)
  Requirement:            0.000ns  (default_sysclk1_300_clk_p rise@0.000ns - default_sysclk1_300_clk_p rise@0.000ns)
  Data Path Delay:        0.101ns  (logic 0.053ns (52.671%)  route 0.048ns (47.329%))
  Logic Levels:           1  (LUT6=1)
  Clock Path Skew:        0.006ns (DCD - SCD - CPR)
    Destination Clock Delay (DCD):    1.374ns
    Source Clock Delay      (SCD):    1.118ns
    Clock Pessimism Removal (CPR):    0.249ns
  Clock Net Delay (Source):      0.603ns (routing 0.096ns, distribution 0.507ns)
  Clock Net Delay (Destination): 0.689ns (routing 0.108ns, distribution 0.581ns)

    Location             Delay type                Incr(ns)  Path(ns)    Netlist Resource(s)
  -------------------------------------------------------------------    -------------------
                         (clock default_sysclk1_300_clk_p rise edge)
                                                      0.000     0.000 r  <hidden>
    K22                                               0.000     0.000 r  default_sysclk1_300_clk_p
                         net (fo=0)                   0.079     0.079    system_i/ddr4_0/inst/u_ddr4_mem_intfc/u_mig_ddr4_phy/inst/u_ddr4_phy_pll/diff_input_clk.u_ibufg_sys_clk/I
    HPIOBDIFFINBUF_X0Y58 DIFFINBUF (Prop_DIFFINBUF_HPIOBDIFFINBUF_DIFF_IN_P_O)
                                                      0.229     0.308 r  system_i/ddr4_0/inst/u_ddr4_mem_intfc/u_mig_ddr4_phy/inst/u_ddr4_phy_pll/diff_input_clk.u_ibufg_sys_clk/DIFFINBUF_INST/O
                         net (fo=1, routed)           0.040     0.348    system_i/ddr4_0/inst/u_ddr4_mem_intfc/u_mig_ddr4_phy/inst/u_ddr4_phy_pll/diff_input_clk.u_ibufg_sys_clk/OUT
    K22                  IBUFCTRL (Prop_IBUFCTRL_HPIOB_M_I_O)
                                                      0.000     0.348 r  system_i/ddr4_0/inst/u_ddr4_mem_intfc/u_mig_ddr4_phy/inst/u_ddr4_phy_pll/diff_input_clk.u_ibufg_sys_clk/IBUFCTRL_INST/O
                         net (fo=2, routed)           0.151     0.499    system_i/ddr4_0/inst/u_ddr4_infrastructure/sys_clk_in
    BUFGCE_X0Y51         BUFGCE (Prop_BUFCE_BUFGCE_I_O)
                                                      0.017     0.516 r  system_i/ddr4_0/inst/u_ddr4_infrastructure/u_bufg_inst/O
    X0Y2 (CLOCK_ROOT)    net (fo=17, routed)          0.603     1.118    system_i/ddr4_0/inst/u_ddr4_infrastructure/sys_clk_in_bufg
    SLICE_X3Y210         FDSE                                         r  system_i/ddr4_0/inst/u_ddr4_infrastructure/counter_input_rst_reg[4]/C
  -------------------------------------------------------------------    -------------------
    SLICE_X3Y210         FDSE (Prop_DFF_SLICEL_C_Q)
                                                      0.039     1.157 r  system_i/ddr4_0/inst/u_ddr4_infrastructure/counter_input_rst_reg[4]/Q
                         net (fo=7, routed)           0.031     1.188    system_i/ddr4_0/inst/u_ddr4_infrastructure/counter_input_rst[4]
    SLICE_X3Y210         LUT6 (Prop_C6LUT_SLICEL_I4_O)
                                                      0.014     1.202 r  system_i/ddr4_0/inst/u_ddr4_infrastructure/counter_input_rst[1]_i_1/O
                         net (fo=1, routed)           0.017     1.219    system_i/ddr4_0/inst/u_ddr4_infrastructure/counter_input_rst[1]_i_1_n_0
    SLICE_X3Y210         FDSE                                         r  system_i/ddr4_0/inst/u_ddr4_infrastructure/counter_input_rst_reg[1]/D
  -------------------------------------------------------------------    -------------------

                         (clock default_sysclk1_300_clk_p rise edge)
                                                      0.000     0.000 r  <hidden>
    K22                                               0.000     0.000 r  default_sysclk1_300_clk_p
                         net (fo=0)                   0.100     0.100    system_i/ddr4_0/inst/u_ddr4_mem_intfc/u_mig_ddr4_phy/inst/u_ddr4_phy_pll/diff_input_clk.u_ibufg_sys_clk/I
    HPIOBDIFFINBUF_X0Y58 DIFFINBUF (Prop_DIFFINBUF_HPIOBDIFFINBUF_DIFF_IN_P_O)
                                                      0.326     0.426 r  system_i/ddr4_0/inst/u_ddr4_mem_intfc/u_mig_ddr4_phy/inst/u_ddr4_phy_pll/diff_input_clk.u_ibufg_sys_clk/DIFFINBUF_INST/O
                         net (fo=1, routed)           0.050     0.476    system_i/ddr4_0/inst/u_ddr4_mem_intfc/u_mig_ddr4_phy/inst/u_ddr4_phy_pll/diff_input_clk.u_ibufg_sys_clk/OUT
    K22                  IBUFCTRL (Prop_IBUFCTRL_HPIOB_M_I_O)
                                                      0.000     0.476 r  system_i/ddr4_0/inst/u_ddr4_mem_intfc/u_mig_ddr4_phy/inst/u_ddr4_phy_pll/diff_input_clk.u_ibufg_sys_clk/IBUFCTRL_INST/O
                         net (fo=2, routed)           0.189     0.665    system_i/ddr4_0/inst/u_ddr4_infrastructure/sys_clk_in
    BUFGCE_X0Y51         BUFGCE (Prop_BUFCE_BUFGCE_I_O)
                                                      0.019     0.684 r  system_i/ddr4_0/inst/u_ddr4_infrastructure/u_bufg_inst/O
    X0Y2 (CLOCK_ROOT)    net (fo=17, routed)          0.689     1.374    system_i/ddr4_0/inst/u_ddr4_infrastructure/sys_clk_in_bufg
    SLICE_X3Y210         FDSE                                         r  system_i/ddr4_0/inst/u_ddr4_infrastructure/counter_input_rst_reg[1]/C
                         clock pessimism             -0.249     1.124    <hidden>
    SLICE_X3Y210         FDSE (Hold_CFF_SLICEL_C_D)
                                                      0.046     1.170    system_i/ddr4_0/inst/u_ddr4_infrastructure/counter_input_rst_reg[1]
  -------------------------------------------------------------------
                         required time                         -1.170    <hidden>
                         arrival time                           1.219    <hidden>
  -------------------------------------------------------------------
                         slack                                  0.049    <hidden>





Pulse Width Checks
--------------------------------------------------------------------------------------
Clock Name:         default_sysclk1_300_clk_p
Waveform(ns):       { 0.000 1.667 }
Period(ns):         3.334
Sources:            { default_sysclk1_300_clk_p }

Check Type        Corner  Lib Pin            Reference Pin  Required(ns)  Actual(ns)  Slack(ns)  Location      Pin
Min Period        n/a     BUFGCE/I           n/a            1.290         3.334       2.044      BUFGCE_X0Y51  system_i/ddr4_0/inst/u_ddr4_infrastructure/u_bufg_inst/I
Max Period        n/a     MMCME4_ADV/CLKIN1  n/a            100.000       3.334       96.666     MMCM_X0Y3     system_i/ddr4_0/inst/u_ddr4_infrastructure/gen_mmcme4.u_mmcme_adv_inst/CLKIN1
Low Pulse Width   Slow    MMCME4_ADV/CLKIN1  n/a            1.167         1.667       0.500      MMCM_X0Y3     system_i/ddr4_0/inst/u_ddr4_infrastructure/gen_mmcme4.u_mmcme_adv_inst/CLKIN1
High Pulse Width  Slow    MMCME4_ADV/CLKIN1  n/a            1.167         1.667       0.500      MMCM_X0Y3     system_i/ddr4_0/inst/u_ddr4_infrastructure/gen_mmcme4.u_mmcme_adv_inst/CLKIN1



---------------------------------------------------------------------------------------------------
From Clock:  mmcm_clkout0
  To Clock:  mmcm_clkout0

Setup :            0  Failing Endpoints,  Worst Slack        0.243ns,  Total Violation        0.000ns
Hold  :            0  Failing Endpoints,  Worst Slack        0.014ns,  Total Violation        0.000ns
PW    :            0  Failing Endpoints,  Worst Slack        0.203ns,  Total Violation        0.000ns
---------------------------------------------------------------------------------------------------


Max Delay Paths
--------------------------------------------------------------------------------------
Slack (MET) :             0.243ns  (required time - arrival time)
  Source:                 system_i/ddr4_0/inst/u_ddr4_mem_intfc/u_ddr_cal_top/u_ddr_cal/u_ddr_cal_addr_decode/clb2phy_fifo_rden_reg[51]/C
                            (rising edge-triggered cell FDRE clocked by mmcm_clkout0  {rise@0.000ns fall@1.500ns period=3.001ns})
  Destination:            system_i/ddr4_0/inst/u_ddr4_mem_intfc/u_ddr_cal_top/ch1_mcal_clb2phy_fifo_rden_reg[13]/D
                            (rising edge-triggered cell FDRE clocked by mmcm_clkout0  {rise@0.000ns fall@1.500ns period=3.001ns})
  Path Group:             mmcm_clkout0
  Path Type:              Setup (Max at Slow Process Corner)
  Requirement:            3.001ns  (mmcm_clkout0 rise@3.001ns - mmcm_clkout0 rise@0.000ns)
  Data Path Delay:        2.561ns  (logic 0.076ns (2.967%)  route 2.485ns (97.033%))
  Logic Levels:           0  
  Clock Path Skew:        -0.159ns (DCD - SCD + CPR)
    Destination Clock Delay (DCD):    4.374ns = ( 7.375 - 3.001 ) 
    Source Clock Delay      (SCD):    4.240ns
    Clock Pessimism Removal (CPR):    -0.293ns
  Clock Uncertainty:      0.062ns  ((TSJ^2 + DJ^2)^1/2) / 2 + PE
    Total System Jitter     (TSJ):    0.071ns
    Discrete Jitter          (DJ):    0.103ns
    Phase Error              (PE):    0.000ns
  Clock Net Delay (Source):      1.933ns (routing 0.932ns, distribution 1.001ns)
  Clock Net Delay (Destination): 1.644ns (routing 0.847ns, distribution 0.797ns)

    Location             Delay type                Incr(ns)  Path(ns)    Netlist Resource(s)
  -------------------------------------------------------------------    -------------------
                         (clock mmcm_clkout0 rise edge)
                                                      0.000     0.000 r  <hidden>
    K22                                               0.000     0.000 r  default_sysclk1_300_clk_p
                         net (fo=0)                   0.100     0.100    system_i/ddr4_0/inst/u_ddr4_mem_intfc/u_mig_ddr4_phy/inst/u_ddr4_phy_pll/diff_input_clk.u_ibufg_sys_clk/I
    HPIOBDIFFINBUF_X0Y58 DIFFINBUF (Prop_DIFFINBUF_HPIOBDIFFINBUF_DIFF_IN_P_O)
                                                      0.469     0.569 r  system_i/ddr4_0/inst/u_ddr4_mem_intfc/u_mig_ddr4_phy/inst/u_ddr4_phy_pll/diff_input_clk.u_ibufg_sys_clk/DIFFINBUF_INST/O
                         net (fo=1, routed)           0.050     0.619    system_i/ddr4_0/inst/u_ddr4_mem_intfc/u_mig_ddr4_phy/inst/u_ddr4_phy_pll/diff_input_clk.u_ibufg_sys_clk/OUT
    K22                  IBUFCTRL (Prop_IBUFCTRL_HPIOB_M_I_O)
                                                      0.000     0.619 r  system_i/ddr4_0/inst/u_ddr4_mem_intfc/u_mig_ddr4_phy/inst/u_ddr4_phy_pll/diff_input_clk.u_ibufg_sys_clk/IBUFCTRL_INST/O
                         net (fo=2, routed)           0.336     0.955    system_i/ddr4_0/inst/u_ddr4_mem_intfc/u_mig_ddr4_phy/inst/u_ddr4_phy_pll/sys_clk_in
    BUFGCE_X0Y49         BUFGCE (Prop_BUFCE_BUFGCE_I_O)
                                                      0.028     0.983 r  system_i/ddr4_0/inst/u_ddr4_mem_intfc/u_mig_ddr4_phy/inst/u_ddr4_phy_pll/gen_bufg_backbone.u__bufg_backbone/O
                         net (fo=1, routed)           1.179     2.162    system_i/ddr4_0/inst/u_ddr4_infrastructure/mmcm_clk_in
    MMCM_X0Y3            MMCME4_ADV (Prop_MMCM_CLKIN1_CLKOUT0)
                                                     -0.127     2.035 r  system_i/ddr4_0/inst/u_ddr4_infrastructure/gen_mmcme4.u_mmcme_adv_inst/CLKOUT0
                         net (fo=1, routed)           0.244     2.279    system_i/ddr4_0/inst/u_ddr4_infrastructure/mmcm_clkout0
    BUFGCE_X0Y74         BUFGCE (Prop_BUFCE_BUFGCE_I_O)
                                                      0.028     2.307 r  system_i/ddr4_0/inst/u_ddr4_infrastructure/u_bufg_divClk/O
    X1Y2 (CLOCK_ROOT)    net (fo=14016, routed)       1.933     4.240    system_i/ddr4_0/inst/u_ddr4_mem_intfc/u_ddr_cal_top/u_ddr_cal/u_ddr_cal_addr_decode/odt_shift_reg[0][20]
    SLICE_X12Y199        FDRE                                         r  system_i/ddr4_0/inst/u_ddr4_mem_intfc/u_ddr_cal_top/u_ddr_cal/u_ddr_cal_addr_decode/clb2phy_fifo_rden_reg[51]/C
  -------------------------------------------------------------------    -------------------
    SLICE_X12Y199        FDRE (Prop_EFF_SLICEM_C_Q)
                                                      0.076     4.316 r  system_i/ddr4_0/inst/u_ddr4_mem_intfc/u_ddr_cal_top/u_ddr_cal/u_ddr_cal_addr_decode/clb2phy_fifo_rden_reg[51]/Q
                         net (fo=104, routed)         2.485     6.801    system_i/ddr4_0/inst/u_ddr4_mem_intfc/u_ddr_cal_top/cal_clb2phy_fifo_rden[51]
    SLICE_X27Y239        FDRE                                         r  system_i/ddr4_0/inst/u_ddr4_mem_intfc/u_ddr_cal_top/ch1_mcal_clb2phy_fifo_rden_reg[13]/D
  -------------------------------------------------------------------    -------------------

                         (clock mmcm_clkout0 rise edge)
                                                      3.001     3.001 r  <hidden>
    K22                                               0.000     3.001 r  default_sysclk1_300_clk_p
                         net (fo=0)                   0.079     3.080    system_i/ddr4_0/inst/u_ddr4_mem_intfc/u_mig_ddr4_phy/inst/u_ddr4_phy_pll/diff_input_clk.u_ibufg_sys_clk/I
    HPIOBDIFFINBUF_X0Y58 DIFFINBUF (Prop_DIFFINBUF_HPIOBDIFFINBUF_DIFF_IN_P_O)
                                                      0.374     3.453 r  system_i/ddr4_0/inst/u_ddr4_mem_intfc/u_mig_ddr4_phy/inst/u_ddr4_phy_pll/diff_input_clk.u_ibufg_sys_clk/DIFFINBUF_INST/O
                         net (fo=1, routed)           0.040     3.493    system_i/ddr4_0/inst/u_ddr4_mem_intfc/u_mig_ddr4_phy/inst/u_ddr4_phy_pll/diff_input_clk.u_ibufg_sys_clk/OUT
    K22                  IBUFCTRL (Prop_IBUFCTRL_HPIOB_M_I_O)
                                                      0.000     3.493 r  system_i/ddr4_0/inst/u_ddr4_mem_intfc/u_mig_ddr4_phy/inst/u_ddr4_phy_pll/diff_input_clk.u_ibufg_sys_clk/IBUFCTRL_INST/O
                         net (fo=2, routed)           0.297     3.790    system_i/ddr4_0/inst/u_ddr4_mem_intfc/u_mig_ddr4_phy/inst/u_ddr4_phy_pll/sys_clk_in
    BUFGCE_X0Y49         BUFGCE (Prop_BUFCE_BUFGCE_I_O)
                                                      0.024     3.814 r  system_i/ddr4_0/inst/u_ddr4_mem_intfc/u_mig_ddr4_phy/inst/u_ddr4_phy_pll/gen_bufg_backbone.u__bufg_backbone/O
                         net (fo=1, routed)           1.049     4.863    system_i/ddr4_0/inst/u_ddr4_infrastructure/mmcm_clk_in
    MMCM_X0Y3            MMCME4_ADV (Prop_MMCM_CLKIN1_CLKOUT0)
                                                      0.630     5.493 r  system_i/ddr4_0/inst/u_ddr4_infrastructure/gen_mmcme4.u_mmcme_adv_inst/CLKOUT0
                         net (fo=1, routed)           0.214     5.707    system_i/ddr4_0/inst/u_ddr4_infrastructure/mmcm_clkout0
    BUFGCE_X0Y74         BUFGCE (Prop_BUFCE_BUFGCE_I_O)
                                                      0.024     5.731 r  system_i/ddr4_0/inst/u_ddr4_infrastructure/u_bufg_divClk/O
    X1Y2 (CLOCK_ROOT)    net (fo=14016, routed)       1.644     7.375    system_i/ddr4_0/inst/u_ddr4_mem_intfc/u_ddr_cal_top/dReg_reg[13]
    SLICE_X27Y239        FDRE                                         r  system_i/ddr4_0/inst/u_ddr4_mem_intfc/u_ddr_cal_top/ch1_mcal_clb2phy_fifo_rden_reg[13]/C
                         clock pessimism             -0.293     7.082    <hidden>
                         clock uncertainty           -0.062     7.019    <hidden>
    SLICE_X27Y239        FDRE (Setup_AFF_SLICEL_C_D)
                                                      0.025     7.044    system_i/ddr4_0/inst/u_ddr4_mem_intfc/u_ddr_cal_top/ch1_mcal_clb2phy_fifo_rden_reg[13]
  -------------------------------------------------------------------
                         required time                          7.044    <hidden>
                         arrival time                          -6.801    <hidden>
  -------------------------------------------------------------------
                         slack                                  0.243    <hidden>





Min Delay Paths
--------------------------------------------------------------------------------------
Slack (MET) :             0.014ns  (arrival time - required time)
  Source:                 system_i/ddr4_0/inst/u_ddr4_mem_intfc/u_ddr_cal_top/u_ddr_cal/u_ddr_cal_addr_decode/u_ddr_cal_cplx/seq_bg_reg[0]/C
                            (rising edge-triggered cell FDRE clocked by mmcm_clkout0  {rise@0.000ns fall@1.500ns period=3.001ns})
  Destination:            system_i/ddr4_0/inst/u_ddr4_mem_intfc/u_ddr_cal_top/u_ddr_cal/u_ddr_cal_addr_decode/u_ddr_cal_cplx/cplx_BA_cmd_reg[0]/D
                            (rising edge-triggered cell FDRE clocked by mmcm_clkout0  {rise@0.000ns fall@1.500ns period=3.001ns})
  Path Group:             mmcm_clkout0
  Path Type:              Hold (Min at Slow Process Corner)
  Requirement:            0.000ns  (mmcm_clkout0 rise@0.000ns - mmcm_clkout0 rise@0.000ns)
  Data Path Delay:        0.183ns  (logic 0.058ns (31.737%)  route 0.125ns (68.263%))
  Logic Levels:           0  
  Clock Path Skew:        0.106ns (DCD - SCD - CPR)
    Destination Clock Delay (DCD):    4.261ns
    Source Clock Delay      (SCD):    4.448ns
    Clock Pessimism Removal (CPR):    -0.294ns
  Clock Net Delay (Source):      1.718ns (routing 0.847ns, distribution 0.871ns)
  Clock Net Delay (Destination): 1.954ns (routing 0.932ns, distribution 1.022ns)

    Location             Delay type                Incr(ns)  Path(ns)    Netlist Resource(s)
  -------------------------------------------------------------------    -------------------
                         (clock mmcm_clkout0 rise edge)
                                                      0.000     0.000 r  <hidden>
    K22                                               0.000     0.000 r  default_sysclk1_300_clk_p
                         net (fo=0)                   0.079     0.079    system_i/ddr4_0/inst/u_ddr4_mem_intfc/u_mig_ddr4_phy/inst/u_ddr4_phy_pll/diff_input_clk.u_ibufg_sys_clk/I
    HPIOBDIFFINBUF_X0Y58 DIFFINBUF (Prop_DIFFINBUF_HPIOBDIFFINBUF_DIFF_IN_P_O)
                                                      0.374     0.453 r  system_i/ddr4_0/inst/u_ddr4_mem_intfc/u_mig_ddr4_phy/inst/u_ddr4_phy_pll/diff_input_clk.u_ibufg_sys_clk/DIFFINBUF_INST/O
                         net (fo=1, routed)           0.040     0.493    system_i/ddr4_0/inst/u_ddr4_mem_intfc/u_mig_ddr4_phy/inst/u_ddr4_phy_pll/diff_input_clk.u_ibufg_sys_clk/OUT
    K22                  IBUFCTRL (Prop_IBUFCTRL_HPIOB_M_I_O)
                                                      0.000     0.493 r  system_i/ddr4_0/inst/u_ddr4_mem_intfc/u_mig_ddr4_phy/inst/u_ddr4_phy_pll/diff_input_clk.u_ibufg_sys_clk/IBUFCTRL_INST/O
                         net (fo=2, routed)           0.297     0.790    system_i/ddr4_0/inst/u_ddr4_mem_intfc/u_mig_ddr4_phy/inst/u_ddr4_phy_pll/sys_clk_in
    BUFGCE_X0Y49         BUFGCE (Prop_BUFCE_BUFGCE_I_O)
                                                      0.024     0.814 r  system_i/ddr4_0/inst/u_ddr4_mem_intfc/u_mig_ddr4_phy/inst/u_ddr4_phy_pll/gen_bufg_backbone.u__bufg_backbone/O
                         net (fo=1, routed)           1.049     1.863    system_i/ddr4_0/inst/u_ddr4_infrastructure/mmcm_clk_in
    MMCM_X0Y3            MMCME4_ADV (Prop_MMCM_CLKIN1_CLKOUT0)
                                                      0.630     2.493 r  system_i/ddr4_0/inst/u_ddr4_infrastructure/gen_mmcme4.u_mmcme_adv_inst/CLKOUT0
                         net (fo=1, routed)           0.214     2.707    system_i/ddr4_0/inst/u_ddr4_infrastructure/mmcm_clkout0
    BUFGCE_X0Y74         BUFGCE (Prop_BUFCE_BUFGCE_I_O)
                                                      0.024     2.731 r  system_i/ddr4_0/inst/u_ddr4_infrastructure/u_bufg_divClk/O
    X1Y2 (CLOCK_ROOT)    net (fo=14016, routed)       1.718     4.448    system_i/ddr4_0/inst/u_ddr4_mem_intfc/u_ddr_cal_top/u_ddr_cal/u_ddr_cal_addr_decode/u_ddr_cal_cplx/rd_addr_101_reg_rep
    SLICE_X12Y193        FDRE                                         r  system_i/ddr4_0/inst/u_ddr4_mem_intfc/u_ddr_cal_top/u_ddr_cal/u_ddr_cal_addr_decode/u_ddr_cal_cplx/seq_bg_reg[0]/C
  -------------------------------------------------------------------    -------------------
    SLICE_X12Y193        FDRE (Prop_EFF_SLICEM_C_Q)
                                                      0.058     4.506 r  system_i/ddr4_0/inst/u_ddr4_mem_intfc/u_ddr_cal_top/u_ddr_cal/u_ddr_cal_addr_decode/u_ddr_cal_cplx/seq_bg_reg[0]/Q
                         net (fo=11, routed)          0.125     4.631    system_i/ddr4_0/inst/u_ddr4_mem_intfc/u_ddr_cal_top/u_ddr_cal/u_ddr_cal_addr_decode/u_ddr_cal_cplx/seq_bg[0]
    SLICE_X11Y193        FDRE                                         r  system_i/ddr4_0/inst/u_ddr4_mem_intfc/u_ddr_cal_top/u_ddr_cal/u_ddr_cal_addr_decode/u_ddr_cal_cplx/cplx_BA_cmd_reg[0]/D
  -------------------------------------------------------------------    -------------------

                         (clock mmcm_clkout0 rise edge)
                                                      0.000     0.000 r  <hidden>
    K22                                               0.000     0.000 r  default_sysclk1_300_clk_p
                         net (fo=0)                   0.100     0.100    system_i/ddr4_0/inst/u_ddr4_mem_intfc/u_mig_ddr4_phy/inst/u_ddr4_phy_pll/diff_input_clk.u_ibufg_sys_clk/I
    HPIOBDIFFINBUF_X0Y58 DIFFINBUF (Prop_DIFFINBUF_HPIOBDIFFINBUF_DIFF_IN_P_O)
                                                      0.469     0.569 r  system_i/ddr4_0/inst/u_ddr4_mem_intfc/u_mig_ddr4_phy/inst/u_ddr4_phy_pll/diff_input_clk.u_ibufg_sys_clk/DIFFINBUF_INST/O
                         net (fo=1, routed)           0.050     0.619    system_i/ddr4_0/inst/u_ddr4_mem_intfc/u_mig_ddr4_phy/inst/u_ddr4_phy_pll/diff_input_clk.u_ibufg_sys_clk/OUT
    K22                  IBUFCTRL (Prop_IBUFCTRL_HPIOB_M_I_O)
                                                      0.000     0.619 r  system_i/ddr4_0/inst/u_ddr4_mem_intfc/u_mig_ddr4_phy/inst/u_ddr4_phy_pll/diff_input_clk.u_ibufg_sys_clk/IBUFCTRL_INST/O
                         net (fo=2, routed)           0.336     0.955    system_i/ddr4_0/inst/u_ddr4_mem_intfc/u_mig_ddr4_phy/inst/u_ddr4_phy_pll/sys_clk_in
    BUFGCE_X0Y49         BUFGCE (Prop_BUFCE_BUFGCE_I_O)
                                                      0.028     0.983 r  system_i/ddr4_0/inst/u_ddr4_mem_intfc/u_mig_ddr4_phy/inst/u_ddr4_phy_pll/gen_bufg_backbone.u__bufg_backbone/O
                         net (fo=1, routed)           1.179     2.162    system_i/ddr4_0/inst/u_ddr4_infrastructure/mmcm_clk_in
    MMCM_X0Y3            MMCME4_ADV (Prop_MMCM_CLKIN1_CLKOUT0)
                                                     -0.127     2.035 r  system_i/ddr4_0/inst/u_ddr4_infrastructure/gen_mmcme4.u_mmcme_adv_inst/CLKOUT0
                         net (fo=1, routed)           0.244     2.279    system_i/ddr4_0/inst/u_ddr4_infrastructure/mmcm_clkout0
    BUFGCE_X0Y74         BUFGCE (Prop_BUFCE_BUFGCE_I_O)
                                                      0.028     2.307 r  system_i/ddr4_0/inst/u_ddr4_infrastructure/u_bufg_divClk/O
    X1Y2 (CLOCK_ROOT)    net (fo=14016, routed)       1.954     4.261    system_i/ddr4_0/inst/u_ddr4_mem_intfc/u_ddr_cal_top/u_ddr_cal/u_ddr_cal_addr_decode/u_ddr_cal_cplx/rd_addr_101_reg_rep
    SLICE_X11Y193        FDRE                                         r  system_i/ddr4_0/inst/u_ddr4_mem_intfc/u_ddr_cal_top/u_ddr_cal/u_ddr_cal_addr_decode/u_ddr_cal_cplx/cplx_BA_cmd_reg[0]/C
                         clock pessimism              0.294     4.555    <hidden>
    SLICE_X11Y193        FDRE (Hold_EFF2_SLICEL_C_D)
                                                      0.062     4.617    system_i/ddr4_0/inst/u_ddr4_mem_intfc/u_ddr_cal_top/u_ddr_cal/u_ddr_cal_addr_decode/u_ddr_cal_cplx/cplx_BA_cmd_reg[0]
  -------------------------------------------------------------------
                         required time                         -4.617    <hidden>
                         arrival time                           4.631    <hidden>
  -------------------------------------------------------------------
                         slack                                  0.014    <hidden>





Pulse Width Checks
--------------------------------------------------------------------------------------
Clock Name:         mmcm_clkout0
Waveform(ns):       { 0.000 1.500 }
Period(ns):         3.001
Sources:            { system_i/ddr4_0/inst/u_ddr4_infrastructure/gen_mmcme4.u_mmcme_adv_inst/CLKOUT0 }

Check Type        Corner  Lib Pin                    Reference Pin       Required(ns)  Actual(ns)  Slack(ns)  Location               Pin
Min Period        n/a     RXTX_BITSLICE/FIFO_RD_CLK  n/a                 1.694         3.001       1.307      BITSLICE_RX_TX_X0Y129  system_i/ddr4_0/inst/u_ddr4_mem_intfc/u_mig_ddr4_phy/inst/generate_block1.u_ddr_xiphy/byte_num[0].xiphy_byte_wrapper.u_xiphy_byte_wrapper/I_BITSLICE_UPPER[6].GEN_RXTX_BITSLICE_EN.u_xiphy_bitslice_upper/xiphy_rxtx_bitslice/FIFO_RD_CLK
Max Period        n/a     PLLE4_ADV/CLKIN            n/a                 14.286        3.001       11.285     PLL_X0Y4               system_i/ddr4_0/inst/u_ddr4_mem_intfc/u_mig_ddr4_phy/inst/u_ddr4_phy_pll/plle_loop[0].gen_plle4.PLLE4_BASE_INST_OTHER/CLKIN
Low Pulse Width   Slow    PLLE4_ADV/CLKIN            n/a                 1.050         1.500       0.450      PLL_X0Y4               system_i/ddr4_0/inst/u_ddr4_mem_intfc/u_mig_ddr4_phy/inst/u_ddr4_phy_pll/plle_loop[0].gen_plle4.PLLE4_BASE_INST_OTHER/CLKIN
High Pulse Width  Slow    PLLE4_ADV/CLKIN            n/a                 1.050         1.500       0.450      PLL_X0Y4               system_i/ddr4_0/inst/u_ddr4_mem_intfc/u_mig_ddr4_phy/inst/u_ddr4_phy_pll/plle_loop[0].gen_plle4.PLLE4_BASE_INST_OTHER/CLKIN
Min Skew          Fast    RXTX_BITSLICE/D[1]         RXTX_BITSLICE/D[2]  0.050         0.253       0.203      BITSLICE_RX_TX_X0Y140  system_i/ddr4_0/inst/u_ddr4_mem_intfc/u_mig_ddr4_phy/inst/generate_block1.u_ddr_xiphy/byte_num[1].xiphy_byte_wrapper.u_xiphy_byte_wrapper/I_BITSLICE_UPPER[4].GEN_RXTX_BITSLICE_EN.u_xiphy_bitslice_upper/xiphy_rxtx_bitslice/D[1]



---------------------------------------------------------------------------------------------------
From Clock:  pll_clk[0]
  To Clock:  pll_clk[0]

Setup :           NA  Failing Endpoints,  Worst Slack           NA  ,  Total Violation           NA
Hold  :           NA  Failing Endpoints,  Worst Slack           NA  ,  Total Violation           NA
PW    :            0  Failing Endpoints,  Worst Slack        0.000ns,  Total Violation        0.000ns
---------------------------------------------------------------------------------------------------


Pulse Width Checks
--------------------------------------------------------------------------------------
Clock Name:         pll_clk[0]
Waveform(ns):       { 0.000 0.188 }
Period(ns):         0.375
Sources:            { system_i/ddr4_0/inst/u_ddr4_mem_intfc/u_mig_ddr4_phy/inst/u_ddr4_phy_pll/plle_loop[0].gen_plle4.PLLE4_BASE_INST_OTHER/CLKOUTPHY }

Check Type        Corner  Lib Pin                   Reference Pin  Required(ns)  Actual(ns)  Slack(ns)  Location                Pin
Min Period        n/a     BITSLICE_CONTROL/PLL_CLK  n/a            0.375         0.375       0.000      BITSLICE_CONTROL_X0Y19  system_i/ddr4_0/inst/u_ddr4_mem_intfc/u_mig_ddr4_phy/inst/generate_block1.u_ddr_xiphy/byte_num[0].xiphy_byte_wrapper.u_xiphy_byte_wrapper/I_CONTROL[1].GEN_I_CONTROL.u_xiphy_control/xiphy_control/PLL_CLK
Low Pulse Width   Slow    BITSLICE_CONTROL/PLL_CLK  n/a            0.169         0.188       0.019      BITSLICE_CONTROL_X0Y19  system_i/ddr4_0/inst/u_ddr4_mem_intfc/u_mig_ddr4_phy/inst/generate_block1.u_ddr_xiphy/byte_num[0].xiphy_byte_wrapper.u_xiphy_byte_wrapper/I_CONTROL[1].GEN_I_CONTROL.u_xiphy_control/xiphy_control/PLL_CLK
High Pulse Width  Slow    BITSLICE_CONTROL/PLL_CLK  n/a            0.169         0.188       0.019      BITSLICE_CONTROL_X0Y19  system_i/ddr4_0/inst/u_ddr4_mem_intfc/u_mig_ddr4_phy/inst/generate_block1.u_ddr_xiphy/byte_num[0].xiphy_byte_wrapper.u_xiphy_byte_wrapper/I_CONTROL[1].GEN_I_CONTROL.u_xiphy_control/xiphy_control/PLL_CLK



---------------------------------------------------------------------------------------------------
From Clock:  pll_clk[0]_DIV
  To Clock:  pll_clk[0]_DIV

Setup :           NA  Failing Endpoints,  Worst Slack           NA  ,  Total Violation           NA
Hold  :           NA  Failing Endpoints,  Worst Slack           NA  ,  Total Violation           NA
PW    :            0  Failing Endpoints,  Worst Slack        0.300ns,  Total Violation        0.000ns
---------------------------------------------------------------------------------------------------


Pulse Width Checks
--------------------------------------------------------------------------------------
Clock Name:         pll_clk[0]_DIV
Waveform(ns):       { 0.000 1.500 }
Period(ns):         3.001
Sources:            { system_i/ddr4_0/inst/u_ddr4_mem_intfc/u_mig_ddr4_phy/inst/generate_block1.u_ddr_xiphy/byte_num[0].xiphy_byte_wrapper.u_xiphy_byte_wrapper/I_CONTROL[1].GEN_I_CONTROL.u_xiphy_control/xiphy_control/RX_DIV4_CLK_Q system_i/ddr4_0/inst/u_ddr4_mem_intfc/u_mig_ddr4_phy/inst/generate_block1.u_ddr_xiphy/byte_num[0].xiphy_byte_wrapper.u_xiphy_byte_wrapper/I_CONTROL[1].GEN_I_CONTROL.u_xiphy_control/xiphy_control/TX_DIV4_CLK_Q system_i/ddr4_0/inst/u_ddr4_mem_intfc/u_mig_ddr4_phy/inst/generate_block1.u_ddr_xiphy/byte_num[1].xiphy_byte_wrapper.u_xiphy_byte_wrapper/I_CONTROL[0].GEN_I_CONTROL.u_xiphy_control/xiphy_control/RX_DIV4_CLK_Q system_i/ddr4_0/inst/u_ddr4_mem_intfc/u_mig_ddr4_phy/inst/generate_block1.u_ddr_xiphy/byte_num[1].xiphy_byte_wrapper.u_xiphy_byte_wrapper/I_CONTROL[0].GEN_I_CONTROL.u_xiphy_control/xiphy_control/TX_DIV4_CLK_Q system_i/ddr4_0/inst/u_ddr4_mem_intfc/u_mig_ddr4_phy/inst/generate_block1.u_ddr_xiphy/byte_num[1].xiphy_byte_wrapper.u_xiphy_byte_wrapper/I_CONTROL[1].GEN_I_CONTROL.u_xiphy_control/xiphy_control/RX_DIV4_CLK_Q system_i/ddr4_0/inst/u_ddr4_mem_intfc/u_mig_ddr4_phy/inst/generate_block1.u_ddr_xiphy/byte_num[1].xiphy_byte_wrapper.u_xiphy_byte_wrapper/I_CONTROL[1].GEN_I_CONTROL.u_xiphy_control/xiphy_control/TX_DIV4_CLK_Q system_i/ddr4_0/inst/u_ddr4_mem_intfc/u_mig_ddr4_phy/inst/generate_block1.u_ddr_xiphy/byte_num[2].xiphy_byte_wrapper.u_xiphy_byte_wrapper/I_CONTROL[0].GEN_I_CONTROL.u_xiphy_control/xiphy_control/RX_DIV4_CLK_Q system_i/ddr4_0/inst/u_ddr4_mem_intfc/u_mig_ddr4_phy/inst/generate_block1.u_ddr_xiphy/byte_num[2].xiphy_byte_wrapper.u_xiphy_byte_wrapper/I_CONTROL[0].GEN_I_CONTROL.u_xiphy_control/xiphy_control/TX_DIV4_CLK_Q system_i/ddr4_0/inst/u_ddr4_mem_intfc/u_mig_ddr4_phy/inst/generate_block1.u_ddr_xiphy/byte_num[2].xiphy_byte_wrapper.u_xiphy_byte_wrapper/I_CONTROL[1].GEN_I_CONTROL.u_xiphy_control/xiphy_control/RX_DIV4_CLK_Q system_i/ddr4_0/inst/u_ddr4_mem_intfc/u_mig_ddr4_phy/inst/generate_block1.u_ddr_xiphy/byte_num[2].xiphy_byte_wrapper.u_xiphy_byte_wrapper/I_CONTROL[1].GEN_I_CONTROL.u_xiphy_control/xiphy_control/TX_DIV4_CLK_Q }

Check Type        Corner  Lib Pin                           Reference Pin  Required(ns)  Actual(ns)  Slack(ns)  Location               Pin
Min Period        n/a     RXTX_BITSLICE/TX_BIT_CTRL_IN[26]  n/a            2.667         3.001       0.334      BITSLICE_RX_TX_X0Y129  system_i/ddr4_0/inst/u_ddr4_mem_intfc/u_mig_ddr4_phy/inst/generate_block1.u_ddr_xiphy/byte_num[0].xiphy_byte_wrapper.u_xiphy_byte_wrapper/I_BITSLICE_UPPER[6].GEN_RXTX_BITSLICE_EN.u_xiphy_bitslice_upper/xiphy_rxtx_bitslice/TX_BIT_CTRL_IN[26]
Low Pulse Width   Slow    RXTX_BITSLICE/TX_BIT_CTRL_IN[26]  n/a            1.200         1.500       0.300      BITSLICE_RX_TX_X0Y129  system_i/ddr4_0/inst/u_ddr4_mem_intfc/u_mig_ddr4_phy/inst/generate_block1.u_ddr_xiphy/byte_num[0].xiphy_byte_wrapper.u_xiphy_byte_wrapper/I_BITSLICE_UPPER[6].GEN_RXTX_BITSLICE_EN.u_xiphy_bitslice_upper/xiphy_rxtx_bitslice/TX_BIT_CTRL_IN[26]
High Pulse Width  Slow    RXTX_BITSLICE/TX_BIT_CTRL_IN[26]  n/a            1.200         1.500       0.300      BITSLICE_RX_TX_X0Y129  system_i/ddr4_0/inst/u_ddr4_mem_intfc/u_mig_ddr4_phy/inst/generate_block1.u_ddr_xiphy/byte_num[0].xiphy_byte_wrapper.u_xiphy_byte_wrapper/I_BITSLICE_UPPER[6].GEN_RXTX_BITSLICE_EN.u_xiphy_bitslice_upper/xiphy_rxtx_bitslice/TX_BIT_CTRL_IN[26]



---------------------------------------------------------------------------------------------------
From Clock:  pll_clk[1]
  To Clock:  pll_clk[1]

Setup :           NA  Failing Endpoints,  Worst Slack           NA  ,  Total Violation           NA
Hold  :           NA  Failing Endpoints,  Worst Slack           NA  ,  Total Violation           NA
PW    :            0  Failing Endpoints,  Worst Slack        0.000ns,  Total Violation        0.000ns
---------------------------------------------------------------------------------------------------


Pulse Width Checks
--------------------------------------------------------------------------------------
Clock Name:         pll_clk[1]
Waveform(ns):       { 0.000 0.188 }
Period(ns):         0.375
Sources:            { system_i/ddr4_0/inst/u_ddr4_mem_intfc/u_mig_ddr4_phy/inst/u_ddr4_phy_pll/plle_loop[1].gen_plle4.PLLE4_BASE_INST_OTHER/CLKOUTPHY }

Check Type        Corner  Lib Pin                   Reference Pin             Required(ns)  Actual(ns)  Slack(ns)  Location                Pin
Min Period        n/a     BITSLICE_CONTROL/PLL_CLK  n/a                       0.375         0.375       0.000      BITSLICE_CONTROL_X0Y24  system_i/ddr4_0/inst/u_ddr4_mem_intfc/u_mig_ddr4_phy/inst/generate_block1.u_ddr_xiphy/byte_num[3].xiphy_byte_wrapper.u_xiphy_byte_wrapper/I_CONTROL[0].GEN_I_CONTROL.u_xiphy_control/xiphy_control/PLL_CLK
Low Pulse Width   Slow    BITSLICE_CONTROL/PLL_CLK  n/a                       0.169         0.188       0.019      BITSLICE_CONTROL_X0Y24  system_i/ddr4_0/inst/u_ddr4_mem_intfc/u_mig_ddr4_phy/inst/generate_block1.u_ddr_xiphy/byte_num[3].xiphy_byte_wrapper.u_xiphy_byte_wrapper/I_CONTROL[0].GEN_I_CONTROL.u_xiphy_control/xiphy_control/PLL_CLK
High Pulse Width  Slow    BITSLICE_CONTROL/PLL_CLK  n/a                       0.169         0.188       0.019      BITSLICE_CONTROL_X0Y24  system_i/ddr4_0/inst/u_ddr4_mem_intfc/u_mig_ddr4_phy/inst/generate_block1.u_ddr_xiphy/byte_num[3].xiphy_byte_wrapper.u_xiphy_byte_wrapper/I_CONTROL[0].GEN_I_CONTROL.u_xiphy_control/xiphy_control/PLL_CLK
Max Skew          Fast    BITSLICE_CONTROL/PLL_CLK  BITSLICE_CONTROL/RIU_CLK  -0.300        -1.316      1.016      BITSLICE_CONTROL_X0Y28  system_i/ddr4_0/inst/u_ddr4_mem_intfc/u_mig_ddr4_phy/inst/generate_block1.u_ddr_xiphy/byte_num[5].xiphy_byte_wrapper.u_xiphy_byte_wrapper/I_CONTROL[0].GEN_I_CONTROL.u_xiphy_control/xiphy_control/PLL_CLK



---------------------------------------------------------------------------------------------------
From Clock:  pll_clk[1]_DIV
  To Clock:  pll_clk[1]_DIV

Setup :           NA  Failing Endpoints,  Worst Slack           NA  ,  Total Violation           NA
Hold  :           NA  Failing Endpoints,  Worst Slack           NA  ,  Total Violation           NA
PW    :            0  Failing Endpoints,  Worst Slack        0.300ns,  Total Violation        0.000ns
---------------------------------------------------------------------------------------------------


Pulse Width Checks
--------------------------------------------------------------------------------------
Clock Name:         pll_clk[1]_DIV
Waveform(ns):       { 0.000 1.500 }
Period(ns):         3.001
Sources:            { system_i/ddr4_0/inst/u_ddr4_mem_intfc/u_mig_ddr4_phy/inst/generate_block1.u_ddr_xiphy/byte_num[3].xiphy_byte_wrapper.u_xiphy_byte_wrapper/I_CONTROL[0].GEN_I_CONTROL.u_xiphy_control/xiphy_control/RX_DIV4_CLK_Q system_i/ddr4_0/inst/u_ddr4_mem_intfc/u_mig_ddr4_phy/inst/generate_block1.u_ddr_xiphy/byte_num[3].xiphy_byte_wrapper.u_xiphy_byte_wrapper/I_CONTROL[0].GEN_I_CONTROL.u_xiphy_control/xiphy_control/TX_DIV4_CLK_Q system_i/ddr4_0/inst/u_ddr4_mem_intfc/u_mig_ddr4_phy/inst/generate_block1.u_ddr_xiphy/byte_num[3].xiphy_byte_wrapper.u_xiphy_byte_wrapper/I_CONTROL[1].GEN_I_CONTROL.u_xiphy_control/xiphy_control/RX_DIV4_CLK_Q system_i/ddr4_0/inst/u_ddr4_mem_intfc/u_mig_ddr4_phy/inst/generate_block1.u_ddr_xiphy/byte_num[3].xiphy_byte_wrapper.u_xiphy_byte_wrapper/I_CONTROL[1].GEN_I_CONTROL.u_xiphy_control/xiphy_control/TX_DIV4_CLK_Q system_i/ddr4_0/inst/u_ddr4_mem_intfc/u_mig_ddr4_phy/inst/generate_block1.u_ddr_xiphy/byte_num[4].xiphy_byte_wrapper.u_xiphy_byte_wrapper/I_CONTROL[0].GEN_I_CONTROL.u_xiphy_control/xiphy_control/RX_DIV4_CLK_Q system_i/ddr4_0/inst/u_ddr4_mem_intfc/u_mig_ddr4_phy/inst/generate_block1.u_ddr_xiphy/byte_num[4].xiphy_byte_wrapper.u_xiphy_byte_wrapper/I_CONTROL[0].GEN_I_CONTROL.u_xiphy_control/xiphy_control/TX_DIV4_CLK_Q system_i/ddr4_0/inst/u_ddr4_mem_intfc/u_mig_ddr4_phy/inst/generate_block1.u_ddr_xiphy/byte_num[4].xiphy_byte_wrapper.u_xiphy_byte_wrapper/I_CONTROL[1].GEN_I_CONTROL.u_xiphy_control/xiphy_control/RX_DIV4_CLK_Q system_i/ddr4_0/inst/u_ddr4_mem_intfc/u_mig_ddr4_phy/inst/generate_block1.u_ddr_xiphy/byte_num[4].xiphy_byte_wrapper.u_xiphy_byte_wrapper/I_CONTROL[1].GEN_I_CONTROL.u_xiphy_control/xiphy_control/TX_DIV4_CLK_Q system_i/ddr4_0/inst/u_ddr4_mem_intfc/u_mig_ddr4_phy/inst/generate_block1.u_ddr_xiphy/byte_num[5].xiphy_byte_wrapper.u_xiphy_byte_wrapper/I_CONTROL[0].GEN_I_CONTROL.u_xiphy_control/xiphy_control/RX_DIV4_CLK_Q system_i/ddr4_0/inst/u_ddr4_mem_intfc/u_mig_ddr4_phy/inst/generate_block1.u_ddr_xiphy/byte_num[5].xiphy_byte_wrapper.u_xiphy_byte_wrapper/I_CONTROL[0].GEN_I_CONTROL.u_xiphy_control/xiphy_control/TX_DIV4_CLK_Q system_i/ddr4_0/inst/u_ddr4_mem_intfc/u_mig_ddr4_phy/inst/generate_block1.u_ddr_xiphy/byte_num[5].xiphy_byte_wrapper.u_xiphy_byte_wrapper/I_CONTROL[1].GEN_I_CONTROL.u_xiphy_control/xiphy_control/RX_DIV4_CLK_Q system_i/ddr4_0/inst/u_ddr4_mem_intfc/u_mig_ddr4_phy/inst/generate_block1.u_ddr_xiphy/byte_num[5].xiphy_byte_wrapper.u_xiphy_byte_wrapper/I_CONTROL[1].GEN_I_CONTROL.u_xiphy_control/xiphy_control/TX_DIV4_CLK_Q system_i/ddr4_0/inst/u_ddr4_mem_intfc/u_mig_ddr4_phy/inst/generate_block1.u_ddr_xiphy/byte_num[6].xiphy_byte_wrapper.u_xiphy_byte_wrapper/I_CONTROL[0].GEN_I_CONTROL.u_xiphy_control/xiphy_control/RX_DIV4_CLK_Q system_i/ddr4_0/inst/u_ddr4_mem_intfc/u_mig_ddr4_phy/inst/generate_block1.u_ddr_xiphy/byte_num[6].xiphy_byte_wrapper.u_xiphy_byte_wrapper/I_CONTROL[0].GEN_I_CONTROL.u_xiphy_control/xiphy_control/TX_DIV4_CLK_Q system_i/ddr4_0/inst/u_ddr4_mem_intfc/u_mig_ddr4_phy/inst/generate_block1.u_ddr_xiphy/byte_num[6].xiphy_byte_wrapper.u_xiphy_byte_wrapper/I_CONTROL[1].GEN_I_CONTROL.u_xiphy_control/xiphy_control/RX_DIV4_CLK_Q system_i/ddr4_0/inst/u_ddr4_mem_intfc/u_mig_ddr4_phy/inst/generate_block1.u_ddr_xiphy/byte_num[6].xiphy_byte_wrapper.u_xiphy_byte_wrapper/I_CONTROL[1].GEN_I_CONTROL.u_xiphy_control/xiphy_control/TX_DIV4_CLK_Q }

Check Type        Corner  Lib Pin                           Reference Pin  Required(ns)  Actual(ns)  Slack(ns)  Location               Pin
Min Period        n/a     RXTX_BITSLICE/TX_BIT_CTRL_IN[26]  n/a            2.667         3.001       0.334      BITSLICE_RX_TX_X0Y156  system_i/ddr4_0/inst/u_ddr4_mem_intfc/u_mig_ddr4_phy/inst/generate_block1.u_ddr_xiphy/byte_num[3].xiphy_byte_wrapper.u_xiphy_byte_wrapper/I_BITSLICE_LOWER[0].GEN_RXTX_BITSLICE_EN.u_xiphy_bitslice_lower/xiphy_rxtx_bitslice/TX_BIT_CTRL_IN[26]
Low Pulse Width   Slow    RXTX_BITSLICE/TX_BIT_CTRL_IN[26]  n/a            1.200         1.500       0.300      BITSLICE_RX_TX_X0Y156  system_i/ddr4_0/inst/u_ddr4_mem_intfc/u_mig_ddr4_phy/inst/generate_block1.u_ddr_xiphy/byte_num[3].xiphy_byte_wrapper.u_xiphy_byte_wrapper/I_BITSLICE_LOWER[0].GEN_RXTX_BITSLICE_EN.u_xiphy_bitslice_lower/xiphy_rxtx_bitslice/TX_BIT_CTRL_IN[26]
High Pulse Width  Slow    RXTX_BITSLICE/TX_BIT_CTRL_IN[26]  n/a            1.200         1.500       0.300      BITSLICE_RX_TX_X0Y156  system_i/ddr4_0/inst/u_ddr4_mem_intfc/u_mig_ddr4_phy/inst/generate_block1.u_ddr_xiphy/byte_num[3].xiphy_byte_wrapper.u_xiphy_byte_wrapper/I_BITSLICE_LOWER[0].GEN_RXTX_BITSLICE_EN.u_xiphy_bitslice_lower/xiphy_rxtx_bitslice/TX_BIT_CTRL_IN[26]



---------------------------------------------------------------------------------------------------
From Clock:  mmcm_clkout1
  To Clock:  mmcm_clkout1

Setup :            0  Failing Endpoints,  Worst Slack        1.939ns,  Total Violation        0.000ns
Hold  :            0  Failing Endpoints,  Worst Slack        0.010ns,  Total Violation        0.000ns
PW    :            0  Failing Endpoints,  Worst Slack        4.459ns,  Total Violation        0.000ns
---------------------------------------------------------------------------------------------------


Max Delay Paths
--------------------------------------------------------------------------------------
Slack (MET) :             1.939ns  (required time - arrival time)
  Source:                 system_i/comp/inst/grp_drhe_tdm_compress_Pipeline_SAMPLE_LOOP_fu_207/grp_sin_or_cos_float_s_fu_1731/mul_30s_29ns_58_1_0_U2/tmp_product__1/DSP_A_B_DATA_INST/CLK
                            (rising edge-triggered cell DSP_A_B_DATA clocked by mmcm_clkout1  {rise@0.000ns fall@5.001ns period=10.002ns})
  Destination:            system_i/comp/inst/grp_drhe_tdm_compress_Pipeline_SAMPLE_LOOP_fu_207/grp_sin_or_cos_float_s_fu_1731/ap_return_int_reg_reg[11]/S
                            (rising edge-triggered cell FDSE clocked by mmcm_clkout1  {rise@0.000ns fall@5.001ns period=10.002ns})
  Path Group:             mmcm_clkout1
  Path Type:              Setup (Max at Slow Process Corner)
  Requirement:            10.002ns  (mmcm_clkout1 rise@10.002ns - mmcm_clkout1 rise@0.000ns)
  Data Path Delay:        7.840ns  (logic 3.748ns (47.809%)  route 4.092ns (52.191%))
  Logic Levels:           23  (CARRY8=4 DSP_ALU=2 DSP_M_DATA=1 DSP_MULTIPLIER=1 DSP_OUTPUT=2 DSP_PREADD_DATA=1 LUT2=2 LUT3=1 LUT4=2 LUT5=4 LUT6=3)
  Clock Path Skew:        -0.076ns (DCD - SCD + CPR)
    Destination Clock Delay (DCD):    4.990ns = ( 14.992 - 10.002 ) 
    Source Clock Delay      (SCD):    4.763ns
    Clock Pessimism Removal (CPR):    -0.303ns
  Clock Uncertainty:      0.074ns  ((TSJ^2 + DJ^2)^1/2) / 2 + PE
    Total System Jitter     (TSJ):    0.071ns
    Discrete Jitter          (DJ):    0.129ns
    Phase Error              (PE):    0.000ns
  Clock Net Delay (Source):      2.449ns (routing 1.313ns, distribution 1.136ns)
  Clock Net Delay (Destination): 2.254ns (routing 1.194ns, distribution 1.060ns)

    Location             Delay type                Incr(ns)  Path(ns)    Netlist Resource(s)
  -------------------------------------------------------------------    -------------------
                         (clock mmcm_clkout1 rise edge)
                                                      0.000     0.000 r  <hidden>
    K22                                               0.000     0.000 r  default_sysclk1_300_clk_p
                         net (fo=0)                   0.100     0.100    system_i/ddr4_0/inst/u_ddr4_mem_intfc/u_mig_ddr4_phy/inst/u_ddr4_phy_pll/diff_input_clk.u_ibufg_sys_clk/I
    HPIOBDIFFINBUF_X0Y58 DIFFINBUF (Prop_DIFFINBUF_HPIOBDIFFINBUF_DIFF_IN_P_O)
                                                      0.469     0.569 r  system_i/ddr4_0/inst/u_ddr4_mem_intfc/u_mig_ddr4_phy/inst/u_ddr4_phy_pll/diff_input_clk.u_ibufg_sys_clk/DIFFINBUF_INST/O
                         net (fo=1, routed)           0.050     0.619    system_i/ddr4_0/inst/u_ddr4_mem_intfc/u_mig_ddr4_phy/inst/u_ddr4_phy_pll/diff_input_clk.u_ibufg_sys_clk/OUT
    K22                  IBUFCTRL (Prop_IBUFCTRL_HPIOB_M_I_O)
                                                      0.000     0.619 r  system_i/ddr4_0/inst/u_ddr4_mem_intfc/u_mig_ddr4_phy/inst/u_ddr4_phy_pll/diff_input_clk.u_ibufg_sys_clk/IBUFCTRL_INST/O
                         net (fo=2, routed)           0.336     0.955    system_i/ddr4_0/inst/u_ddr4_mem_intfc/u_mig_ddr4_phy/inst/u_ddr4_phy_pll/sys_clk_in
    BUFGCE_X0Y49         BUFGCE (Prop_BUFCE_BUFGCE_I_O)
                                                      0.028     0.983 r  system_i/ddr4_0/inst/u_ddr4_mem_intfc/u_mig_ddr4_phy/inst/u_ddr4_phy_pll/gen_bufg_backbone.u__bufg_backbone/O
                         net (fo=1, routed)           1.179     2.162    system_i/ddr4_0/inst/u_ddr4_infrastructure/mmcm_clk_in
    MMCM_X0Y3            MMCME4_ADV (Prop_MMCM_CLKIN1_CLKOUT1)
                                                     -0.127     2.035 r  system_i/ddr4_0/inst/u_ddr4_infrastructure/gen_mmcme4.u_mmcme_adv_inst/CLKOUT1
                         net (fo=1, routed)           0.251     2.286    system_i/ddr4_0/inst/u_ddr4_infrastructure/mmcm_clkout1
    BUFGCE_X0Y84         BUFGCE (Prop_BUFCE_BUFGCE_I_O)
                                                      0.028     2.314 r  system_i/ddr4_0/inst/u_ddr4_infrastructure/u_bufg_addn_ui_clk_1/O
    X1Y1 (CLOCK_ROOT)    net (fo=52678, routed)       2.449     4.763    system_i/comp/inst/grp_drhe_tdm_compress_Pipeline_SAMPLE_LOOP_fu_207/grp_sin_or_cos_float_s_fu_1731/mul_30s_29ns_58_1_0_U2/tmp_product__1/CLK
    DSP48E2_X10Y32       DSP_A_B_DATA                                 r  system_i/comp/inst/grp_drhe_tdm_compress_Pipeline_SAMPLE_LOOP_fu_207/grp_sin_or_cos_float_s_fu_1731/mul_30s_29ns_58_1_0_U2/tmp_product__1/DSP_A_B_DATA_INST/CLK
  -------------------------------------------------------------------    -------------------
    DSP48E2_X10Y32       DSP_A_B_DATA (Prop_DSP_A_B_DATA_DSP48E2_CLK_B2_DATA[17])
                                                      0.212     4.975 r  system_i/comp/inst/grp_drhe_tdm_compress_Pipeline_SAMPLE_LOOP_fu_207/grp_sin_or_cos_float_s_fu_1731/mul_30s_29ns_58_1_0_U2/tmp_product__1/DSP_A_B_DATA_INST/B2_DATA[17]
                         net (fo=1, routed)           0.000     4.975    system_i/comp/inst/grp_drhe_tdm_compress_Pipeline_SAMPLE_LOOP_fu_207/grp_sin_or_cos_float_s_fu_1731/mul_30s_29ns_58_1_0_U2/tmp_product__1/DSP_A_B_DATA.B2_DATA<17>
    DSP48E2_X10Y32       DSP_PREADD_DATA (Prop_DSP_PREADD_DATA_DSP48E2_B2_DATA[17]_B2B1[17])
                                                      0.073     5.048 r  system_i/comp/inst/grp_drhe_tdm_compress_Pipeline_SAMPLE_LOOP_fu_207/grp_sin_or_cos_float_s_fu_1731/mul_30s_29ns_58_1_0_U2/tmp_product__1/DSP_PREADD_DATA_INST/B2B1[17]
                         net (fo=1, routed)           0.000     5.048    system_i/comp/inst/grp_drhe_tdm_compress_Pipeline_SAMPLE_LOOP_fu_207/grp_sin_or_cos_float_s_fu_1731/mul_30s_29ns_58_1_0_U2/tmp_product__1/DSP_PREADD_DATA.B2B1<17>
    DSP48E2_X10Y32       DSP_MULTIPLIER (Prop_DSP_MULTIPLIER_DSP48E2_B2B1[17]_V[43])
                                                      0.609     5.657 f  system_i/comp/inst/grp_drhe_tdm_compress_Pipeline_SAMPLE_LOOP_fu_207/grp_sin_or_cos_float_s_fu_1731/mul_30s_29ns_58_1_0_U2/tmp_product__1/DSP_MULTIPLIER_INST/V[43]
                         net (fo=1, routed)           0.000     5.657    system_i/comp/inst/grp_drhe_tdm_compress_Pipeline_SAMPLE_LOOP_fu_207/grp_sin_or_cos_float_s_fu_1731/mul_30s_29ns_58_1_0_U2/tmp_product__1/DSP_MULTIPLIER.V<43>
    DSP48E2_X10Y32       DSP_M_DATA (Prop_DSP_M_DATA_DSP48E2_V[43]_V_DATA[43])
                                                      0.046     5.703 r  system_i/comp/inst/grp_drhe_tdm_compress_Pipeline_SAMPLE_LOOP_fu_207/grp_sin_or_cos_float_s_fu_1731/mul_30s_29ns_58_1_0_U2/tmp_product__1/DSP_M_DATA_INST/V_DATA[43]
                         net (fo=1, routed)           0.000     5.703    system_i/comp/inst/grp_drhe_tdm_compress_Pipeline_SAMPLE_LOOP_fu_207/grp_sin_or_cos_float_s_fu_1731/mul_30s_29ns_58_1_0_U2/tmp_product__1/DSP_M_DATA.V_DATA<43>
    DSP48E2_X10Y32       DSP_ALU (Prop_DSP_ALU_DSP48E2_V_DATA[43]_ALU_OUT[47])
                                                      0.571     6.274 f  system_i/comp/inst/grp_drhe_tdm_compress_Pipeline_SAMPLE_LOOP_fu_207/grp_sin_or_cos_float_s_fu_1731/mul_30s_29ns_58_1_0_U2/tmp_product__1/DSP_ALU_INST/ALU_OUT[47]
                         net (fo=1, routed)           0.000     6.274    system_i/comp/inst/grp_drhe_tdm_compress_Pipeline_SAMPLE_LOOP_fu_207/grp_sin_or_cos_float_s_fu_1731/mul_30s_29ns_58_1_0_U2/tmp_product__1/DSP_ALU.ALU_OUT<47>
    DSP48E2_X10Y32       DSP_OUTPUT (Prop_DSP_OUTPUT_DSP48E2_ALU_OUT[47]_PCOUT[47])
                                                      0.122     6.396 r  system_i/comp/inst/grp_drhe_tdm_compress_Pipeline_SAMPLE_LOOP_fu_207/grp_sin_or_cos_float_s_fu_1731/mul_30s_29ns_58_1_0_U2/tmp_product__1/DSP_OUTPUT_INST/PCOUT[47]
                         net (fo=1, routed)           0.014     6.410    system_i/comp/inst/grp_drhe_tdm_compress_Pipeline_SAMPLE_LOOP_fu_207/grp_sin_or_cos_float_s_fu_1731/mul_30s_29ns_58_1_0_U2/tmp_product__2/PCIN[47]
    DSP48E2_X10Y33       DSP_ALU (Prop_DSP_ALU_DSP48E2_PCIN[47]_ALU_OUT[3])
                                                      0.546     6.956 f  system_i/comp/inst/grp_drhe_tdm_compress_Pipeline_SAMPLE_LOOP_fu_207/grp_sin_or_cos_float_s_fu_1731/mul_30s_29ns_58_1_0_U2/tmp_product__2/DSP_ALU_INST/ALU_OUT[3]
                         net (fo=1, routed)           0.000     6.956    system_i/comp/inst/grp_drhe_tdm_compress_Pipeline_SAMPLE_LOOP_fu_207/grp_sin_or_cos_float_s_fu_1731/mul_30s_29ns_58_1_0_U2/tmp_product__2/DSP_ALU.ALU_OUT<3>
    DSP48E2_X10Y33       DSP_OUTPUT (Prop_DSP_OUTPUT_DSP48E2_ALU_OUT[3]_P[3])
                                                      0.109     7.065 r  system_i/comp/inst/grp_drhe_tdm_compress_Pipeline_SAMPLE_LOOP_fu_207/grp_sin_or_cos_float_s_fu_1731/mul_30s_29ns_58_1_0_U2/tmp_product__2/DSP_OUTPUT_INST/P[3]
                         net (fo=2, routed)           0.354     7.419    system_i/comp/inst/grp_drhe_tdm_compress_Pipeline_SAMPLE_LOOP_fu_207/grp_sin_or_cos_float_s_fu_1731/mul_30s_29ns_58_1_0_U2/tmp_product__2_n_102
    SLICE_X61Y83         LUT2 (Prop_E6LUT_SLICEM_I0_O)
                                                      0.052     7.471 r  system_i/comp/inst/grp_drhe_tdm_compress_Pipeline_SAMPLE_LOOP_fu_207/grp_sin_or_cos_float_s_fu_1731/mul_30s_29ns_58_1_0_U2/tmp_product_carry_i_4__0/O
                         net (fo=1, routed)           0.014     7.485    system_i/comp/inst/grp_drhe_tdm_compress_Pipeline_SAMPLE_LOOP_fu_207/grp_sin_or_cos_float_s_fu_1731/mul_30s_29ns_58_1_0_U2/tmp_product_carry_i_4__0_n_0
    SLICE_X61Y83         CARRY8 (Prop_CARRY8_SLICEM_S[4]_CO[7])
                                                      0.156     7.641 r  system_i/comp/inst/grp_drhe_tdm_compress_Pipeline_SAMPLE_LOOP_fu_207/grp_sin_or_cos_float_s_fu_1731/mul_30s_29ns_58_1_0_U2/tmp_product_carry/CO[7]
                         net (fo=1, routed)           0.026     7.667    system_i/comp/inst/grp_drhe_tdm_compress_Pipeline_SAMPLE_LOOP_fu_207/grp_sin_or_cos_float_s_fu_1731/mul_30s_29ns_58_1_0_U2/tmp_product_carry_n_0
    SLICE_X61Y84         CARRY8 (Prop_CARRY8_SLICEM_CI_CO[7])
                                                      0.015     7.682 r  system_i/comp/inst/grp_drhe_tdm_compress_Pipeline_SAMPLE_LOOP_fu_207/grp_sin_or_cos_float_s_fu_1731/mul_30s_29ns_58_1_0_U2/tmp_product_carry__0/CO[7]
                         net (fo=1, routed)           0.026     7.708    system_i/comp/inst/grp_drhe_tdm_compress_Pipeline_SAMPLE_LOOP_fu_207/grp_sin_or_cos_float_s_fu_1731/mul_30s_29ns_58_1_0_U2/tmp_product_carry__0_n_0
    SLICE_X61Y85         CARRY8 (Prop_CARRY8_SLICEM_CI_CO[7])
                                                      0.015     7.723 r  system_i/comp/inst/grp_drhe_tdm_compress_Pipeline_SAMPLE_LOOP_fu_207/grp_sin_or_cos_float_s_fu_1731/mul_30s_29ns_58_1_0_U2/tmp_product_carry__1/CO[7]
                         net (fo=1, routed)           0.026     7.749    system_i/comp/inst/grp_drhe_tdm_compress_Pipeline_SAMPLE_LOOP_fu_207/grp_sin_or_cos_float_s_fu_1731/mul_30s_29ns_58_1_0_U2/tmp_product_carry__1_n_0
    SLICE_X61Y86         CARRY8 (Prop_CARRY8_SLICEM_CI_O[7])
                                                      0.116     7.865 f  system_i/comp/inst/grp_drhe_tdm_compress_Pipeline_SAMPLE_LOOP_fu_207/grp_sin_or_cos_float_s_fu_1731/mul_30s_29ns_58_1_0_U2/tmp_product_carry__2/O[7]
                         net (fo=7, routed)           0.607     8.473    system_i/comp/inst/grp_drhe_tdm_compress_Pipeline_SAMPLE_LOOP_fu_207/grp_sin_or_cos_float_s_fu_1731/ctlz_32_32_1_0_U10/mul_ln32_fu_292_p2[5]
    SLICE_X66Y109        LUT6 (Prop_C6LUT_SLICEM_I0_O)
                                                      0.145     8.618 r  system_i/comp/inst/grp_drhe_tdm_compress_Pipeline_SAMPLE_LOOP_fu_207/grp_sin_or_cos_float_s_fu_1731/ctlz_32_32_1_0_U10/ap_return_int_reg[21]_i_26/O
                         net (fo=1, routed)           0.092     8.710    system_i/comp/inst/grp_drhe_tdm_compress_Pipeline_SAMPLE_LOOP_fu_207/grp_sin_or_cos_float_s_fu_1731/ctlz_32_32_1_0_U10/ap_return_int_reg[21]_i_26_n_0
    SLICE_X66Y109        LUT6 (Prop_H6LUT_SLICEM_I3_O)
                                                      0.090     8.800 f  system_i/comp/inst/grp_drhe_tdm_compress_Pipeline_SAMPLE_LOOP_fu_207/grp_sin_or_cos_float_s_fu_1731/ctlz_32_32_1_0_U10/ap_return_int_reg[21]_i_20/O
                         net (fo=1, routed)           0.216     9.016    system_i/comp/inst/grp_drhe_tdm_compress_Pipeline_SAMPLE_LOOP_fu_207/grp_sin_or_cos_float_s_fu_1731/ctlz_32_32_1_0_U10/ap_return_int_reg[21]_i_20_n_0
    SLICE_X63Y109        LUT5 (Prop_D6LUT_SLICEL_I0_O)
                                                      0.099     9.115 f  system_i/comp/inst/grp_drhe_tdm_compress_Pipeline_SAMPLE_LOOP_fu_207/grp_sin_or_cos_float_s_fu_1731/ctlz_32_32_1_0_U10/ap_return_int_reg[21]_i_13/O
                         net (fo=31, routed)          0.219     9.334    system_i/comp/inst/grp_drhe_tdm_compress_Pipeline_SAMPLE_LOOP_fu_207/grp_sin_or_cos_float_s_fu_1731/mul_30s_29ns_58_1_0_U2/c_fu_1027_p3[1]
    SLICE_X65Y112        LUT2 (Prop_C5LUT_SLICEL_I1_O)
                                                      0.136     9.470 r  system_i/comp/inst/grp_drhe_tdm_compress_Pipeline_SAMPLE_LOOP_fu_207/grp_sin_or_cos_float_s_fu_1731/mul_30s_29ns_58_1_0_U2/ap_return_int_reg[27]_i_10/O
                         net (fo=5, routed)           0.122     9.592    system_i/comp/inst/grp_drhe_tdm_compress_Pipeline_SAMPLE_LOOP_fu_207/grp_sin_or_cos_float_s_fu_1731/mul_30s_29ns_58_1_0_U2/ap_return_int_reg[27]_i_10_n_0
    SLICE_X66Y112        LUT3 (Prop_E6LUT_SLICEM_I2_O)
                                                      0.091     9.683 r  system_i/comp/inst/grp_drhe_tdm_compress_Pipeline_SAMPLE_LOOP_fu_207/grp_sin_or_cos_float_s_fu_1731/mul_30s_29ns_58_1_0_U2/ap_return_int_reg[27]_i_4/O
                         net (fo=79, routed)          0.508    10.191    system_i/comp/inst/grp_drhe_tdm_compress_Pipeline_SAMPLE_LOOP_fu_207/grp_sin_or_cos_float_s_fu_1731/mul_30s_29ns_58_1_0_U2/p_0_in__0
    SLICE_X74Y114        LUT4 (Prop_H6LUT_SLICEM_I0_O)
                                                      0.090    10.281 f  system_i/comp/inst/grp_drhe_tdm_compress_Pipeline_SAMPLE_LOOP_fu_207/grp_sin_or_cos_float_s_fu_1731/mul_30s_29ns_58_1_0_U2/ap_return_int_reg[24]_i_3__0/O
                         net (fo=3, routed)           0.404    10.686    system_i/comp/inst/grp_drhe_tdm_compress_Pipeline_SAMPLE_LOOP_fu_207/grp_sin_or_cos_float_s_fu_1731/mul_30s_29ns_58_1_0_U2/ap_return_int_reg[24]_i_3__0_n_0
    SLICE_X66Y113        LUT5 (Prop_H6LUT_SLICEM_I0_O)
                                                      0.053    10.739 f  system_i/comp/inst/grp_drhe_tdm_compress_Pipeline_SAMPLE_LOOP_fu_207/grp_sin_or_cos_float_s_fu_1731/mul_30s_29ns_58_1_0_U2/ap_return_int_reg[25]_i_3__0/O
                         net (fo=3, routed)           0.123    10.862    system_i/comp/inst/grp_drhe_tdm_compress_Pipeline_SAMPLE_LOOP_fu_207/grp_sin_or_cos_float_s_fu_1731/mul_30s_29ns_58_1_0_U2/ap_return_int_reg[25]_i_3__0_n_0
    SLICE_X67Y113        LUT5 (Prop_C6LUT_SLICEM_I0_O)
                                                      0.123    10.985 f  system_i/comp/inst/grp_drhe_tdm_compress_Pipeline_SAMPLE_LOOP_fu_207/grp_sin_or_cos_float_s_fu_1731/mul_30s_29ns_58_1_0_U2/ap_return_int_reg[26]_i_3__0/O
                         net (fo=5, routed)           0.098    11.083    system_i/comp/inst/grp_drhe_tdm_compress_Pipeline_SAMPLE_LOOP_fu_207/grp_sin_or_cos_float_s_fu_1731/mul_30s_29ns_58_1_0_U2/ap_return_int_reg[26]_i_3__0_n_0
    SLICE_X67Y110        LUT6 (Prop_E6LUT_SLICEM_I2_O)
                                                      0.091    11.174 f  system_i/comp/inst/grp_drhe_tdm_compress_Pipeline_SAMPLE_LOOP_fu_207/grp_sin_or_cos_float_s_fu_1731/mul_30s_29ns_58_1_0_U2/ap_return_int_reg[29]_i_2__2/O
                         net (fo=6, routed)           0.342    11.516    system_i/comp/inst/grp_drhe_tdm_compress_Pipeline_SAMPLE_LOOP_fu_207/grp_sin_or_cos_float_s_fu_1731/mul_30s_29ns_58_1_0_U2/ap_return_int_reg[29]_i_2__2_n_0
    SLICE_X74Y114        LUT5 (Prop_D6LUT_SLICEM_I2_O)
                                                      0.051    11.567 r  system_i/comp/inst/grp_drhe_tdm_compress_Pipeline_SAMPLE_LOOP_fu_207/grp_sin_or_cos_float_s_fu_1731/mul_30s_29ns_58_1_0_U2/ap_return_int_reg[27]_i_6/O
                         net (fo=27, routed)          0.304    11.871    system_i/comp/inst/grp_drhe_tdm_compress_Pipeline_SAMPLE_LOOP_fu_207/grp_sin_or_cos_float_s_fu_1731/mul_30s_29ns_58_1_0_U2/ap_return_int_reg[27]_i_6_n_0
    SLICE_X71Y112        LUT4 (Prop_C5LUT_SLICEM_I1_O)
                                                      0.137    12.008 r  system_i/comp/inst/grp_drhe_tdm_compress_Pipeline_SAMPLE_LOOP_fu_207/grp_sin_or_cos_float_s_fu_1731/mul_30s_29ns_58_1_0_U2/ap_return_int_reg[21]_i_1__2/O
                         net (fo=21, routed)          0.595    12.603    system_i/comp/inst/grp_drhe_tdm_compress_Pipeline_SAMPLE_LOOP_fu_207/grp_sin_or_cos_float_s_fu_1731/mul_30s_29ns_58_1_0_U2_n_91
    SLICE_X76Y121        FDSE                                         r  system_i/comp/inst/grp_drhe_tdm_compress_Pipeline_SAMPLE_LOOP_fu_207/grp_sin_or_cos_float_s_fu_1731/ap_return_int_reg_reg[11]/S
  -------------------------------------------------------------------    -------------------

                         (clock mmcm_clkout1 rise edge)
                                                     10.002    10.002 r  <hidden>
    K22                                               0.000    10.002 r  default_sysclk1_300_clk_p
                         net (fo=0)                   0.079    10.081    system_i/ddr4_0/inst/u_ddr4_mem_intfc/u_mig_ddr4_phy/inst/u_ddr4_phy_pll/diff_input_clk.u_ibufg_sys_clk/I
    HPIOBDIFFINBUF_X0Y58 DIFFINBUF (Prop_DIFFINBUF_HPIOBDIFFINBUF_DIFF_IN_P_O)
                                                      0.374    10.455 r  system_i/ddr4_0/inst/u_ddr4_mem_intfc/u_mig_ddr4_phy/inst/u_ddr4_phy_pll/diff_input_clk.u_ibufg_sys_clk/DIFFINBUF_INST/O
                         net (fo=1, routed)           0.040    10.495    system_i/ddr4_0/inst/u_ddr4_mem_intfc/u_mig_ddr4_phy/inst/u_ddr4_phy_pll/diff_input_clk.u_ibufg_sys_clk/OUT
    K22                  IBUFCTRL (Prop_IBUFCTRL_HPIOB_M_I_O)
                                                      0.000    10.495 r  system_i/ddr4_0/inst/u_ddr4_mem_intfc/u_mig_ddr4_phy/inst/u_ddr4_phy_pll/diff_input_clk.u_ibufg_sys_clk/IBUFCTRL_INST/O
                         net (fo=2, routed)           0.297    10.792    system_i/ddr4_0/inst/u_ddr4_mem_intfc/u_mig_ddr4_phy/inst/u_ddr4_phy_pll/sys_clk_in
    BUFGCE_X0Y49         BUFGCE (Prop_BUFCE_BUFGCE_I_O)
                                                      0.024    10.816 r  system_i/ddr4_0/inst/u_ddr4_mem_intfc/u_mig_ddr4_phy/inst/u_ddr4_phy_pll/gen_bufg_backbone.u__bufg_backbone/O
                         net (fo=1, routed)           1.049    11.865    system_i/ddr4_0/inst/u_ddr4_infrastructure/mmcm_clk_in
    MMCM_X0Y3            MMCME4_ADV (Prop_MMCM_CLKIN1_CLKOUT1)
                                                      0.630    12.495 r  system_i/ddr4_0/inst/u_ddr4_infrastructure/gen_mmcme4.u_mmcme_adv_inst/CLKOUT1
                         net (fo=1, routed)           0.220    12.715    system_i/ddr4_0/inst/u_ddr4_infrastructure/mmcm_clkout1
    BUFGCE_X0Y84         BUFGCE (Prop_BUFCE_BUFGCE_I_O)
                                                      0.024    12.739 r  system_i/ddr4_0/inst/u_ddr4_infrastructure/u_bufg_addn_ui_clk_1/O
    X1Y1 (CLOCK_ROOT)    net (fo=52678, routed)       2.254    14.992    system_i/comp/inst/grp_drhe_tdm_compress_Pipeline_SAMPLE_LOOP_fu_207/grp_sin_or_cos_float_s_fu_1731/ap_clk
    SLICE_X76Y121        FDSE                                         r  system_i/comp/inst/grp_drhe_tdm_compress_Pipeline_SAMPLE_LOOP_fu_207/grp_sin_or_cos_float_s_fu_1731/ap_return_int_reg_reg[11]/C
                         clock pessimism             -0.303    14.689    <hidden>
                         clock uncertainty           -0.074    14.616    <hidden>
    SLICE_X76Y121        FDSE (Setup_DFF_SLICEL_C_S)
                                                     -0.074    14.542    system_i/comp/inst/grp_drhe_tdm_compress_Pipeline_SAMPLE_LOOP_fu_207/grp_sin_or_cos_float_s_fu_1731/ap_return_int_reg_reg[11]
  -------------------------------------------------------------------
                         required time                         14.542    <hidden>
                         arrival time                         -12.603    <hidden>
  -------------------------------------------------------------------
                         slack                                  1.939    <hidden>





Min Delay Paths
--------------------------------------------------------------------------------------
Slack (MET) :             0.010ns  (arrival time - required time)
  Source:                 system_i/sc_0/inst/switchboards/w_switchboard/inst/gen_mi[0].inst_opipe_payld/gen_pipe[1].pipe_reg[1][42]/C
                            (rising edge-triggered cell FDRE clocked by mmcm_clkout1  {rise@0.000ns fall@5.001ns period=10.002ns})
  Destination:            system_i/sc_0/inst/m00_nodes/m00_w_node/inst/inst_mi_handler/gen_normal_area.inst_fifo_node_payld/gen_xpm_memory_fifo.inst_fifo/gen_mem_rep[0].inst_xpm_memory/xpm_memory_base_inst/gen_wr_a.gen_word_narrow.mem_reg_0_31_42_55/RAMA/I
                            (rising edge-triggered cell RAMD32 clocked by mmcm_clkout1  {rise@0.000ns fall@5.001ns period=10.002ns})
  Path Group:             mmcm_clkout1
  Path Type:              Hold (Min at Slow Process Corner)
  Requirement:            0.000ns  (mmcm_clkout1 rise@0.000ns - mmcm_clkout1 rise@0.000ns)
  Data Path Delay:        0.177ns  (logic 0.058ns (32.768%)  route 0.119ns (67.232%))
  Logic Levels:           0  
  Clock Path Skew:        0.092ns (DCD - SCD - CPR)
    Destination Clock Delay (DCD):    4.831ns
    Source Clock Delay      (SCD):    4.978ns
    Clock Pessimism Removal (CPR):    -0.239ns
  Clock Net Delay (Source):      2.242ns (routing 1.194ns, distribution 1.048ns)
  Clock Net Delay (Destination): 2.517ns (routing 1.313ns, distribution 1.204ns)

    Location             Delay type                Incr(ns)  Path(ns)    Netlist Resource(s)
  -------------------------------------------------------------------    -------------------
                         (clock mmcm_clkout1 rise edge)
                                                      0.000     0.000 r  <hidden>
    K22                                               0.000     0.000 r  default_sysclk1_300_clk_p
                         net (fo=0)                   0.079     0.079    system_i/ddr4_0/inst/u_ddr4_mem_intfc/u_mig_ddr4_phy/inst/u_ddr4_phy_pll/diff_input_clk.u_ibufg_sys_clk/I
    HPIOBDIFFINBUF_X0Y58 DIFFINBUF (Prop_DIFFINBUF_HPIOBDIFFINBUF_DIFF_IN_P_O)
                                                      0.374     0.453 r  system_i/ddr4_0/inst/u_ddr4_mem_intfc/u_mig_ddr4_phy/inst/u_ddr4_phy_pll/diff_input_clk.u_ibufg_sys_clk/DIFFINBUF_INST/O
                         net (fo=1, routed)           0.040     0.493    system_i/ddr4_0/inst/u_ddr4_mem_intfc/u_mig_ddr4_phy/inst/u_ddr4_phy_pll/diff_input_clk.u_ibufg_sys_clk/OUT
    K22                  IBUFCTRL (Prop_IBUFCTRL_HPIOB_M_I_O)
                                                      0.000     0.493 r  system_i/ddr4_0/inst/u_ddr4_mem_intfc/u_mig_ddr4_phy/inst/u_ddr4_phy_pll/diff_input_clk.u_ibufg_sys_clk/IBUFCTRL_INST/O
                         net (fo=2, routed)           0.297     0.790    system_i/ddr4_0/inst/u_ddr4_mem_intfc/u_mig_ddr4_phy/inst/u_ddr4_phy_pll/sys_clk_in
    BUFGCE_X0Y49         BUFGCE (Prop_BUFCE_BUFGCE_I_O)
                                                      0.024     0.814 r  system_i/ddr4_0/inst/u_ddr4_mem_intfc/u_mig_ddr4_phy/inst/u_ddr4_phy_pll/gen_bufg_backbone.u__bufg_backbone/O
                         net (fo=1, routed)           1.049     1.863    system_i/ddr4_0/inst/u_ddr4_infrastructure/mmcm_clk_in
    MMCM_X0Y3            MMCME4_ADV (Prop_MMCM_CLKIN1_CLKOUT1)
                                                      0.630     2.493 r  system_i/ddr4_0/inst/u_ddr4_infrastructure/gen_mmcme4.u_mmcme_adv_inst/CLKOUT1
                         net (fo=1, routed)           0.220     2.713    system_i/ddr4_0/inst/u_ddr4_infrastructure/mmcm_clkout1
    BUFGCE_X0Y84         BUFGCE (Prop_BUFCE_BUFGCE_I_O)
                                                      0.024     2.737 r  system_i/ddr4_0/inst/u_ddr4_infrastructure/u_bufg_addn_ui_clk_1/O
    X1Y1 (CLOCK_ROOT)    net (fo=52678, routed)       2.242     4.978    system_i/sc_0/inst/switchboards/w_switchboard/inst/gen_mi[0].inst_opipe_payld/aclk
    SLICE_X69Y229        FDRE                                         r  system_i/sc_0/inst/switchboards/w_switchboard/inst/gen_mi[0].inst_opipe_payld/gen_pipe[1].pipe_reg[1][42]/C
  -------------------------------------------------------------------    -------------------
    SLICE_X69Y229        FDRE (Prop_HFF_SLICEL_C_Q)
                                                      0.058     5.036 r  system_i/sc_0/inst/switchboards/w_switchboard/inst/gen_mi[0].inst_opipe_payld/gen_pipe[1].pipe_reg[1][42]/Q
                         net (fo=1, routed)           0.119     5.155    system_i/sc_0/inst/m00_nodes/m00_w_node/inst/inst_mi_handler/gen_normal_area.inst_fifo_node_payld/gen_xpm_memory_fifo.inst_fifo/gen_mem_rep[0].inst_xpm_memory/xpm_memory_base_inst/gen_wr_a.gen_word_narrow.mem_reg_0_31_42_55/DIA0
    SLICE_X66Y229        RAMD32                                       r  system_i/sc_0/inst/m00_nodes/m00_w_node/inst/inst_mi_handler/gen_normal_area.inst_fifo_node_payld/gen_xpm_memory_fifo.inst_fifo/gen_mem_rep[0].inst_xpm_memory/xpm_memory_base_inst/gen_wr_a.gen_word_narrow.mem_reg_0_31_42_55/RAMA/I
  -------------------------------------------------------------------    -------------------

                         (clock mmcm_clkout1 rise edge)
                                                      0.000     0.000 r  <hidden>
    K22                                               0.000     0.000 r  default_sysclk1_300_clk_p
                         net (fo=0)                   0.100     0.100    system_i/ddr4_0/inst/u_ddr4_mem_intfc/u_mig_ddr4_phy/inst/u_ddr4_phy_pll/diff_input_clk.u_ibufg_sys_clk/I
    HPIOBDIFFINBUF_X0Y58 DIFFINBUF (Prop_DIFFINBUF_HPIOBDIFFINBUF_DIFF_IN_P_O)
                                                      0.469     0.569 r  system_i/ddr4_0/inst/u_ddr4_mem_intfc/u_mig_ddr4_phy/inst/u_ddr4_phy_pll/diff_input_clk.u_ibufg_sys_clk/DIFFINBUF_INST/O
                         net (fo=1, routed)           0.050     0.619    system_i/ddr4_0/inst/u_ddr4_mem_intfc/u_mig_ddr4_phy/inst/u_ddr4_phy_pll/diff_input_clk.u_ibufg_sys_clk/OUT
    K22                  IBUFCTRL (Prop_IBUFCTRL_HPIOB_M_I_O)
                                                      0.000     0.619 r  system_i/ddr4_0/inst/u_ddr4_mem_intfc/u_mig_ddr4_phy/inst/u_ddr4_phy_pll/diff_input_clk.u_ibufg_sys_clk/IBUFCTRL_INST/O
                         net (fo=2, routed)           0.336     0.955    system_i/ddr4_0/inst/u_ddr4_mem_intfc/u_mig_ddr4_phy/inst/u_ddr4_phy_pll/sys_clk_in
    BUFGCE_X0Y49         BUFGCE (Prop_BUFCE_BUFGCE_I_O)
                                                      0.028     0.983 r  system_i/ddr4_0/inst/u_ddr4_mem_intfc/u_mig_ddr4_phy/inst/u_ddr4_phy_pll/gen_bufg_backbone.u__bufg_backbone/O
                         net (fo=1, routed)           1.179     2.162    system_i/ddr4_0/inst/u_ddr4_infrastructure/mmcm_clk_in
    MMCM_X0Y3            MMCME4_ADV (Prop_MMCM_CLKIN1_CLKOUT1)
                                                     -0.127     2.035 r  system_i/ddr4_0/inst/u_ddr4_infrastructure/gen_mmcme4.u_mmcme_adv_inst/CLKOUT1
                         net (fo=1, routed)           0.251     2.286    system_i/ddr4_0/inst/u_ddr4_infrastructure/mmcm_clkout1
    BUFGCE_X0Y84         BUFGCE (Prop_BUFCE_BUFGCE_I_O)
                                                      0.028     2.314 r  system_i/ddr4_0/inst/u_ddr4_infrastructure/u_bufg_addn_ui_clk_1/O
    X1Y1 (CLOCK_ROOT)    net (fo=52678, routed)       2.517     4.831    system_i/sc_0/inst/m00_nodes/m00_w_node/inst/inst_mi_handler/gen_normal_area.inst_fifo_node_payld/gen_xpm_memory_fifo.inst_fifo/gen_mem_rep[0].inst_xpm_memory/xpm_memory_base_inst/gen_wr_a.gen_word_narrow.mem_reg_0_31_42_55/WCLK
    SLICE_X66Y229        RAMD32                                       r  system_i/sc_0/inst/m00_nodes/m00_w_node/inst/inst_mi_handler/gen_normal_area.inst_fifo_node_payld/gen_xpm_memory_fifo.inst_fifo/gen_mem_rep[0].inst_xpm_memory/xpm_memory_base_inst/gen_wr_a.gen_word_narrow.mem_reg_0_31_42_55/RAMA/CLK
                         clock pessimism              0.239     5.071    <hidden>
    SLICE_X66Y229        RAMD32 (Hold_A5LUT_SLICEM_CLK_I)
                                                      0.075     5.146    system_i/sc_0/inst/m00_nodes/m00_w_node/inst/inst_mi_handler/gen_normal_area.inst_fifo_node_payld/gen_xpm_memory_fifo.inst_fifo/gen_mem_rep[0].inst_xpm_memory/xpm_memory_base_inst/gen_wr_a.gen_word_narrow.mem_reg_0_31_42_55/RAMA
  -------------------------------------------------------------------
                         required time                         -5.146    <hidden>
                         arrival time                           5.155    <hidden>
  -------------------------------------------------------------------
                         slack                                  0.010    <hidden>





Pulse Width Checks
--------------------------------------------------------------------------------------
Clock Name:         mmcm_clkout1
Waveform(ns):       { 0.000 5.001 }
Period(ns):         10.002
Sources:            { system_i/ddr4_0/inst/u_ddr4_infrastructure/gen_mmcme4.u_mmcme_adv_inst/CLKOUT1 }

Check Type        Corner  Lib Pin             Reference Pin  Required(ns)  Actual(ns)  Slack(ns)  Location      Pin
Min Period        n/a     RAMB36E2/CLKARDCLK  n/a            1.569         10.002      8.433      RAMB36_X8Y31  system_i/comp/inst/grp_drhe_tdm_compress_Pipeline_SAMPLE_LOOP_fu_207/drhe_tdm_compress_stream_stream_axis_0_int_int_int_int_s_mag_pred_1_U/ram_reg_bram_0/CLKARDCLK
Low Pulse Width   Slow    RAMB36E2/CLKARDCLK  n/a            0.542         5.001       4.459      RAMB36_X8Y31  system_i/comp/inst/grp_drhe_tdm_compress_Pipeline_SAMPLE_LOOP_fu_207/drhe_tdm_compress_stream_stream_axis_0_int_int_int_int_s_mag_pred_1_U/ram_reg_bram_0/CLKARDCLK
High Pulse Width  Slow    RAMB36E2/CLKARDCLK  n/a            0.542         5.001       4.459      RAMB36_X8Y31  system_i/comp/inst/grp_drhe_tdm_compress_Pipeline_SAMPLE_LOOP_fu_207/drhe_tdm_compress_stream_stream_axis_0_int_int_int_int_s_mag_pred_1_U/ram_reg_bram_0/CLKARDCLK



---------------------------------------------------------------------------------------------------
From Clock:  mmcm_clkout2
  To Clock:  mmcm_clkout2

Setup :           NA  Failing Endpoints,  Worst Slack           NA  ,  Total Violation           NA
Hold  :           NA  Failing Endpoints,  Worst Slack           NA  ,  Total Violation           NA
PW    :            0  Failing Endpoints,  Worst Slack        1.711ns,  Total Violation        0.000ns
---------------------------------------------------------------------------------------------------


Pulse Width Checks
--------------------------------------------------------------------------------------
Clock Name:         mmcm_clkout2
Waveform(ns):       { 0.000 1.500 }
Period(ns):         3.001
Sources:            { system_i/ddr4_0/inst/u_ddr4_infrastructure/gen_mmcme4.u_mmcme_adv_inst/CLKOUT2 }

Check Type  Corner  Lib Pin   Reference Pin  Required(ns)  Actual(ns)  Slack(ns)  Location      Pin
Min Period  n/a     BUFGCE/I  n/a            1.290         3.001       1.711      BUFGCE_X0Y85  system_i/ddr4_0/inst/u_ddr4_infrastructure/u_bufg_addn_ui_clk_2/I



---------------------------------------------------------------------------------------------------
From Clock:  mmcm_clkout3
  To Clock:  mmcm_clkout3

Setup :           NA  Failing Endpoints,  Worst Slack           NA  ,  Total Violation           NA
Hold  :           NA  Failing Endpoints,  Worst Slack           NA  ,  Total Violation           NA
PW    :            0  Failing Endpoints,  Worst Slack        1.711ns,  Total Violation        0.000ns
---------------------------------------------------------------------------------------------------


Pulse Width Checks
--------------------------------------------------------------------------------------
Clock Name:         mmcm_clkout3
Waveform(ns):       { 0.000 1.500 }
Period(ns):         3.001
Sources:            { system_i/ddr4_0/inst/u_ddr4_infrastructure/gen_mmcme4.u_mmcme_adv_inst/CLKOUT3 }

Check Type  Corner  Lib Pin   Reference Pin  Required(ns)  Actual(ns)  Slack(ns)  Location      Pin
Min Period  n/a     BUFGCE/I  n/a            1.290         3.001       1.711      BUFGCE_X0Y90  system_i/ddr4_0/inst/u_ddr4_infrastructure/u_bufg_addn_ui_clk_3/I



---------------------------------------------------------------------------------------------------
From Clock:  mmcm_clkout4
  To Clock:  mmcm_clkout4

Setup :           NA  Failing Endpoints,  Worst Slack           NA  ,  Total Violation           NA
Hold  :           NA  Failing Endpoints,  Worst Slack           NA  ,  Total Violation           NA
PW    :            0  Failing Endpoints,  Worst Slack        1.711ns,  Total Violation        0.000ns
---------------------------------------------------------------------------------------------------


Pulse Width Checks
--------------------------------------------------------------------------------------
Clock Name:         mmcm_clkout4
Waveform(ns):       { 0.000 1.500 }
Period(ns):         3.001
Sources:            { system_i/ddr4_0/inst/u_ddr4_infrastructure/gen_mmcme4.u_mmcme_adv_inst/CLKOUT4 }

Check Type  Corner  Lib Pin   Reference Pin  Required(ns)  Actual(ns)  Slack(ns)  Location      Pin
Min Period  n/a     BUFGCE/I  n/a            1.290         3.001       1.711      BUFGCE_X0Y88  system_i/ddr4_0/inst/u_ddr4_infrastructure/u_bufg_addn_ui_clk_4/I



---------------------------------------------------------------------------------------------------
From Clock:  mmcm_clkout5
  To Clock:  mmcm_clkout5

Setup :            0  Failing Endpoints,  Worst Slack        9.430ns,  Total Violation        0.000ns
Hold  :            0  Failing Endpoints,  Worst Slack        0.021ns,  Total Violation        0.000ns
PW    :            0  Failing Endpoints,  Worst Slack        5.469ns,  Total Violation        0.000ns
---------------------------------------------------------------------------------------------------


Max Delay Paths
--------------------------------------------------------------------------------------
Slack (MET) :             9.430ns  (required time - arrival time)
  Source:                 dbg_hub/inst/BSCANID.u_xsdbm_id/CORE_XSDB.UUT_MASTER/U_XSDB_BUS_CONTROLLER/FSM_onehot_current_state_reg[15]/C
                            (rising edge-triggered cell FDCE clocked by mmcm_clkout5  {rise@0.000ns fall@6.001ns period=12.002ns})
  Destination:            dbg_hub/inst/BSCANID.u_xsdbm_id/CORE_XSDB.UUT_MASTER/U_XSDB_BUS_CONTROLLER/auto_sl_drdy_reg/D
                            (rising edge-triggered cell FDCE clocked by mmcm_clkout5  {rise@0.000ns fall@6.001ns period=12.002ns})
  Path Group:             mmcm_clkout5
  Path Type:              Setup (Max at Slow Process Corner)
  Requirement:            12.002ns  (mmcm_clkout5 rise@12.002ns - mmcm_clkout5 rise@0.000ns)
  Data Path Delay:        2.360ns  (logic 0.637ns (26.992%)  route 1.723ns (73.008%))
  Logic Levels:           4  (LUT3=1 LUT4=1 LUT5=1 LUT6=1)
  Clock Path Skew:        -0.161ns (DCD - SCD + CPR)
    Destination Clock Delay (DCD):    4.430ns = ( 16.433 - 12.002 ) 
    Source Clock Delay      (SCD):    4.254ns
    Clock Pessimism Removal (CPR):    -0.338ns
  Clock Uncertainty:      0.076ns  ((TSJ^2 + DJ^2)^1/2) / 2 + PE
    Total System Jitter     (TSJ):    0.071ns
    Discrete Jitter          (DJ):    0.134ns
    Phase Error              (PE):    0.000ns
  Clock Net Delay (Source):      1.954ns (routing 0.926ns, distribution 1.028ns)
  Clock Net Delay (Destination): 1.707ns (routing 0.840ns, distribution 0.867ns)

    Location             Delay type                Incr(ns)  Path(ns)    Netlist Resource(s)
  -------------------------------------------------------------------    -------------------
                         (clock mmcm_clkout5 rise edge)
                                                      0.000     0.000 r  <hidden>
    K22                                               0.000     0.000 r  default_sysclk1_300_clk_p
                         net (fo=0)                   0.100     0.100    system_i/ddr4_0/inst/u_ddr4_mem_intfc/u_mig_ddr4_phy/inst/u_ddr4_phy_pll/diff_input_clk.u_ibufg_sys_clk/I
    HPIOBDIFFINBUF_X0Y58 DIFFINBUF (Prop_DIFFINBUF_HPIOBDIFFINBUF_DIFF_IN_P_O)
                                                      0.469     0.569 r  system_i/ddr4_0/inst/u_ddr4_mem_intfc/u_mig_ddr4_phy/inst/u_ddr4_phy_pll/diff_input_clk.u_ibufg_sys_clk/DIFFINBUF_INST/O
                         net (fo=1, routed)           0.050     0.619    system_i/ddr4_0/inst/u_ddr4_mem_intfc/u_mig_ddr4_phy/inst/u_ddr4_phy_pll/diff_input_clk.u_ibufg_sys_clk/OUT
    K22                  IBUFCTRL (Prop_IBUFCTRL_HPIOB_M_I_O)
                                                      0.000     0.619 r  system_i/ddr4_0/inst/u_ddr4_mem_intfc/u_mig_ddr4_phy/inst/u_ddr4_phy_pll/diff_input_clk.u_ibufg_sys_clk/IBUFCTRL_INST/O
                         net (fo=2, routed)           0.336     0.955    system_i/ddr4_0/inst/u_ddr4_mem_intfc/u_mig_ddr4_phy/inst/u_ddr4_phy_pll/sys_clk_in
    BUFGCE_X0Y49         BUFGCE (Prop_BUFCE_BUFGCE_I_O)
                                                      0.028     0.983 r  system_i/ddr4_0/inst/u_ddr4_mem_intfc/u_mig_ddr4_phy/inst/u_ddr4_phy_pll/gen_bufg_backbone.u__bufg_backbone/O
                         net (fo=1, routed)           1.179     2.162    system_i/ddr4_0/inst/u_ddr4_infrastructure/mmcm_clk_in
    MMCM_X0Y3            MMCME4_ADV (Prop_MMCM_CLKIN1_CLKOUT5)
                                                     -0.127     2.035 r  system_i/ddr4_0/inst/u_ddr4_infrastructure/gen_mmcme4.u_mmcme_adv_inst/CLKOUT5
                         net (fo=1, routed)           0.236     2.271    system_i/ddr4_0/inst/u_ddr4_infrastructure/mmcm_clkout5
    BUFGCE_X0Y78         BUFGCE (Prop_BUFCE_BUFGCE_I_O)
                                                      0.028     2.299 r  system_i/ddr4_0/inst/u_ddr4_infrastructure/u_bufg_dbg_clk/O
    X0Y1 (CLOCK_ROOT)    net (fo=568, routed)         1.954     4.254    dbg_hub/inst/BSCANID.u_xsdbm_id/CORE_XSDB.UUT_MASTER/U_XSDB_BUS_CONTROLLER/clk
    SLICE_X42Y121        FDCE                                         r  dbg_hub/inst/BSCANID.u_xsdbm_id/CORE_XSDB.UUT_MASTER/U_XSDB_BUS_CONTROLLER/FSM_onehot_current_state_reg[15]/C
  -------------------------------------------------------------------    -------------------
    SLICE_X42Y121        FDCE (Prop_DFF2_SLICEM_C_Q)
                                                      0.080     4.334 f  dbg_hub/inst/BSCANID.u_xsdbm_id/CORE_XSDB.UUT_MASTER/U_XSDB_BUS_CONTROLLER/FSM_onehot_current_state_reg[15]/Q
                         net (fo=6, routed)           0.581     4.915    dbg_hub/inst/BSCANID.u_xsdbm_id/CORE_XSDB.UUT_MASTER/U_XSDB_BUS_CONTROLLER/U_RD_ABORT_FLAG/Q[2]
    SLICE_X42Y121        LUT4 (Prop_D6LUT_SLICEM_I0_O)
                                                      0.145     5.060 f  dbg_hub/inst/BSCANID.u_xsdbm_id/CORE_XSDB.UUT_MASTER/U_XSDB_BUS_CONTROLLER/U_RD_ABORT_FLAG/FSM_onehot_current_state[16]_i_2/O
                         net (fo=2, routed)           0.420     5.480    dbg_hub/inst/BSCANID.u_xsdbm_id/CORE_XSDB.UUT_MASTER/U_XSDB_BUS_CONTROLLER/U_TIMER/in_idle_mode_reg_1
    SLICE_X43Y121        LUT6 (Prop_F6LUT_SLICEL_I4_O)
                                                      0.148     5.628 r  dbg_hub/inst/BSCANID.u_xsdbm_id/CORE_XSDB.UUT_MASTER/U_XSDB_BUS_CONTROLLER/U_TIMER/g0_b0__9_i_2/O
                         net (fo=23, routed)          0.509     6.137    dbg_hub/inst/BSCANID.u_xsdbm_id/CORE_XSDB.UUT_MASTER/U_XSDB_BUS_CONTROLLER/U_TIMER/timeout_reg_0
    SLICE_X47Y120        LUT5 (Prop_B5LUT_SLICEL_I1_O)
                                                      0.165     6.302 r  dbg_hub/inst/BSCANID.u_xsdbm_id/CORE_XSDB.UUT_MASTER/U_XSDB_BUS_CONTROLLER/U_TIMER/g0_b0__1/O
                         net (fo=1, routed)           0.162     6.464    dbg_hub/inst/BSCANID.u_xsdbm_id/CORE_XSDB.UUT_MASTER/U_XSDB_BUS_CONTROLLER/U_TIMER/g0_b0__1_n_0
    SLICE_X46Y119        LUT3 (Prop_H6LUT_SLICEL_I1_O)
                                                      0.099     6.563 r  dbg_hub/inst/BSCANID.u_xsdbm_id/CORE_XSDB.UUT_MASTER/U_XSDB_BUS_CONTROLLER/U_TIMER/auto_sl_drdy_i_1/O
                         net (fo=1, routed)           0.051     6.614    dbg_hub/inst/BSCANID.u_xsdbm_id/CORE_XSDB.UUT_MASTER/U_XSDB_BUS_CONTROLLER/U_TIMER_n_8
    SLICE_X46Y119        FDCE                                         r  dbg_hub/inst/BSCANID.u_xsdbm_id/CORE_XSDB.UUT_MASTER/U_XSDB_BUS_CONTROLLER/auto_sl_drdy_reg/D
  -------------------------------------------------------------------    -------------------

                         (clock mmcm_clkout5 rise edge)
                                                     12.002    12.002 r  <hidden>
    K22                                               0.000    12.002 r  default_sysclk1_300_clk_p
                         net (fo=0)                   0.079    12.081    system_i/ddr4_0/inst/u_ddr4_mem_intfc/u_mig_ddr4_phy/inst/u_ddr4_phy_pll/diff_input_clk.u_ibufg_sys_clk/I
    HPIOBDIFFINBUF_X0Y58 DIFFINBUF (Prop_DIFFINBUF_HPIOBDIFFINBUF_DIFF_IN_P_O)
                                                      0.374    12.455 r  system_i/ddr4_0/inst/u_ddr4_mem_intfc/u_mig_ddr4_phy/inst/u_ddr4_phy_pll/diff_input_clk.u_ibufg_sys_clk/DIFFINBUF_INST/O
                         net (fo=1, routed)           0.040    12.495    system_i/ddr4_0/inst/u_ddr4_mem_intfc/u_mig_ddr4_phy/inst/u_ddr4_phy_pll/diff_input_clk.u_ibufg_sys_clk/OUT
    K22                  IBUFCTRL (Prop_IBUFCTRL_HPIOB_M_I_O)
                                                      0.000    12.495 r  system_i/ddr4_0/inst/u_ddr4_mem_intfc/u_mig_ddr4_phy/inst/u_ddr4_phy_pll/diff_input_clk.u_ibufg_sys_clk/IBUFCTRL_INST/O
                         net (fo=2, routed)           0.297    12.792    system_i/ddr4_0/inst/u_ddr4_mem_intfc/u_mig_ddr4_phy/inst/u_ddr4_phy_pll/sys_clk_in
    BUFGCE_X0Y49         BUFGCE (Prop_BUFCE_BUFGCE_I_O)
                                                      0.024    12.816 r  system_i/ddr4_0/inst/u_ddr4_mem_intfc/u_mig_ddr4_phy/inst/u_ddr4_phy_pll/gen_bufg_backbone.u__bufg_backbone/O
                         net (fo=1, routed)           1.049    13.865    system_i/ddr4_0/inst/u_ddr4_infrastructure/mmcm_clk_in
    MMCM_X0Y3            MMCME4_ADV (Prop_MMCM_CLKIN1_CLKOUT5)
                                                      0.630    14.495 r  system_i/ddr4_0/inst/u_ddr4_infrastructure/gen_mmcme4.u_mmcme_adv_inst/CLKOUT5
                         net (fo=1, routed)           0.207    14.702    system_i/ddr4_0/inst/u_ddr4_infrastructure/mmcm_clkout5
    BUFGCE_X0Y78         BUFGCE (Prop_BUFCE_BUFGCE_I_O)
                                                      0.024    14.726 r  system_i/ddr4_0/inst/u_ddr4_infrastructure/u_bufg_dbg_clk/O
    X0Y1 (CLOCK_ROOT)    net (fo=568, routed)         1.707    16.433    dbg_hub/inst/BSCANID.u_xsdbm_id/CORE_XSDB.UUT_MASTER/U_XSDB_BUS_CONTROLLER/clk
    SLICE_X46Y119        FDCE                                         r  dbg_hub/inst/BSCANID.u_xsdbm_id/CORE_XSDB.UUT_MASTER/U_XSDB_BUS_CONTROLLER/auto_sl_drdy_reg/C
                         clock pessimism             -0.338    16.095    <hidden>
                         clock uncertainty           -0.076    16.019    <hidden>
    SLICE_X46Y119        FDCE (Setup_HFF_SLICEL_C_D)
                                                      0.025    16.044    dbg_hub/inst/BSCANID.u_xsdbm_id/CORE_XSDB.UUT_MASTER/U_XSDB_BUS_CONTROLLER/auto_sl_drdy_reg
  -------------------------------------------------------------------
                         required time                         16.044    <hidden>
                         arrival time                          -6.614    <hidden>
  -------------------------------------------------------------------
                         slack                                  9.430    <hidden>





Min Delay Paths
--------------------------------------------------------------------------------------
Slack (MET) :             0.021ns  (arrival time - required time)
  Source:                 dbg_hub/inst/BSCANID.u_xsdbm_id/CORE_XSDB.UUT_MASTER/U_XSDB_BUS_CONTROLLER/in_normal_mode_reg/C
                            (rising edge-triggered cell FDCE clocked by mmcm_clkout5  {rise@0.000ns fall@6.001ns period=12.002ns})
  Destination:            dbg_hub/inst/BSCANID.u_xsdbm_id/CORE_XSDB.UUT_MASTER/U_ICON_INTERFACE/U_CMD2/stat_reg_reg[0]/D
                            (rising edge-triggered cell FDRE clocked by mmcm_clkout5  {rise@0.000ns fall@6.001ns period=12.002ns})
  Path Group:             mmcm_clkout5
  Path Type:              Hold (Min at Slow Process Corner)
  Requirement:            0.000ns  (mmcm_clkout5 rise@0.000ns - mmcm_clkout5 rise@0.000ns)
  Data Path Delay:        0.130ns  (logic 0.059ns (45.244%)  route 0.071ns (54.756%))
  Logic Levels:           0  
  Clock Path Skew:        0.048ns (DCD - SCD - CPR)
    Destination Clock Delay (DCD):    4.222ns
    Source Clock Delay      (SCD):    4.417ns
    Clock Pessimism Removal (CPR):    -0.242ns
  Clock Net Delay (Source):      1.693ns (routing 0.840ns, distribution 0.853ns)
  Clock Net Delay (Destination): 1.923ns (routing 0.926ns, distribution 0.997ns)

    Location             Delay type                Incr(ns)  Path(ns)    Netlist Resource(s)
  -------------------------------------------------------------------    -------------------
                         (clock mmcm_clkout5 rise edge)
                                                      0.000     0.000 r  <hidden>
    K22                                               0.000     0.000 r  default_sysclk1_300_clk_p
                         net (fo=0)                   0.079     0.079    system_i/ddr4_0/inst/u_ddr4_mem_intfc/u_mig_ddr4_phy/inst/u_ddr4_phy_pll/diff_input_clk.u_ibufg_sys_clk/I
    HPIOBDIFFINBUF_X0Y58 DIFFINBUF (Prop_DIFFINBUF_HPIOBDIFFINBUF_DIFF_IN_P_O)
                                                      0.374     0.453 r  system_i/ddr4_0/inst/u_ddr4_mem_intfc/u_mig_ddr4_phy/inst/u_ddr4_phy_pll/diff_input_clk.u_ibufg_sys_clk/DIFFINBUF_INST/O
                         net (fo=1, routed)           0.040     0.493    system_i/ddr4_0/inst/u_ddr4_mem_intfc/u_mig_ddr4_phy/inst/u_ddr4_phy_pll/diff_input_clk.u_ibufg_sys_clk/OUT
    K22                  IBUFCTRL (Prop_IBUFCTRL_HPIOB_M_I_O)
                                                      0.000     0.493 r  system_i/ddr4_0/inst/u_ddr4_mem_intfc/u_mig_ddr4_phy/inst/u_ddr4_phy_pll/diff_input_clk.u_ibufg_sys_clk/IBUFCTRL_INST/O
                         net (fo=2, routed)           0.297     0.790    system_i/ddr4_0/inst/u_ddr4_mem_intfc/u_mig_ddr4_phy/inst/u_ddr4_phy_pll/sys_clk_in
    BUFGCE_X0Y49         BUFGCE (Prop_BUFCE_BUFGCE_I_O)
                                                      0.024     0.814 r  system_i/ddr4_0/inst/u_ddr4_mem_intfc/u_mig_ddr4_phy/inst/u_ddr4_phy_pll/gen_bufg_backbone.u__bufg_backbone/O
                         net (fo=1, routed)           1.049     1.863    system_i/ddr4_0/inst/u_ddr4_infrastructure/mmcm_clk_in
    MMCM_X0Y3            MMCME4_ADV (Prop_MMCM_CLKIN1_CLKOUT5)
                                                      0.630     2.493 r  system_i/ddr4_0/inst/u_ddr4_infrastructure/gen_mmcme4.u_mmcme_adv_inst/CLKOUT5
                         net (fo=1, routed)           0.207     2.700    system_i/ddr4_0/inst/u_ddr4_infrastructure/mmcm_clkout5
    BUFGCE_X0Y78         BUFGCE (Prop_BUFCE_BUFGCE_I_O)
                                                      0.024     2.724 r  system_i/ddr4_0/inst/u_ddr4_infrastructure/u_bufg_dbg_clk/O
    X0Y1 (CLOCK_ROOT)    net (fo=568, routed)         1.693     4.417    dbg_hub/inst/BSCANID.u_xsdbm_id/CORE_XSDB.UUT_MASTER/U_XSDB_BUS_CONTROLLER/clk
    SLICE_X47Y117        FDCE                                         r  dbg_hub/inst/BSCANID.u_xsdbm_id/CORE_XSDB.UUT_MASTER/U_XSDB_BUS_CONTROLLER/in_normal_mode_reg/C
  -------------------------------------------------------------------    -------------------
    SLICE_X47Y117        FDCE (Prop_HFF2_SLICEL_C_Q)
                                                      0.059     4.476 r  dbg_hub/inst/BSCANID.u_xsdbm_id/CORE_XSDB.UUT_MASTER/U_XSDB_BUS_CONTROLLER/in_normal_mode_reg/Q
                         net (fo=2, routed)           0.071     4.547    dbg_hub/inst/BSCANID.u_xsdbm_id/CORE_XSDB.UUT_MASTER/U_ICON_INTERFACE/U_CMD2/stat_reg_reg[3]_0[0]
    SLICE_X47Y116        FDRE                                         r  dbg_hub/inst/BSCANID.u_xsdbm_id/CORE_XSDB.UUT_MASTER/U_ICON_INTERFACE/U_CMD2/stat_reg_reg[0]/D
  -------------------------------------------------------------------    -------------------

                         (clock mmcm_clkout5 rise edge)
                                                      0.000     0.000 r  <hidden>
    K22                                               0.000     0.000 r  default_sysclk1_300_clk_p
                         net (fo=0)                   0.100     0.100    system_i/ddr4_0/inst/u_ddr4_mem_intfc/u_mig_ddr4_phy/inst/u_ddr4_phy_pll/diff_input_clk.u_ibufg_sys_clk/I
    HPIOBDIFFINBUF_X0Y58 DIFFINBUF (Prop_DIFFINBUF_HPIOBDIFFINBUF_DIFF_IN_P_O)
                                                      0.469     0.569 r  system_i/ddr4_0/inst/u_ddr4_mem_intfc/u_mig_ddr4_phy/inst/u_ddr4_phy_pll/diff_input_clk.u_ibufg_sys_clk/DIFFINBUF_INST/O
                         net (fo=1, routed)           0.050     0.619    system_i/ddr4_0/inst/u_ddr4_mem_intfc/u_mig_ddr4_phy/inst/u_ddr4_phy_pll/diff_input_clk.u_ibufg_sys_clk/OUT
    K22                  IBUFCTRL (Prop_IBUFCTRL_HPIOB_M_I_O)
                                                      0.000     0.619 r  system_i/ddr4_0/inst/u_ddr4_mem_intfc/u_mig_ddr4_phy/inst/u_ddr4_phy_pll/diff_input_clk.u_ibufg_sys_clk/IBUFCTRL_INST/O
                         net (fo=2, routed)           0.336     0.955    system_i/ddr4_0/inst/u_ddr4_mem_intfc/u_mig_ddr4_phy/inst/u_ddr4_phy_pll/sys_clk_in
    BUFGCE_X0Y49         BUFGCE (Prop_BUFCE_BUFGCE_I_O)
                                                      0.028     0.983 r  system_i/ddr4_0/inst/u_ddr4_mem_intfc/u_mig_ddr4_phy/inst/u_ddr4_phy_pll/gen_bufg_backbone.u__bufg_backbone/O
                         net (fo=1, routed)           1.179     2.162    system_i/ddr4_0/inst/u_ddr4_infrastructure/mmcm_clk_in
    MMCM_X0Y3            MMCME4_ADV (Prop_MMCM_CLKIN1_CLKOUT5)
                                                     -0.127     2.035 r  system_i/ddr4_0/inst/u_ddr4_infrastructure/gen_mmcme4.u_mmcme_adv_inst/CLKOUT5
                         net (fo=1, routed)           0.236     2.271    system_i/ddr4_0/inst/u_ddr4_infrastructure/mmcm_clkout5
    BUFGCE_X0Y78         BUFGCE (Prop_BUFCE_BUFGCE_I_O)
                                                      0.028     2.299 r  system_i/ddr4_0/inst/u_ddr4_infrastructure/u_bufg_dbg_clk/O
    X0Y1 (CLOCK_ROOT)    net (fo=568, routed)         1.923     4.222    dbg_hub/inst/BSCANID.u_xsdbm_id/CORE_XSDB.UUT_MASTER/U_ICON_INTERFACE/U_CMD2/clk
    SLICE_X47Y116        FDRE                                         r  dbg_hub/inst/BSCANID.u_xsdbm_id/CORE_XSDB.UUT_MASTER/U_ICON_INTERFACE/U_CMD2/stat_reg_reg[0]/C
                         clock pessimism              0.242     4.464    <hidden>
    SLICE_X47Y116        FDRE (Hold_AFF2_SLICEL_C_D)
                                                      0.062     4.526    dbg_hub/inst/BSCANID.u_xsdbm_id/CORE_XSDB.UUT_MASTER/U_ICON_INTERFACE/U_CMD2/stat_reg_reg[0]
  -------------------------------------------------------------------
                         required time                         -4.526    <hidden>
                         arrival time                           4.547    <hidden>
  -------------------------------------------------------------------
                         slack                                  0.021    <hidden>





Pulse Width Checks
--------------------------------------------------------------------------------------
Clock Name:         mmcm_clkout5
Waveform(ns):       { 0.000 6.001 }
Period(ns):         12.002
Sources:            { system_i/ddr4_0/inst/u_ddr4_infrastructure/gen_mmcme4.u_mmcme_adv_inst/CLKOUT5 }

Check Type        Corner  Lib Pin     Reference Pin  Required(ns)  Actual(ns)  Slack(ns)  Location       Pin
Min Period        n/a     BUFGCE/I    n/a            1.290         12.002      10.712     BUFGCE_X0Y78   system_i/ddr4_0/inst/u_ddr4_infrastructure/u_bufg_dbg_clk/I
Low Pulse Width   Slow    RAMD32/CLK  n/a            0.532         6.001       5.469      SLICE_X44Y113  dbg_hub/inst/BSCANID.u_xsdbm_id/CORE_XSDB.UUT_MASTER/U_ICON_INTERFACE/U_CMD6_RD/U_RD_FIFO/SUBCORE_FIFO.xsdbm_v3_0_6_rdfifo_inst/inst_fifo_gen/gconvfifo.rf/grf.rf/gntv_or_sync_fifo.mem/gdm.dm_gen.dm/RAM_reg_0_15_0_13/RAMA/CLK
High Pulse Width  Slow    RAMD32/CLK  n/a            0.532         6.001       5.469      SLICE_X44Y113  dbg_hub/inst/BSCANID.u_xsdbm_id/CORE_XSDB.UUT_MASTER/U_ICON_INTERFACE/U_CMD6_RD/U_RD_FIFO/SUBCORE_FIFO.xsdbm_v3_0_6_rdfifo_inst/inst_fifo_gen/gconvfifo.rf/grf.rf/gntv_or_sync_fifo.mem/gdm.dm_gen.dm/RAM_reg_0_15_0_13/RAMA/CLK



---------------------------------------------------------------------------------------------------
From Clock:  mmcm_clkout6
  To Clock:  mmcm_clkout6

Setup :            0  Failing Endpoints,  Worst Slack        1.679ns,  Total Violation        0.000ns
Hold  :            0  Failing Endpoints,  Worst Slack        0.016ns,  Total Violation        0.000ns
PW    :            0  Failing Endpoints,  Worst Slack        0.967ns,  Total Violation        0.000ns
---------------------------------------------------------------------------------------------------


Max Delay Paths
--------------------------------------------------------------------------------------
Slack (MET) :             1.679ns  (required time - arrival time)
  Source:                 system_i/ddr4_0/inst/u_ddr4_mem_intfc/u_ddr_cal_riu/mcs0/inst/microblaze_I/U0/<hidden>/<hidden>/<hidden>/<hidden>/<hidden>/<hidden>
                            (rising edge-triggered cell FDRE clocked by mmcm_clkout6  {rise@0.000ns fall@3.001ns period=6.001ns})
  Destination:            system_i/ddr4_0/inst/u_ddr4_mem_intfc/u_ddr_cal_riu/mcs0/inst/lmb_bram_I/U0/inst_blk_mem_gen/gnbram.gnative_mem_map_bmg.native_mem_map_blk_mem_gen/valid.cstr/ramloop[8].ram.r/prim_noinit.ram/DEVICE_8SERIES.WITH_BMM_INFO.TRUE_DP.SIMPLE_PRIM36.SERIES8_TDP_SP36_NO_ECC_ATTR.ram/ADDRBWRADDR[9]
                            (rising edge-triggered cell RAMB36E2 clocked by mmcm_clkout6  {rise@0.000ns fall@3.001ns period=6.001ns})
  Path Group:             mmcm_clkout6
  Path Type:              Setup (Max at Slow Process Corner)
  Requirement:            6.001ns  (mmcm_clkout6 rise@6.001ns - mmcm_clkout6 rise@0.000ns)
  Data Path Delay:        3.928ns  (logic 0.600ns (15.275%)  route 3.328ns (84.725%))
  Logic Levels:           4  (CARRY8=2 LUT3=1 LUT6=1)
  Clock Path Skew:        -0.021ns (DCD - SCD + CPR)
    Destination Clock Delay (DCD):    4.538ns = ( 10.539 - 6.001 ) 
    Source Clock Delay      (SCD):    4.274ns
    Clock Pessimism Removal (CPR):    -0.285ns
  Clock Uncertainty:      0.068ns  ((TSJ^2 + DJ^2)^1/2) / 2 + PE
    Total System Jitter     (TSJ):    0.071ns
    Discrete Jitter          (DJ):    0.117ns
    Phase Error              (PE):    0.000ns
  Clock Net Delay (Source):      1.949ns (routing 0.947ns, distribution 1.002ns)
  Clock Net Delay (Destination): 1.795ns (routing 0.862ns, distribution 0.933ns)

    Location             Delay type                Incr(ns)  Path(ns)    Netlist Resource(s)
  -------------------------------------------------------------------    -------------------
                         (clock mmcm_clkout6 rise edge)
                                                      0.000     0.000 r  <hidden>
    K22                                               0.000     0.000 r  default_sysclk1_300_clk_p
                         net (fo=0)                   0.100     0.100    system_i/ddr4_0/inst/u_ddr4_mem_intfc/u_mig_ddr4_phy/inst/u_ddr4_phy_pll/diff_input_clk.u_ibufg_sys_clk/I
    HPIOBDIFFINBUF_X0Y58 DIFFINBUF (Prop_DIFFINBUF_HPIOBDIFFINBUF_DIFF_IN_P_O)
                                                      0.469     0.569 r  system_i/ddr4_0/inst/u_ddr4_mem_intfc/u_mig_ddr4_phy/inst/u_ddr4_phy_pll/diff_input_clk.u_ibufg_sys_clk/DIFFINBUF_INST/O
                         net (fo=1, routed)           0.050     0.619    system_i/ddr4_0/inst/u_ddr4_mem_intfc/u_mig_ddr4_phy/inst/u_ddr4_phy_pll/diff_input_clk.u_ibufg_sys_clk/OUT
    K22                  IBUFCTRL (Prop_IBUFCTRL_HPIOB_M_I_O)
                                                      0.000     0.619 r  system_i/ddr4_0/inst/u_ddr4_mem_intfc/u_mig_ddr4_phy/inst/u_ddr4_phy_pll/diff_input_clk.u_ibufg_sys_clk/IBUFCTRL_INST/O
                         net (fo=2, routed)           0.336     0.955    system_i/ddr4_0/inst/u_ddr4_mem_intfc/u_mig_ddr4_phy/inst/u_ddr4_phy_pll/sys_clk_in
    BUFGCE_X0Y49         BUFGCE (Prop_BUFCE_BUFGCE_I_O)
                                                      0.028     0.983 r  system_i/ddr4_0/inst/u_ddr4_mem_intfc/u_mig_ddr4_phy/inst/u_ddr4_phy_pll/gen_bufg_backbone.u__bufg_backbone/O
                         net (fo=1, routed)           1.179     2.162    system_i/ddr4_0/inst/u_ddr4_infrastructure/mmcm_clk_in
    MMCM_X0Y3            MMCME4_ADV (Prop_MMCM_CLKIN1_CLKOUT6)
                                                     -0.127     2.035 r  system_i/ddr4_0/inst/u_ddr4_infrastructure/gen_mmcme4.u_mmcme_adv_inst/CLKOUT6
                         net (fo=1, routed)           0.262     2.297    system_i/ddr4_0/inst/u_ddr4_infrastructure/mmcm_clkout6
    BUFGCE_X0Y82         BUFGCE (Prop_BUFCE_BUFGCE_I_O)
                                                      0.028     2.325 r  system_i/ddr4_0/inst/u_ddr4_infrastructure/u_bufg_riuClk/O
    X1Y2 (CLOCK_ROOT)    net (fo=1640, routed)        1.949     4.274    system_i/ddr4_0/inst/u_ddr4_mem_intfc/u_ddr_cal_riu/mcs0/inst/microblaze_I/U0/<hidden>/<hidden>/<hidden>/<hidden>/<hidden>
    SLICE_X14Y216        FDRE                                         r  system_i/ddr4_0/inst/u_ddr4_mem_intfc/u_ddr_cal_riu/mcs0/inst/microblaze_I/U0/<hidden>/<hidden>/<hidden>/<hidden>/<hidden>/<hidden>
  -------------------------------------------------------------------    -------------------
    SLICE_X14Y216        FDRE (Prop_BFF_SLICEL_C_Q)
                                                      0.079     4.353 r  system_i/ddr4_0/inst/u_ddr4_mem_intfc/u_ddr_cal_riu/mcs0/inst/microblaze_I/U0/<hidden>/<hidden>/<hidden>/<hidden>/<hidden>/<hidden>
                         net (fo=50, routed)          0.787     5.140    system_i/ddr4_0/inst/u_ddr4_mem_intfc/u_ddr_cal_riu/mcs0/inst/microblaze_I/U0/<hidden>/<hidden>/<hidden>/<hidden>/<hidden>/<hidden>/<hidden>/<hidden>
    SLICE_X8Y216         LUT6 (Prop_B6LUT_SLICEL_I0_O)
                                                      0.148     5.288 r  system_i/ddr4_0/inst/u_ddr4_mem_intfc/u_ddr_cal_riu/mcs0/inst/microblaze_I/U0/<hidden>/<hidden>/<hidden>/<hidden>/<hidden>/<hidden>/<hidden>/<hidden>/<hidden>
                         net (fo=1, routed)           0.009     5.297    system_i/ddr4_0/inst/u_ddr4_mem_intfc/u_ddr_cal_riu/mcs0/inst/microblaze_I/U0/<hidden>/<hidden>/<hidden>/<hidden>/<hidden>/<hidden>
    SLICE_X8Y216         CARRY8 (Prop_CARRY8_SLICEL_S[1]_CO[7])
                                                      0.186     5.483 r  system_i/ddr4_0/inst/u_ddr4_mem_intfc/u_ddr_cal_riu/mcs0/inst/microblaze_I/U0/<hidden>/<hidden>/<hidden>/<hidden>/<hidden>/<hidden>/<hidden>
                         net (fo=1, routed)           0.026     5.509    system_i/ddr4_0/inst/u_ddr4_mem_intfc/u_ddr_cal_riu/mcs0/inst/microblaze_I/U0/<hidden>/<hidden>/<hidden>/<hidden>/<hidden>/<hidden>/<hidden>
    SLICE_X8Y217         CARRY8 (Prop_CARRY8_SLICEL_CI_O[3])
                                                      0.089     5.598 r  system_i/ddr4_0/inst/u_ddr4_mem_intfc/u_ddr_cal_riu/mcs0/inst/microblaze_I/U0/<hidden>/<hidden>/<hidden>/<hidden>/<hidden>/<hidden>/<hidden>/<hidden>
                         net (fo=27, routed)          0.851     6.449    system_i/ddr4_0/inst/u_ddr4_mem_intfc/u_ddr_cal_riu/mcs0/inst/microblaze_I/U0/<hidden>/<hidden>/<hidden>/<hidden>/<hidden>/<hidden>
    SLICE_X17Y219        LUT3 (Prop_C5LUT_SLICEL_I0_O)
                                                      0.098     6.547 r  system_i/ddr4_0/inst/u_ddr4_mem_intfc/u_ddr_cal_riu/mcs0/inst/microblaze_I/U0/<hidden>/<hidden>/<hidden>/<hidden>/<hidden>/<hidden>/<hidden>
                         net (fo=25, routed)          1.656     8.202    system_i/ddr4_0/inst/u_ddr4_mem_intfc/u_ddr_cal_riu/mcs0/inst/lmb_bram_I/U0/inst_blk_mem_gen/gnbram.gnative_mem_map_bmg.native_mem_map_blk_mem_gen/valid.cstr/ramloop[8].ram.r/prim_noinit.ram/addrb[8]
    RAMB36_X0Y38         RAMB36E2                                     r  system_i/ddr4_0/inst/u_ddr4_mem_intfc/u_ddr_cal_riu/mcs0/inst/lmb_bram_I/U0/inst_blk_mem_gen/gnbram.gnative_mem_map_bmg.native_mem_map_blk_mem_gen/valid.cstr/ramloop[8].ram.r/prim_noinit.ram/DEVICE_8SERIES.WITH_BMM_INFO.TRUE_DP.SIMPLE_PRIM36.SERIES8_TDP_SP36_NO_ECC_ATTR.ram/ADDRBWRADDR[9]
  -------------------------------------------------------------------    -------------------

                         (clock mmcm_clkout6 rise edge)
                                                      6.001     6.001 r  <hidden>
    K22                                               0.000     6.001 r  default_sysclk1_300_clk_p
                         net (fo=0)                   0.079     6.080    system_i/ddr4_0/inst/u_ddr4_mem_intfc/u_mig_ddr4_phy/inst/u_ddr4_phy_pll/diff_input_clk.u_ibufg_sys_clk/I
    HPIOBDIFFINBUF_X0Y58 DIFFINBUF (Prop_DIFFINBUF_HPIOBDIFFINBUF_DIFF_IN_P_O)
                                                      0.374     6.454 r  system_i/ddr4_0/inst/u_ddr4_mem_intfc/u_mig_ddr4_phy/inst/u_ddr4_phy_pll/diff_input_clk.u_ibufg_sys_clk/DIFFINBUF_INST/O
                         net (fo=1, routed)           0.040     6.494    system_i/ddr4_0/inst/u_ddr4_mem_intfc/u_mig_ddr4_phy/inst/u_ddr4_phy_pll/diff_input_clk.u_ibufg_sys_clk/OUT
    K22                  IBUFCTRL (Prop_IBUFCTRL_HPIOB_M_I_O)
                                                      0.000     6.494 r  system_i/ddr4_0/inst/u_ddr4_mem_intfc/u_mig_ddr4_phy/inst/u_ddr4_phy_pll/diff_input_clk.u_ibufg_sys_clk/IBUFCTRL_INST/O
                         net (fo=2, routed)           0.297     6.791    system_i/ddr4_0/inst/u_ddr4_mem_intfc/u_mig_ddr4_phy/inst/u_ddr4_phy_pll/sys_clk_in
    BUFGCE_X0Y49         BUFGCE (Prop_BUFCE_BUFGCE_I_O)
                                                      0.024     6.815 r  system_i/ddr4_0/inst/u_ddr4_mem_intfc/u_mig_ddr4_phy/inst/u_ddr4_phy_pll/gen_bufg_backbone.u__bufg_backbone/O
                         net (fo=1, routed)           1.049     7.864    system_i/ddr4_0/inst/u_ddr4_infrastructure/mmcm_clk_in
    MMCM_X0Y3            MMCME4_ADV (Prop_MMCM_CLKIN1_CLKOUT6)
                                                      0.630     8.494 r  system_i/ddr4_0/inst/u_ddr4_infrastructure/gen_mmcme4.u_mmcme_adv_inst/CLKOUT6
                         net (fo=1, routed)           0.227     8.721    system_i/ddr4_0/inst/u_ddr4_infrastructure/mmcm_clkout6
    BUFGCE_X0Y82         BUFGCE (Prop_BUFCE_BUFGCE_I_O)
                                                      0.024     8.745 r  system_i/ddr4_0/inst/u_ddr4_infrastructure/u_bufg_riuClk/O
    X1Y2 (CLOCK_ROOT)    net (fo=1640, routed)        1.795    10.539    system_i/ddr4_0/inst/u_ddr4_mem_intfc/u_ddr_cal_riu/mcs0/inst/lmb_bram_I/U0/inst_blk_mem_gen/gnbram.gnative_mem_map_bmg.native_mem_map_blk_mem_gen/valid.cstr/ramloop[8].ram.r/prim_noinit.ram/clkb
    RAMB36_X0Y38         RAMB36E2                                     r  system_i/ddr4_0/inst/u_ddr4_mem_intfc/u_ddr_cal_riu/mcs0/inst/lmb_bram_I/U0/inst_blk_mem_gen/gnbram.gnative_mem_map_bmg.native_mem_map_blk_mem_gen/valid.cstr/ramloop[8].ram.r/prim_noinit.ram/DEVICE_8SERIES.WITH_BMM_INFO.TRUE_DP.SIMPLE_PRIM36.SERIES8_TDP_SP36_NO_ECC_ATTR.ram/CLKBWRCLK
                         clock pessimism             -0.285    10.254    <hidden>
                         clock uncertainty           -0.068    10.186    <hidden>
    RAMB36_X0Y38         RAMB36E2 (Setup_RAMB36E2_RAMB36_CLKBWRCLK_ADDRBWRADDR[9])
                                                     -0.305     9.881    system_i/ddr4_0/inst/u_ddr4_mem_intfc/u_ddr_cal_riu/mcs0/inst/lmb_bram_I/U0/inst_blk_mem_gen/gnbram.gnative_mem_map_bmg.native_mem_map_blk_mem_gen/valid.cstr/ramloop[8].ram.r/prim_noinit.ram/DEVICE_8SERIES.WITH_BMM_INFO.TRUE_DP.SIMPLE_PRIM36.SERIES8_TDP_SP36_NO_ECC_ATTR.ram
  -------------------------------------------------------------------
                         required time                          9.881    <hidden>
                         arrival time                          -8.202    <hidden>
  -------------------------------------------------------------------
                         slack                                  1.679    <hidden>





Min Delay Paths
--------------------------------------------------------------------------------------
Slack (MET) :             0.016ns  (arrival time - required time)
  Source:                 system_i/ddr4_0/inst/u_ddr4_mem_intfc/u_ddr_cal_riu/io_write_data_riuclk_reg[3]/C
                            (rising edge-triggered cell FDRE clocked by mmcm_clkout6  {rise@0.000ns fall@3.001ns period=6.001ns})
  Destination:            system_i/ddr4_0/inst/u_ddr4_mem_intfc/u_mig_ddr4_phy/inst/clb2riu_wr_data_reg[51]/D
                            (rising edge-triggered cell FDRE clocked by mmcm_clkout6  {rise@0.000ns fall@3.001ns period=6.001ns})
  Path Group:             mmcm_clkout6
  Path Type:              Hold (Min at Slow Process Corner)
  Requirement:            0.000ns  (mmcm_clkout6 rise@0.000ns - mmcm_clkout6 rise@0.000ns)
  Data Path Delay:        0.125ns  (logic 0.058ns (46.400%)  route 0.067ns (53.600%))
  Logic Levels:           0  
  Clock Path Skew:        0.047ns (DCD - SCD - CPR)
    Destination Clock Delay (DCD):    4.315ns
    Source Clock Delay      (SCD):    4.502ns
    Clock Pessimism Removal (CPR):    -0.234ns
  Clock Net Delay (Source):      1.759ns (routing 0.862ns, distribution 0.897ns)
  Clock Net Delay (Destination): 1.990ns (routing 0.947ns, distribution 1.043ns)

    Location             Delay type                Incr(ns)  Path(ns)    Netlist Resource(s)
  -------------------------------------------------------------------    -------------------
                         (clock mmcm_clkout6 rise edge)
                                                      0.000     0.000 r  <hidden>
    K22                                               0.000     0.000 r  default_sysclk1_300_clk_p
                         net (fo=0)                   0.079     0.079    system_i/ddr4_0/inst/u_ddr4_mem_intfc/u_mig_ddr4_phy/inst/u_ddr4_phy_pll/diff_input_clk.u_ibufg_sys_clk/I
    HPIOBDIFFINBUF_X0Y58 DIFFINBUF (Prop_DIFFINBUF_HPIOBDIFFINBUF_DIFF_IN_P_O)
                                                      0.374     0.453 r  system_i/ddr4_0/inst/u_ddr4_mem_intfc/u_mig_ddr4_phy/inst/u_ddr4_phy_pll/diff_input_clk.u_ibufg_sys_clk/DIFFINBUF_INST/O
                         net (fo=1, routed)           0.040     0.493    system_i/ddr4_0/inst/u_ddr4_mem_intfc/u_mig_ddr4_phy/inst/u_ddr4_phy_pll/diff_input_clk.u_ibufg_sys_clk/OUT
    K22                  IBUFCTRL (Prop_IBUFCTRL_HPIOB_M_I_O)
                                                      0.000     0.493 r  system_i/ddr4_0/inst/u_ddr4_mem_intfc/u_mig_ddr4_phy/inst/u_ddr4_phy_pll/diff_input_clk.u_ibufg_sys_clk/IBUFCTRL_INST/O
                         net (fo=2, routed)           0.297     0.790    system_i/ddr4_0/inst/u_ddr4_mem_intfc/u_mig_ddr4_phy/inst/u_ddr4_phy_pll/sys_clk_in
    BUFGCE_X0Y49         BUFGCE (Prop_BUFCE_BUFGCE_I_O)
                                                      0.024     0.814 r  system_i/ddr4_0/inst/u_ddr4_mem_intfc/u_mig_ddr4_phy/inst/u_ddr4_phy_pll/gen_bufg_backbone.u__bufg_backbone/O
                         net (fo=1, routed)           1.049     1.863    system_i/ddr4_0/inst/u_ddr4_infrastructure/mmcm_clk_in
    MMCM_X0Y3            MMCME4_ADV (Prop_MMCM_CLKIN1_CLKOUT6)
                                                      0.630     2.493 r  system_i/ddr4_0/inst/u_ddr4_infrastructure/gen_mmcme4.u_mmcme_adv_inst/CLKOUT6
                         net (fo=1, routed)           0.227     2.720    system_i/ddr4_0/inst/u_ddr4_infrastructure/mmcm_clkout6
    BUFGCE_X0Y82         BUFGCE (Prop_BUFCE_BUFGCE_I_O)
                                                      0.024     2.744 r  system_i/ddr4_0/inst/u_ddr4_infrastructure/u_bufg_riuClk/O
    X1Y2 (CLOCK_ROOT)    net (fo=1640, routed)        1.759     4.502    system_i/ddr4_0/inst/u_ddr4_mem_intfc/u_ddr_cal_riu/CLK
    SLICE_X3Y227         FDRE                                         r  system_i/ddr4_0/inst/u_ddr4_mem_intfc/u_ddr_cal_riu/io_write_data_riuclk_reg[3]/C
  -------------------------------------------------------------------    -------------------
    SLICE_X3Y227         FDRE (Prop_FFF_SLICEL_C_Q)
                                                      0.058     4.560 r  system_i/ddr4_0/inst/u_ddr4_mem_intfc/u_ddr_cal_riu/io_write_data_riuclk_reg[3]/Q
                         net (fo=2, routed)           0.067     4.627    system_i/ddr4_0/inst/u_ddr4_mem_intfc/u_mig_ddr4_phy/inst/io_write_data_riuclk[3]
    SLICE_X3Y226         FDRE                                         r  system_i/ddr4_0/inst/u_ddr4_mem_intfc/u_mig_ddr4_phy/inst/clb2riu_wr_data_reg[51]/D
  -------------------------------------------------------------------    -------------------

                         (clock mmcm_clkout6 rise edge)
                                                      0.000     0.000 r  <hidden>
    K22                                               0.000     0.000 r  default_sysclk1_300_clk_p
                         net (fo=0)                   0.100     0.100    system_i/ddr4_0/inst/u_ddr4_mem_intfc/u_mig_ddr4_phy/inst/u_ddr4_phy_pll/diff_input_clk.u_ibufg_sys_clk/I
    HPIOBDIFFINBUF_X0Y58 DIFFINBUF (Prop_DIFFINBUF_HPIOBDIFFINBUF_DIFF_IN_P_O)
                                                      0.469     0.569 r  system_i/ddr4_0/inst/u_ddr4_mem_intfc/u_mig_ddr4_phy/inst/u_ddr4_phy_pll/diff_input_clk.u_ibufg_sys_clk/DIFFINBUF_INST/O
                         net (fo=1, routed)           0.050     0.619    system_i/ddr4_0/inst/u_ddr4_mem_intfc/u_mig_ddr4_phy/inst/u_ddr4_phy_pll/diff_input_clk.u_ibufg_sys_clk/OUT
    K22                  IBUFCTRL (Prop_IBUFCTRL_HPIOB_M_I_O)
                                                      0.000     0.619 r  system_i/ddr4_0/inst/u_ddr4_mem_intfc/u_mig_ddr4_phy/inst/u_ddr4_phy_pll/diff_input_clk.u_ibufg_sys_clk/IBUFCTRL_INST/O
                         net (fo=2, routed)           0.336     0.955    system_i/ddr4_0/inst/u_ddr4_mem_intfc/u_mig_ddr4_phy/inst/u_ddr4_phy_pll/sys_clk_in
    BUFGCE_X0Y49         BUFGCE (Prop_BUFCE_BUFGCE_I_O)
                                                      0.028     0.983 r  system_i/ddr4_0/inst/u_ddr4_mem_intfc/u_mig_ddr4_phy/inst/u_ddr4_phy_pll/gen_bufg_backbone.u__bufg_backbone/O
                         net (fo=1, routed)           1.179     2.162    system_i/ddr4_0/inst/u_ddr4_infrastructure/mmcm_clk_in
    MMCM_X0Y3            MMCME4_ADV (Prop_MMCM_CLKIN1_CLKOUT6)
                                                     -0.127     2.035 r  system_i/ddr4_0/inst/u_ddr4_infrastructure/gen_mmcme4.u_mmcme_adv_inst/CLKOUT6
                         net (fo=1, routed)           0.262     2.297    system_i/ddr4_0/inst/u_ddr4_infrastructure/mmcm_clkout6
    BUFGCE_X0Y82         BUFGCE (Prop_BUFCE_BUFGCE_I_O)
                                                      0.028     2.325 r  system_i/ddr4_0/inst/u_ddr4_infrastructure/u_bufg_riuClk/O
    X1Y2 (CLOCK_ROOT)    net (fo=1640, routed)        1.990     4.315    system_i/ddr4_0/inst/u_ddr4_mem_intfc/u_mig_ddr4_phy/inst/riu_clk
    SLICE_X3Y226         FDRE                                         r  system_i/ddr4_0/inst/u_ddr4_mem_intfc/u_mig_ddr4_phy/inst/clb2riu_wr_data_reg[51]/C
                         clock pessimism              0.234     4.549    <hidden>
    SLICE_X3Y226         FDRE (Hold_EFF2_SLICEL_C_D)
                                                      0.062     4.611    system_i/ddr4_0/inst/u_ddr4_mem_intfc/u_mig_ddr4_phy/inst/clb2riu_wr_data_reg[51]
  -------------------------------------------------------------------
                         required time                         -4.611    <hidden>
                         arrival time                           4.627    <hidden>
  -------------------------------------------------------------------
                         slack                                  0.016    <hidden>





Pulse Width Checks
--------------------------------------------------------------------------------------
Clock Name:         mmcm_clkout6
Waveform(ns):       { 0.000 3.001 }
Period(ns):         6.001
Sources:            { system_i/ddr4_0/inst/u_ddr4_infrastructure/gen_mmcme4.u_mmcme_adv_inst/CLKOUT6 }

Check Type        Corner  Lib Pin                   Reference Pin             Required(ns)  Actual(ns)  Slack(ns)  Location                Pin
Min Period        n/a     BITSLICE_CONTROL/RIU_CLK  n/a                       3.846         6.001       2.155      BITSLICE_CONTROL_X0Y19  system_i/ddr4_0/inst/u_ddr4_mem_intfc/u_mig_ddr4_phy/inst/generate_block1.u_ddr_xiphy/byte_num[0].xiphy_byte_wrapper.u_xiphy_byte_wrapper/I_CONTROL[1].GEN_I_CONTROL.u_xiphy_control/xiphy_control/RIU_CLK
Low Pulse Width   Slow    BITSLICE_CONTROL/RIU_CLK  n/a                       1.731         3.001       1.270      BITSLICE_CONTROL_X0Y19  system_i/ddr4_0/inst/u_ddr4_mem_intfc/u_mig_ddr4_phy/inst/generate_block1.u_ddr_xiphy/byte_num[0].xiphy_byte_wrapper.u_xiphy_byte_wrapper/I_CONTROL[1].GEN_I_CONTROL.u_xiphy_control/xiphy_control/RIU_CLK
High Pulse Width  Slow    BITSLICE_CONTROL/RIU_CLK  n/a                       1.731         3.001       1.270      BITSLICE_CONTROL_X0Y19  system_i/ddr4_0/inst/u_ddr4_mem_intfc/u_mig_ddr4_phy/inst/generate_block1.u_ddr_xiphy/byte_num[0].xiphy_byte_wrapper.u_xiphy_byte_wrapper/I_CONTROL[1].GEN_I_CONTROL.u_xiphy_control/xiphy_control/RIU_CLK
Max Skew          Fast    BITSLICE_CONTROL/RIU_CLK  BITSLICE_CONTROL/PLL_CLK  1.818         0.851       0.967      BITSLICE_CONTROL_X0Y25  system_i/ddr4_0/inst/u_ddr4_mem_intfc/u_mig_ddr4_phy/inst/generate_block1.u_ddr_xiphy/byte_num[3].xiphy_byte_wrapper.u_xiphy_byte_wrapper/I_CONTROL[1].GEN_I_CONTROL.u_xiphy_control/xiphy_control/RIU_CLK



---------------------------------------------------------------------------------------------------
From Clock:  system_i/mdm_0/U0/Use_E2.BSCAN_I/Use_E2.BSCANE2_I/DRCK
  To Clock:  system_i/mdm_0/U0/Use_E2.BSCAN_I/Use_E2.BSCANE2_I/DRCK

Setup :            0  Failing Endpoints,  Worst Slack       15.517ns,  Total Violation        0.000ns
Hold  :            0  Failing Endpoints,  Worst Slack        0.023ns,  Total Violation        0.000ns
PW    :            0  Failing Endpoints,  Worst Slack       16.134ns,  Total Violation        0.000ns
---------------------------------------------------------------------------------------------------


Max Delay Paths
--------------------------------------------------------------------------------------
Slack (MET) :             15.517ns  (required time - arrival time)
  Source:                 system_i/mdm_0/U0/MDM_Core_I1/JTAG_CONTROL_I/Use_BSCAN.SYNC_FDRE/Using_FPGA.Native/C
                            (falling edge-triggered cell FDRE clocked by system_i/mdm_0/U0/Use_E2.BSCAN_I/Use_E2.BSCANE2_I/DRCK  {rise@0.000ns fall@16.667ns period=33.333ns})
  Destination:            system_i/microblaze_0/U0/<hidden>/<hidden>/<hidden>/<hidden>/<hidden>
                            (rising edge-triggered cell FDRE clocked by system_i/mdm_0/U0/Use_E2.BSCAN_I/Use_E2.BSCANE2_I/DRCK  {rise@0.000ns fall@16.667ns period=33.333ns})
  Path Group:             system_i/mdm_0/U0/Use_E2.BSCAN_I/Use_E2.BSCANE2_I/DRCK
  Path Type:              Setup (Max at Slow Process Corner)
  Requirement:            16.667ns  (system_i/mdm_0/U0/Use_E2.BSCAN_I/Use_E2.BSCANE2_I/DRCK rise@33.333ns - system_i/mdm_0/U0/Use_E2.BSCAN_I/Use_E2.BSCANE2_I/DRCK fall@16.667ns)
  Data Path Delay:        0.858ns  (logic 0.165ns (19.224%)  route 0.693ns (80.776%))
  Logic Levels:           2  (LUT3=1 LUT6=1)
  Clock Path Skew:        -0.081ns (DCD - SCD + CPR)
    Destination Clock Delay (DCD):    4.404ns = ( 37.737 - 33.333 ) 
    Source Clock Delay      (SCD):    10.941ns = ( 27.608 - 16.667 ) 
    Clock Pessimism Removal (CPR):    6.456ns
  Clock Uncertainty:      0.235ns  ((TSJ^2 + TIJ^2)^1/2 + DJ) / 2 + PE + DCD
    Total System Jitter     (TSJ):    0.071ns
    Total Input Jitter      (TIJ):    0.000ns
    Discrete Jitter          (DJ):    0.000ns
    Phase Error              (PE):    0.000ns
    Duty Cycle Distortion   (DCD):    0.200ns
  Clock Net Delay (Source):      2.387ns (routing 1.500ns, distribution 0.887ns)
  Clock Net Delay (Destination): 2.130ns (routing 1.364ns, distribution 0.766ns)

    Location             Delay type                Incr(ns)  Path(ns)    Netlist Resource(s)
  -------------------------------------------------------------------    -------------------
                         (clock system_i/mdm_0/U0/Use_E2.BSCAN_I/Use_E2.BSCANE2_I/DRCK fall edge)
                                                     16.667    16.667 f  <hidden>
    CONFIG_SITE_X0Y0     BSCANE2                      0.000    16.667 f  system_i/mdm_0/U0/Use_E2.BSCAN_I/Use_E2.BSCANE2_I/INTERNAL_TCK
    CONFIG_SITE_X0Y0     BSCANE2 (Prop_BSCAN2_CONFIG_SITE_INTERNAL_TCK_DRCK)
                                                      5.900    22.566 f  system_i/mdm_0/U0/Use_E2.BSCAN_I/Use_E2.BSCANE2_I/DRCK
                         net (fo=1, routed)           2.626    25.193    system_i/mdm_0/U0/No_Dbg_Reg_Access.BUFG_DRCK/DRCK
    BUFGCE_X0Y5          BUFGCE (Prop_BUFCE_BUFGCE_I_O)
                                                      0.028    25.221 f  system_i/mdm_0/U0/No_Dbg_Reg_Access.BUFG_DRCK/Using_FPGA.Native/O
    X2Y3 (CLOCK_ROOT)    net (fo=233, routed)         2.387    27.608    system_i/mdm_0/U0/MDM_Core_I1/JTAG_CONTROL_I/Use_BSCAN.SYNC_FDRE/Using_FPGA.Native_0
    SLICE_X50Y236        FDRE                                         r  system_i/mdm_0/U0/MDM_Core_I1/JTAG_CONTROL_I/Use_BSCAN.SYNC_FDRE/Using_FPGA.Native/C  (IS_INVERTED)
  -------------------------------------------------------------------    -------------------
    SLICE_X50Y236        FDRE (Prop_AFF_SLICEM_C_Q)
                                                      0.077    27.685 r  system_i/mdm_0/U0/MDM_Core_I1/JTAG_CONTROL_I/Use_BSCAN.SYNC_FDRE/Using_FPGA.Native/Q
                         net (fo=3, routed)           0.191    27.876    system_i/mdm_0/U0/MDM_Core_I1/JTAG_CONTROL_I/Use_BSCAN.SYNC_FDRE/sync
    SLICE_X50Y237        LUT6 (Prop_G6LUT_SLICEM_I0_O)
                                                      0.037    27.913 r  system_i/mdm_0/U0/MDM_Core_I1/JTAG_CONTROL_I/Use_BSCAN.SYNC_FDRE/Dbg_Shift_0_INST_0/O
                         net (fo=8, routed)           0.213    28.126    system_i/microblaze_0/U0/<hidden>/<hidden>/<hidden>/<hidden>
    SLICE_X49Y235        LUT3 (Prop_D6LUT_SLICEM_I2_O)
                                                      0.051    28.177 r  system_i/microblaze_0/U0/<hidden>/<hidden>/<hidden>/<hidden>/<hidden>
                         net (fo=1, routed)           0.289    28.466    system_i/microblaze_0/U0/<hidden>/<hidden>/<hidden>/<hidden>
    SLICE_X49Y235        FDRE                                         r  system_i/microblaze_0/U0/<hidden>/<hidden>/<hidden>/<hidden>/<hidden>
  -------------------------------------------------------------------    -------------------

                         (clock system_i/mdm_0/U0/Use_E2.BSCAN_I/Use_E2.BSCANE2_I/DRCK rise edge)
                                                     33.333    33.333 r  <hidden>
    CONFIG_SITE_X0Y0     BSCANE2                      0.000    33.333 r  system_i/mdm_0/U0/Use_E2.BSCAN_I/Use_E2.BSCANE2_I/INTERNAL_TCK
    CONFIG_SITE_X0Y0     BSCANE2 (Prop_BSCAN2_CONFIG_SITE_INTERNAL_TCK_DRCK)
                                                      0.465    33.798 r  system_i/mdm_0/U0/Use_E2.BSCAN_I/Use_E2.BSCANE2_I/DRCK
                         net (fo=1, routed)           1.785    35.583    system_i/mdm_0/U0/No_Dbg_Reg_Access.BUFG_DRCK/DRCK
    BUFGCE_X0Y5          BUFGCE (Prop_BUFCE_BUFGCE_I_O)
                                                      0.024    35.607 r  system_i/mdm_0/U0/No_Dbg_Reg_Access.BUFG_DRCK/Using_FPGA.Native/O
    X2Y3 (CLOCK_ROOT)    net (fo=233, routed)         2.130    37.737    system_i/microblaze_0/U0/<hidden>/<hidden>/<hidden>/<hidden>
    SLICE_X49Y235        FDRE                                         r  system_i/microblaze_0/U0/<hidden>/<hidden>/<hidden>/<hidden>/<hidden>
                         clock pessimism              6.456    44.193    <hidden>
                         clock uncertainty           -0.235    43.958    <hidden>
    SLICE_X49Y235        FDRE (Setup_EFF_SLICEM_C_D)
                                                      0.025    43.983    system_i/microblaze_0/U0/<hidden>/<hidden>/<hidden>/<hidden>
  -------------------------------------------------------------------
                         required time                         43.983    <hidden>
                         arrival time                         -28.466    <hidden>
  -------------------------------------------------------------------
                         slack                                 15.517    <hidden>





Min Delay Paths
--------------------------------------------------------------------------------------
Slack (MET) :             0.023ns  (arrival time - required time)
  Source:                 system_i/microblaze_0/U0/<hidden>/<hidden>/<hidden>/<hidden>/<hidden>
                            (rising edge-triggered cell FDRE clocked by system_i/mdm_0/U0/Use_E2.BSCAN_I/Use_E2.BSCANE2_I/DRCK  {rise@0.000ns fall@16.667ns period=33.333ns})
  Destination:            system_i/microblaze_0/U0/<hidden>/<hidden>/<hidden>/<hidden>/<hidden>
                            (rising edge-triggered cell FDRE clocked by system_i/mdm_0/U0/Use_E2.BSCAN_I/Use_E2.BSCANE2_I/DRCK  {rise@0.000ns fall@16.667ns period=33.333ns})
  Path Group:             system_i/mdm_0/U0/Use_E2.BSCAN_I/Use_E2.BSCANE2_I/DRCK
  Path Type:              Hold (Min at Slow Process Corner)
  Requirement:            0.000ns  (system_i/mdm_0/U0/Use_E2.BSCAN_I/Use_E2.BSCANE2_I/DRCK rise@0.000ns - system_i/mdm_0/U0/Use_E2.BSCAN_I/Use_E2.BSCANE2_I/DRCK rise@0.000ns)
  Data Path Delay:        0.176ns  (logic 0.059ns (33.552%)  route 0.117ns (66.449%))
  Logic Levels:           0  
  Clock Path Skew:        0.091ns (DCD - SCD - CPR)
    Destination Clock Delay (DCD):    10.952ns
    Source Clock Delay      (SCD):    4.405ns
    Clock Pessimism Removal (CPR):    6.456ns
  Clock Net Delay (Source):      2.131ns (routing 1.364ns, distribution 0.767ns)
  Clock Net Delay (Destination): 2.398ns (routing 1.500ns, distribution 0.898ns)

    Location             Delay type                Incr(ns)  Path(ns)    Netlist Resource(s)
  -------------------------------------------------------------------    -------------------
                         (clock system_i/mdm_0/U0/Use_E2.BSCAN_I/Use_E2.BSCANE2_I/DRCK rise edge)
                                                      0.000     0.000 r  <hidden>
    CONFIG_SITE_X0Y0     BSCANE2                      0.000     0.000 r  system_i/mdm_0/U0/Use_E2.BSCAN_I/Use_E2.BSCANE2_I/INTERNAL_TCK
    CONFIG_SITE_X0Y0     BSCANE2 (Prop_BSCAN2_CONFIG_SITE_INTERNAL_TCK_DRCK)
                                                      0.465     0.465 r  system_i/mdm_0/U0/Use_E2.BSCAN_I/Use_E2.BSCANE2_I/DRCK
                         net (fo=1, routed)           1.785     2.250    system_i/mdm_0/U0/No_Dbg_Reg_Access.BUFG_DRCK/DRCK
    BUFGCE_X0Y5          BUFGCE (Prop_BUFCE_BUFGCE_I_O)
                                                      0.024     2.274 r  system_i/mdm_0/U0/No_Dbg_Reg_Access.BUFG_DRCK/Using_FPGA.Native/O
    X2Y3 (CLOCK_ROOT)    net (fo=233, routed)         2.131     4.405    system_i/microblaze_0/U0/<hidden>/<hidden>/<hidden>/<hidden>
    SLICE_X48Y233        FDRE                                         r  system_i/microblaze_0/U0/<hidden>/<hidden>/<hidden>/<hidden>/<hidden>
  -------------------------------------------------------------------    -------------------
    SLICE_X48Y233        FDRE (Prop_CFF2_SLICEL_C_Q)
                                                      0.059     4.464 r  system_i/microblaze_0/U0/<hidden>/<hidden>/<hidden>/<hidden>/<hidden>
                         net (fo=33, routed)          0.117     4.580    system_i/microblaze_0/U0/<hidden>/<hidden>/<hidden>/<hidden>
    SLICE_X47Y233        FDRE                                         r  system_i/microblaze_0/U0/<hidden>/<hidden>/<hidden>/<hidden>/<hidden>
  -------------------------------------------------------------------    -------------------

                         (clock system_i/mdm_0/U0/Use_E2.BSCAN_I/Use_E2.BSCANE2_I/DRCK rise edge)
                                                      0.000     0.000 r  <hidden>
    CONFIG_SITE_X0Y0     BSCANE2                      0.000     0.000 r  system_i/mdm_0/U0/Use_E2.BSCAN_I/Use_E2.BSCANE2_I/INTERNAL_TCK
    CONFIG_SITE_X0Y0     BSCANE2 (Prop_BSCAN2_CONFIG_SITE_INTERNAL_TCK_DRCK)
                                                      5.900     5.900 r  system_i/mdm_0/U0/Use_E2.BSCAN_I/Use_E2.BSCANE2_I/DRCK
                         net (fo=1, routed)           2.626     8.526    system_i/mdm_0/U0/No_Dbg_Reg_Access.BUFG_DRCK/DRCK
    BUFGCE_X0Y5          BUFGCE (Prop_BUFCE_BUFGCE_I_O)
                                                      0.028     8.554 r  system_i/mdm_0/U0/No_Dbg_Reg_Access.BUFG_DRCK/Using_FPGA.Native/O
    X2Y3 (CLOCK_ROOT)    net (fo=233, routed)         2.398    10.952    system_i/microblaze_0/U0/<hidden>/<hidden>/<hidden>/<hidden>
    SLICE_X47Y233        FDRE                                         r  system_i/microblaze_0/U0/<hidden>/<hidden>/<hidden>/<hidden>/<hidden>
                         clock pessimism             -6.456     4.496    <hidden>
    SLICE_X47Y233        FDRE (Hold_HFF2_SLICEL_C_D)
                                                      0.062     4.558    system_i/microblaze_0/U0/<hidden>/<hidden>/<hidden>/<hidden>
  -------------------------------------------------------------------
                         required time                         -4.558    <hidden>
                         arrival time                           4.580    <hidden>
  -------------------------------------------------------------------
                         slack                                  0.023    <hidden>





Pulse Width Checks
--------------------------------------------------------------------------------------
Clock Name:         system_i/mdm_0/U0/Use_E2.BSCAN_I/Use_E2.BSCANE2_I/DRCK
Waveform(ns):       { 0.000 16.667 }
Period(ns):         33.333
Sources:            { system_i/mdm_0/U0/Use_E2.BSCAN_I/Use_E2.BSCANE2_I/DRCK }

Check Type        Corner  Lib Pin     Reference Pin  Required(ns)  Actual(ns)  Slack(ns)  Location        Pin
Min Period        n/a     BUFGCE/I    n/a            1.290         33.333      32.043     BUFGCE_X0Y5     system_i/mdm_0/U0/No_Dbg_Reg_Access.BUFG_DRCK/Using_FPGA.Native/I
Low Pulse Width   Slow    SRL16E/CLK  n/a            0.532         16.666      16.134     SLICE_X110Y238  system_i/mdm_0/U0/MDM_Core_I1/Use_BSCAN.Config_Reg_reg[12]_srl13_MDM_Core_I1_Use_BSCAN.Config_Reg_reg_c_11/CLK
High Pulse Width  Slow    SRL16E/CLK  n/a            0.532         16.667      16.135     SLICE_X110Y238  system_i/mdm_0/U0/MDM_Core_I1/Use_BSCAN.Config_Reg_reg[12]_srl13_MDM_Core_I1_Use_BSCAN.Config_Reg_reg_c_11/CLK



---------------------------------------------------------------------------------------------------
From Clock:  system_i/mdm_0/U0/Use_E2.BSCAN_I/Use_E2.BSCANE2_I/UPDATE
  To Clock:  system_i/mdm_0/U0/Use_E2.BSCAN_I/Use_E2.BSCANE2_I/UPDATE

Setup :            0  Failing Endpoints,  Worst Slack       30.791ns,  Total Violation        0.000ns
Hold  :            0  Failing Endpoints,  Worst Slack        0.136ns,  Total Violation        0.000ns
PW    :            0  Failing Endpoints,  Worst Slack       33.058ns,  Total Violation        0.000ns
---------------------------------------------------------------------------------------------------


Max Delay Paths
--------------------------------------------------------------------------------------
Slack (MET) :             30.791ns  (required time - arrival time)
  Source:                 system_i/mdm_0/U0/MDM_Core_I1/JTAG_CONTROL_I/Use_BSCAN.FDC_I/Using_FPGA.Native/C
                            (falling edge-triggered cell FDCE clocked by system_i/mdm_0/U0/Use_E2.BSCAN_I/Use_E2.BSCANE2_I/UPDATE  {rise@0.000ns fall@33.333ns period=66.666ns})
  Destination:            system_i/microblaze_0/U0/<hidden>/<hidden>/<hidden>/<hidden>/<hidden>
                            (rising edge-triggered cell FDRE clocked by system_i/mdm_0/U0/Use_E2.BSCAN_I/Use_E2.BSCANE2_I/UPDATE  {rise@0.000ns fall@33.333ns period=66.666ns})
  Path Group:             system_i/mdm_0/U0/Use_E2.BSCAN_I/Use_E2.BSCANE2_I/UPDATE
  Path Type:              Setup (Max at Slow Process Corner)
  Requirement:            33.333ns  (system_i/mdm_0/U0/Use_E2.BSCAN_I/Use_E2.BSCANE2_I/UPDATE rise@66.666ns - system_i/mdm_0/U0/Use_E2.BSCAN_I/Use_E2.BSCANE2_I/UPDATE fall@33.333ns)
  Data Path Delay:        2.166ns  (logic 0.466ns (21.518%)  route 1.700ns (78.482%))
  Logic Levels:           3  (LUT3=1 LUT4=1 LUT5=1)
  Clock Path Skew:        -0.081ns (DCD - SCD + CPR)
    Destination Clock Delay (DCD):    4.248ns = ( 70.914 - 66.666 ) 
    Source Clock Delay      (SCD):    9.977ns = ( 43.310 - 33.333 ) 
    Clock Pessimism Removal (CPR):    5.648ns
  Clock Uncertainty:      0.235ns  ((TSJ^2 + TIJ^2)^1/2 + DJ) / 2 + PE + DCD
    Total System Jitter     (TSJ):    0.071ns
    Total Input Jitter      (TIJ):    0.000ns
    Discrete Jitter          (DJ):    0.000ns
    Phase Error              (PE):    0.000ns
    Duty Cycle Distortion   (DCD):    0.200ns
  Clock Net Delay (Source):      2.208ns (routing 1.387ns, distribution 0.821ns)
  Clock Net Delay (Destination): 1.968ns (routing 1.262ns, distribution 0.706ns)

    Location             Delay type                Incr(ns)  Path(ns)    Netlist Resource(s)
  -------------------------------------------------------------------    -------------------
                         (clock system_i/mdm_0/U0/Use_E2.BSCAN_I/Use_E2.BSCANE2_I/UPDATE fall edge)
                                                     33.333    33.333 f  <hidden>
    CONFIG_SITE_X0Y0     BSCANE2                      0.000    33.333 f  system_i/mdm_0/U0/Use_E2.BSCAN_I/Use_E2.BSCANE2_I/INTERNAL_TCK
    CONFIG_SITE_X0Y0     BSCANE2 (Prop_BSCAN2_CONFIG_SITE_INTERNAL_TCK_UPDATE)
                                                      5.100    38.433 f  system_i/mdm_0/U0/Use_E2.BSCAN_I/Use_E2.BSCANE2_I/UPDATE
                         net (fo=1, routed)           2.641    41.074    system_i/mdm_0/U0/Use_E2.BSCAN_I/Dbg_Update_0
    BUFGCE_X0Y21         BUFGCE (Prop_BUFCE_BUFGCE_I_O)
                                                      0.028    41.102 f  system_i/mdm_0/U0/Use_E2.BSCAN_I/Dbg_Update_0_BUFG_inst/O
    X1Y3 (CLOCK_ROOT)    net (fo=39, routed)          2.208    43.310    system_i/mdm_0/U0/MDM_Core_I1/JTAG_CONTROL_I/Use_BSCAN.FDC_I/CLK
    SLICE_X51Y237        FDCE                                         r  system_i/mdm_0/U0/MDM_Core_I1/JTAG_CONTROL_I/Use_BSCAN.FDC_I/Using_FPGA.Native/C  (IS_INVERTED)
  -------------------------------------------------------------------    -------------------
    SLICE_X51Y237        FDCE (Prop_EFF_SLICEL_C_Q)
                                                      0.079    43.389 f  system_i/mdm_0/U0/MDM_Core_I1/JTAG_CONTROL_I/Use_BSCAN.FDC_I/Using_FPGA.Native/Q
                         net (fo=18, routed)          0.351    43.740    system_i/mdm_0/U0/MDM_Core_I1/JTAG_CONTROL_I/Use_BSCAN.FDC_I/Q_0
    SLICE_X52Y236        LUT3 (Prop_D5LUT_SLICEM_I1_O)
                                                      0.135    43.875 f  system_i/mdm_0/U0/MDM_Core_I1/JTAG_CONTROL_I/Use_BSCAN.FDC_I/Dbg_Reg_En_0[1]_INST_0/O
                         net (fo=2, routed)           0.236    44.111    system_i/microblaze_0/U0/<hidden>/<hidden>/<hidden>/<hidden>
    SLICE_X52Y236        LUT4 (Prop_B6LUT_SLICEM_I1_O)
                                                      0.149    44.260 f  system_i/microblaze_0/U0/<hidden>/<hidden>/<hidden>/<hidden>/<hidden>
                         net (fo=7, routed)           0.377    44.637    system_i/microblaze_0/U0/<hidden>/<hidden>/<hidden>/<hidden>
    SLICE_X49Y236        LUT5 (Prop_B5LUT_SLICEM_I4_O)
                                                      0.103    44.740 r  system_i/microblaze_0/U0/<hidden>/<hidden>/<hidden>/<hidden>/<hidden>
                         net (fo=8, routed)           0.736    45.475    system_i/microblaze_0/U0/<hidden>/<hidden>/<hidden>/<hidden>
    SLICE_X46Y231        FDRE                                         r  system_i/microblaze_0/U0/<hidden>/<hidden>/<hidden>/<hidden>/<hidden>
  -------------------------------------------------------------------    -------------------

                         (clock system_i/mdm_0/U0/Use_E2.BSCAN_I/Use_E2.BSCANE2_I/UPDATE rise edge)
                                                     66.666    66.666 f  <hidden>
    CONFIG_SITE_X0Y0     BSCANE2                      0.000    66.666 f  system_i/mdm_0/U0/Use_E2.BSCAN_I/Use_E2.BSCANE2_I/INTERNAL_TCK
    CONFIG_SITE_X0Y0     BSCANE2 (Prop_BSCAN2_CONFIG_SITE_INTERNAL_TCK_UPDATE)
                                                      0.465    67.131 r  system_i/mdm_0/U0/Use_E2.BSCAN_I/Use_E2.BSCANE2_I/UPDATE
                         net (fo=1, routed)           1.791    68.922    system_i/mdm_0/U0/Use_E2.BSCAN_I/Dbg_Update_0
    BUFGCE_X0Y21         BUFGCE (Prop_BUFCE_BUFGCE_I_O)
                                                      0.024    68.946 r  system_i/mdm_0/U0/Use_E2.BSCAN_I/Dbg_Update_0_BUFG_inst/O
    X1Y3 (CLOCK_ROOT)    net (fo=39, routed)          1.968    70.914    system_i/microblaze_0/U0/<hidden>/<hidden>/<hidden>/<hidden>
    SLICE_X46Y231        FDRE                                         r  system_i/microblaze_0/U0/<hidden>/<hidden>/<hidden>/<hidden>/<hidden>
                         clock pessimism              5.648    76.562    <hidden>
                         clock uncertainty           -0.235    76.326    <hidden>
    SLICE_X46Y231        FDRE (Setup_EFF2_SLICEL_C_CE)
                                                     -0.060    76.267    system_i/microblaze_0/U0/<hidden>/<hidden>/<hidden>/<hidden>
  -------------------------------------------------------------------
                         required time                         76.267    <hidden>
                         arrival time                         -45.475    <hidden>
  -------------------------------------------------------------------
                         slack                                 30.791    <hidden>





Min Delay Paths
--------------------------------------------------------------------------------------
Slack (MET) :             0.136ns  (arrival time - required time)
  Source:                 system_i/mdm_0/U0/MDM_Core_I1/JTAG_CONTROL_I/completion_ctrl_reg[0]/C
                            (rising edge-triggered cell FDRE clocked by system_i/mdm_0/U0/Use_E2.BSCAN_I/Use_E2.BSCANE2_I/UPDATE  {rise@0.000ns fall@33.333ns period=66.666ns})
  Destination:            system_i/mdm_0/U0/MDM_Core_I1/JTAG_CONTROL_I/completion_ctrl_reg[0]/D
                            (rising edge-triggered cell FDRE clocked by system_i/mdm_0/U0/Use_E2.BSCAN_I/Use_E2.BSCANE2_I/UPDATE  {rise@0.000ns fall@33.333ns period=66.666ns})
  Path Group:             system_i/mdm_0/U0/Use_E2.BSCAN_I/Use_E2.BSCANE2_I/UPDATE
  Path Type:              Hold (Min at Fast Process Corner)
  Requirement:            0.000ns  (system_i/mdm_0/U0/Use_E2.BSCAN_I/Use_E2.BSCANE2_I/UPDATE rise@0.000ns - system_i/mdm_0/U0/Use_E2.BSCAN_I/Use_E2.BSCANE2_I/UPDATE rise@0.000ns)
  Data Path Delay:        0.189ns  (logic 0.102ns (53.837%)  route 0.087ns (46.163%))
  Logic Levels:           1  (LUT3=1)
  Clock Path Skew:        0.006ns (DCD - SCD - CPR)
    Destination Clock Delay (DCD):    8.303ns
    Source Clock Delay      (SCD):    3.057ns
    Clock Pessimism Removal (CPR):    5.240ns
  Clock Net Delay (Source):      1.201ns (routing 0.753ns, distribution 0.448ns)
  Clock Net Delay (Destination): 1.357ns (routing 0.839ns, distribution 0.518ns)

    Location             Delay type                Incr(ns)  Path(ns)    Netlist Resource(s)
  -------------------------------------------------------------------    -------------------
                         (clock system_i/mdm_0/U0/Use_E2.BSCAN_I/Use_E2.BSCANE2_I/UPDATE rise edge)
                                                      0.000     0.000 r  <hidden>
    CONFIG_SITE_X0Y0     BSCANE2                      0.000     0.000 f  system_i/mdm_0/U0/Use_E2.BSCAN_I/Use_E2.BSCANE2_I/INTERNAL_TCK
    CONFIG_SITE_X0Y0     BSCANE2 (Prop_BSCAN2_CONFIG_SITE_INTERNAL_TCK_UPDATE)
                                                      0.465     0.465 r  system_i/mdm_0/U0/Use_E2.BSCAN_I/Use_E2.BSCANE2_I/UPDATE
                         net (fo=1, routed)           1.374     1.839    system_i/mdm_0/U0/Use_E2.BSCAN_I/Dbg_Update_0
    BUFGCE_X0Y21         BUFGCE (Prop_BUFCE_BUFGCE_I_O)
                                                      0.017     1.856 r  system_i/mdm_0/U0/Use_E2.BSCAN_I/Dbg_Update_0_BUFG_inst/O
    X1Y3 (CLOCK_ROOT)    net (fo=39, routed)          1.201     3.057    system_i/mdm_0/U0/MDM_Core_I1/JTAG_CONTROL_I/CLK
    SLICE_X50Y239        FDRE                                         r  system_i/mdm_0/U0/MDM_Core_I1/JTAG_CONTROL_I/completion_ctrl_reg[0]/C
  -------------------------------------------------------------------    -------------------
    SLICE_X50Y239        FDRE (Prop_DFF2_SLICEM_C_Q)
                                                      0.041     3.098 r  system_i/mdm_0/U0/MDM_Core_I1/JTAG_CONTROL_I/completion_ctrl_reg[0]/Q
                         net (fo=2, routed)           0.078     3.176    system_i/mdm_0/U0/MDM_Core_I1/JTAG_CONTROL_I/Use_BSCAN.FDC_I/completion_ctrl[0]
    SLICE_X50Y239        LUT3 (Prop_D5LUT_SLICEM_I2_O)
                                                      0.061     3.237 r  system_i/mdm_0/U0/MDM_Core_I1/JTAG_CONTROL_I/Use_BSCAN.FDC_I/completion_ctrl[0]_i_1/O
                         net (fo=1, routed)           0.009     3.246    system_i/mdm_0/U0/MDM_Core_I1/JTAG_CONTROL_I/Use_BSCAN.FDC_I_n_35
    SLICE_X50Y239        FDRE                                         r  system_i/mdm_0/U0/MDM_Core_I1/JTAG_CONTROL_I/completion_ctrl_reg[0]/D
  -------------------------------------------------------------------    -------------------

                         (clock system_i/mdm_0/U0/Use_E2.BSCAN_I/Use_E2.BSCANE2_I/UPDATE rise edge)
                                                      0.000     0.000 f  <hidden>
    CONFIG_SITE_X0Y0     BSCANE2                      0.000     0.000 f  system_i/mdm_0/U0/Use_E2.BSCAN_I/Use_E2.BSCANE2_I/INTERNAL_TCK
    CONFIG_SITE_X0Y0     BSCANE2 (Prop_BSCAN2_CONFIG_SITE_INTERNAL_TCK_UPDATE)
                                                      5.100     5.100 r  system_i/mdm_0/U0/Use_E2.BSCAN_I/Use_E2.BSCANE2_I/UPDATE
                         net (fo=1, routed)           1.827     6.927    system_i/mdm_0/U0/Use_E2.BSCAN_I/Dbg_Update_0
    BUFGCE_X0Y21         BUFGCE (Prop_BUFCE_BUFGCE_I_O)
                                                      0.019     6.946 r  system_i/mdm_0/U0/Use_E2.BSCAN_I/Dbg_Update_0_BUFG_inst/O
    X1Y3 (CLOCK_ROOT)    net (fo=39, routed)          1.357     8.303    system_i/mdm_0/U0/MDM_Core_I1/JTAG_CONTROL_I/CLK
    SLICE_X50Y239        FDRE                                         r  system_i/mdm_0/U0/MDM_Core_I1/JTAG_CONTROL_I/completion_ctrl_reg[0]/C
                         clock pessimism             -5.240     3.063    <hidden>
    SLICE_X50Y239        FDRE (Hold_DFF2_SLICEM_C_D)
                                                      0.047     3.110    system_i/mdm_0/U0/MDM_Core_I1/JTAG_CONTROL_I/completion_ctrl_reg[0]
  -------------------------------------------------------------------
                         required time                         -3.110    <hidden>
                         arrival time                           3.246    <hidden>
  -------------------------------------------------------------------
                         slack                                  0.136    <hidden>





Pulse Width Checks
--------------------------------------------------------------------------------------
Clock Name:         system_i/mdm_0/U0/Use_E2.BSCAN_I/Use_E2.BSCANE2_I/UPDATE
Waveform(ns):       { 0.000 33.333 }
Period(ns):         66.666
Sources:            { system_i/mdm_0/U0/Use_E2.BSCAN_I/Use_E2.BSCANE2_I/UPDATE }

Check Type        Corner  Lib Pin   Reference Pin  Required(ns)  Actual(ns)  Slack(ns)  Location       Pin
Min Period        n/a     BUFGCE/I  n/a            1.290         66.666      65.376     BUFGCE_X0Y21   system_i/mdm_0/U0/Use_E2.BSCAN_I/Dbg_Update_0_BUFG_inst/I
Low Pulse Width   Slow    FDCE/C    n/a            0.275         33.333      33.058     SLICE_X51Y236  system_i/mdm_0/U0/MDM_Core_I1/Use_BSCAN.PORT_Selector_1_reg[0]/C
High Pulse Width  Slow    FDCE/C    n/a            0.275         33.333      33.058     SLICE_X51Y236  system_i/mdm_0/U0/MDM_Core_I1/Use_BSCAN.PORT_Selector_1_reg[0]/C



---------------------------------------------------------------------------------------------------
From Clock:  mmcm_clkout5
  To Clock:  dbg_hub/inst/BSCANID.u_xsdbm_id/SWITCH_N_EXT_BSCAN.bscan_inst/SERIES7_BSCAN.bscan_inst/INTERNAL_TCK

Setup :            0  Failing Endpoints,  Worst Slack       11.589ns,  Total Violation        0.000ns
Hold  :           NA  Failing Endpoints,  Worst Slack           NA  ,  Total Violation           NA
---------------------------------------------------------------------------------------------------


Max Delay Paths
--------------------------------------------------------------------------------------
Slack (MET) :             11.589ns  (required time - arrival time)
  Source:                 dbg_hub/inst/BSCANID.u_xsdbm_id/CORE_XSDB.UUT_MASTER/U_ICON_INTERFACE/U_CMD6_WR/U_WR_FIFO/SUBCORE_FIFO.xsdbm_v3_0_6_wrfifo_inst/inst_fifo_gen/gconvfifo.rf/grf.rf/gntv_or_sync_fifo.gcx.clkx/gnxpm_cdc.rd_pntr_gc_reg[2]/C
                            (rising edge-triggered cell FDCE clocked by mmcm_clkout5  {rise@0.000ns fall@6.001ns period=12.002ns})
  Destination:            dbg_hub/inst/BSCANID.u_xsdbm_id/CORE_XSDB.UUT_MASTER/U_ICON_INTERFACE/U_CMD6_WR/U_WR_FIFO/SUBCORE_FIFO.xsdbm_v3_0_6_wrfifo_inst/inst_fifo_gen/gconvfifo.rf/grf.rf/gntv_or_sync_fifo.gcx.clkx/gnxpm_cdc.gsync_stage[1].wr_stg_inst/Q_reg_reg[2]/D
                            (rising edge-triggered cell FDCE clocked by dbg_hub/inst/BSCANID.u_xsdbm_id/SWITCH_N_EXT_BSCAN.bscan_inst/SERIES7_BSCAN.bscan_inst/INTERNAL_TCK  {rise@0.000ns fall@25.000ns period=50.000ns})
  Path Group:             dbg_hub/inst/BSCANID.u_xsdbm_id/SWITCH_N_EXT_BSCAN.bscan_inst/SERIES7_BSCAN.bscan_inst/INTERNAL_TCK
  Path Type:              Setup (Max at Slow Process Corner)
  Requirement:            12.002ns  (MaxDelay Path 12.002ns)
  Data Path Delay:        0.438ns  (logic 0.080ns (18.265%)  route 0.358ns (81.735%))
  Logic Levels:           0  
  Timing Exception:       MaxDelay Path 12.002ns -datapath_only

    Location             Delay type                Incr(ns)  Path(ns)    Netlist Resource(s)
  -------------------------------------------------------------------    -------------------
    SLICE_X44Y118                                     0.000     0.000 r  dbg_hub/inst/BSCANID.u_xsdbm_id/CORE_XSDB.UUT_MASTER/U_ICON_INTERFACE/U_CMD6_WR/U_WR_FIFO/SUBCORE_FIFO.xsdbm_v3_0_6_wrfifo_inst/inst_fifo_gen/gconvfifo.rf/grf.rf/gntv_or_sync_fifo.gcx.clkx/gnxpm_cdc.rd_pntr_gc_reg[2]/C
    SLICE_X44Y118        FDCE (Prop_AFF2_SLICEM_C_Q)
                                                      0.080     0.080 r  dbg_hub/inst/BSCANID.u_xsdbm_id/CORE_XSDB.UUT_MASTER/U_ICON_INTERFACE/U_CMD6_WR/U_WR_FIFO/SUBCORE_FIFO.xsdbm_v3_0_6_wrfifo_inst/inst_fifo_gen/gconvfifo.rf/grf.rf/gntv_or_sync_fifo.gcx.clkx/gnxpm_cdc.rd_pntr_gc_reg[2]/Q
                         net (fo=1, routed)           0.358     0.438    dbg_hub/inst/BSCANID.u_xsdbm_id/CORE_XSDB.UUT_MASTER/U_ICON_INTERFACE/U_CMD6_WR/U_WR_FIFO/SUBCORE_FIFO.xsdbm_v3_0_6_wrfifo_inst/inst_fifo_gen/gconvfifo.rf/grf.rf/gntv_or_sync_fifo.gcx.clkx/gnxpm_cdc.gsync_stage[1].wr_stg_inst/Q[2]
    SLICE_X44Y117        FDCE                                         r  dbg_hub/inst/BSCANID.u_xsdbm_id/CORE_XSDB.UUT_MASTER/U_ICON_INTERFACE/U_CMD6_WR/U_WR_FIFO/SUBCORE_FIFO.xsdbm_v3_0_6_wrfifo_inst/inst_fifo_gen/gconvfifo.rf/grf.rf/gntv_or_sync_fifo.gcx.clkx/gnxpm_cdc.gsync_stage[1].wr_stg_inst/Q_reg_reg[2]/D
  -------------------------------------------------------------------    -------------------

                         max delay                   12.002    12.002    <hidden>
    SLICE_X44Y117        FDCE (Setup_CFF2_SLICEM_C_D)
                                                      0.025    12.027    dbg_hub/inst/BSCANID.u_xsdbm_id/CORE_XSDB.UUT_MASTER/U_ICON_INTERFACE/U_CMD6_WR/U_WR_FIFO/SUBCORE_FIFO.xsdbm_v3_0_6_wrfifo_inst/inst_fifo_gen/gconvfifo.rf/grf.rf/gntv_or_sync_fifo.gcx.clkx/gnxpm_cdc.gsync_stage[1].wr_stg_inst/Q_reg_reg[2]
  -------------------------------------------------------------------
                         required time                         12.027    <hidden>
                         arrival time                          -0.438    <hidden>
  -------------------------------------------------------------------
                         slack                                 11.589    <hidden>





---------------------------------------------------------------------------------------------------
From Clock:  mmcm_clkout1
  To Clock:  mmcm_clkout0

Setup :            0  Failing Endpoints,  Worst Slack        8.914ns,  Total Violation        0.000ns
Hold  :           NA  Failing Endpoints,  Worst Slack           NA  ,  Total Violation           NA
---------------------------------------------------------------------------------------------------


Max Delay Paths
--------------------------------------------------------------------------------------
Slack (MET) :             8.914ns  (required time - arrival time)
  Source:                 system_i/sc_0/inst/m00_nodes/m00_w_node/inst/inst_mi_handler/gen_normal_area.inst_fifo_node_payld/gen_xpm_memory_fifo.inst_fifo/gen_mem_rep[1].inst_xpm_memory/xpm_memory_base_inst/gen_wr_a.gen_word_narrow.mem_reg_0_31_98_111/RAMG/CLK
                            (rising edge-triggered cell RAMD32 clocked by mmcm_clkout1  {rise@0.000ns fall@5.001ns period=10.002ns})
  Destination:            system_i/sc_0/inst/m00_nodes/m00_w_node/inst/inst_mi_handler/gen_normal_area.inst_fifo_node_payld/gen_xpm_memory_fifo.inst_fifo/gen_mem_rep[1].inst_xpm_memory/xpm_memory_base_inst/gen_rd_b.gen_rd_b_synth_template.gen_rf_narrow_reg.doutb_reg_reg[110]/D
                            (rising edge-triggered cell FDRE clocked by mmcm_clkout0  {rise@0.000ns fall@1.500ns period=3.001ns})
  Path Group:             mmcm_clkout0
  Path Type:              Setup (Max at Slow Process Corner)
  Requirement:            10.002ns  (MaxDelay Path 10.002ns)
  Data Path Delay:        1.113ns  (logic 0.281ns (25.247%)  route 0.832ns (74.753%))
  Logic Levels:           0  
  Timing Exception:       MaxDelay Path 10.002ns -datapath_only

    Location             Delay type                Incr(ns)  Path(ns)    Netlist Resource(s)
  -------------------------------------------------------------------    -------------------
    SLICE_X66Y208                                     0.000     0.000 r  system_i/sc_0/inst/m00_nodes/m00_w_node/inst/inst_mi_handler/gen_normal_area.inst_fifo_node_payld/gen_xpm_memory_fifo.inst_fifo/gen_mem_rep[1].inst_xpm_memory/xpm_memory_base_inst/gen_wr_a.gen_word_narrow.mem_reg_0_31_98_111/RAMG/CLK
    SLICE_X66Y208        RAMD32 (Prop_G5LUT_SLICEM_CLK_O)
                                                      0.281     0.281 r  system_i/sc_0/inst/m00_nodes/m00_w_node/inst/inst_mi_handler/gen_normal_area.inst_fifo_node_payld/gen_xpm_memory_fifo.inst_fifo/gen_mem_rep[1].inst_xpm_memory/xpm_memory_base_inst/gen_wr_a.gen_word_narrow.mem_reg_0_31_98_111/RAMG/O
                         net (fo=1, routed)           0.832     1.113    system_i/sc_0/inst/m00_nodes/m00_w_node/inst/inst_mi_handler/gen_normal_area.inst_fifo_node_payld/gen_xpm_memory_fifo.inst_fifo/gen_mem_rep[1].inst_xpm_memory/xpm_memory_base_inst/gen_rd_b.gen_rd_b_synth_template.gen_rf_narrow_reg.doutb_reg_reg0[110]
    SLICE_X56Y207        FDRE                                         r  system_i/sc_0/inst/m00_nodes/m00_w_node/inst/inst_mi_handler/gen_normal_area.inst_fifo_node_payld/gen_xpm_memory_fifo.inst_fifo/gen_mem_rep[1].inst_xpm_memory/xpm_memory_base_inst/gen_rd_b.gen_rd_b_synth_template.gen_rf_narrow_reg.doutb_reg_reg[110]/D
  -------------------------------------------------------------------    -------------------

                         max delay                   10.002    10.002    <hidden>
    SLICE_X56Y207        FDRE (Setup_FFF2_SLICEM_C_D)
                                                      0.025    10.027    system_i/sc_0/inst/m00_nodes/m00_w_node/inst/inst_mi_handler/gen_normal_area.inst_fifo_node_payld/gen_xpm_memory_fifo.inst_fifo/gen_mem_rep[1].inst_xpm_memory/xpm_memory_base_inst/gen_rd_b.gen_rd_b_synth_template.gen_rf_narrow_reg.doutb_reg_reg[110]
  -------------------------------------------------------------------
                         required time                         10.027    <hidden>
                         arrival time                          -1.113    <hidden>
  -------------------------------------------------------------------
                         slack                                  8.914    <hidden>





---------------------------------------------------------------------------------------------------
From Clock:  mmcm_clkout5
  To Clock:  mmcm_clkout0

Setup :            0  Failing Endpoints,  Worst Slack        2.557ns,  Total Violation        0.000ns
Hold  :           NA  Failing Endpoints,  Worst Slack           NA  ,  Total Violation           NA
---------------------------------------------------------------------------------------------------


Max Delay Paths
--------------------------------------------------------------------------------------
Slack (MET) :             2.557ns  (required time - arrival time)
  Source:                 system_i/ddr4_0/inst/u_ddr4_mem_intfc/u_ddr_cal_top/u_ddr_cal/u_xsdb_arbiter/slave_di_r_reg[6]/C
                            (rising edge-triggered cell FDRE clocked by mmcm_clkout5  {rise@0.000ns fall@6.001ns period=12.002ns})
  Destination:            system_i/ddr4_0/inst/u_ddr4_mem_intfc/u_ddr_cal_top/u_ddr_cal/u_xsdb_arbiter/u_slave_di_sync/SYNC[6].sync_reg_reg[0]/D
                            (rising edge-triggered cell FDRE clocked by mmcm_clkout0  {rise@0.000ns fall@1.500ns period=3.001ns})
  Path Group:             mmcm_clkout0
  Path Type:              Setup (Max at Slow Process Corner)
  Requirement:            3.000ns  (MaxDelay Path 3.000ns)
  Data Path Delay:        0.468ns  (logic 0.079ns (16.880%)  route 0.389ns (83.120%))
  Logic Levels:           0  
  Timing Exception:       MaxDelay Path 3.000ns -datapath_only

    Location             Delay type                Incr(ns)  Path(ns)    Netlist Resource(s)
  -------------------------------------------------------------------    -------------------
    SLICE_X28Y140                                     0.000     0.000 r  system_i/ddr4_0/inst/u_ddr4_mem_intfc/u_ddr_cal_top/u_ddr_cal/u_xsdb_arbiter/slave_di_r_reg[6]/C
    SLICE_X28Y140        FDRE (Prop_EFF2_SLICEM_C_Q)
                                                      0.079     0.079 r  system_i/ddr4_0/inst/u_ddr4_mem_intfc/u_ddr_cal_top/u_ddr_cal/u_xsdb_arbiter/slave_di_r_reg[6]/Q
                         net (fo=1, routed)           0.389     0.468    system_i/ddr4_0/inst/u_ddr4_mem_intfc/u_ddr_cal_top/u_ddr_cal/u_xsdb_arbiter/u_slave_di_sync/out[6]
    SLICE_X26Y145        FDRE                                         r  system_i/ddr4_0/inst/u_ddr4_mem_intfc/u_ddr_cal_top/u_ddr_cal/u_xsdb_arbiter/u_slave_di_sync/SYNC[6].sync_reg_reg[0]/D
  -------------------------------------------------------------------    -------------------

                         max delay                    3.000     3.000    <hidden>
    SLICE_X26Y145        FDRE (Setup_CFF2_SLICEL_C_D)
                                                      0.025     3.025    system_i/ddr4_0/inst/u_ddr4_mem_intfc/u_ddr_cal_top/u_ddr_cal/u_xsdb_arbiter/u_slave_di_sync/SYNC[6].sync_reg_reg[0]
  -------------------------------------------------------------------
                         required time                          3.025    <hidden>
                         arrival time                          -0.468    <hidden>
  -------------------------------------------------------------------
                         slack                                  2.557    <hidden>





---------------------------------------------------------------------------------------------------
From Clock:  mmcm_clkout6
  To Clock:  mmcm_clkout0

Setup :            0  Failing Endpoints,  Worst Slack        2.123ns,  Total Violation        0.000ns
Hold  :           NA  Failing Endpoints,  Worst Slack           NA  ,  Total Violation           NA
---------------------------------------------------------------------------------------------------


Max Delay Paths
--------------------------------------------------------------------------------------
Slack (MET) :             2.123ns  (required time - arrival time)
  Source:                 system_i/ddr4_0/inst/u_ddr4_mem_intfc/u_ddr_cal_riu/io_write_data_riuclk_reg[16]/C
                            (rising edge-triggered cell FDRE clocked by mmcm_clkout6  {rise@0.000ns fall@3.001ns period=6.001ns})
  Destination:            system_i/ddr4_0/inst/u_ddr4_mem_intfc/u_io_write_data_sync/SYNC[16].sync_reg_reg[0]/D
                            (rising edge-triggered cell FDRE clocked by mmcm_clkout0  {rise@0.000ns fall@1.500ns period=3.001ns})
  Path Group:             mmcm_clkout0
  Path Type:              Setup (Max at Slow Process Corner)
  Requirement:            3.000ns  (MaxDelay Path 3.000ns)
  Data Path Delay:        0.902ns  (logic 0.076ns (8.426%)  route 0.826ns (91.574%))
  Logic Levels:           0  
  Timing Exception:       MaxDelay Path 3.000ns -datapath_only

    Location             Delay type                Incr(ns)  Path(ns)    Netlist Resource(s)
  -------------------------------------------------------------------    -------------------
    SLICE_X12Y211                                     0.000     0.000 r  system_i/ddr4_0/inst/u_ddr4_mem_intfc/u_ddr_cal_riu/io_write_data_riuclk_reg[16]/C
    SLICE_X12Y211        FDRE (Prop_EFF_SLICEM_C_Q)
                                                      0.076     0.076 r  system_i/ddr4_0/inst/u_ddr4_mem_intfc/u_ddr_cal_riu/io_write_data_riuclk_reg[16]/Q
                         net (fo=2, routed)           0.826     0.902    system_i/ddr4_0/inst/u_ddr4_mem_intfc/u_io_write_data_sync/SYNC[31].sync_reg_reg[0]_0[16]
    SLICE_X12Y211        FDRE                                         r  system_i/ddr4_0/inst/u_ddr4_mem_intfc/u_io_write_data_sync/SYNC[16].sync_reg_reg[0]/D
  -------------------------------------------------------------------    -------------------

                         max delay                    3.000     3.000    <hidden>
    SLICE_X12Y211        FDRE (Setup_DFF2_SLICEM_C_D)
                                                      0.025     3.025    system_i/ddr4_0/inst/u_ddr4_mem_intfc/u_io_write_data_sync/SYNC[16].sync_reg_reg[0]
  -------------------------------------------------------------------
                         required time                          3.025    <hidden>
                         arrival time                          -0.902    <hidden>
  -------------------------------------------------------------------
                         slack                                  2.123    <hidden>





---------------------------------------------------------------------------------------------------
From Clock:  mmcm_clkout0
  To Clock:  pll_clk[0]_DIV

Setup :            0  Failing Endpoints,  Worst Slack        1.225ns,  Total Violation        0.000ns
Hold  :            0  Failing Endpoints,  Worst Slack        0.552ns,  Total Violation        0.000ns
---------------------------------------------------------------------------------------------------


Max Delay Paths
--------------------------------------------------------------------------------------
Slack (MET) :             1.225ns  (required time - arrival time)
  Source:                 system_i/ddr4_0/inst/u_ddr4_mem_intfc/u_ddr_cal_top/mcal_BA_dly_reg[0][10]/C
                            (rising edge-triggered cell FDRE clocked by mmcm_clkout0  {rise@0.000ns fall@1.500ns period=3.001ns})
  Destination:            system_i/ddr4_0/inst/u_ddr4_mem_intfc/u_mig_ddr4_phy/inst/generate_block1.u_ddr_xiphy/byte_num[1].xiphy_byte_wrapper.u_xiphy_byte_wrapper/I_BITSLICE_UPPER[4].GEN_RXTX_BITSLICE_EN.u_xiphy_bitslice_upper/xiphy_rxtx_bitslice/D[1]
                            (rising edge-triggered cell RXTX_BITSLICE clocked by pll_clk[0]_DIV  {rise@0.000ns fall@1.500ns period=3.001ns})
  Path Group:             pll_clk[0]_DIV
  Path Type:              Setup (Max at Slow Process Corner)
  Requirement:            3.001ns  (pll_clk[0]_DIV rise@3.001ns - mmcm_clkout0 rise@0.000ns)
  Data Path Delay:        1.117ns  (logic 0.079ns (7.075%)  route 1.038ns (92.925%))
  Logic Levels:           0  
  Clock Path Skew:        -0.449ns (DCD - SCD + CPR)
    Destination Clock Delay (DCD):    4.079ns = ( 7.080 - 3.001 ) 
    Source Clock Delay      (SCD):    4.226ns
    Clock Pessimism Removal (CPR):    -0.303ns
  Clock Uncertainty:      0.170ns  ((TSJ^2 + DJ^2)^1/2) / 2 + PE
    Total System Jitter     (TSJ):    0.071ns
    Discrete Jitter          (DJ):    0.062ns
    Phase Error              (PE):    0.123ns
  Clock Net Delay (Source):      1.919ns (routing 0.932ns, distribution 0.987ns)

    Location             Delay type                Incr(ns)  Path(ns)    Netlist Resource(s)
  -------------------------------------------------------------------    -------------------
                         (clock mmcm_clkout0 rise edge)
                                                      0.000     0.000 r  <hidden>
    K22                                               0.000     0.000 r  default_sysclk1_300_clk_p
                         net (fo=0)                   0.100     0.100    system_i/ddr4_0/inst/u_ddr4_mem_intfc/u_mig_ddr4_phy/inst/u_ddr4_phy_pll/diff_input_clk.u_ibufg_sys_clk/I
    HPIOBDIFFINBUF_X0Y58 DIFFINBUF (Prop_DIFFINBUF_HPIOBDIFFINBUF_DIFF_IN_P_O)
                                                      0.469     0.569 r  system_i/ddr4_0/inst/u_ddr4_mem_intfc/u_mig_ddr4_phy/inst/u_ddr4_phy_pll/diff_input_clk.u_ibufg_sys_clk/DIFFINBUF_INST/O
                         net (fo=1, routed)           0.050     0.619    system_i/ddr4_0/inst/u_ddr4_mem_intfc/u_mig_ddr4_phy/inst/u_ddr4_phy_pll/diff_input_clk.u_ibufg_sys_clk/OUT
    K22                  IBUFCTRL (Prop_IBUFCTRL_HPIOB_M_I_O)
                                                      0.000     0.619 r  system_i/ddr4_0/inst/u_ddr4_mem_intfc/u_mig_ddr4_phy/inst/u_ddr4_phy_pll/diff_input_clk.u_ibufg_sys_clk/IBUFCTRL_INST/O
                         net (fo=2, routed)           0.336     0.955    system_i/ddr4_0/inst/u_ddr4_mem_intfc/u_mig_ddr4_phy/inst/u_ddr4_phy_pll/sys_clk_in
    BUFGCE_X0Y49         BUFGCE (Prop_BUFCE_BUFGCE_I_O)
                                                      0.028     0.983 r  system_i/ddr4_0/inst/u_ddr4_mem_intfc/u_mig_ddr4_phy/inst/u_ddr4_phy_pll/gen_bufg_backbone.u__bufg_backbone/O
                         net (fo=1, routed)           1.179     2.162    system_i/ddr4_0/inst/u_ddr4_infrastructure/mmcm_clk_in
    MMCM_X0Y3            MMCME4_ADV (Prop_MMCM_CLKIN1_CLKOUT0)
                                                     -0.127     2.035 r  system_i/ddr4_0/inst/u_ddr4_infrastructure/gen_mmcme4.u_mmcme_adv_inst/CLKOUT0
                         net (fo=1, routed)           0.244     2.279    system_i/ddr4_0/inst/u_ddr4_infrastructure/mmcm_clkout0
    BUFGCE_X0Y74         BUFGCE (Prop_BUFCE_BUFGCE_I_O)
                                                      0.028     2.307 r  system_i/ddr4_0/inst/u_ddr4_infrastructure/u_bufg_divClk/O
    X1Y2 (CLOCK_ROOT)    net (fo=14016, routed)       1.919     4.226    system_i/ddr4_0/inst/u_ddr4_mem_intfc/u_ddr_cal_top/dReg_reg[13]
    SLICE_X0Y170         FDRE                                         r  system_i/ddr4_0/inst/u_ddr4_mem_intfc/u_ddr_cal_top/mcal_BA_dly_reg[0][10]/C
  -------------------------------------------------------------------    -------------------
    SLICE_X0Y170         FDRE (Prop_DFF_SLICEL_C_Q)
                                                      0.079     4.305 r  system_i/ddr4_0/inst/u_ddr4_mem_intfc/u_ddr_cal_top/mcal_BA_dly_reg[0][10]/Q
                         net (fo=2, routed)           1.038     5.343    system_i/ddr4_0/inst/u_ddr4_mem_intfc/u_mig_ddr4_phy/inst/generate_block1.u_ddr_xiphy/byte_num[1].xiphy_byte_wrapper.u_xiphy_byte_wrapper/I_BITSLICE_UPPER[4].GEN_RXTX_BITSLICE_EN.u_xiphy_bitslice_upper/clb2phy_wr_dq10[1]
    BITSLICE_RX_TX_X0Y140
                         RXTX_BITSLICE                                r  system_i/ddr4_0/inst/u_ddr4_mem_intfc/u_mig_ddr4_phy/inst/generate_block1.u_ddr_xiphy/byte_num[1].xiphy_byte_wrapper.u_xiphy_byte_wrapper/I_BITSLICE_UPPER[4].GEN_RXTX_BITSLICE_EN.u_xiphy_bitslice_upper/xiphy_rxtx_bitslice/D[1]
  -------------------------------------------------------------------    -------------------

                         (clock pll_clk[0]_DIV rise edge)
                                                      3.001     3.001 f  <hidden>
    K22                                               0.000     3.001 f  default_sysclk1_300_clk_p
                         net (fo=0)                   0.079     3.080    system_i/ddr4_0/inst/u_ddr4_mem_intfc/u_mig_ddr4_phy/inst/u_ddr4_phy_pll/diff_input_clk.u_ibufg_sys_clk/I
    HPIOBDIFFINBUF_X0Y58 DIFFINBUF (Prop_DIFFINBUF_HPIOBDIFFINBUF_DIFF_IN_P_O)
                                                      0.374     3.453 f  system_i/ddr4_0/inst/u_ddr4_mem_intfc/u_mig_ddr4_phy/inst/u_ddr4_phy_pll/diff_input_clk.u_ibufg_sys_clk/DIFFINBUF_INST/O
                         net (fo=1, routed)           0.040     3.493    system_i/ddr4_0/inst/u_ddr4_mem_intfc/u_mig_ddr4_phy/inst/u_ddr4_phy_pll/diff_input_clk.u_ibufg_sys_clk/OUT
    K22                  IBUFCTRL (Prop_IBUFCTRL_HPIOB_M_I_O)
                                                      0.000     3.493 f  system_i/ddr4_0/inst/u_ddr4_mem_intfc/u_mig_ddr4_phy/inst/u_ddr4_phy_pll/diff_input_clk.u_ibufg_sys_clk/IBUFCTRL_INST/O
                         net (fo=2, routed)           0.297     3.790    system_i/ddr4_0/inst/u_ddr4_mem_intfc/u_mig_ddr4_phy/inst/u_ddr4_phy_pll/sys_clk_in
    BUFGCE_X0Y49         BUFGCE (Prop_BUFCE_BUFGCE_I_O)
                                                      0.024     3.814 f  system_i/ddr4_0/inst/u_ddr4_mem_intfc/u_mig_ddr4_phy/inst/u_ddr4_phy_pll/gen_bufg_backbone.u__bufg_backbone/O
                         net (fo=1, routed)           1.049     4.863    system_i/ddr4_0/inst/u_ddr4_infrastructure/mmcm_clk_in
    MMCM_X0Y3            MMCME4_ADV (Prop_MMCM_CLKIN1_CLKOUT0)
                                                      0.630     5.493 f  system_i/ddr4_0/inst/u_ddr4_infrastructure/gen_mmcme4.u_mmcme_adv_inst/CLKOUT0
                         net (fo=1, routed)           0.214     5.707    system_i/ddr4_0/inst/u_ddr4_infrastructure/mmcm_clkout0
    BUFGCE_X0Y74         BUFGCE (Prop_BUFCE_BUFGCE_I_O)
                                                      0.024     5.731 f  system_i/ddr4_0/inst/u_ddr4_infrastructure/u_bufg_divClk/O
                         net (fo=14016, routed)       1.558     7.289    system_i/ddr4_0/inst/u_ddr4_mem_intfc/u_mig_ddr4_phy/inst/u_ddr4_phy_pll/div_clk
    PLL_X0Y4             PLLE4_ADV (Prop_PLL_CLKIN_CLKOUTPHY)
                                                     -0.630     6.659 f  system_i/ddr4_0/inst/u_ddr4_mem_intfc/u_mig_ddr4_phy/inst/u_ddr4_phy_pll/plle_loop[0].gen_plle4.PLLE4_BASE_INST_OTHER/CLKOUTPHY
                         net (fo=5, routed)           0.102     6.761    system_i/ddr4_0/inst/u_ddr4_mem_intfc/u_mig_ddr4_phy/inst/generate_block1.u_ddr_xiphy/byte_num[1].xiphy_byte_wrapper.u_xiphy_byte_wrapper/I_CONTROL[1].GEN_I_CONTROL.u_xiphy_control/pll_clk[0]
    BITSLICE_CONTROL_X0Y21
                         BITSLICE_CONTROL (Prop_CONTROL_BITSLICE_CONTROL_PLL_CLK_TX_DIV2_CLK_Q)
                                                      0.106     6.867 r  system_i/ddr4_0/inst/u_ddr4_mem_intfc/u_mig_ddr4_phy/inst/generate_block1.u_ddr_xiphy/byte_num[1].xiphy_byte_wrapper.u_xiphy_byte_wrapper/I_CONTROL[1].GEN_I_CONTROL.u_xiphy_control/xiphy_control/TX_DIV2_CLK_Q
    BITSLICE_CONTROL_X0Y21
                         BITSLICE_CONTROL (Prop_CONTROL_BITSLICE_CONTROL_TX_DIV2_CLK_Q_TX_DIV4_CLK_Q)
                                                      0.075     6.942 r  system_i/ddr4_0/inst/u_ddr4_mem_intfc/u_mig_ddr4_phy/inst/generate_block1.u_ddr_xiphy/byte_num[1].xiphy_byte_wrapper.u_xiphy_byte_wrapper/I_CONTROL[1].GEN_I_CONTROL.u_xiphy_control/xiphy_control/TX_DIV4_CLK_Q
    BITSLICE_CONTROL_X0Y21
                         BITSLICE_CONTROL (Prop_CONTROL_BITSLICE_CONTROL_TX_DIV4_CLK_Q_TX_BIT_CTRL_OUT4[26])
                                                      0.125     7.067 r  system_i/ddr4_0/inst/u_ddr4_mem_intfc/u_mig_ddr4_phy/inst/generate_block1.u_ddr_xiphy/byte_num[1].xiphy_byte_wrapper.u_xiphy_byte_wrapper/I_CONTROL[1].GEN_I_CONTROL.u_xiphy_control/xiphy_control/TX_BIT_CTRL_OUT4[26]
                         net (fo=1, routed)           0.013     7.080    system_i/ddr4_0/inst/u_ddr4_mem_intfc/u_mig_ddr4_phy/inst/generate_block1.u_ddr_xiphy/byte_num[1].xiphy_byte_wrapper.u_xiphy_byte_wrapper/I_BITSLICE_UPPER[4].GEN_RXTX_BITSLICE_EN.u_xiphy_bitslice_upper/TX_BIT_CTRL_OUT4[26]
    BITSLICE_RX_TX_X0Y140
                         RXTX_BITSLICE                                r  system_i/ddr4_0/inst/u_ddr4_mem_intfc/u_mig_ddr4_phy/inst/generate_block1.u_ddr_xiphy/byte_num[1].xiphy_byte_wrapper.u_xiphy_byte_wrapper/I_BITSLICE_UPPER[4].GEN_RXTX_BITSLICE_EN.u_xiphy_bitslice_upper/xiphy_rxtx_bitslice/TX_BIT_CTRL_IN[26]
                         clock pessimism             -0.303     6.777    <hidden>
                         clock uncertainty           -0.170     6.607    <hidden>
    BITSLICE_RX_TX_X0Y140
                         RXTX_BITSLICE (Setup_RXTX_BITSLICE_BITSLICE_RX_TX_TX_BIT_CTRL_IN[26]_D[1])
                                                     -0.039     6.568    system_i/ddr4_0/inst/u_ddr4_mem_intfc/u_mig_ddr4_phy/inst/generate_block1.u_ddr_xiphy/byte_num[1].xiphy_byte_wrapper.u_xiphy_byte_wrapper/I_BITSLICE_UPPER[4].GEN_RXTX_BITSLICE_EN.u_xiphy_bitslice_upper/xiphy_rxtx_bitslice
  -------------------------------------------------------------------
                         required time                          6.568    <hidden>
                         arrival time                          -5.343    <hidden>
  -------------------------------------------------------------------
                         slack                                  1.225    <hidden>





Min Delay Paths
--------------------------------------------------------------------------------------
Slack (MET) :             0.552ns  (arrival time - required time)
  Source:                 system_i/ddr4_0/inst/u_ddr4_mem_intfc/u_ddr_cal_top/mcal_ADR_dly_reg[0][14]/C
                            (rising edge-triggered cell FDRE clocked by mmcm_clkout0  {rise@0.000ns fall@1.500ns period=3.001ns})
  Destination:            system_i/ddr4_0/inst/u_ddr4_mem_intfc/u_mig_ddr4_phy/inst/generate_block1.u_ddr_xiphy/byte_num[2].xiphy_byte_wrapper.u_xiphy_byte_wrapper/I_BITSLICE_UPPER[0].GEN_RXTX_BITSLICE_EN.u_xiphy_bitslice_upper/xiphy_rxtx_bitslice/D[6]
                            (rising edge-triggered cell RXTX_BITSLICE clocked by pll_clk[0]_DIV  {rise@0.000ns fall@1.500ns period=3.001ns})
  Path Group:             pll_clk[0]_DIV
  Path Type:              Hold (Min at Slow Process Corner)
  Requirement:            0.000ns  (pll_clk[0]_DIV rise@0.000ns - mmcm_clkout0 rise@0.000ns)
  Data Path Delay:        0.309ns  (logic 0.061ns (19.727%)  route 0.248ns (80.273%))
  Logic Levels:           0  
  Clock Path Skew:        -0.498ns (DCD - SCD - CPR)
    Destination Clock Delay (DCD):    3.623ns
    Source Clock Delay      (SCD):    4.424ns
    Clock Pessimism Removal (CPR):    -0.303ns
  Clock Uncertainty:      0.170ns  ((TSJ^2 + DJ^2)^1/2) / 2 + PE
    Total System Jitter     (TSJ):    0.071ns
    Discrete Jitter          (DJ):    0.062ns
    Phase Error              (PE):    0.123ns
  Clock Net Delay (Source):      1.694ns (routing 0.847ns, distribution 0.847ns)

    Location             Delay type                Incr(ns)  Path(ns)    Netlist Resource(s)
  -------------------------------------------------------------------    -------------------
                         (clock mmcm_clkout0 rise edge)
                                                      0.000     0.000 r  <hidden>
    K22                                               0.000     0.000 r  default_sysclk1_300_clk_p
                         net (fo=0)                   0.079     0.079    system_i/ddr4_0/inst/u_ddr4_mem_intfc/u_mig_ddr4_phy/inst/u_ddr4_phy_pll/diff_input_clk.u_ibufg_sys_clk/I
    HPIOBDIFFINBUF_X0Y58 DIFFINBUF (Prop_DIFFINBUF_HPIOBDIFFINBUF_DIFF_IN_P_O)
                                                      0.374     0.453 r  system_i/ddr4_0/inst/u_ddr4_mem_intfc/u_mig_ddr4_phy/inst/u_ddr4_phy_pll/diff_input_clk.u_ibufg_sys_clk/DIFFINBUF_INST/O
                         net (fo=1, routed)           0.040     0.493    system_i/ddr4_0/inst/u_ddr4_mem_intfc/u_mig_ddr4_phy/inst/u_ddr4_phy_pll/diff_input_clk.u_ibufg_sys_clk/OUT
    K22                  IBUFCTRL (Prop_IBUFCTRL_HPIOB_M_I_O)
                                                      0.000     0.493 r  system_i/ddr4_0/inst/u_ddr4_mem_intfc/u_mig_ddr4_phy/inst/u_ddr4_phy_pll/diff_input_clk.u_ibufg_sys_clk/IBUFCTRL_INST/O
                         net (fo=2, routed)           0.297     0.790    system_i/ddr4_0/inst/u_ddr4_mem_intfc/u_mig_ddr4_phy/inst/u_ddr4_phy_pll/sys_clk_in
    BUFGCE_X0Y49         BUFGCE (Prop_BUFCE_BUFGCE_I_O)
                                                      0.024     0.814 r  system_i/ddr4_0/inst/u_ddr4_mem_intfc/u_mig_ddr4_phy/inst/u_ddr4_phy_pll/gen_bufg_backbone.u__bufg_backbone/O
                         net (fo=1, routed)           1.049     1.863    system_i/ddr4_0/inst/u_ddr4_infrastructure/mmcm_clk_in
    MMCM_X0Y3            MMCME4_ADV (Prop_MMCM_CLKIN1_CLKOUT0)
                                                      0.630     2.493 r  system_i/ddr4_0/inst/u_ddr4_infrastructure/gen_mmcme4.u_mmcme_adv_inst/CLKOUT0
                         net (fo=1, routed)           0.214     2.707    system_i/ddr4_0/inst/u_ddr4_infrastructure/mmcm_clkout0
    BUFGCE_X0Y74         BUFGCE (Prop_BUFCE_BUFGCE_I_O)
                                                      0.024     2.731 r  system_i/ddr4_0/inst/u_ddr4_infrastructure/u_bufg_divClk/O
    X1Y2 (CLOCK_ROOT)    net (fo=14016, routed)       1.694     4.424    system_i/ddr4_0/inst/u_ddr4_mem_intfc/u_ddr_cal_top/dReg_reg[13]
    SLICE_X0Y173         FDRE                                         r  system_i/ddr4_0/inst/u_ddr4_mem_intfc/u_ddr_cal_top/mcal_ADR_dly_reg[0][14]/C
  -------------------------------------------------------------------    -------------------
    SLICE_X0Y173         FDRE (Prop_DFF2_SLICEL_C_Q)
                                                      0.061     4.485 r  system_i/ddr4_0/inst/u_ddr4_mem_intfc/u_ddr_cal_top/mcal_ADR_dly_reg[0][14]/Q
                         net (fo=4, routed)           0.248     4.733    system_i/ddr4_0/inst/u_ddr4_mem_intfc/u_mig_ddr4_phy/inst/generate_block1.u_ddr_xiphy/byte_num[2].xiphy_byte_wrapper.u_xiphy_byte_wrapper/I_BITSLICE_UPPER[0].GEN_RXTX_BITSLICE_EN.u_xiphy_bitslice_upper/mcal_ADR[6]
    BITSLICE_RX_TX_X0Y149
                         RXTX_BITSLICE                                r  system_i/ddr4_0/inst/u_ddr4_mem_intfc/u_mig_ddr4_phy/inst/generate_block1.u_ddr_xiphy/byte_num[2].xiphy_byte_wrapper.u_xiphy_byte_wrapper/I_BITSLICE_UPPER[0].GEN_RXTX_BITSLICE_EN.u_xiphy_bitslice_upper/xiphy_rxtx_bitslice/D[6]
  -------------------------------------------------------------------    -------------------

                         (clock pll_clk[0]_DIV rise edge)
                                                      0.000     0.000 r  <hidden>
    K22                                               0.000     0.000 r  default_sysclk1_300_clk_p
                         net (fo=0)                   0.100     0.100    system_i/ddr4_0/inst/u_ddr4_mem_intfc/u_mig_ddr4_phy/inst/u_ddr4_phy_pll/diff_input_clk.u_ibufg_sys_clk/I
    HPIOBDIFFINBUF_X0Y58 DIFFINBUF (Prop_DIFFINBUF_HPIOBDIFFINBUF_DIFF_IN_P_O)
                                                      0.469     0.569 r  system_i/ddr4_0/inst/u_ddr4_mem_intfc/u_mig_ddr4_phy/inst/u_ddr4_phy_pll/diff_input_clk.u_ibufg_sys_clk/DIFFINBUF_INST/O
                         net (fo=1, routed)           0.050     0.619    system_i/ddr4_0/inst/u_ddr4_mem_intfc/u_mig_ddr4_phy/inst/u_ddr4_phy_pll/diff_input_clk.u_ibufg_sys_clk/OUT
    K22                  IBUFCTRL (Prop_IBUFCTRL_HPIOB_M_I_O)
                                                      0.000     0.619 r  system_i/ddr4_0/inst/u_ddr4_mem_intfc/u_mig_ddr4_phy/inst/u_ddr4_phy_pll/diff_input_clk.u_ibufg_sys_clk/IBUFCTRL_INST/O
                         net (fo=2, routed)           0.336     0.955    system_i/ddr4_0/inst/u_ddr4_mem_intfc/u_mig_ddr4_phy/inst/u_ddr4_phy_pll/sys_clk_in
    BUFGCE_X0Y49         BUFGCE (Prop_BUFCE_BUFGCE_I_O)
                                                      0.028     0.983 r  system_i/ddr4_0/inst/u_ddr4_mem_intfc/u_mig_ddr4_phy/inst/u_ddr4_phy_pll/gen_bufg_backbone.u__bufg_backbone/O
                         net (fo=1, routed)           1.179     2.162    system_i/ddr4_0/inst/u_ddr4_infrastructure/mmcm_clk_in
    MMCM_X0Y3            MMCME4_ADV (Prop_MMCM_CLKIN1_CLKOUT0)
                                                     -0.127     2.035 r  system_i/ddr4_0/inst/u_ddr4_infrastructure/gen_mmcme4.u_mmcme_adv_inst/CLKOUT0
                         net (fo=1, routed)           0.244     2.279    system_i/ddr4_0/inst/u_ddr4_infrastructure/mmcm_clkout0
    BUFGCE_X0Y74         BUFGCE (Prop_BUFCE_BUFGCE_I_O)
                                                      0.028     2.307 r  system_i/ddr4_0/inst/u_ddr4_infrastructure/u_bufg_divClk/O
                         net (fo=14016, routed)       1.739     4.046    system_i/ddr4_0/inst/u_ddr4_mem_intfc/u_mig_ddr4_phy/inst/u_ddr4_phy_pll/div_clk
    PLL_X0Y4             PLLE4_ADV (Prop_PLL_CLKIN_CLKOUTPHY)
                                                     -1.058     2.988 r  system_i/ddr4_0/inst/u_ddr4_mem_intfc/u_mig_ddr4_phy/inst/u_ddr4_phy_pll/plle_loop[0].gen_plle4.PLLE4_BASE_INST_OTHER/CLKOUTPHY
                         net (fo=5, routed)           0.150     3.138    system_i/ddr4_0/inst/u_ddr4_mem_intfc/u_mig_ddr4_phy/inst/generate_block1.u_ddr_xiphy/byte_num[2].xiphy_byte_wrapper.u_xiphy_byte_wrapper/I_CONTROL[1].GEN_I_CONTROL.u_xiphy_control/pll_clk[0]
    BITSLICE_CONTROL_X0Y23
                         BITSLICE_CONTROL (Prop_CONTROL_BITSLICE_CONTROL_PLL_CLK_TX_DIV2_CLK_Q)
                                                      0.151     3.289 r  system_i/ddr4_0/inst/u_ddr4_mem_intfc/u_mig_ddr4_phy/inst/generate_block1.u_ddr_xiphy/byte_num[2].xiphy_byte_wrapper.u_xiphy_byte_wrapper/I_CONTROL[1].GEN_I_CONTROL.u_xiphy_control/xiphy_control/TX_DIV2_CLK_Q
    BITSLICE_CONTROL_X0Y23
                         BITSLICE_CONTROL (Prop_CONTROL_BITSLICE_CONTROL_TX_DIV2_CLK_Q_TX_DIV4_CLK_Q)
                                                      0.109     3.398 r  system_i/ddr4_0/inst/u_ddr4_mem_intfc/u_mig_ddr4_phy/inst/generate_block1.u_ddr_xiphy/byte_num[2].xiphy_byte_wrapper.u_xiphy_byte_wrapper/I_CONTROL[1].GEN_I_CONTROL.u_xiphy_control/xiphy_control/TX_DIV4_CLK_Q
    BITSLICE_CONTROL_X0Y23
                         BITSLICE_CONTROL (Prop_CONTROL_BITSLICE_CONTROL_TX_DIV4_CLK_Q_TX_BIT_CTRL_OUT0[26])
                                                      0.182     3.580 r  system_i/ddr4_0/inst/u_ddr4_mem_intfc/u_mig_ddr4_phy/inst/generate_block1.u_ddr_xiphy/byte_num[2].xiphy_byte_wrapper.u_xiphy_byte_wrapper/I_CONTROL[1].GEN_I_CONTROL.u_xiphy_control/xiphy_control/TX_BIT_CTRL_OUT0[26]
                         net (fo=1, routed)           0.043     3.623    system_i/ddr4_0/inst/u_ddr4_mem_intfc/u_mig_ddr4_phy/inst/generate_block1.u_ddr_xiphy/byte_num[2].xiphy_byte_wrapper.u_xiphy_byte_wrapper/I_BITSLICE_UPPER[0].GEN_RXTX_BITSLICE_EN.u_xiphy_bitslice_upper/TX_BIT_CTRL_OUT0[26]
    BITSLICE_RX_TX_X0Y149
                         RXTX_BITSLICE                                r  system_i/ddr4_0/inst/u_ddr4_mem_intfc/u_mig_ddr4_phy/inst/generate_block1.u_ddr_xiphy/byte_num[2].xiphy_byte_wrapper.u_xiphy_byte_wrapper/I_BITSLICE_UPPER[0].GEN_RXTX_BITSLICE_EN.u_xiphy_bitslice_upper/xiphy_rxtx_bitslice/TX_BIT_CTRL_IN[26]
                         clock pessimism              0.303     3.926    <hidden>
                         clock uncertainty            0.170     4.096    <hidden>
    BITSLICE_RX_TX_X0Y149
                         RXTX_BITSLICE (Hold_RXTX_BITSLICE_BITSLICE_RX_TX_TX_BIT_CTRL_IN[26]_D[6])
                                                      0.085     4.181    system_i/ddr4_0/inst/u_ddr4_mem_intfc/u_mig_ddr4_phy/inst/generate_block1.u_ddr_xiphy/byte_num[2].xiphy_byte_wrapper.u_xiphy_byte_wrapper/I_BITSLICE_UPPER[0].GEN_RXTX_BITSLICE_EN.u_xiphy_bitslice_upper/xiphy_rxtx_bitslice
  -------------------------------------------------------------------
                         required time                         -4.181    <hidden>
                         arrival time                           4.733    <hidden>
  -------------------------------------------------------------------
                         slack                                  0.552    <hidden>





---------------------------------------------------------------------------------------------------
From Clock:  mmcm_clkout0
  To Clock:  pll_clk[1]_DIV

Setup :            0  Failing Endpoints,  Worst Slack        0.447ns,  Total Violation        0.000ns
Hold  :            0  Failing Endpoints,  Worst Slack        0.510ns,  Total Violation        0.000ns
---------------------------------------------------------------------------------------------------


Max Delay Paths
--------------------------------------------------------------------------------------
Slack (MET) :             0.447ns  (required time - arrival time)
  Source:                 system_i/ddr4_0/inst/u_ddr4_mem_intfc/u_ddr_cal_top/u_ddr_mc_pi/u_ddr_mc_write/genByte[2].u_ddr_mc_wr_byte/genBit[5].u_ddr_mc_wr_bit/dReg_reg[2]/C
                            (rising edge-triggered cell FDRE clocked by mmcm_clkout0  {rise@0.000ns fall@1.500ns period=3.001ns})
  Destination:            system_i/ddr4_0/inst/u_ddr4_mem_intfc/u_mig_ddr4_phy/inst/generate_block1.u_ddr_xiphy/byte_num[4].xiphy_byte_wrapper.u_xiphy_byte_wrapper/I_BITSLICE_UPPER[4].GEN_RXTX_BITSLICE_EN.u_xiphy_bitslice_upper/xiphy_rxtx_bitslice/D[2]
                            (rising edge-triggered cell RXTX_BITSLICE clocked by pll_clk[1]_DIV  {rise@0.000ns fall@1.500ns period=3.001ns})
  Path Group:             pll_clk[1]_DIV
  Path Type:              Setup (Max at Slow Process Corner)
  Requirement:            3.001ns  (pll_clk[1]_DIV rise@3.001ns - mmcm_clkout0 rise@0.000ns)
  Data Path Delay:        1.992ns  (logic 0.079ns (3.966%)  route 1.913ns (96.034%))
  Logic Levels:           0  
  Clock Path Skew:        -0.378ns (DCD - SCD + CPR)
    Destination Clock Delay (DCD):    4.109ns = ( 7.110 - 3.001 ) 
    Source Clock Delay      (SCD):    4.189ns
    Clock Pessimism Removal (CPR):    -0.298ns
  Clock Uncertainty:      0.170ns  ((TSJ^2 + DJ^2)^1/2) / 2 + PE
    Total System Jitter     (TSJ):    0.071ns
    Discrete Jitter          (DJ):    0.062ns
    Phase Error              (PE):    0.123ns
  Clock Net Delay (Source):      1.882ns (routing 0.932ns, distribution 0.950ns)

    Location             Delay type                Incr(ns)  Path(ns)    Netlist Resource(s)
  -------------------------------------------------------------------    -------------------
                         (clock mmcm_clkout0 rise edge)
                                                      0.000     0.000 r  <hidden>
    K22                                               0.000     0.000 r  default_sysclk1_300_clk_p
                         net (fo=0)                   0.100     0.100    system_i/ddr4_0/inst/u_ddr4_mem_intfc/u_mig_ddr4_phy/inst/u_ddr4_phy_pll/diff_input_clk.u_ibufg_sys_clk/I
    HPIOBDIFFINBUF_X0Y58 DIFFINBUF (Prop_DIFFINBUF_HPIOBDIFFINBUF_DIFF_IN_P_O)
                                                      0.469     0.569 r  system_i/ddr4_0/inst/u_ddr4_mem_intfc/u_mig_ddr4_phy/inst/u_ddr4_phy_pll/diff_input_clk.u_ibufg_sys_clk/DIFFINBUF_INST/O
                         net (fo=1, routed)           0.050     0.619    system_i/ddr4_0/inst/u_ddr4_mem_intfc/u_mig_ddr4_phy/inst/u_ddr4_phy_pll/diff_input_clk.u_ibufg_sys_clk/OUT
    K22                  IBUFCTRL (Prop_IBUFCTRL_HPIOB_M_I_O)
                                                      0.000     0.619 r  system_i/ddr4_0/inst/u_ddr4_mem_intfc/u_mig_ddr4_phy/inst/u_ddr4_phy_pll/diff_input_clk.u_ibufg_sys_clk/IBUFCTRL_INST/O
                         net (fo=2, routed)           0.336     0.955    system_i/ddr4_0/inst/u_ddr4_mem_intfc/u_mig_ddr4_phy/inst/u_ddr4_phy_pll/sys_clk_in
    BUFGCE_X0Y49         BUFGCE (Prop_BUFCE_BUFGCE_I_O)
                                                      0.028     0.983 r  system_i/ddr4_0/inst/u_ddr4_mem_intfc/u_mig_ddr4_phy/inst/u_ddr4_phy_pll/gen_bufg_backbone.u__bufg_backbone/O
                         net (fo=1, routed)           1.179     2.162    system_i/ddr4_0/inst/u_ddr4_infrastructure/mmcm_clk_in
    MMCM_X0Y3            MMCME4_ADV (Prop_MMCM_CLKIN1_CLKOUT0)
                                                     -0.127     2.035 r  system_i/ddr4_0/inst/u_ddr4_infrastructure/gen_mmcme4.u_mmcme_adv_inst/CLKOUT0
                         net (fo=1, routed)           0.244     2.279    system_i/ddr4_0/inst/u_ddr4_infrastructure/mmcm_clkout0
    BUFGCE_X0Y74         BUFGCE (Prop_BUFCE_BUFGCE_I_O)
                                                      0.028     2.307 r  system_i/ddr4_0/inst/u_ddr4_infrastructure/u_bufg_divClk/O
    X1Y2 (CLOCK_ROOT)    net (fo=14016, routed)       1.882     4.189    system_i/ddr4_0/inst/u_ddr4_mem_intfc/u_ddr_cal_top/u_ddr_mc_pi/u_ddr_mc_write/genByte[2].u_ddr_mc_wr_byte/genBit[5].u_ddr_mc_wr_bit/dReg_reg[0]_0
    SLICE_X17Y210        FDRE                                         r  system_i/ddr4_0/inst/u_ddr4_mem_intfc/u_ddr_cal_top/u_ddr_mc_pi/u_ddr_mc_write/genByte[2].u_ddr_mc_wr_byte/genBit[5].u_ddr_mc_wr_bit/dReg_reg[2]/C
  -------------------------------------------------------------------    -------------------
    SLICE_X17Y210        FDRE (Prop_CFF_SLICEL_C_Q)
                                                      0.079     4.268 r  system_i/ddr4_0/inst/u_ddr4_mem_intfc/u_ddr_cal_top/u_ddr_mc_pi/u_ddr_mc_write/genByte[2].u_ddr_mc_wr_byte/genBit[5].u_ddr_mc_wr_bit/dReg_reg[2]/Q
                         net (fo=1, routed)           1.913     6.181    system_i/ddr4_0/inst/u_ddr4_mem_intfc/u_mig_ddr4_phy/inst/generate_block1.u_ddr_xiphy/byte_num[4].xiphy_byte_wrapper.u_xiphy_byte_wrapper/I_BITSLICE_UPPER[4].GEN_RXTX_BITSLICE_EN.u_xiphy_bitslice_upper/clb2phy_wr_dq10[2]
    BITSLICE_RX_TX_X0Y179
                         RXTX_BITSLICE                                r  system_i/ddr4_0/inst/u_ddr4_mem_intfc/u_mig_ddr4_phy/inst/generate_block1.u_ddr_xiphy/byte_num[4].xiphy_byte_wrapper.u_xiphy_byte_wrapper/I_BITSLICE_UPPER[4].GEN_RXTX_BITSLICE_EN.u_xiphy_bitslice_upper/xiphy_rxtx_bitslice/D[2]
  -------------------------------------------------------------------    -------------------

                         (clock pll_clk[1]_DIV rise edge)
                                                      3.001     3.001 f  <hidden>
    K22                                               0.000     3.001 f  default_sysclk1_300_clk_p
                         net (fo=0)                   0.079     3.080    system_i/ddr4_0/inst/u_ddr4_mem_intfc/u_mig_ddr4_phy/inst/u_ddr4_phy_pll/diff_input_clk.u_ibufg_sys_clk/I
    HPIOBDIFFINBUF_X0Y58 DIFFINBUF (Prop_DIFFINBUF_HPIOBDIFFINBUF_DIFF_IN_P_O)
                                                      0.374     3.453 f  system_i/ddr4_0/inst/u_ddr4_mem_intfc/u_mig_ddr4_phy/inst/u_ddr4_phy_pll/diff_input_clk.u_ibufg_sys_clk/DIFFINBUF_INST/O
                         net (fo=1, routed)           0.040     3.493    system_i/ddr4_0/inst/u_ddr4_mem_intfc/u_mig_ddr4_phy/inst/u_ddr4_phy_pll/diff_input_clk.u_ibufg_sys_clk/OUT
    K22                  IBUFCTRL (Prop_IBUFCTRL_HPIOB_M_I_O)
                                                      0.000     3.493 f  system_i/ddr4_0/inst/u_ddr4_mem_intfc/u_mig_ddr4_phy/inst/u_ddr4_phy_pll/diff_input_clk.u_ibufg_sys_clk/IBUFCTRL_INST/O
                         net (fo=2, routed)           0.297     3.790    system_i/ddr4_0/inst/u_ddr4_mem_intfc/u_mig_ddr4_phy/inst/u_ddr4_phy_pll/sys_clk_in
    BUFGCE_X0Y49         BUFGCE (Prop_BUFCE_BUFGCE_I_O)
                                                      0.024     3.814 f  system_i/ddr4_0/inst/u_ddr4_mem_intfc/u_mig_ddr4_phy/inst/u_ddr4_phy_pll/gen_bufg_backbone.u__bufg_backbone/O
                         net (fo=1, routed)           1.049     4.863    system_i/ddr4_0/inst/u_ddr4_infrastructure/mmcm_clk_in
    MMCM_X0Y3            MMCME4_ADV (Prop_MMCM_CLKIN1_CLKOUT0)
                                                      0.630     5.493 f  system_i/ddr4_0/inst/u_ddr4_infrastructure/gen_mmcme4.u_mmcme_adv_inst/CLKOUT0
                         net (fo=1, routed)           0.214     5.707    system_i/ddr4_0/inst/u_ddr4_infrastructure/mmcm_clkout0
    BUFGCE_X0Y74         BUFGCE (Prop_BUFCE_BUFGCE_I_O)
                                                      0.024     5.731 f  system_i/ddr4_0/inst/u_ddr4_infrastructure/u_bufg_divClk/O
                         net (fo=14016, routed)       1.599     7.330    system_i/ddr4_0/inst/u_ddr4_mem_intfc/u_mig_ddr4_phy/inst/u_ddr4_phy_pll/div_clk
    PLL_X0Y7             PLLE4_ADV (Prop_PLL_CLKIN_CLKOUTPHY)
                                                     -0.630     6.700 f  system_i/ddr4_0/inst/u_ddr4_mem_intfc/u_mig_ddr4_phy/inst/u_ddr4_phy_pll/plle_loop[1].gen_plle4.PLLE4_BASE_INST_OTHER/CLKOUTPHY
                         net (fo=8, routed)           0.091     6.791    system_i/ddr4_0/inst/u_ddr4_mem_intfc/u_mig_ddr4_phy/inst/generate_block1.u_ddr_xiphy/byte_num[4].xiphy_byte_wrapper.u_xiphy_byte_wrapper/I_CONTROL[1].GEN_I_CONTROL.u_xiphy_control/pll_clk[0]
    BITSLICE_CONTROL_X0Y27
                         BITSLICE_CONTROL (Prop_CONTROL_BITSLICE_CONTROL_PLL_CLK_TX_DIV2_CLK_Q)
                                                      0.106     6.897 r  system_i/ddr4_0/inst/u_ddr4_mem_intfc/u_mig_ddr4_phy/inst/generate_block1.u_ddr_xiphy/byte_num[4].xiphy_byte_wrapper.u_xiphy_byte_wrapper/I_CONTROL[1].GEN_I_CONTROL.u_xiphy_control/xiphy_control/TX_DIV2_CLK_Q
    BITSLICE_CONTROL_X0Y27
                         BITSLICE_CONTROL (Prop_CONTROL_BITSLICE_CONTROL_TX_DIV2_CLK_Q_TX_DIV4_CLK_Q)
                                                      0.075     6.972 r  system_i/ddr4_0/inst/u_ddr4_mem_intfc/u_mig_ddr4_phy/inst/generate_block1.u_ddr_xiphy/byte_num[4].xiphy_byte_wrapper.u_xiphy_byte_wrapper/I_CONTROL[1].GEN_I_CONTROL.u_xiphy_control/xiphy_control/TX_DIV4_CLK_Q
    BITSLICE_CONTROL_X0Y27
                         BITSLICE_CONTROL (Prop_CONTROL_BITSLICE_CONTROL_TX_DIV4_CLK_Q_TX_BIT_CTRL_OUT4[26])
                                                      0.125     7.097 r  system_i/ddr4_0/inst/u_ddr4_mem_intfc/u_mig_ddr4_phy/inst/generate_block1.u_ddr_xiphy/byte_num[4].xiphy_byte_wrapper.u_xiphy_byte_wrapper/I_CONTROL[1].GEN_I_CONTROL.u_xiphy_control/xiphy_control/TX_BIT_CTRL_OUT4[26]
                         net (fo=1, routed)           0.013     7.110    system_i/ddr4_0/inst/u_ddr4_mem_intfc/u_mig_ddr4_phy/inst/generate_block1.u_ddr_xiphy/byte_num[4].xiphy_byte_wrapper.u_xiphy_byte_wrapper/I_BITSLICE_UPPER[4].GEN_RXTX_BITSLICE_EN.u_xiphy_bitslice_upper/TX_BIT_CTRL_OUT4[26]
    BITSLICE_RX_TX_X0Y179
                         RXTX_BITSLICE                                r  system_i/ddr4_0/inst/u_ddr4_mem_intfc/u_mig_ddr4_phy/inst/generate_block1.u_ddr_xiphy/byte_num[4].xiphy_byte_wrapper.u_xiphy_byte_wrapper/I_BITSLICE_UPPER[4].GEN_RXTX_BITSLICE_EN.u_xiphy_bitslice_upper/xiphy_rxtx_bitslice/TX_BIT_CTRL_IN[26]
                         clock pessimism             -0.298     6.812    <hidden>
                         clock uncertainty           -0.170     6.642    <hidden>
    BITSLICE_RX_TX_X0Y179
                         RXTX_BITSLICE (Setup_RXTX_BITSLICE_BITSLICE_RX_TX_TX_BIT_CTRL_IN[26]_D[2])
                                                     -0.013     6.629    system_i/ddr4_0/inst/u_ddr4_mem_intfc/u_mig_ddr4_phy/inst/generate_block1.u_ddr_xiphy/byte_num[4].xiphy_byte_wrapper.u_xiphy_byte_wrapper/I_BITSLICE_UPPER[4].GEN_RXTX_BITSLICE_EN.u_xiphy_bitslice_upper/xiphy_rxtx_bitslice
  -------------------------------------------------------------------
                         required time                          6.629    <hidden>
                         arrival time                          -6.181    <hidden>
  -------------------------------------------------------------------
                         slack                                  0.447    <hidden>





Min Delay Paths
--------------------------------------------------------------------------------------
Slack (MET) :             0.510ns  (arrival time - required time)
  Source:                 system_i/ddr4_0/inst/u_ddr4_mem_intfc/u_ddr_cal_top/u_ddr_mc_pi/rdEn[0].u_ddr_mc_rd_en_low/rdEn_reg[0]/C
                            (rising edge-triggered cell FDRE clocked by mmcm_clkout0  {rise@0.000ns fall@1.500ns period=3.001ns})
  Destination:            system_i/ddr4_0/inst/u_ddr4_mem_intfc/u_mig_ddr4_phy/inst/generate_block1.u_ddr_xiphy/byte_num[6].xiphy_byte_wrapper.u_xiphy_byte_wrapper/I_CONTROL[0].GEN_I_CONTROL.u_xiphy_control/xiphy_control/PHY_RDEN[0]
                            (rising edge-triggered cell BITSLICE_CONTROL clocked by pll_clk[1]_DIV  {rise@0.000ns fall@1.500ns period=3.001ns})
  Path Group:             pll_clk[1]_DIV
  Path Type:              Hold (Min at Slow Process Corner)
  Requirement:            0.000ns  (pll_clk[1]_DIV rise@0.000ns - mmcm_clkout0 rise@0.000ns)
  Data Path Delay:        0.268ns  (logic 0.058ns (21.642%)  route 0.210ns (78.358%))
  Logic Levels:           0  
  Clock Path Skew:        -0.679ns (DCD - SCD - CPR)
    Destination Clock Delay (DCD):    3.485ns
    Source Clock Delay      (SCD):    4.463ns
    Clock Pessimism Removal (CPR):    -0.299ns
  Clock Uncertainty:      0.170ns  ((TSJ^2 + DJ^2)^1/2) / 2 + PE
    Total System Jitter     (TSJ):    0.071ns
    Discrete Jitter          (DJ):    0.062ns
    Phase Error              (PE):    0.123ns
  Clock Net Delay (Source):      1.732ns (routing 0.847ns, distribution 0.885ns)
  Clock Net Delay (Destination): 1.784ns (routing 0.932ns, distribution 0.852ns)

    Location             Delay type                Incr(ns)  Path(ns)    Netlist Resource(s)
  -------------------------------------------------------------------    -------------------
                         (clock mmcm_clkout0 rise edge)
                                                      0.000     0.000 r  <hidden>
    K22                                               0.000     0.000 r  default_sysclk1_300_clk_p
                         net (fo=0)                   0.079     0.079    system_i/ddr4_0/inst/u_ddr4_mem_intfc/u_mig_ddr4_phy/inst/u_ddr4_phy_pll/diff_input_clk.u_ibufg_sys_clk/I
    HPIOBDIFFINBUF_X0Y58 DIFFINBUF (Prop_DIFFINBUF_HPIOBDIFFINBUF_DIFF_IN_P_O)
                                                      0.374     0.453 r  system_i/ddr4_0/inst/u_ddr4_mem_intfc/u_mig_ddr4_phy/inst/u_ddr4_phy_pll/diff_input_clk.u_ibufg_sys_clk/DIFFINBUF_INST/O
                         net (fo=1, routed)           0.040     0.493    system_i/ddr4_0/inst/u_ddr4_mem_intfc/u_mig_ddr4_phy/inst/u_ddr4_phy_pll/diff_input_clk.u_ibufg_sys_clk/OUT
    K22                  IBUFCTRL (Prop_IBUFCTRL_HPIOB_M_I_O)
                                                      0.000     0.493 r  system_i/ddr4_0/inst/u_ddr4_mem_intfc/u_mig_ddr4_phy/inst/u_ddr4_phy_pll/diff_input_clk.u_ibufg_sys_clk/IBUFCTRL_INST/O
                         net (fo=2, routed)           0.297     0.790    system_i/ddr4_0/inst/u_ddr4_mem_intfc/u_mig_ddr4_phy/inst/u_ddr4_phy_pll/sys_clk_in
    BUFGCE_X0Y49         BUFGCE (Prop_BUFCE_BUFGCE_I_O)
                                                      0.024     0.814 r  system_i/ddr4_0/inst/u_ddr4_mem_intfc/u_mig_ddr4_phy/inst/u_ddr4_phy_pll/gen_bufg_backbone.u__bufg_backbone/O
                         net (fo=1, routed)           1.049     1.863    system_i/ddr4_0/inst/u_ddr4_infrastructure/mmcm_clk_in
    MMCM_X0Y3            MMCME4_ADV (Prop_MMCM_CLKIN1_CLKOUT0)
                                                      0.630     2.493 r  system_i/ddr4_0/inst/u_ddr4_infrastructure/gen_mmcme4.u_mmcme_adv_inst/CLKOUT0
                         net (fo=1, routed)           0.214     2.707    system_i/ddr4_0/inst/u_ddr4_infrastructure/mmcm_clkout0
    BUFGCE_X0Y74         BUFGCE (Prop_BUFCE_BUFGCE_I_O)
                                                      0.024     2.731 r  system_i/ddr4_0/inst/u_ddr4_infrastructure/u_bufg_divClk/O
    X1Y2 (CLOCK_ROOT)    net (fo=14016, routed)       1.732     4.463    system_i/ddr4_0/inst/u_ddr4_mem_intfc/u_ddr_cal_top/u_ddr_mc_pi/rdEn[0].u_ddr_mc_rd_en_low/rsMask_reg[7][9]_0
    SLICE_X1Y232         FDRE                                         r  system_i/ddr4_0/inst/u_ddr4_mem_intfc/u_ddr_cal_top/u_ddr_mc_pi/rdEn[0].u_ddr_mc_rd_en_low/rdEn_reg[0]/C
  -------------------------------------------------------------------    -------------------
    SLICE_X1Y232         FDRE (Prop_CFF_SLICEM_C_Q)
                                                      0.058     4.521 r  system_i/ddr4_0/inst/u_ddr4_mem_intfc/u_ddr_cal_top/u_ddr_mc_pi/rdEn[0].u_ddr_mc_rd_en_low/rdEn_reg[0]/Q
                         net (fo=1, routed)           0.210     4.731    system_i/ddr4_0/inst/u_ddr4_mem_intfc/u_mig_ddr4_phy/inst/generate_block1.u_ddr_xiphy/byte_num[6].xiphy_byte_wrapper.u_xiphy_byte_wrapper/I_CONTROL[0].GEN_I_CONTROL.u_xiphy_control/ch0_mcal_clb2phy_rden_low[0]
    BITSLICE_CONTROL_X0Y30
                         BITSLICE_CONTROL                             r  system_i/ddr4_0/inst/u_ddr4_mem_intfc/u_mig_ddr4_phy/inst/generate_block1.u_ddr_xiphy/byte_num[6].xiphy_byte_wrapper.u_xiphy_byte_wrapper/I_CONTROL[0].GEN_I_CONTROL.u_xiphy_control/xiphy_control/PHY_RDEN[0]
  -------------------------------------------------------------------    -------------------

                         (clock pll_clk[1]_DIV rise edge)
                                                      0.000     0.000 f  <hidden>
    K22                                               0.000     0.000 f  default_sysclk1_300_clk_p
                         net (fo=0)                   0.100     0.100    system_i/ddr4_0/inst/u_ddr4_mem_intfc/u_mig_ddr4_phy/inst/u_ddr4_phy_pll/diff_input_clk.u_ibufg_sys_clk/I
    HPIOBDIFFINBUF_X0Y58 DIFFINBUF (Prop_DIFFINBUF_HPIOBDIFFINBUF_DIFF_IN_P_O)
                                                      0.469     0.569 f  system_i/ddr4_0/inst/u_ddr4_mem_intfc/u_mig_ddr4_phy/inst/u_ddr4_phy_pll/diff_input_clk.u_ibufg_sys_clk/DIFFINBUF_INST/O
                         net (fo=1, routed)           0.050     0.619    system_i/ddr4_0/inst/u_ddr4_mem_intfc/u_mig_ddr4_phy/inst/u_ddr4_phy_pll/diff_input_clk.u_ibufg_sys_clk/OUT
    K22                  IBUFCTRL (Prop_IBUFCTRL_HPIOB_M_I_O)
                                                      0.000     0.619 f  system_i/ddr4_0/inst/u_ddr4_mem_intfc/u_mig_ddr4_phy/inst/u_ddr4_phy_pll/diff_input_clk.u_ibufg_sys_clk/IBUFCTRL_INST/O
                         net (fo=2, routed)           0.336     0.955    system_i/ddr4_0/inst/u_ddr4_mem_intfc/u_mig_ddr4_phy/inst/u_ddr4_phy_pll/sys_clk_in
    BUFGCE_X0Y49         BUFGCE (Prop_BUFCE_BUFGCE_I_O)
                                                      0.028     0.983 f  system_i/ddr4_0/inst/u_ddr4_mem_intfc/u_mig_ddr4_phy/inst/u_ddr4_phy_pll/gen_bufg_backbone.u__bufg_backbone/O
                         net (fo=1, routed)           1.179     2.162    system_i/ddr4_0/inst/u_ddr4_infrastructure/mmcm_clk_in
    MMCM_X0Y3            MMCME4_ADV (Prop_MMCM_CLKIN1_CLKOUT0)
                                                     -0.127     2.035 f  system_i/ddr4_0/inst/u_ddr4_infrastructure/gen_mmcme4.u_mmcme_adv_inst/CLKOUT0
                         net (fo=1, routed)           0.244     2.279    system_i/ddr4_0/inst/u_ddr4_infrastructure/mmcm_clkout0
    BUFGCE_X0Y74         BUFGCE (Prop_BUFCE_BUFGCE_I_O)
                                                      0.028     2.307 f  system_i/ddr4_0/inst/u_ddr4_infrastructure/u_bufg_divClk/O
    X1Y2 (CLOCK_ROOT)    net (fo=14016, routed)       1.784     4.091    system_i/ddr4_0/inst/u_ddr4_mem_intfc/u_mig_ddr4_phy/inst/u_ddr4_phy_pll/div_clk
    PLL_X0Y7             PLLE4_ADV (Prop_PLL_CLKIN_CLKOUTPHY)
                                                     -1.058     3.033 f  system_i/ddr4_0/inst/u_ddr4_mem_intfc/u_mig_ddr4_phy/inst/u_ddr4_phy_pll/plle_loop[1].gen_plle4.PLLE4_BASE_INST_OTHER/CLKOUTPHY
                         net (fo=8, routed)           0.140     3.173    system_i/ddr4_0/inst/u_ddr4_mem_intfc/u_mig_ddr4_phy/inst/generate_block1.u_ddr_xiphy/byte_num[6].xiphy_byte_wrapper.u_xiphy_byte_wrapper/I_CONTROL[0].GEN_I_CONTROL.u_xiphy_control/pll_clk[0]
    BITSLICE_CONTROL_X0Y30
                         BITSLICE_CONTROL (Prop_CONTROL_BITSLICE_CONTROL_PLL_CLK_RX_DIV2_CLK_Q)
                                                      0.193     3.366 r  system_i/ddr4_0/inst/u_ddr4_mem_intfc/u_mig_ddr4_phy/inst/generate_block1.u_ddr_xiphy/byte_num[6].xiphy_byte_wrapper.u_xiphy_byte_wrapper/I_CONTROL[0].GEN_I_CONTROL.u_xiphy_control/xiphy_control/RX_DIV2_CLK_Q
    BITSLICE_CONTROL_X0Y30
                         BITSLICE_CONTROL (Prop_CONTROL_BITSLICE_CONTROL_RX_DIV2_CLK_Q_RX_DIV4_CLK_Q)
                                                      0.119     3.485 r  system_i/ddr4_0/inst/u_ddr4_mem_intfc/u_mig_ddr4_phy/inst/generate_block1.u_ddr_xiphy/byte_num[6].xiphy_byte_wrapper.u_xiphy_byte_wrapper/I_CONTROL[0].GEN_I_CONTROL.u_xiphy_control/xiphy_control/RX_DIV4_CLK_Q
                         clock pessimism              0.299     3.784    <hidden>
                         clock uncertainty            0.170     3.954    <hidden>
    BITSLICE_CONTROL_X0Y30
                         BITSLICE_CONTROL (Hold_CONTROL_BITSLICE_CONTROL_RX_DIV4_CLK_Q_PHY_RDEN[0])
                                                      0.267     4.221    system_i/ddr4_0/inst/u_ddr4_mem_intfc/u_mig_ddr4_phy/inst/generate_block1.u_ddr_xiphy/byte_num[6].xiphy_byte_wrapper.u_xiphy_byte_wrapper/I_CONTROL[0].GEN_I_CONTROL.u_xiphy_control/xiphy_control
  -------------------------------------------------------------------
                         required time                         -4.221    <hidden>
                         arrival time                           4.731    <hidden>
  -------------------------------------------------------------------
                         slack                                  0.510    <hidden>





---------------------------------------------------------------------------------------------------
From Clock:  mmcm_clkout0
  To Clock:  mmcm_clkout1

Setup :            0  Failing Endpoints,  Worst Slack        1.971ns,  Total Violation        0.000ns
Hold  :           NA  Failing Endpoints,  Worst Slack           NA  ,  Total Violation           NA
---------------------------------------------------------------------------------------------------


Max Delay Paths
--------------------------------------------------------------------------------------
Slack (MET) :             1.971ns  (required time - arrival time)
  Source:                 system_i/sc_0/inst/m00_nodes/m00_r_node/inst/inst_mi_handler/gen_normal_area.inst_fifo_node_payld/gen_xpm_memory_fifo.inst_fifo/gen_mem_rep[0].inst_xpm_memory/xpm_memory_base_inst/gen_wr_a.gen_word_narrow.mem_reg_0_31_56_69/RAMD/CLK
                            (rising edge-triggered cell RAMD32 clocked by mmcm_clkout0  {rise@0.000ns fall@1.500ns period=3.001ns})
  Destination:            system_i/sc_0/inst/m00_nodes/m00_r_node/inst/inst_mi_handler/gen_normal_area.inst_fifo_node_payld/gen_xpm_memory_fifo.inst_fifo/gen_mem_rep[0].inst_xpm_memory/xpm_memory_base_inst/gen_rd_b.gen_rd_b_synth_template.gen_rf_narrow_reg.doutb_reg_reg[62]/D
                            (rising edge-triggered cell FDRE clocked by mmcm_clkout1  {rise@0.000ns fall@5.001ns period=10.002ns})
  Path Group:             mmcm_clkout1
  Path Type:              Setup (Max at Slow Process Corner)
  Requirement:            3.001ns  (MaxDelay Path 3.001ns)
  Data Path Delay:        1.055ns  (logic 0.287ns (27.204%)  route 0.768ns (72.796%))
  Logic Levels:           0  
  Timing Exception:       MaxDelay Path 3.001ns -datapath_only

    Location             Delay type                Incr(ns)  Path(ns)    Netlist Resource(s)
  -------------------------------------------------------------------    -------------------
    SLICE_X44Y192                                     0.000     0.000 r  system_i/sc_0/inst/m00_nodes/m00_r_node/inst/inst_mi_handler/gen_normal_area.inst_fifo_node_payld/gen_xpm_memory_fifo.inst_fifo/gen_mem_rep[0].inst_xpm_memory/xpm_memory_base_inst/gen_wr_a.gen_word_narrow.mem_reg_0_31_56_69/RAMD/CLK
    SLICE_X44Y192        RAMD32 (Prop_D5LUT_SLICEM_CLK_O)
                                                      0.287     0.287 r  system_i/sc_0/inst/m00_nodes/m00_r_node/inst/inst_mi_handler/gen_normal_area.inst_fifo_node_payld/gen_xpm_memory_fifo.inst_fifo/gen_mem_rep[0].inst_xpm_memory/xpm_memory_base_inst/gen_wr_a.gen_word_narrow.mem_reg_0_31_56_69/RAMD/O
                         net (fo=1, routed)           0.768     1.055    system_i/sc_0/inst/m00_nodes/m00_r_node/inst/inst_mi_handler/gen_normal_area.inst_fifo_node_payld/gen_xpm_memory_fifo.inst_fifo/gen_mem_rep[0].inst_xpm_memory/xpm_memory_base_inst/gen_rd_b.gen_rd_b_synth_template.gen_rf_narrow_reg.doutb_reg_reg0[62]
    SLICE_X45Y181        FDRE                                         r  system_i/sc_0/inst/m00_nodes/m00_r_node/inst/inst_mi_handler/gen_normal_area.inst_fifo_node_payld/gen_xpm_memory_fifo.inst_fifo/gen_mem_rep[0].inst_xpm_memory/xpm_memory_base_inst/gen_rd_b.gen_rd_b_synth_template.gen_rf_narrow_reg.doutb_reg_reg[62]/D
  -------------------------------------------------------------------    -------------------

                         max delay                    3.001     3.001    <hidden>
    SLICE_X45Y181        FDRE (Setup_AFF_SLICEL_C_D)
                                                      0.025     3.026    system_i/sc_0/inst/m00_nodes/m00_r_node/inst/inst_mi_handler/gen_normal_area.inst_fifo_node_payld/gen_xpm_memory_fifo.inst_fifo/gen_mem_rep[0].inst_xpm_memory/xpm_memory_base_inst/gen_rd_b.gen_rd_b_synth_template.gen_rf_narrow_reg.doutb_reg_reg[62]
  -------------------------------------------------------------------
                         required time                          3.026    <hidden>
                         arrival time                          -1.055    <hidden>
  -------------------------------------------------------------------
                         slack                                  1.971    <hidden>





---------------------------------------------------------------------------------------------------
From Clock:  dbg_hub/inst/BSCANID.u_xsdbm_id/SWITCH_N_EXT_BSCAN.bscan_inst/SERIES7_BSCAN.bscan_inst/INTERNAL_TCK
  To Clock:  mmcm_clkout5

Setup :            0  Failing Endpoints,  Worst Slack       49.431ns,  Total Violation        0.000ns
Hold  :           NA  Failing Endpoints,  Worst Slack           NA  ,  Total Violation           NA
---------------------------------------------------------------------------------------------------


Max Delay Paths
--------------------------------------------------------------------------------------
Slack (MET) :             49.431ns  (required time - arrival time)
  Source:                 dbg_hub/inst/BSCANID.u_xsdbm_id/CORE_XSDB.UUT_MASTER/U_ICON_INTERFACE/U_CMD6_RD/U_RD_FIFO/SUBCORE_FIFO.xsdbm_v3_0_6_rdfifo_inst/inst_fifo_gen/gconvfifo.rf/grf.rf/gntv_or_sync_fifo.gcx.clkx/gnxpm_cdc.rd_pntr_gc_reg[1]/C
                            (rising edge-triggered cell FDCE clocked by dbg_hub/inst/BSCANID.u_xsdbm_id/SWITCH_N_EXT_BSCAN.bscan_inst/SERIES7_BSCAN.bscan_inst/INTERNAL_TCK  {rise@0.000ns fall@25.000ns period=50.000ns})
  Destination:            dbg_hub/inst/BSCANID.u_xsdbm_id/CORE_XSDB.UUT_MASTER/U_ICON_INTERFACE/U_CMD6_RD/U_RD_FIFO/SUBCORE_FIFO.xsdbm_v3_0_6_rdfifo_inst/inst_fifo_gen/gconvfifo.rf/grf.rf/gntv_or_sync_fifo.gcx.clkx/gnxpm_cdc.gsync_stage[1].wr_stg_inst/Q_reg_reg[1]/D
                            (rising edge-triggered cell FDCE clocked by mmcm_clkout5  {rise@0.000ns fall@6.001ns period=12.002ns})
  Path Group:             mmcm_clkout5
  Path Type:              Setup (Max at Slow Process Corner)
  Requirement:            50.000ns  (MaxDelay Path 50.000ns)
  Data Path Delay:        0.594ns  (logic 0.081ns (13.636%)  route 0.513ns (86.364%))
  Logic Levels:           0  
  Timing Exception:       MaxDelay Path 50.000ns -datapath_only

    Location             Delay type                Incr(ns)  Path(ns)    Netlist Resource(s)
  -------------------------------------------------------------------    -------------------
    SLICE_X43Y112                                     0.000     0.000 r  dbg_hub/inst/BSCANID.u_xsdbm_id/CORE_XSDB.UUT_MASTER/U_ICON_INTERFACE/U_CMD6_RD/U_RD_FIFO/SUBCORE_FIFO.xsdbm_v3_0_6_rdfifo_inst/inst_fifo_gen/gconvfifo.rf/grf.rf/gntv_or_sync_fifo.gcx.clkx/gnxpm_cdc.rd_pntr_gc_reg[1]/C
    SLICE_X43Y112        FDCE (Prop_DFF2_SLICEL_C_Q)
                                                      0.081     0.081 r  dbg_hub/inst/BSCANID.u_xsdbm_id/CORE_XSDB.UUT_MASTER/U_ICON_INTERFACE/U_CMD6_RD/U_RD_FIFO/SUBCORE_FIFO.xsdbm_v3_0_6_rdfifo_inst/inst_fifo_gen/gconvfifo.rf/grf.rf/gntv_or_sync_fifo.gcx.clkx/gnxpm_cdc.rd_pntr_gc_reg[1]/Q
                         net (fo=1, routed)           0.513     0.594    dbg_hub/inst/BSCANID.u_xsdbm_id/CORE_XSDB.UUT_MASTER/U_ICON_INTERFACE/U_CMD6_RD/U_RD_FIFO/SUBCORE_FIFO.xsdbm_v3_0_6_rdfifo_inst/inst_fifo_gen/gconvfifo.rf/grf.rf/gntv_or_sync_fifo.gcx.clkx/gnxpm_cdc.gsync_stage[1].wr_stg_inst/Q[1]
    SLICE_X43Y112        FDCE                                         r  dbg_hub/inst/BSCANID.u_xsdbm_id/CORE_XSDB.UUT_MASTER/U_ICON_INTERFACE/U_CMD6_RD/U_RD_FIFO/SUBCORE_FIFO.xsdbm_v3_0_6_rdfifo_inst/inst_fifo_gen/gconvfifo.rf/grf.rf/gntv_or_sync_fifo.gcx.clkx/gnxpm_cdc.gsync_stage[1].wr_stg_inst/Q_reg_reg[1]/D
  -------------------------------------------------------------------    -------------------

                         max delay                   50.000    50.000    <hidden>
    SLICE_X43Y112        FDCE (Setup_HFF2_SLICEL_C_D)
                                                      0.025    50.025    dbg_hub/inst/BSCANID.u_xsdbm_id/CORE_XSDB.UUT_MASTER/U_ICON_INTERFACE/U_CMD6_RD/U_RD_FIFO/SUBCORE_FIFO.xsdbm_v3_0_6_rdfifo_inst/inst_fifo_gen/gconvfifo.rf/grf.rf/gntv_or_sync_fifo.gcx.clkx/gnxpm_cdc.gsync_stage[1].wr_stg_inst/Q_reg_reg[1]
  -------------------------------------------------------------------
                         required time                         50.025    <hidden>
                         arrival time                          -0.594    <hidden>
  -------------------------------------------------------------------
                         slack                                 49.431    <hidden>





---------------------------------------------------------------------------------------------------
From Clock:  mmcm_clkout0
  To Clock:  mmcm_clkout5

Setup :            0  Failing Endpoints,  Worst Slack       11.596ns,  Total Violation        0.000ns
Hold  :           NA  Failing Endpoints,  Worst Slack           NA  ,  Total Violation           NA
---------------------------------------------------------------------------------------------------


Max Delay Paths
--------------------------------------------------------------------------------------
Slack (MET) :             11.596ns  (required time - arrival time)
  Source:                 system_i/ddr4_0/inst/u_ddr4_mem_intfc/u_ddr_cal_top/u_ddr_cal/u_xsdb_arbiter/slave_do_fclk_reg[3]/C
                            (rising edge-triggered cell FDRE clocked by mmcm_clkout0  {rise@0.000ns fall@1.500ns period=3.001ns})
  Destination:            system_i/ddr4_0/inst/u_ddr4_mem_intfc/u_ddr_cal_top/u_ddr_cal/u_xsdb_arbiter/u_slave_do_sync/SYNC[3].sync_reg_reg[0]/D
                            (rising edge-triggered cell FDRE clocked by mmcm_clkout5  {rise@0.000ns fall@6.001ns period=12.002ns})
  Path Group:             mmcm_clkout5
  Path Type:              Setup (Max at Slow Process Corner)
  Requirement:            12.000ns  (MaxDelay Path 12.000ns)
  Data Path Delay:        0.429ns  (logic 0.078ns (18.182%)  route 0.351ns (81.818%))
  Logic Levels:           0  
  Timing Exception:       MaxDelay Path 12.000ns -datapath_only

    Location             Delay type                Incr(ns)  Path(ns)    Netlist Resource(s)
  -------------------------------------------------------------------    -------------------
    SLICE_X28Y144                                     0.000     0.000 r  system_i/ddr4_0/inst/u_ddr4_mem_intfc/u_ddr_cal_top/u_ddr_cal/u_xsdb_arbiter/slave_do_fclk_reg[3]/C
    SLICE_X28Y144        FDRE (Prop_CFF_SLICEM_C_Q)
                                                      0.078     0.078 r  system_i/ddr4_0/inst/u_ddr4_mem_intfc/u_ddr_cal_top/u_ddr_cal/u_xsdb_arbiter/slave_do_fclk_reg[3]/Q
                         net (fo=1, routed)           0.351     0.429    system_i/ddr4_0/inst/u_ddr4_mem_intfc/u_ddr_cal_top/u_ddr_cal/u_xsdb_arbiter/u_slave_do_sync/out[3]
    SLICE_X27Y140        FDRE                                         r  system_i/ddr4_0/inst/u_ddr4_mem_intfc/u_ddr_cal_top/u_ddr_cal/u_xsdb_arbiter/u_slave_do_sync/SYNC[3].sync_reg_reg[0]/D
  -------------------------------------------------------------------    -------------------

                         max delay                   12.000    12.000    <hidden>
    SLICE_X27Y140        FDRE (Setup_CFF2_SLICEL_C_D)
                                                      0.025    12.025    system_i/ddr4_0/inst/u_ddr4_mem_intfc/u_ddr_cal_top/u_ddr_cal/u_xsdb_arbiter/u_slave_do_sync/SYNC[3].sync_reg_reg[0]
  -------------------------------------------------------------------
                         required time                         12.025    <hidden>
                         arrival time                          -0.429    <hidden>
  -------------------------------------------------------------------
                         slack                                 11.596    <hidden>





---------------------------------------------------------------------------------------------------
From Clock:  mmcm_clkout0
  To Clock:  mmcm_clkout6

Setup :            0  Failing Endpoints,  Worst Slack        1.615ns,  Total Violation        0.000ns
Hold  :            0  Failing Endpoints,  Worst Slack        0.078ns,  Total Violation        0.000ns
---------------------------------------------------------------------------------------------------


Max Delay Paths
--------------------------------------------------------------------------------------
Slack (MET) :             1.615ns  (required time - arrival time)
  Source:                 system_i/ddr4_0/inst/u_ddr4_mem_intfc/u_ddr_cal_top/sample_gts_reg/C
                            (rising edge-triggered cell FDRE clocked by mmcm_clkout0  {rise@0.000ns fall@1.500ns period=3.001ns})
  Destination:            system_i/ddr4_0/inst/u_ddr4_mem_intfc/u_ddr_cal_riu/sample_gts_riu_reg/D
                            (rising edge-triggered cell FDRE clocked by mmcm_clkout6  {rise@0.000ns fall@3.001ns period=6.001ns})
  Path Group:             mmcm_clkout6
  Path Type:              Setup (Max at Slow Process Corner)
  Requirement:            3.001ns  (mmcm_clkout6 rise@6.001ns - mmcm_clkout0 rise@3.001ns)
  Data Path Delay:        1.004ns  (logic 0.079ns (7.869%)  route 0.925ns (92.131%))
  Logic Levels:           0  
  Clock Path Skew:        -0.218ns (DCD - SCD + CPR)
    Destination Clock Delay (DCD):    4.494ns = ( 10.495 - 6.001 ) 
    Source Clock Delay      (SCD):    4.254ns = ( 7.255 - 3.001 ) 
    Clock Pessimism Removal (CPR):    -0.457ns
  Clock Uncertainty:      0.188ns  ((TSJ^2 + DJ^2)^1/2) / 2 + PE
    Total System Jitter     (TSJ):    0.071ns
    Discrete Jitter          (DJ):    0.117ns
    Phase Error              (PE):    0.120ns
  Clock Net Delay (Source):      1.947ns (routing 0.932ns, distribution 1.015ns)
  Clock Net Delay (Destination): 1.750ns (routing 0.862ns, distribution 0.888ns)

    Location             Delay type                Incr(ns)  Path(ns)    Netlist Resource(s)
  -------------------------------------------------------------------    -------------------
                         (clock mmcm_clkout0 rise edge)
                                                      3.001     3.001 r  <hidden>
    K22                                               0.000     3.001 r  default_sysclk1_300_clk_p
                         net (fo=0)                   0.100     3.101    system_i/ddr4_0/inst/u_ddr4_mem_intfc/u_mig_ddr4_phy/inst/u_ddr4_phy_pll/diff_input_clk.u_ibufg_sys_clk/I
    HPIOBDIFFINBUF_X0Y58 DIFFINBUF (Prop_DIFFINBUF_HPIOBDIFFINBUF_DIFF_IN_P_O)
                                                      0.469     3.570 r  system_i/ddr4_0/inst/u_ddr4_mem_intfc/u_mig_ddr4_phy/inst/u_ddr4_phy_pll/diff_input_clk.u_ibufg_sys_clk/DIFFINBUF_INST/O
                         net (fo=1, routed)           0.050     3.620    system_i/ddr4_0/inst/u_ddr4_mem_intfc/u_mig_ddr4_phy/inst/u_ddr4_phy_pll/diff_input_clk.u_ibufg_sys_clk/OUT
    K22                  IBUFCTRL (Prop_IBUFCTRL_HPIOB_M_I_O)
                                                      0.000     3.620 r  system_i/ddr4_0/inst/u_ddr4_mem_intfc/u_mig_ddr4_phy/inst/u_ddr4_phy_pll/diff_input_clk.u_ibufg_sys_clk/IBUFCTRL_INST/O
                         net (fo=2, routed)           0.336     3.956    system_i/ddr4_0/inst/u_ddr4_mem_intfc/u_mig_ddr4_phy/inst/u_ddr4_phy_pll/sys_clk_in
    BUFGCE_X0Y49         BUFGCE (Prop_BUFCE_BUFGCE_I_O)
                                                      0.028     3.984 r  system_i/ddr4_0/inst/u_ddr4_mem_intfc/u_mig_ddr4_phy/inst/u_ddr4_phy_pll/gen_bufg_backbone.u__bufg_backbone/O
                         net (fo=1, routed)           1.179     5.163    system_i/ddr4_0/inst/u_ddr4_infrastructure/mmcm_clk_in
    MMCM_X0Y3            MMCME4_ADV (Prop_MMCM_CLKIN1_CLKOUT0)
                                                     -0.127     5.036 r  system_i/ddr4_0/inst/u_ddr4_infrastructure/gen_mmcme4.u_mmcme_adv_inst/CLKOUT0
                         net (fo=1, routed)           0.244     5.280    system_i/ddr4_0/inst/u_ddr4_infrastructure/mmcm_clkout0
    BUFGCE_X0Y74         BUFGCE (Prop_BUFCE_BUFGCE_I_O)
                                                      0.028     5.308 r  system_i/ddr4_0/inst/u_ddr4_infrastructure/u_bufg_divClk/O
    X1Y2 (CLOCK_ROOT)    net (fo=14016, routed)       1.947     7.255    system_i/ddr4_0/inst/u_ddr4_mem_intfc/u_ddr_cal_top/dReg_reg[13]
    SLICE_X3Y238         FDRE                                         r  system_i/ddr4_0/inst/u_ddr4_mem_intfc/u_ddr_cal_top/sample_gts_reg/C
  -------------------------------------------------------------------    -------------------
    SLICE_X3Y238         FDRE (Prop_DFF_SLICEL_C_Q)
                                                      0.079     7.334 r  system_i/ddr4_0/inst/u_ddr4_mem_intfc/u_ddr_cal_top/sample_gts_reg/Q
                         net (fo=1, routed)           0.925     8.259    system_i/ddr4_0/inst/u_ddr4_mem_intfc/u_ddr_cal_riu/sample_gts
    SLICE_X5Y230         FDRE                                         r  system_i/ddr4_0/inst/u_ddr4_mem_intfc/u_ddr_cal_riu/sample_gts_riu_reg/D
  -------------------------------------------------------------------    -------------------

                         (clock mmcm_clkout6 rise edge)
                                                      6.001     6.001 r  <hidden>
    K22                                               0.000     6.001 r  default_sysclk1_300_clk_p
                         net (fo=0)                   0.079     6.080    system_i/ddr4_0/inst/u_ddr4_mem_intfc/u_mig_ddr4_phy/inst/u_ddr4_phy_pll/diff_input_clk.u_ibufg_sys_clk/I
    HPIOBDIFFINBUF_X0Y58 DIFFINBUF (Prop_DIFFINBUF_HPIOBDIFFINBUF_DIFF_IN_P_O)
                                                      0.374     6.454 r  system_i/ddr4_0/inst/u_ddr4_mem_intfc/u_mig_ddr4_phy/inst/u_ddr4_phy_pll/diff_input_clk.u_ibufg_sys_clk/DIFFINBUF_INST/O
                         net (fo=1, routed)           0.040     6.494    system_i/ddr4_0/inst/u_ddr4_mem_intfc/u_mig_ddr4_phy/inst/u_ddr4_phy_pll/diff_input_clk.u_ibufg_sys_clk/OUT
    K22                  IBUFCTRL (Prop_IBUFCTRL_HPIOB_M_I_O)
                                                      0.000     6.494 r  system_i/ddr4_0/inst/u_ddr4_mem_intfc/u_mig_ddr4_phy/inst/u_ddr4_phy_pll/diff_input_clk.u_ibufg_sys_clk/IBUFCTRL_INST/O
                         net (fo=2, routed)           0.297     6.791    system_i/ddr4_0/inst/u_ddr4_mem_intfc/u_mig_ddr4_phy/inst/u_ddr4_phy_pll/sys_clk_in
    BUFGCE_X0Y49         BUFGCE (Prop_BUFCE_BUFGCE_I_O)
                                                      0.024     6.815 r  system_i/ddr4_0/inst/u_ddr4_mem_intfc/u_mig_ddr4_phy/inst/u_ddr4_phy_pll/gen_bufg_backbone.u__bufg_backbone/O
                         net (fo=1, routed)           1.049     7.864    system_i/ddr4_0/inst/u_ddr4_infrastructure/mmcm_clk_in
    MMCM_X0Y3            MMCME4_ADV (Prop_MMCM_CLKIN1_CLKOUT6)
                                                      0.630     8.494 r  system_i/ddr4_0/inst/u_ddr4_infrastructure/gen_mmcme4.u_mmcme_adv_inst/CLKOUT6
                         net (fo=1, routed)           0.227     8.721    system_i/ddr4_0/inst/u_ddr4_infrastructure/mmcm_clkout6
    BUFGCE_X0Y82         BUFGCE (Prop_BUFCE_BUFGCE_I_O)
                                                      0.024     8.745 r  system_i/ddr4_0/inst/u_ddr4_infrastructure/u_bufg_riuClk/O
    X1Y2 (CLOCK_ROOT)    net (fo=1640, routed)        1.750    10.495    system_i/ddr4_0/inst/u_ddr4_mem_intfc/u_ddr_cal_riu/CLK
    SLICE_X5Y230         FDRE                                         r  system_i/ddr4_0/inst/u_ddr4_mem_intfc/u_ddr_cal_riu/sample_gts_riu_reg/C
                         clock pessimism             -0.457    10.038    <hidden>
                         clock uncertainty           -0.188     9.849    <hidden>
    SLICE_X5Y230         FDRE (Setup_FFF2_SLICEM_C_D)
                                                      0.025     9.874    system_i/ddr4_0/inst/u_ddr4_mem_intfc/u_ddr_cal_riu/sample_gts_riu_reg
  -------------------------------------------------------------------
                         required time                          9.874    <hidden>
                         arrival time                          -8.259    <hidden>
  -------------------------------------------------------------------
                         slack                                  1.615    <hidden>





Min Delay Paths
--------------------------------------------------------------------------------------
Slack (MET) :             0.078ns  (arrival time - required time)
  Source:                 system_i/ddr4_0/inst/u_ddr4_mem_intfc/u_ddr_cal_top/sample_gts_reg/C
                            (rising edge-triggered cell FDRE clocked by mmcm_clkout0  {rise@0.000ns fall@1.500ns period=3.001ns})
  Destination:            system_i/ddr4_0/inst/u_ddr4_mem_intfc/u_ddr_cal_riu/sample_gts_riu_reg/D
                            (rising edge-triggered cell FDRE clocked by mmcm_clkout6  {rise@0.000ns fall@3.001ns period=6.001ns})
  Path Group:             mmcm_clkout6
  Path Type:              Hold (Min at Fast Process Corner)
  Requirement:            0.000ns  (mmcm_clkout6 rise@0.000ns - mmcm_clkout0 rise@0.000ns)
  Data Path Delay:        0.497ns  (logic 0.039ns (7.847%)  route 0.458ns (92.153%))
  Logic Levels:           0  
  Clock Path Skew:        0.183ns (DCD - SCD - CPR)
    Destination Clock Delay (DCD):    2.541ns
    Source Clock Delay      (SCD):    2.635ns
    Clock Pessimism Removal (CPR):    -0.277ns
  Clock Uncertainty:      0.188ns  ((TSJ^2 + DJ^2)^1/2) / 2 + PE
    Total System Jitter     (TSJ):    0.071ns
    Discrete Jitter          (DJ):    0.117ns
    Phase Error              (PE):    0.120ns
  Clock Net Delay (Source):      1.074ns (routing 0.512ns, distribution 0.562ns)
  Clock Net Delay (Destination): 1.223ns (routing 0.577ns, distribution 0.646ns)

    Location             Delay type                Incr(ns)  Path(ns)    Netlist Resource(s)
  -------------------------------------------------------------------    -------------------
                         (clock mmcm_clkout0 rise edge)
                                                      0.000     0.000 r  <hidden>
    K22                                               0.000     0.000 r  default_sysclk1_300_clk_p
                         net (fo=0)                   0.079     0.079    system_i/ddr4_0/inst/u_ddr4_mem_intfc/u_mig_ddr4_phy/inst/u_ddr4_phy_pll/diff_input_clk.u_ibufg_sys_clk/I
    HPIOBDIFFINBUF_X0Y58 DIFFINBUF (Prop_DIFFINBUF_HPIOBDIFFINBUF_DIFF_IN_P_O)
                                                      0.229     0.308 r  system_i/ddr4_0/inst/u_ddr4_mem_intfc/u_mig_ddr4_phy/inst/u_ddr4_phy_pll/diff_input_clk.u_ibufg_sys_clk/DIFFINBUF_INST/O
                         net (fo=1, routed)           0.040     0.348    system_i/ddr4_0/inst/u_ddr4_mem_intfc/u_mig_ddr4_phy/inst/u_ddr4_phy_pll/diff_input_clk.u_ibufg_sys_clk/OUT
    K22                  IBUFCTRL (Prop_IBUFCTRL_HPIOB_M_I_O)
                                                      0.000     0.348 r  system_i/ddr4_0/inst/u_ddr4_mem_intfc/u_mig_ddr4_phy/inst/u_ddr4_phy_pll/diff_input_clk.u_ibufg_sys_clk/IBUFCTRL_INST/O
                         net (fo=2, routed)           0.151     0.499    system_i/ddr4_0/inst/u_ddr4_mem_intfc/u_mig_ddr4_phy/inst/u_ddr4_phy_pll/sys_clk_in
    BUFGCE_X0Y49         BUFGCE (Prop_BUFCE_BUFGCE_I_O)
                                                      0.017     0.516 r  system_i/ddr4_0/inst/u_ddr4_mem_intfc/u_mig_ddr4_phy/inst/u_ddr4_phy_pll/gen_bufg_backbone.u__bufg_backbone/O
                         net (fo=1, routed)           0.654     1.170    system_i/ddr4_0/inst/u_ddr4_infrastructure/mmcm_clk_in
    MMCM_X0Y3            MMCME4_ADV (Prop_MMCM_CLKIN1_CLKOUT0)
                                                      0.230     1.400 r  system_i/ddr4_0/inst/u_ddr4_infrastructure/gen_mmcme4.u_mmcme_adv_inst/CLKOUT0
                         net (fo=1, routed)           0.145     1.545    system_i/ddr4_0/inst/u_ddr4_infrastructure/mmcm_clkout0
    BUFGCE_X0Y74         BUFGCE (Prop_BUFCE_BUFGCE_I_O)
                                                      0.017     1.562 r  system_i/ddr4_0/inst/u_ddr4_infrastructure/u_bufg_divClk/O
    X1Y2 (CLOCK_ROOT)    net (fo=14016, routed)       1.074     2.635    system_i/ddr4_0/inst/u_ddr4_mem_intfc/u_ddr_cal_top/dReg_reg[13]
    SLICE_X3Y238         FDRE                                         r  system_i/ddr4_0/inst/u_ddr4_mem_intfc/u_ddr_cal_top/sample_gts_reg/C
  -------------------------------------------------------------------    -------------------
    SLICE_X3Y238         FDRE (Prop_DFF_SLICEL_C_Q)
                                                      0.039     2.674 r  system_i/ddr4_0/inst/u_ddr4_mem_intfc/u_ddr_cal_top/sample_gts_reg/Q
                         net (fo=1, routed)           0.458     3.132    system_i/ddr4_0/inst/u_ddr4_mem_intfc/u_ddr_cal_riu/sample_gts
    SLICE_X5Y230         FDRE                                         r  system_i/ddr4_0/inst/u_ddr4_mem_intfc/u_ddr_cal_riu/sample_gts_riu_reg/D
  -------------------------------------------------------------------    -------------------

                         (clock mmcm_clkout6 rise edge)
                                                      0.000     0.000 r  <hidden>
    K22                                               0.000     0.000 r  default_sysclk1_300_clk_p
                         net (fo=0)                   0.100     0.100    system_i/ddr4_0/inst/u_ddr4_mem_intfc/u_mig_ddr4_phy/inst/u_ddr4_phy_pll/diff_input_clk.u_ibufg_sys_clk/I
    HPIOBDIFFINBUF_X0Y58 DIFFINBUF (Prop_DIFFINBUF_HPIOBDIFFINBUF_DIFF_IN_P_O)
                                                      0.326     0.426 r  system_i/ddr4_0/inst/u_ddr4_mem_intfc/u_mig_ddr4_phy/inst/u_ddr4_phy_pll/diff_input_clk.u_ibufg_sys_clk/DIFFINBUF_INST/O
                         net (fo=1, routed)           0.050     0.476    system_i/ddr4_0/inst/u_ddr4_mem_intfc/u_mig_ddr4_phy/inst/u_ddr4_phy_pll/diff_input_clk.u_ibufg_sys_clk/OUT
    K22                  IBUFCTRL (Prop_IBUFCTRL_HPIOB_M_I_O)
                                                      0.000     0.476 r  system_i/ddr4_0/inst/u_ddr4_mem_intfc/u_mig_ddr4_phy/inst/u_ddr4_phy_pll/diff_input_clk.u_ibufg_sys_clk/IBUFCTRL_INST/O
                         net (fo=2, routed)           0.189     0.665    system_i/ddr4_0/inst/u_ddr4_mem_intfc/u_mig_ddr4_phy/inst/u_ddr4_phy_pll/sys_clk_in
    BUFGCE_X0Y49         BUFGCE (Prop_BUFCE_BUFGCE_I_O)
                                                      0.019     0.684 r  system_i/ddr4_0/inst/u_ddr4_mem_intfc/u_mig_ddr4_phy/inst/u_ddr4_phy_pll/gen_bufg_backbone.u__bufg_backbone/O
                         net (fo=1, routed)           0.733     1.417    system_i/ddr4_0/inst/u_ddr4_infrastructure/mmcm_clk_in
    MMCM_X0Y3            MMCME4_ADV (Prop_MMCM_CLKIN1_CLKOUT6)
                                                     -0.295     1.122 r  system_i/ddr4_0/inst/u_ddr4_infrastructure/gen_mmcme4.u_mmcme_adv_inst/CLKOUT6
                         net (fo=1, routed)           0.177     1.299    system_i/ddr4_0/inst/u_ddr4_infrastructure/mmcm_clkout6
    BUFGCE_X0Y82         BUFGCE (Prop_BUFCE_BUFGCE_I_O)
                                                      0.019     1.318 r  system_i/ddr4_0/inst/u_ddr4_infrastructure/u_bufg_riuClk/O
    X1Y2 (CLOCK_ROOT)    net (fo=1640, routed)        1.223     2.541    system_i/ddr4_0/inst/u_ddr4_mem_intfc/u_ddr_cal_riu/CLK
    SLICE_X5Y230         FDRE                                         r  system_i/ddr4_0/inst/u_ddr4_mem_intfc/u_ddr_cal_riu/sample_gts_riu_reg/C
                         clock pessimism              0.277     2.819    <hidden>
                         clock uncertainty            0.188     3.007    <hidden>
    SLICE_X5Y230         FDRE (Hold_FFF2_SLICEM_C_D)
                                                      0.047     3.054    system_i/ddr4_0/inst/u_ddr4_mem_intfc/u_ddr_cal_riu/sample_gts_riu_reg
  -------------------------------------------------------------------
                         required time                         -3.054    <hidden>
                         arrival time                           3.132    <hidden>
  -------------------------------------------------------------------
                         slack                                  0.078    <hidden>





---------------------------------------------------------------------------------------------------
Path Group:  **async_default**
From Clock:  dbg_hub/inst/BSCANID.u_xsdbm_id/SWITCH_N_EXT_BSCAN.bscan_inst/SERIES7_BSCAN.bscan_inst/INTERNAL_TCK
  To Clock:  dbg_hub/inst/BSCANID.u_xsdbm_id/SWITCH_N_EXT_BSCAN.bscan_inst/SERIES7_BSCAN.bscan_inst/INTERNAL_TCK

Setup :            0  Failing Endpoints,  Worst Slack       47.447ns,  Total Violation        0.000ns
Hold  :            0  Failing Endpoints,  Worst Slack        0.095ns,  Total Violation        0.000ns
---------------------------------------------------------------------------------------------------


Max Delay Paths
--------------------------------------------------------------------------------------
Slack (MET) :             47.447ns  (required time - arrival time)
  Source:                 dbg_hub/inst/BSCANID.u_xsdbm_id/SWITCH_N_EXT_BSCAN.bscan_switch/portno_reg[1]/C
                            (rising edge-triggered cell FDRE clocked by dbg_hub/inst/BSCANID.u_xsdbm_id/SWITCH_N_EXT_BSCAN.bscan_inst/SERIES7_BSCAN.bscan_inst/INTERNAL_TCK  {rise@0.000ns fall@25.000ns period=50.000ns})
  Destination:            dbg_hub/inst/BSCANID.u_xsdbm_id/CORE_XSDB.U_ICON/U_CMD/iTARGET_reg[6]/CLR
                            (recovery check against rising-edge clock dbg_hub/inst/BSCANID.u_xsdbm_id/SWITCH_N_EXT_BSCAN.bscan_inst/SERIES7_BSCAN.bscan_inst/INTERNAL_TCK  {rise@0.000ns fall@25.000ns period=50.000ns})
  Path Group:             **async_default**
  Path Type:              Recovery (Max at Slow Process Corner)
  Requirement:            50.000ns  (dbg_hub/inst/BSCANID.u_xsdbm_id/SWITCH_N_EXT_BSCAN.bscan_inst/SERIES7_BSCAN.bscan_inst/INTERNAL_TCK rise@50.000ns - dbg_hub/inst/BSCANID.u_xsdbm_id/SWITCH_N_EXT_BSCAN.bscan_inst/SERIES7_BSCAN.bscan_inst/INTERNAL_TCK rise@0.000ns)
  Data Path Delay:        2.325ns  (logic 0.341ns (14.668%)  route 1.984ns (85.332%))
  Logic Levels:           2  (LUT4=1 LUT6=1)
  Clock Path Skew:        -0.126ns (DCD - SCD + CPR)
    Destination Clock Delay (DCD):    4.579ns = ( 54.579 - 50.000 ) 
    Source Clock Delay      (SCD):    9.683ns
    Clock Pessimism Removal (CPR):    4.978ns
  Clock Uncertainty:      0.035ns  ((TSJ^2 + TIJ^2)^1/2 + DJ) / 2 + PE
    Total System Jitter     (TSJ):    0.071ns
    Total Input Jitter      (TIJ):    0.000ns
    Discrete Jitter          (DJ):    0.000ns
    Phase Error              (PE):    0.000ns
  Clock Net Delay (Source):      2.392ns (routing 1.442ns, distribution 0.950ns)
  Clock Net Delay (Destination): 2.095ns (routing 1.312ns, distribution 0.783ns)

    Location             Delay type                Incr(ns)  Path(ns)    Netlist Resource(s)
  -------------------------------------------------------------------    -------------------
                         (clock dbg_hub/inst/BSCANID.u_xsdbm_id/SWITCH_N_EXT_BSCAN.bscan_inst/SERIES7_BSCAN.bscan_inst/INTERNAL_TCK rise edge)
                                                      0.000     0.000 r  <hidden>
    CONFIG_SITE_X0Y0     BSCANE2                      0.000     0.000 r  dbg_hub/inst/BSCANID.u_xsdbm_id/SWITCH_N_EXT_BSCAN.bscan_inst/SERIES7_BSCAN.bscan_inst/INTERNAL_TCK
    CONFIG_SITE_X0Y0     BSCANE2 (Prop_BSCAN1_CONFIG_SITE_INTERNAL_TCK_TCK)
                                                      4.300     4.300 r  dbg_hub/inst/BSCANID.u_xsdbm_id/SWITCH_N_EXT_BSCAN.bscan_inst/SERIES7_BSCAN.bscan_inst/TCK
                         net (fo=1, routed)           2.963     7.263    dbg_hub/inst/BSCANID.u_xsdbm_id/tck_bs
    BUFGCE_X0Y76         BUFGCE (Prop_BUFCE_BUFGCE_I_O)
                                                      0.028     7.291 r  dbg_hub/inst/BSCANID.u_xsdbm_id/SWITCH_N_EXT_BSCAN.u_bufg_icon_tck/O
    X2Y1 (CLOCK_ROOT)    net (fo=478, routed)         2.392     9.683    dbg_hub/inst/BSCANID.u_xsdbm_id/SWITCH_N_EXT_BSCAN.bscan_switch/s_bscan_tck
    SLICE_X98Y95         FDRE                                         r  dbg_hub/inst/BSCANID.u_xsdbm_id/SWITCH_N_EXT_BSCAN.bscan_switch/portno_reg[1]/C
  -------------------------------------------------------------------    -------------------
    SLICE_X98Y95         FDRE (Prop_EFF2_SLICEM_C_Q)
                                                      0.079     9.762 f  dbg_hub/inst/BSCANID.u_xsdbm_id/SWITCH_N_EXT_BSCAN.bscan_switch/portno_reg[1]/Q
                         net (fo=1, routed)           0.210     9.972    dbg_hub/inst/BSCANID.u_xsdbm_id/SWITCH_N_EXT_BSCAN.bscan_switch/portno[1]
    SLICE_X98Y95         LUT6 (Prop_H6LUT_SLICEM_I3_O)
                                                      0.152    10.124 f  dbg_hub/inst/BSCANID.u_xsdbm_id/SWITCH_N_EXT_BSCAN.bscan_switch/m_bscan_drck[0]_INST_0_i_1/O
                         net (fo=5, routed)           0.284    10.408    dbg_hub/inst/BSCANID.u_xsdbm_id/SWITCH_N_EXT_BSCAN.bscan_switch/m_bscan_drck[0]_INST_0_i_1_n_0
    SLICE_X99Y99         LUT4 (Prop_D5LUT_SLICEL_I3_O)
                                                      0.110    10.518 r  dbg_hub/inst/BSCANID.u_xsdbm_id/SWITCH_N_EXT_BSCAN.bscan_switch/m_bscan_sel[0]_INST_0/O
                         net (fo=11, routed)          1.490    12.008    dbg_hub/inst/BSCANID.u_xsdbm_id/CORE_XSDB.U_ICON/U_CMD/iTARGET_reg[6]_0
    SLICE_X48Y118        FDCE                                         f  dbg_hub/inst/BSCANID.u_xsdbm_id/CORE_XSDB.U_ICON/U_CMD/iTARGET_reg[6]/CLR  (IS_INVERTED)
  -------------------------------------------------------------------    -------------------

                         (clock dbg_hub/inst/BSCANID.u_xsdbm_id/SWITCH_N_EXT_BSCAN.bscan_inst/SERIES7_BSCAN.bscan_inst/INTERNAL_TCK rise edge)
                                                     50.000    50.000 r  <hidden>
    CONFIG_SITE_X0Y0     BSCANE2                      0.000    50.000 r  dbg_hub/inst/BSCANID.u_xsdbm_id/SWITCH_N_EXT_BSCAN.bscan_inst/SERIES7_BSCAN.bscan_inst/INTERNAL_TCK
    CONFIG_SITE_X0Y0     BSCANE2 (Prop_BSCAN1_CONFIG_SITE_INTERNAL_TCK_TCK)
                                                      0.465    50.465 r  dbg_hub/inst/BSCANID.u_xsdbm_id/SWITCH_N_EXT_BSCAN.bscan_inst/SERIES7_BSCAN.bscan_inst/TCK
                         net (fo=1, routed)           1.995    52.460    dbg_hub/inst/BSCANID.u_xsdbm_id/tck_bs
    BUFGCE_X0Y76         BUFGCE (Prop_BUFCE_BUFGCE_I_O)
                                                      0.024    52.484 r  dbg_hub/inst/BSCANID.u_xsdbm_id/SWITCH_N_EXT_BSCAN.u_bufg_icon_tck/O
    X2Y1 (CLOCK_ROOT)    net (fo=478, routed)         2.095    54.579    dbg_hub/inst/BSCANID.u_xsdbm_id/CORE_XSDB.U_ICON/U_CMD/m_bscan_tck[0]
    SLICE_X48Y118        FDCE                                         r  dbg_hub/inst/BSCANID.u_xsdbm_id/CORE_XSDB.U_ICON/U_CMD/iTARGET_reg[6]/C
                         clock pessimism              4.978    59.557    <hidden>
                         clock uncertainty           -0.035    59.521    <hidden>
    SLICE_X48Y118        FDCE (Recov_EFF_SLICEL_C_CLR)
                                                     -0.066    59.455    dbg_hub/inst/BSCANID.u_xsdbm_id/CORE_XSDB.U_ICON/U_CMD/iTARGET_reg[6]
  -------------------------------------------------------------------
                         required time                         59.455    <hidden>
                         arrival time                         -12.008    <hidden>
  -------------------------------------------------------------------
                         slack                                 47.447    <hidden>





Min Delay Paths
--------------------------------------------------------------------------------------
Slack (MET) :             0.095ns  (arrival time - required time)
  Source:                 dbg_hub/inst/BSCANID.u_xsdbm_id/CORE_XSDB.UUT_MASTER/U_ICON_INTERFACE/U_CMD6_RD/U_RD_FIFO/SUBCORE_FIFO.xsdbm_v3_0_6_rdfifo_inst/inst_fifo_gen/gconvfifo.rf/grf.rf/rstblk/ngwrdrst.grst.g7serrst.rd_rst_reg_reg[2]/C
                            (rising edge-triggered cell FDPE clocked by dbg_hub/inst/BSCANID.u_xsdbm_id/SWITCH_N_EXT_BSCAN.bscan_inst/SERIES7_BSCAN.bscan_inst/INTERNAL_TCK  {rise@0.000ns fall@25.000ns period=50.000ns})
  Destination:            dbg_hub/inst/BSCANID.u_xsdbm_id/CORE_XSDB.UUT_MASTER/U_ICON_INTERFACE/U_CMD6_RD/U_RD_FIFO/SUBCORE_FIFO.xsdbm_v3_0_6_rdfifo_inst/inst_fifo_gen/gconvfifo.rf/grf.rf/gntv_or_sync_fifo.gl0.rd/gr1.gr1_int.rfwft/empty_fwft_fb_o_i_reg/PRE
                            (removal check against rising-edge clock dbg_hub/inst/BSCANID.u_xsdbm_id/SWITCH_N_EXT_BSCAN.bscan_inst/SERIES7_BSCAN.bscan_inst/INTERNAL_TCK  {rise@0.000ns fall@25.000ns period=50.000ns})
  Path Group:             **async_default**
  Path Type:              Removal (Min at Fast Process Corner)
  Requirement:            0.000ns  (dbg_hub/inst/BSCANID.u_xsdbm_id/SWITCH_N_EXT_BSCAN.bscan_inst/SERIES7_BSCAN.bscan_inst/INTERNAL_TCK rise@0.000ns - dbg_hub/inst/BSCANID.u_xsdbm_id/SWITCH_N_EXT_BSCAN.bscan_inst/SERIES7_BSCAN.bscan_inst/INTERNAL_TCK rise@0.000ns)
  Data Path Delay:        0.130ns  (logic 0.039ns (29.988%)  route 0.091ns (70.012%))
  Logic Levels:           0  
  Clock Path Skew:        0.055ns (DCD - SCD - CPR)
    Destination Clock Delay (DCD):    7.835ns
    Source Clock Delay      (SCD):    3.326ns
    Clock Pessimism Removal (CPR):    4.455ns
  Clock Net Delay (Source):      1.298ns (routing 0.782ns, distribution 0.516ns)
  Clock Net Delay (Destination): 1.471ns (routing 0.875ns, distribution 0.596ns)

    Location             Delay type                Incr(ns)  Path(ns)    Netlist Resource(s)
  -------------------------------------------------------------------    -------------------
                         (clock dbg_hub/inst/BSCANID.u_xsdbm_id/SWITCH_N_EXT_BSCAN.bscan_inst/SERIES7_BSCAN.bscan_inst/INTERNAL_TCK rise edge)
                                                      0.000     0.000 r  <hidden>
    CONFIG_SITE_X0Y0     BSCANE2                      0.000     0.000 r  dbg_hub/inst/BSCANID.u_xsdbm_id/SWITCH_N_EXT_BSCAN.bscan_inst/SERIES7_BSCAN.bscan_inst/INTERNAL_TCK
    CONFIG_SITE_X0Y0     BSCANE2 (Prop_BSCAN1_CONFIG_SITE_INTERNAL_TCK_TCK)
                                                      0.465     0.465 r  dbg_hub/inst/BSCANID.u_xsdbm_id/SWITCH_N_EXT_BSCAN.bscan_inst/SERIES7_BSCAN.bscan_inst/TCK
                         net (fo=1, routed)           1.546     2.011    dbg_hub/inst/BSCANID.u_xsdbm_id/tck_bs
    BUFGCE_X0Y76         BUFGCE (Prop_BUFCE_BUFGCE_I_O)
                                                      0.017     2.028 r  dbg_hub/inst/BSCANID.u_xsdbm_id/SWITCH_N_EXT_BSCAN.u_bufg_icon_tck/O
    X2Y1 (CLOCK_ROOT)    net (fo=478, routed)         1.298     3.326    dbg_hub/inst/BSCANID.u_xsdbm_id/CORE_XSDB.UUT_MASTER/U_ICON_INTERFACE/U_CMD6_RD/U_RD_FIFO/SUBCORE_FIFO.xsdbm_v3_0_6_rdfifo_inst/inst_fifo_gen/gconvfifo.rf/grf.rf/rstblk/rd_clk
    SLICE_X47Y114        FDPE                                         r  dbg_hub/inst/BSCANID.u_xsdbm_id/CORE_XSDB.UUT_MASTER/U_ICON_INTERFACE/U_CMD6_RD/U_RD_FIFO/SUBCORE_FIFO.xsdbm_v3_0_6_rdfifo_inst/inst_fifo_gen/gconvfifo.rf/grf.rf/rstblk/ngwrdrst.grst.g7serrst.rd_rst_reg_reg[2]/C
  -------------------------------------------------------------------    -------------------
    SLICE_X47Y114        FDPE (Prop_FFF_SLICEL_C_Q)
                                                      0.039     3.365 f  dbg_hub/inst/BSCANID.u_xsdbm_id/CORE_XSDB.UUT_MASTER/U_ICON_INTERFACE/U_CMD6_RD/U_RD_FIFO/SUBCORE_FIFO.xsdbm_v3_0_6_rdfifo_inst/inst_fifo_gen/gconvfifo.rf/grf.rf/rstblk/ngwrdrst.grst.g7serrst.rd_rst_reg_reg[2]/Q
                         net (fo=18, routed)          0.091     3.456    dbg_hub/inst/BSCANID.u_xsdbm_id/CORE_XSDB.UUT_MASTER/U_ICON_INTERFACE/U_CMD6_RD/U_RD_FIFO/SUBCORE_FIFO.xsdbm_v3_0_6_rdfifo_inst/inst_fifo_gen/gconvfifo.rf/grf.rf/gntv_or_sync_fifo.gl0.rd/gr1.gr1_int.rfwft/out[1]
    SLICE_X43Y114        FDPE                                         f  dbg_hub/inst/BSCANID.u_xsdbm_id/CORE_XSDB.UUT_MASTER/U_ICON_INTERFACE/U_CMD6_RD/U_RD_FIFO/SUBCORE_FIFO.xsdbm_v3_0_6_rdfifo_inst/inst_fifo_gen/gconvfifo.rf/grf.rf/gntv_or_sync_fifo.gl0.rd/gr1.gr1_int.rfwft/empty_fwft_fb_o_i_reg/PRE
  -------------------------------------------------------------------    -------------------

                         (clock dbg_hub/inst/BSCANID.u_xsdbm_id/SWITCH_N_EXT_BSCAN.bscan_inst/SERIES7_BSCAN.bscan_inst/INTERNAL_TCK rise edge)
                                                      0.000     0.000 r  <hidden>
    CONFIG_SITE_X0Y0     BSCANE2                      0.000     0.000 r  dbg_hub/inst/BSCANID.u_xsdbm_id/SWITCH_N_EXT_BSCAN.bscan_inst/SERIES7_BSCAN.bscan_inst/INTERNAL_TCK
    CONFIG_SITE_X0Y0     BSCANE2 (Prop_BSCAN1_CONFIG_SITE_INTERNAL_TCK_TCK)
                                                      4.300     4.300 r  dbg_hub/inst/BSCANID.u_xsdbm_id/SWITCH_N_EXT_BSCAN.bscan_inst/SERIES7_BSCAN.bscan_inst/TCK
                         net (fo=1, routed)           2.045     6.345    dbg_hub/inst/BSCANID.u_xsdbm_id/tck_bs
    BUFGCE_X0Y76         BUFGCE (Prop_BUFCE_BUFGCE_I_O)
                                                      0.019     6.364 r  dbg_hub/inst/BSCANID.u_xsdbm_id/SWITCH_N_EXT_BSCAN.u_bufg_icon_tck/O
    X2Y1 (CLOCK_ROOT)    net (fo=478, routed)         1.471     7.835    dbg_hub/inst/BSCANID.u_xsdbm_id/CORE_XSDB.UUT_MASTER/U_ICON_INTERFACE/U_CMD6_RD/U_RD_FIFO/SUBCORE_FIFO.xsdbm_v3_0_6_rdfifo_inst/inst_fifo_gen/gconvfifo.rf/grf.rf/gntv_or_sync_fifo.gl0.rd/gr1.gr1_int.rfwft/rd_clk
    SLICE_X43Y114        FDPE                                         r  dbg_hub/inst/BSCANID.u_xsdbm_id/CORE_XSDB.UUT_MASTER/U_ICON_INTERFACE/U_CMD6_RD/U_RD_FIFO/SUBCORE_FIFO.xsdbm_v3_0_6_rdfifo_inst/inst_fifo_gen/gconvfifo.rf/grf.rf/gntv_or_sync_fifo.gl0.rd/gr1.gr1_int.rfwft/empty_fwft_fb_o_i_reg/C
                         clock pessimism             -4.455     3.380    <hidden>
    SLICE_X43Y114        FDPE (Remov_HFF_SLICEL_C_PRE)
                                                     -0.020     3.360    dbg_hub/inst/BSCANID.u_xsdbm_id/CORE_XSDB.UUT_MASTER/U_ICON_INTERFACE/U_CMD6_RD/U_RD_FIFO/SUBCORE_FIFO.xsdbm_v3_0_6_rdfifo_inst/inst_fifo_gen/gconvfifo.rf/grf.rf/gntv_or_sync_fifo.gl0.rd/gr1.gr1_int.rfwft/empty_fwft_fb_o_i_reg
  -------------------------------------------------------------------
                         required time                         -3.360    <hidden>
                         arrival time                           3.456    <hidden>
  -------------------------------------------------------------------
                         slack                                  0.095    <hidden>





---------------------------------------------------------------------------------------------------
Path Group:  **async_default**
From Clock:  mmcm_clkout5
  To Clock:  mmcm_clkout5

Setup :            0  Failing Endpoints,  Worst Slack       10.616ns,  Total Violation        0.000ns
Hold  :            0  Failing Endpoints,  Worst Slack        0.116ns,  Total Violation        0.000ns
---------------------------------------------------------------------------------------------------


Max Delay Paths
--------------------------------------------------------------------------------------
Slack (MET) :             10.616ns  (required time - arrival time)
  Source:                 dbg_hub/inst/BSCANID.u_xsdbm_id/CORE_XSDB.UUT_MASTER/U_ICON_INTERFACE/U_CMD1/ctl_reg_reg[0]/C
                            (rising edge-triggered cell FDRE clocked by mmcm_clkout5  {rise@0.000ns fall@6.001ns period=12.002ns})
  Destination:            dbg_hub/inst/BSCANID.u_xsdbm_id/CORE_XSDB.UUT_MASTER/U_XSDB_BUS_CONTROLLER/FSM_onehot_current_state_reg[16]/CLR
                            (recovery check against rising-edge clock mmcm_clkout5  {rise@0.000ns fall@6.001ns period=12.002ns})
  Path Group:             **async_default**
  Path Type:              Recovery (Max at Slow Process Corner)
  Requirement:            12.002ns  (mmcm_clkout5 rise@12.002ns - mmcm_clkout5 rise@0.000ns)
  Data Path Delay:        1.167ns  (logic 0.079ns (6.768%)  route 1.088ns (93.232%))
  Logic Levels:           0  
  Clock Path Skew:        -0.077ns (DCD - SCD + CPR)
    Destination Clock Delay (DCD):    4.476ns = ( 16.479 - 12.002 ) 
    Source Clock Delay      (SCD):    4.215ns
    Clock Pessimism Removal (CPR):    -0.338ns
  Clock Uncertainty:      0.076ns  ((TSJ^2 + DJ^2)^1/2) / 2 + PE
    Total System Jitter     (TSJ):    0.071ns
    Discrete Jitter          (DJ):    0.134ns
    Phase Error              (PE):    0.000ns
  Clock Net Delay (Source):      1.916ns (routing 0.926ns, distribution 0.990ns)
  Clock Net Delay (Destination): 1.753ns (routing 0.840ns, distribution 0.913ns)

    Location             Delay type                Incr(ns)  Path(ns)    Netlist Resource(s)
  -------------------------------------------------------------------    -------------------
                         (clock mmcm_clkout5 rise edge)
                                                      0.000     0.000 r  <hidden>
    K22                                               0.000     0.000 r  default_sysclk1_300_clk_p
                         net (fo=0)                   0.100     0.100    system_i/ddr4_0/inst/u_ddr4_mem_intfc/u_mig_ddr4_phy/inst/u_ddr4_phy_pll/diff_input_clk.u_ibufg_sys_clk/I
    HPIOBDIFFINBUF_X0Y58 DIFFINBUF (Prop_DIFFINBUF_HPIOBDIFFINBUF_DIFF_IN_P_O)
                                                      0.469     0.569 r  system_i/ddr4_0/inst/u_ddr4_mem_intfc/u_mig_ddr4_phy/inst/u_ddr4_phy_pll/diff_input_clk.u_ibufg_sys_clk/DIFFINBUF_INST/O
                         net (fo=1, routed)           0.050     0.619    system_i/ddr4_0/inst/u_ddr4_mem_intfc/u_mig_ddr4_phy/inst/u_ddr4_phy_pll/diff_input_clk.u_ibufg_sys_clk/OUT
    K22                  IBUFCTRL (Prop_IBUFCTRL_HPIOB_M_I_O)
                                                      0.000     0.619 r  system_i/ddr4_0/inst/u_ddr4_mem_intfc/u_mig_ddr4_phy/inst/u_ddr4_phy_pll/diff_input_clk.u_ibufg_sys_clk/IBUFCTRL_INST/O
                         net (fo=2, routed)           0.336     0.955    system_i/ddr4_0/inst/u_ddr4_mem_intfc/u_mig_ddr4_phy/inst/u_ddr4_phy_pll/sys_clk_in
    BUFGCE_X0Y49         BUFGCE (Prop_BUFCE_BUFGCE_I_O)
                                                      0.028     0.983 r  system_i/ddr4_0/inst/u_ddr4_mem_intfc/u_mig_ddr4_phy/inst/u_ddr4_phy_pll/gen_bufg_backbone.u__bufg_backbone/O
                         net (fo=1, routed)           1.179     2.162    system_i/ddr4_0/inst/u_ddr4_infrastructure/mmcm_clk_in
    MMCM_X0Y3            MMCME4_ADV (Prop_MMCM_CLKIN1_CLKOUT5)
                                                     -0.127     2.035 r  system_i/ddr4_0/inst/u_ddr4_infrastructure/gen_mmcme4.u_mmcme_adv_inst/CLKOUT5
                         net (fo=1, routed)           0.236     2.271    system_i/ddr4_0/inst/u_ddr4_infrastructure/mmcm_clkout5
    BUFGCE_X0Y78         BUFGCE (Prop_BUFCE_BUFGCE_I_O)
                                                      0.028     2.299 r  system_i/ddr4_0/inst/u_ddr4_infrastructure/u_bufg_dbg_clk/O
    X0Y1 (CLOCK_ROOT)    net (fo=568, routed)         1.916     4.215    dbg_hub/inst/BSCANID.u_xsdbm_id/CORE_XSDB.UUT_MASTER/U_ICON_INTERFACE/U_CMD1/clk
    SLICE_X47Y115        FDRE                                         r  dbg_hub/inst/BSCANID.u_xsdbm_id/CORE_XSDB.UUT_MASTER/U_ICON_INTERFACE/U_CMD1/ctl_reg_reg[0]/C
  -------------------------------------------------------------------    -------------------
    SLICE_X47Y115        FDRE (Prop_EFF_SLICEL_C_Q)
                                                      0.079     4.294 f  dbg_hub/inst/BSCANID.u_xsdbm_id/CORE_XSDB.UUT_MASTER/U_ICON_INTERFACE/U_CMD1/ctl_reg_reg[0]/Q
                         net (fo=176, routed)         1.088     5.383    dbg_hub/inst/BSCANID.u_xsdbm_id/CORE_XSDB.UUT_MASTER/U_XSDB_BUS_CONTROLLER/out[0]
    SLICE_X44Y121        FDCE                                         f  dbg_hub/inst/BSCANID.u_xsdbm_id/CORE_XSDB.UUT_MASTER/U_XSDB_BUS_CONTROLLER/FSM_onehot_current_state_reg[16]/CLR
  -------------------------------------------------------------------    -------------------

                         (clock mmcm_clkout5 rise edge)
                                                     12.002    12.002 r  <hidden>
    K22                                               0.000    12.002 r  default_sysclk1_300_clk_p
                         net (fo=0)                   0.079    12.081    system_i/ddr4_0/inst/u_ddr4_mem_intfc/u_mig_ddr4_phy/inst/u_ddr4_phy_pll/diff_input_clk.u_ibufg_sys_clk/I
    HPIOBDIFFINBUF_X0Y58 DIFFINBUF (Prop_DIFFINBUF_HPIOBDIFFINBUF_DIFF_IN_P_O)
                                                      0.374    12.455 r  system_i/ddr4_0/inst/u_ddr4_mem_intfc/u_mig_ddr4_phy/inst/u_ddr4_phy_pll/diff_input_clk.u_ibufg_sys_clk/DIFFINBUF_INST/O
                         net (fo=1, routed)           0.040    12.495    system_i/ddr4_0/inst/u_ddr4_mem_intfc/u_mig_ddr4_phy/inst/u_ddr4_phy_pll/diff_input_clk.u_ibufg_sys_clk/OUT
    K22                  IBUFCTRL (Prop_IBUFCTRL_HPIOB_M_I_O)
                                                      0.000    12.495 r  system_i/ddr4_0/inst/u_ddr4_mem_intfc/u_mig_ddr4_phy/inst/u_ddr4_phy_pll/diff_input_clk.u_ibufg_sys_clk/IBUFCTRL_INST/O
                         net (fo=2, routed)           0.297    12.792    system_i/ddr4_0/inst/u_ddr4_mem_intfc/u_mig_ddr4_phy/inst/u_ddr4_phy_pll/sys_clk_in
    BUFGCE_X0Y49         BUFGCE (Prop_BUFCE_BUFGCE_I_O)
                                                      0.024    12.816 r  system_i/ddr4_0/inst/u_ddr4_mem_intfc/u_mig_ddr4_phy/inst/u_ddr4_phy_pll/gen_bufg_backbone.u__bufg_backbone/O
                         net (fo=1, routed)           1.049    13.865    system_i/ddr4_0/inst/u_ddr4_infrastructure/mmcm_clk_in
    MMCM_X0Y3            MMCME4_ADV (Prop_MMCM_CLKIN1_CLKOUT5)
                                                      0.630    14.495 r  system_i/ddr4_0/inst/u_ddr4_infrastructure/gen_mmcme4.u_mmcme_adv_inst/CLKOUT5
                         net (fo=1, routed)           0.207    14.702    system_i/ddr4_0/inst/u_ddr4_infrastructure/mmcm_clkout5
    BUFGCE_X0Y78         BUFGCE (Prop_BUFCE_BUFGCE_I_O)
                                                      0.024    14.726 r  system_i/ddr4_0/inst/u_ddr4_infrastructure/u_bufg_dbg_clk/O
    X0Y1 (CLOCK_ROOT)    net (fo=568, routed)         1.753    16.479    dbg_hub/inst/BSCANID.u_xsdbm_id/CORE_XSDB.UUT_MASTER/U_XSDB_BUS_CONTROLLER/clk
    SLICE_X44Y121        FDCE                                         r  dbg_hub/inst/BSCANID.u_xsdbm_id/CORE_XSDB.UUT_MASTER/U_XSDB_BUS_CONTROLLER/FSM_onehot_current_state_reg[16]/C
                         clock pessimism             -0.338    16.140    <hidden>
                         clock uncertainty           -0.076    16.065    <hidden>
    SLICE_X44Y121        FDCE (Recov_DFF_SLICEM_C_CLR)
                                                     -0.066    15.999    dbg_hub/inst/BSCANID.u_xsdbm_id/CORE_XSDB.UUT_MASTER/U_XSDB_BUS_CONTROLLER/FSM_onehot_current_state_reg[16]
  -------------------------------------------------------------------
                         required time                         15.999    <hidden>
                         arrival time                          -5.383    <hidden>
  -------------------------------------------------------------------
                         slack                                 10.616    <hidden>





Min Delay Paths
--------------------------------------------------------------------------------------
Slack (MET) :             0.116ns  (arrival time - required time)
  Source:                 dbg_hub/inst/BSCANID.u_xsdbm_id/CORE_XSDB.UUT_MASTER/U_XSDB_BUS_CONTROLLER/clr_abort_rd_reg/C
                            (rising edge-triggered cell FDCE clocked by mmcm_clkout5  {rise@0.000ns fall@6.001ns period=12.002ns})
  Destination:            dbg_hub/inst/BSCANID.u_xsdbm_id/CORE_XSDB.UUT_MASTER/U_XSDB_BUS_CONTROLLER/U_RD_ABORT_FLAG/G_NEG_EDGE.flag_reg/CLR
                            (removal check against rising-edge clock mmcm_clkout5  {rise@0.000ns fall@6.001ns period=12.002ns})
  Path Group:             **async_default**
  Path Type:              Removal (Min at Fast Process Corner)
  Requirement:            0.000ns  (mmcm_clkout5 rise@0.000ns - mmcm_clkout5 rise@0.000ns)
  Data Path Delay:        0.106ns  (logic 0.039ns (36.760%)  route 0.067ns (63.240%))
  Logic Levels:           0  
  Clock Path Skew:        0.010ns (DCD - SCD - CPR)
    Destination Clock Delay (DCD):    2.505ns
    Source Clock Delay      (SCD):    2.622ns
    Clock Pessimism Removal (CPR):    -0.127ns
  Clock Net Delay (Source):      1.066ns (routing 0.510ns, distribution 0.556ns)
  Clock Net Delay (Destination): 1.205ns (routing 0.573ns, distribution 0.632ns)

    Location             Delay type                Incr(ns)  Path(ns)    Netlist Resource(s)
  -------------------------------------------------------------------    -------------------
                         (clock mmcm_clkout5 rise edge)
                                                      0.000     0.000 r  <hidden>
    K22                                               0.000     0.000 r  default_sysclk1_300_clk_p
                         net (fo=0)                   0.079     0.079    system_i/ddr4_0/inst/u_ddr4_mem_intfc/u_mig_ddr4_phy/inst/u_ddr4_phy_pll/diff_input_clk.u_ibufg_sys_clk/I
    HPIOBDIFFINBUF_X0Y58 DIFFINBUF (Prop_DIFFINBUF_HPIOBDIFFINBUF_DIFF_IN_P_O)
                                                      0.229     0.308 r  system_i/ddr4_0/inst/u_ddr4_mem_intfc/u_mig_ddr4_phy/inst/u_ddr4_phy_pll/diff_input_clk.u_ibufg_sys_clk/DIFFINBUF_INST/O
                         net (fo=1, routed)           0.040     0.348    system_i/ddr4_0/inst/u_ddr4_mem_intfc/u_mig_ddr4_phy/inst/u_ddr4_phy_pll/diff_input_clk.u_ibufg_sys_clk/OUT
    K22                  IBUFCTRL (Prop_IBUFCTRL_HPIOB_M_I_O)
                                                      0.000     0.348 r  system_i/ddr4_0/inst/u_ddr4_mem_intfc/u_mig_ddr4_phy/inst/u_ddr4_phy_pll/diff_input_clk.u_ibufg_sys_clk/IBUFCTRL_INST/O
                         net (fo=2, routed)           0.151     0.499    system_i/ddr4_0/inst/u_ddr4_mem_intfc/u_mig_ddr4_phy/inst/u_ddr4_phy_pll/sys_clk_in
    BUFGCE_X0Y49         BUFGCE (Prop_BUFCE_BUFGCE_I_O)
                                                      0.017     0.516 r  system_i/ddr4_0/inst/u_ddr4_mem_intfc/u_mig_ddr4_phy/inst/u_ddr4_phy_pll/gen_bufg_backbone.u__bufg_backbone/O
                         net (fo=1, routed)           0.654     1.170    system_i/ddr4_0/inst/u_ddr4_infrastructure/mmcm_clk_in
    MMCM_X0Y3            MMCME4_ADV (Prop_MMCM_CLKIN1_CLKOUT5)
                                                      0.230     1.400 r  system_i/ddr4_0/inst/u_ddr4_infrastructure/gen_mmcme4.u_mmcme_adv_inst/CLKOUT5
                         net (fo=1, routed)           0.140     1.540    system_i/ddr4_0/inst/u_ddr4_infrastructure/mmcm_clkout5
    BUFGCE_X0Y78         BUFGCE (Prop_BUFCE_BUFGCE_I_O)
                                                      0.017     1.557 r  system_i/ddr4_0/inst/u_ddr4_infrastructure/u_bufg_dbg_clk/O
    X0Y1 (CLOCK_ROOT)    net (fo=568, routed)         1.066     2.622    dbg_hub/inst/BSCANID.u_xsdbm_id/CORE_XSDB.UUT_MASTER/U_XSDB_BUS_CONTROLLER/clk
    SLICE_X45Y119        FDCE                                         r  dbg_hub/inst/BSCANID.u_xsdbm_id/CORE_XSDB.UUT_MASTER/U_XSDB_BUS_CONTROLLER/clr_abort_rd_reg/C
  -------------------------------------------------------------------    -------------------
    SLICE_X45Y119        FDCE (Prop_HFF_SLICEL_C_Q)
                                                      0.039     2.661 f  dbg_hub/inst/BSCANID.u_xsdbm_id/CORE_XSDB.UUT_MASTER/U_XSDB_BUS_CONTROLLER/clr_abort_rd_reg/Q
                         net (fo=2, routed)           0.067     2.728    dbg_hub/inst/BSCANID.u_xsdbm_id/CORE_XSDB.UUT_MASTER/U_XSDB_BUS_CONTROLLER/U_RD_ABORT_FLAG/clr_abort_rd
    SLICE_X45Y119        FDCE                                         f  dbg_hub/inst/BSCANID.u_xsdbm_id/CORE_XSDB.UUT_MASTER/U_XSDB_BUS_CONTROLLER/U_RD_ABORT_FLAG/G_NEG_EDGE.flag_reg/CLR
  -------------------------------------------------------------------    -------------------

                         (clock mmcm_clkout5 rise edge)
                                                      0.000     0.000 r  <hidden>
    K22                                               0.000     0.000 r  default_sysclk1_300_clk_p
                         net (fo=0)                   0.100     0.100    system_i/ddr4_0/inst/u_ddr4_mem_intfc/u_mig_ddr4_phy/inst/u_ddr4_phy_pll/diff_input_clk.u_ibufg_sys_clk/I
    HPIOBDIFFINBUF_X0Y58 DIFFINBUF (Prop_DIFFINBUF_HPIOBDIFFINBUF_DIFF_IN_P_O)
                                                      0.326     0.426 r  system_i/ddr4_0/inst/u_ddr4_mem_intfc/u_mig_ddr4_phy/inst/u_ddr4_phy_pll/diff_input_clk.u_ibufg_sys_clk/DIFFINBUF_INST/O
                         net (fo=1, routed)           0.050     0.476    system_i/ddr4_0/inst/u_ddr4_mem_intfc/u_mig_ddr4_phy/inst/u_ddr4_phy_pll/diff_input_clk.u_ibufg_sys_clk/OUT
    K22                  IBUFCTRL (Prop_IBUFCTRL_HPIOB_M_I_O)
                                                      0.000     0.476 r  system_i/ddr4_0/inst/u_ddr4_mem_intfc/u_mig_ddr4_phy/inst/u_ddr4_phy_pll/diff_input_clk.u_ibufg_sys_clk/IBUFCTRL_INST/O
                         net (fo=2, routed)           0.189     0.665    system_i/ddr4_0/inst/u_ddr4_mem_intfc/u_mig_ddr4_phy/inst/u_ddr4_phy_pll/sys_clk_in
    BUFGCE_X0Y49         BUFGCE (Prop_BUFCE_BUFGCE_I_O)
                                                      0.019     0.684 r  system_i/ddr4_0/inst/u_ddr4_mem_intfc/u_mig_ddr4_phy/inst/u_ddr4_phy_pll/gen_bufg_backbone.u__bufg_backbone/O
                         net (fo=1, routed)           0.733     1.417    system_i/ddr4_0/inst/u_ddr4_infrastructure/mmcm_clk_in
    MMCM_X0Y3            MMCME4_ADV (Prop_MMCM_CLKIN1_CLKOUT5)
                                                     -0.295     1.122 r  system_i/ddr4_0/inst/u_ddr4_infrastructure/gen_mmcme4.u_mmcme_adv_inst/CLKOUT5
                         net (fo=1, routed)           0.159     1.281    system_i/ddr4_0/inst/u_ddr4_infrastructure/mmcm_clkout5
    BUFGCE_X0Y78         BUFGCE (Prop_BUFCE_BUFGCE_I_O)
                                                      0.019     1.300 r  system_i/ddr4_0/inst/u_ddr4_infrastructure/u_bufg_dbg_clk/O
    X0Y1 (CLOCK_ROOT)    net (fo=568, routed)         1.205     2.505    dbg_hub/inst/BSCANID.u_xsdbm_id/CORE_XSDB.UUT_MASTER/U_XSDB_BUS_CONTROLLER/U_RD_ABORT_FLAG/clk
    SLICE_X45Y119        FDCE                                         r  dbg_hub/inst/BSCANID.u_xsdbm_id/CORE_XSDB.UUT_MASTER/U_XSDB_BUS_CONTROLLER/U_RD_ABORT_FLAG/G_NEG_EDGE.flag_reg/C
                         clock pessimism              0.127     2.632    <hidden>
    SLICE_X45Y119        FDCE (Remov_DFF2_SLICEL_C_CLR)
                                                     -0.020     2.612    dbg_hub/inst/BSCANID.u_xsdbm_id/CORE_XSDB.UUT_MASTER/U_XSDB_BUS_CONTROLLER/U_RD_ABORT_FLAG/G_NEG_EDGE.flag_reg
  -------------------------------------------------------------------
                         required time                         -2.612    <hidden>
                         arrival time                           2.728    <hidden>
  -------------------------------------------------------------------
                         slack                                  0.116    <hidden>





