Copyright 1986-2022 Xilinx, Inc. All Rights Reserved. Copyright 2022-2026 Advanced Micro Devices, Inc. All Rights Reserved.
--------------------------------------------------------------------------------------------------------------------------------------------------
| Tool Version      : Vivado v.2026.1 (win64) Build 6511674 Tue Jun 16 11:02:23 MDT 2026
| Date              : Thu Oct  8 17:10:48 2026
| Host              : DESKTOP-6IQQE7O running 64-bit major release  (build 9200)
| Command           : report_timing_summary -file D:/Thesis/ThesisA/fpga_kcu116/out/kcu116_lpc_timing.rpt
| Design            : system_wrapper
| Device            : xcku5p-ffvb676
| Speed File        : -2  PRODUCTION 1.29 05-01-2022
| Design State      : Routed
| Temperature Grade : E
--------------------------------------------------------------------------------------------------------------------------------------------------

Timing Summary Report

------------------------------------------------------------------------------------------------
| Timer Settings
| --------------
------------------------------------------------------------------------------------------------

  Enable Multi Corner Analysis               :  Yes
  Enable Pessimism Removal                   :  Yes
  Pessimism Removal Resolution               :  Nearest Common Node
  Enable Input Delay Default Clock           :  No
  Enable Preset / Clear Arcs                 :  No
  Disable Flight Delays                      :  No
  Ignore I/O Paths                           :  No
  Timing Early Launch at Borrowing Latches   :  No
  Borrow Time for Max Delay Exceptions       :  Yes
  Merge Timing Exceptions                    :  Yes
  Inter-SLR Compensation                     :  Conservative

  Corner  Analyze    Analyze    
  Name    Max Paths  Min Paths  
  ------  ---------  ---------  
  Slow    Yes        Yes        
  Fast    Yes        Yes        


------------------------------------------------------------------------------------------------
| Report Methodology
| ------------------
------------------------------------------------------------------------------------------------

Rule       Severity  Description                                                                                            Violations  
---------  --------  -----------------------------------------------------------------------------------------------------  ----------  
LUTAR-1    Warning   LUT drives async reset alert                                                                           7           
TIMING-9   Warning   Unknown CDC Logic                                                                                      1           
TIMING-10  Warning   Missing property on synchronizer                                                                       1           
TIMING-18  Warning   Missing input or output delay                                                                          1           
TIMING-47  Warning   False path, asynchronous clock group or max delay datapath only constraint between synchronous clocks  6           

Note: This report is based on the most recent report_methodology run and may not be up-to-date. Run report_methodology on the current design for the latest report.



check_timing report

Table of Contents
-----------------
1. checking no_clock (0)
2. checking constant_clock (0)
3. checking pulse_width_clock (0)
4. checking unconstrained_internal_endpoints (0)
5. checking no_input_delay (2)
6. checking no_output_delay (10)
7. checking multiple_clock (0)
8. checking generated_clocks (0)
9. checking loops (0)
10. checking partial_input_delay (0)
11. checking partial_output_delay (0)
12. checking latch_loops (0)

1. checking no_clock (0)
------------------------
 There are 0 register/latch pins with no clock.


2. checking constant_clock (0)
------------------------------
 There are 0 register/latch pins with constant_clock.


3. checking pulse_width_clock (0)
---------------------------------
 There are 0 register/latch pins which need pulse_width check


4. checking unconstrained_internal_endpoints (0)
------------------------------------------------
 There are 0 pins that are not constrained for maximum delay.

 There are 0 pins that are not constrained for maximum delay due to constant clock.


5. checking no_input_delay (2)
------------------------------
 There are 2 input ports with no input delay specified. (HIGH)

 There are 0 input ports with no input delay but user has a false path constraint.


6. checking no_output_delay (10)
--------------------------------
 There are 10 ports with no output delay specified. (HIGH)

 There are 0 ports with no output delay but user has a false path constraint

 There are 0 ports with no output delay but with a timing clock defined on it or propagating through it


7. checking multiple_clock (0)
------------------------------
 There are 0 register/latch pins with multiple clocks.


8. checking generated_clocks (0)
--------------------------------
 There are 0 generated clocks that are not connected to a clock source.


9. checking loops (0)
---------------------
 There are 0 combinational loops in the design.


10. checking partial_input_delay (0)
------------------------------------
 There are 0 input ports with partial input delay specified.


11. checking partial_output_delay (0)
-------------------------------------
 There are 0 ports with partial output delay specified.


12. checking latch_loops (0)
----------------------------
 There are 0 combinational latch loops in the design through latch input



------------------------------------------------------------------------------------------------
| Design Timing Summary
| ---------------------
------------------------------------------------------------------------------------------------

    WNS(ns)      TNS(ns)  TNS Failing Endpoints  TNS Total Endpoints      WHS(ns)      THS(ns)  THS Failing Endpoints  THS Total Endpoints     WPWS(ns)     TPWS(ns)  TPWS Failing Endpoints  TPWS Total Endpoints  
    -------      -------  ---------------------  -------------------      -------      -------  ---------------------  -------------------     --------     --------  ----------------------  --------------------  
      0.174        0.000                      0               181422        0.010        0.000                      0               180852        0.000        0.000                       0                 65846  


All user specified timing constraints are met.


------------------------------------------------------------------------------------------------
| Clock Summary
| -------------
------------------------------------------------------------------------------------------------

Clock                                                                                                Waveform(ns)           Period(ns)      Frequency(MHz)
-----                                                                                                ------------           ----------      --------------
dbg_hub/inst/BSCANID.u_xsdbm_id/SWITCH_N_EXT_BSCAN.bscan_inst/SERIES7_BSCAN.bscan_inst/INTERNAL_TCK  {0.000 25.000}         50.000          20.000          
default_sysclk1_300_clk_p                                                                            {0.000 1.667}          3.334           299.940         
  mmcm_clkout0                                                                                       {0.000 1.500}          3.001           333.267         
    pll_clk[0]                                                                                       {0.000 0.188}          0.375           2666.133        
      pll_clk[0]_DIV                                                                                 {0.000 1.500}          3.001           333.267         
    pll_clk[1]                                                                                       {0.000 0.188}          0.375           2666.133        
      pll_clk[1]_DIV                                                                                 {0.000 1.500}          3.001           333.267         
  mmcm_clkout1                                                                                       {0.000 5.001}          10.002          99.980          
  mmcm_clkout2                                                                                       {0.000 1.500}          3.001           333.267         
  mmcm_clkout3                                                                                       {0.000 1.500}          3.001           333.267         
  mmcm_clkout4                                                                                       {0.000 1.500}          3.001           333.267         
  mmcm_clkout5                                                                                       {0.000 6.001}          12.002          83.317          
  mmcm_clkout6                                                                                       {0.000 3.001}          6.001           166.633         
system_i/mdm_0/U0/Use_E2.BSCAN_I/Use_E2.BSCANE2_I/INTERNAL_TCK                                       {0.000 16.666}         33.333          30.000          
  system_i/mdm_0/U0/Use_E2.BSCAN_I/Use_E2.BSCANE2_I/DRCK                                             {0.000 16.666}         33.333          30.000          
  system_i/mdm_0/U0/Use_E2.BSCAN_I/Use_E2.BSCANE2_I/UPDATE                                           {0.000 33.333}         66.666          15.000          


------------------------------------------------------------------------------------------------
| Intra Clock Table
| -----------------
------------------------------------------------------------------------------------------------

Clock                                                                                                    WNS(ns)      TNS(ns)  TNS Failing Endpoints  TNS Total Endpoints      WHS(ns)      THS(ns)  THS Failing Endpoints  THS Total Endpoints     WPWS(ns)     TPWS(ns)  TPWS Failing Endpoints  TPWS Total Endpoints  
-----                                                                                                    -------      -------  ---------------------  -------------------      -------      -------  ---------------------  -------------------     --------     --------  ----------------------  --------------------  
dbg_hub/inst/BSCANID.u_xsdbm_id/SWITCH_N_EXT_BSCAN.bscan_inst/SERIES7_BSCAN.bscan_inst/INTERNAL_TCK       13.019        0.000                      0                  992        0.013        0.000                      0                  992       24.468        0.000                       0                   479  
default_sysclk1_300_clk_p                                                                                  1.566        0.000                      0                   23        0.050        0.000                      0                   23        0.500        0.000                       0                    20  
  mmcm_clkout0                                                                                             0.174        0.000                      0                31052        0.013        0.000                      0                31052        0.005        0.000                       0                 14023  
    pll_clk[0]                                                                                                                                                                                                                                         0.000        0.000                       0                     6  
      pll_clk[0]_DIV                                                                                                                                                                                                                                   0.300        0.000                       0                    25  
    pll_clk[1]                                                                                                                                                                                                                                         0.000        0.000                       0                     9  
      pll_clk[1]_DIV                                                                                                                                                                                                                                   0.300        0.000                       0                    40  
  mmcm_clkout1                                                                                             0.439        0.000                      0               141894        0.010        0.000                      0               141894        4.459        0.000                       0                 48768  
  mmcm_clkout2                                                                                                                                                                                                                                         1.711        0.000                       0                     2  
  mmcm_clkout3                                                                                                                                                                                                                                         1.711        0.000                       0                     2  
  mmcm_clkout4                                                                                                                                                                                                                                         1.711        0.000                       0                     2  
  mmcm_clkout5                                                                                             9.400        0.000                      0                  827        0.023        0.000                      0                  827        5.469        0.000                       0                   570  
  mmcm_clkout6                                                                                             1.445        0.000                      0                 5306        0.014        0.000                      0                 5020        0.974        0.000                       0                  1626  
  system_i/mdm_0/U0/Use_E2.BSCAN_I/Use_E2.BSCANE2_I/DRCK                                                  15.040        0.000                      0                  228        0.016        0.000                      0                  228       16.134        0.000                       0                   234  
  system_i/mdm_0/U0/Use_E2.BSCAN_I/Use_E2.BSCANE2_I/UPDATE                                                30.956        0.000                      0                   46        0.084        0.000                      0                   46       33.058        0.000                       0                    40  


------------------------------------------------------------------------------------------------
| Inter Clock Table
| -----------------
------------------------------------------------------------------------------------------------

From Clock                                                                                           To Clock                                                                                                 WNS(ns)      TNS(ns)  TNS Failing Endpoints  TNS Total Endpoints      WHS(ns)      THS(ns)  THS Failing Endpoints  THS Total Endpoints  
----------                                                                                           --------                                                                                                 -------      -------  ---------------------  -------------------      -------      -------  ---------------------  -------------------  
mmcm_clkout5                                                                                         dbg_hub/inst/BSCANID.u_xsdbm_id/SWITCH_N_EXT_BSCAN.bscan_inst/SERIES7_BSCAN.bscan_inst/INTERNAL_TCK       11.409        0.000                      0                    8                                                                        
mmcm_clkout1                                                                                         mmcm_clkout0                                                                                               8.944        0.000                      0                  462                                                                        
mmcm_clkout5                                                                                         mmcm_clkout0                                                                                               2.496        0.000                      0                   28                                                                        
mmcm_clkout6                                                                                         mmcm_clkout0                                                                                               1.832        0.000                      0                  111                                                                        
mmcm_clkout0                                                                                         pll_clk[0]_DIV                                                                                             1.230        0.000                      0                  212        0.577        0.000                      0                  212  
mmcm_clkout0                                                                                         pll_clk[1]_DIV                                                                                             0.799        0.000                      0                  352        0.502        0.000                      0                  352  
mmcm_clkout0                                                                                         mmcm_clkout1                                                                                               2.022        0.000                      0                  326                                                                        
dbg_hub/inst/BSCANID.u_xsdbm_id/SWITCH_N_EXT_BSCAN.bscan_inst/SERIES7_BSCAN.bscan_inst/INTERNAL_TCK  mmcm_clkout5                                                                                              49.394        0.000                      0                    8                                                                        
mmcm_clkout0                                                                                         mmcm_clkout5                                                                                              11.449        0.000                      0                   10                                                                        
mmcm_clkout0                                                                                         mmcm_clkout6                                                                                               1.539        0.000                      0                   36        0.122        0.000                      0                    1  


------------------------------------------------------------------------------------------------
| Other Path Groups Table
| -----------------------
------------------------------------------------------------------------------------------------

Path Group                                                                                           From Clock                                                                                           To Clock                                                                                                 WNS(ns)      TNS(ns)  TNS Failing Endpoints  TNS Total Endpoints      WHS(ns)      THS(ns)  THS Failing Endpoints  THS Total Endpoints  
----------                                                                                           ----------                                                                                           --------                                                                                                 -------      -------  ---------------------  -------------------      -------      -------  ---------------------  -------------------  
**async_default**                                                                                    dbg_hub/inst/BSCANID.u_xsdbm_id/SWITCH_N_EXT_BSCAN.bscan_inst/SERIES7_BSCAN.bscan_inst/INTERNAL_TCK  dbg_hub/inst/BSCANID.u_xsdbm_id/SWITCH_N_EXT_BSCAN.bscan_inst/SERIES7_BSCAN.bscan_inst/INTERNAL_TCK       47.705        0.000                      0                  100        0.120        0.000                      0                  100  
**async_default**                                                                                    mmcm_clkout5                                                                                         mmcm_clkout5                                                                                              10.871        0.000                      0                  105        0.106        0.000                      0                  105  


------------------------------------------------------------------------------------------------
| Timing Details
| --------------
------------------------------------------------------------------------------------------------


---------------------------------------------------------------------------------------------------
From Clock:  dbg_hub/inst/BSCANID.u_xsdbm_id/SWITCH_N_EXT_BSCAN.bscan_inst/SERIES7_BSCAN.bscan_inst/INTERNAL_TCK
  To Clock:  dbg_hub/inst/BSCANID.u_xsdbm_id/SWITCH_N_EXT_BSCAN.bscan_inst/SERIES7_BSCAN.bscan_inst/INTERNAL_TCK

Setup :            0  Failing Endpoints,  Worst Slack       13.019ns,  Total Violation        0.000ns
Hold  :            0  Failing Endpoints,  Worst Slack        0.013ns,  Total Violation        0.000ns
PW    :            0  Failing Endpoints,  Worst Slack       24.468ns,  Total Violation        0.000ns
---------------------------------------------------------------------------------------------------


Max Delay Paths
--------------------------------------------------------------------------------------
Slack (MET) :             13.019ns  (required time - arrival time)
  Source:                 dbg_hub/inst/BSCANID.u_xsdbm_id/CORE_XSDB.U_ICON/iTDO_reg/C
                            (rising edge-triggered cell FDRE clocked by dbg_hub/inst/BSCANID.u_xsdbm_id/SWITCH_N_EXT_BSCAN.bscan_inst/SERIES7_BSCAN.bscan_inst/INTERNAL_TCK  {rise@0.000ns fall@25.000ns period=50.000ns})
  Destination:            dbg_hub/inst/BSCANID.u_xsdbm_id/SWITCH_N_EXT_BSCAN.bscan_inst/SERIES7_BSCAN.bscan_inst/TDO
                            (falling edge-triggered cell BSCANE2 clocked by dbg_hub/inst/BSCANID.u_xsdbm_id/SWITCH_N_EXT_BSCAN.bscan_inst/SERIES7_BSCAN.bscan_inst/INTERNAL_TCK  {rise@0.000ns fall@25.000ns period=50.000ns})
  Path Group:             dbg_hub/inst/BSCANID.u_xsdbm_id/SWITCH_N_EXT_BSCAN.bscan_inst/SERIES7_BSCAN.bscan_inst/INTERNAL_TCK
  Path Type:              Setup (Max at Slow Process Corner)
  Requirement:            25.000ns  (dbg_hub/inst/BSCANID.u_xsdbm_id/SWITCH_N_EXT_BSCAN.bscan_inst/SERIES7_BSCAN.bscan_inst/INTERNAL_TCK fall@25.000ns - dbg_hub/inst/BSCANID.u_xsdbm_id/SWITCH_N_EXT_BSCAN.bscan_inst/SERIES7_BSCAN.bscan_inst/INTERNAL_TCK rise@0.000ns)
  Data Path Delay:        2.026ns  (logic 0.271ns (13.376%)  route 1.755ns (86.624%))
  Logic Levels:           2  (LUT3=1 LUT6=1)
  Clock Path Skew:        -9.720ns (DCD - SCD + CPR)
    Destination Clock Delay (DCD):    0.000ns = ( 25.000 - 25.000 ) 
    Source Clock Delay      (SCD):    9.720ns
    Clock Pessimism Removal (CPR):    0.000ns
  Clock Uncertainty:      0.235ns  ((TSJ^2 + TIJ^2)^1/2 + DJ) / 2 + PE + DCD
    Total System Jitter     (TSJ):    0.071ns
    Total Input Jitter      (TIJ):    0.000ns
    Discrete Jitter          (DJ):    0.000ns
    Phase Error              (PE):    0.000ns
    Duty Cycle Distortion   (DCD):    0.200ns
  Clock Net Delay (Source):      2.432ns (routing 1.442ns, distribution 0.990ns)

    Location             Delay type                Incr(ns)  Path(ns)    Netlist Resource(s)
  -------------------------------------------------------------------    -------------------
                         (clock dbg_hub/inst/BSCANID.u_xsdbm_id/SWITCH_N_EXT_BSCAN.bscan_inst/SERIES7_BSCAN.bscan_inst/INTERNAL_TCK rise edge)
                                                      0.000     0.000 r  <hidden>
    CONFIG_SITE_X0Y0     BSCANE2                      0.000     0.000 r  dbg_hub/inst/BSCANID.u_xsdbm_id/SWITCH_N_EXT_BSCAN.bscan_inst/SERIES7_BSCAN.bscan_inst/INTERNAL_TCK
    CONFIG_SITE_X0Y0     BSCANE2 (Prop_BSCAN1_CONFIG_SITE_INTERNAL_TCK_TCK)
                                                      4.300     4.300 r  dbg_hub/inst/BSCANID.u_xsdbm_id/SWITCH_N_EXT_BSCAN.bscan_inst/SERIES7_BSCAN.bscan_inst/TCK
                         net (fo=1, routed)           2.960     7.260    dbg_hub/inst/BSCANID.u_xsdbm_id/tck_bs
    BUFGCE_X0Y76         BUFGCE (Prop_BUFCE_BUFGCE_I_O)
                                                      0.028     7.288 r  dbg_hub/inst/BSCANID.u_xsdbm_id/SWITCH_N_EXT_BSCAN.u_bufg_icon_tck/O
    X2Y1 (CLOCK_ROOT)    net (fo=478, routed)         2.432     9.720    dbg_hub/inst/BSCANID.u_xsdbm_id/CORE_XSDB.U_ICON/m_bscan_tck[0]
    SLICE_X46Y127        FDRE                                         r  dbg_hub/inst/BSCANID.u_xsdbm_id/CORE_XSDB.U_ICON/iTDO_reg/C
  -------------------------------------------------------------------    -------------------
    SLICE_X46Y127        FDRE (Prop_BFF2_SLICEL_C_Q)
                                                      0.080     9.800 r  dbg_hub/inst/BSCANID.u_xsdbm_id/CORE_XSDB.U_ICON/iTDO_reg/Q
                         net (fo=1, routed)           1.047    10.847    dbg_hub/inst/BSCANID.u_xsdbm_id/TDO
    SLICE_X94Y106        LUT3 (Prop_E6LUT_SLICEL_I2_O)
                                                      0.090    10.937 r  dbg_hub/inst/BSCANID.u_xsdbm_id/SWITCH_N_EXT_BSCAN.bscan_switch_i_1/O
                         net (fo=2, routed)           0.196    11.133    dbg_hub/inst/BSCANID.u_xsdbm_id/SWITCH_N_EXT_BSCAN.bscan_switch/m_bscan_tdo[0]
    SLICE_X95Y103        LUT6 (Prop_H6LUT_SLICEM_I5_O)
                                                      0.101    11.234 r  dbg_hub/inst/BSCANID.u_xsdbm_id/SWITCH_N_EXT_BSCAN.bscan_switch/s_bscan_tdo_INST_0/O
                         net (fo=1, routed)           0.512    11.746    dbg_hub/inst/BSCANID.u_xsdbm_id/SWITCH_N_EXT_BSCAN.bscan_inst/TDO
    CONFIG_SITE_X0Y0     BSCANE2                                      r  dbg_hub/inst/BSCANID.u_xsdbm_id/SWITCH_N_EXT_BSCAN.bscan_inst/SERIES7_BSCAN.bscan_inst/TDO
  -------------------------------------------------------------------    -------------------

                         (clock dbg_hub/inst/BSCANID.u_xsdbm_id/SWITCH_N_EXT_BSCAN.bscan_inst/SERIES7_BSCAN.bscan_inst/INTERNAL_TCK fall edge)
                                                     25.000    25.000 f  <hidden>
    CONFIG_SITE_X0Y0     BSCANE2                      0.000    25.000 f  dbg_hub/inst/BSCANID.u_xsdbm_id/SWITCH_N_EXT_BSCAN.bscan_inst/SERIES7_BSCAN.bscan_inst/INTERNAL_TCK
                         clock pessimism              0.000    25.000    <hidden>
                         clock uncertainty           -0.235    24.765    <hidden>
    CONFIG_SITE_X0Y0     BSCANE2 (Setup_BSCAN1_CONFIG_SITE_INTERNAL_TCK_TDO)
                                                      0.000    24.765    dbg_hub/inst/BSCANID.u_xsdbm_id/SWITCH_N_EXT_BSCAN.bscan_inst/SERIES7_BSCAN.bscan_inst
  -------------------------------------------------------------------
                         required time                         24.765    <hidden>
                         arrival time                         -11.746    <hidden>
  -------------------------------------------------------------------
                         slack                                 13.019    <hidden>





Min Delay Paths
--------------------------------------------------------------------------------------
Slack (MET) :             0.013ns  (arrival time - required time)
  Source:                 dbg_hub/inst/BSCANID.u_xsdbm_id/CORE_XSDB.U_ICON/U_CMD/iTARGET_reg[14]/C
                            (rising edge-triggered cell FDCE clocked by dbg_hub/inst/BSCANID.u_xsdbm_id/SWITCH_N_EXT_BSCAN.bscan_inst/SERIES7_BSCAN.bscan_inst/INTERNAL_TCK  {rise@0.000ns fall@25.000ns period=50.000ns})
  Destination:            dbg_hub/inst/BSCANID.u_xsdbm_id/CORE_XSDB.U_ICON/U_CMD/iTARGET_reg[13]/D
                            (rising edge-triggered cell FDCE clocked by dbg_hub/inst/BSCANID.u_xsdbm_id/SWITCH_N_EXT_BSCAN.bscan_inst/SERIES7_BSCAN.bscan_inst/INTERNAL_TCK  {rise@0.000ns fall@25.000ns period=50.000ns})
  Path Group:             dbg_hub/inst/BSCANID.u_xsdbm_id/SWITCH_N_EXT_BSCAN.bscan_inst/SERIES7_BSCAN.bscan_inst/INTERNAL_TCK
  Path Type:              Hold (Min at Slow Process Corner)
  Requirement:            0.000ns  (dbg_hub/inst/BSCANID.u_xsdbm_id/SWITCH_N_EXT_BSCAN.bscan_inst/SERIES7_BSCAN.bscan_inst/INTERNAL_TCK rise@0.000ns - dbg_hub/inst/BSCANID.u_xsdbm_id/SWITCH_N_EXT_BSCAN.bscan_inst/SERIES7_BSCAN.bscan_inst/INTERNAL_TCK rise@0.000ns)
  Data Path Delay:        0.134ns  (logic 0.060ns (44.648%)  route 0.074ns (55.352%))
  Logic Levels:           0  
  Clock Path Skew:        0.059ns (DCD - SCD - CPR)
    Destination Clock Delay (DCD):    9.725ns
    Source Clock Delay      (SCD):    4.636ns
    Clock Pessimism Removal (CPR):    5.030ns
  Clock Net Delay (Source):      2.151ns (routing 1.312ns, distribution 0.839ns)
  Clock Net Delay (Destination): 2.437ns (routing 1.442ns, distribution 0.995ns)

    Location             Delay type                Incr(ns)  Path(ns)    Netlist Resource(s)
  -------------------------------------------------------------------    -------------------
                         (clock dbg_hub/inst/BSCANID.u_xsdbm_id/SWITCH_N_EXT_BSCAN.bscan_inst/SERIES7_BSCAN.bscan_inst/INTERNAL_TCK rise edge)
                                                      0.000     0.000 r  <hidden>
    CONFIG_SITE_X0Y0     BSCANE2                      0.000     0.000 r  dbg_hub/inst/BSCANID.u_xsdbm_id/SWITCH_N_EXT_BSCAN.bscan_inst/SERIES7_BSCAN.bscan_inst/INTERNAL_TCK
    CONFIG_SITE_X0Y0     BSCANE2 (Prop_BSCAN1_CONFIG_SITE_INTERNAL_TCK_TCK)
                                                      0.465     0.465 r  dbg_hub/inst/BSCANID.u_xsdbm_id/SWITCH_N_EXT_BSCAN.bscan_inst/SERIES7_BSCAN.bscan_inst/TCK
                         net (fo=1, routed)           1.996     2.461    dbg_hub/inst/BSCANID.u_xsdbm_id/tck_bs
    BUFGCE_X0Y76         BUFGCE (Prop_BUFCE_BUFGCE_I_O)
                                                      0.024     2.485 r  dbg_hub/inst/BSCANID.u_xsdbm_id/SWITCH_N_EXT_BSCAN.u_bufg_icon_tck/O
    X2Y1 (CLOCK_ROOT)    net (fo=478, routed)         2.151     4.636    dbg_hub/inst/BSCANID.u_xsdbm_id/CORE_XSDB.U_ICON/U_CMD/m_bscan_tck[0]
    SLICE_X46Y126        FDCE                                         r  dbg_hub/inst/BSCANID.u_xsdbm_id/CORE_XSDB.U_ICON/U_CMD/iTARGET_reg[14]/C
  -------------------------------------------------------------------    -------------------
    SLICE_X46Y126        FDCE (Prop_AFF2_SLICEL_C_Q)
                                                      0.060     4.696 r  dbg_hub/inst/BSCANID.u_xsdbm_id/CORE_XSDB.U_ICON/U_CMD/iTARGET_reg[14]/Q
                         net (fo=6, routed)           0.074     4.770    dbg_hub/inst/BSCANID.u_xsdbm_id/CORE_XSDB.U_ICON/U_CMD/Q[2]
    SLICE_X46Y127        FDCE                                         r  dbg_hub/inst/BSCANID.u_xsdbm_id/CORE_XSDB.U_ICON/U_CMD/iTARGET_reg[13]/D
  -------------------------------------------------------------------    -------------------

                         (clock dbg_hub/inst/BSCANID.u_xsdbm_id/SWITCH_N_EXT_BSCAN.bscan_inst/SERIES7_BSCAN.bscan_inst/INTERNAL_TCK rise edge)
                                                      0.000     0.000 r  <hidden>
    CONFIG_SITE_X0Y0     BSCANE2                      0.000     0.000 r  dbg_hub/inst/BSCANID.u_xsdbm_id/SWITCH_N_EXT_BSCAN.bscan_inst/SERIES7_BSCAN.bscan_inst/INTERNAL_TCK
    CONFIG_SITE_X0Y0     BSCANE2 (Prop_BSCAN1_CONFIG_SITE_INTERNAL_TCK_TCK)
                                                      4.300     4.300 r  dbg_hub/inst/BSCANID.u_xsdbm_id/SWITCH_N_EXT_BSCAN.bscan_inst/SERIES7_BSCAN.bscan_inst/TCK
                         net (fo=1, routed)           2.960     7.260    dbg_hub/inst/BSCANID.u_xsdbm_id/tck_bs
    BUFGCE_X0Y76         BUFGCE (Prop_BUFCE_BUFGCE_I_O)
                                                      0.028     7.288 r  dbg_hub/inst/BSCANID.u_xsdbm_id/SWITCH_N_EXT_BSCAN.u_bufg_icon_tck/O
    X2Y1 (CLOCK_ROOT)    net (fo=478, routed)         2.437     9.725    dbg_hub/inst/BSCANID.u_xsdbm_id/CORE_XSDB.U_ICON/U_CMD/m_bscan_tck[0]
    SLICE_X46Y127        FDCE                                         r  dbg_hub/inst/BSCANID.u_xsdbm_id/CORE_XSDB.U_ICON/U_CMD/iTARGET_reg[13]/C
                         clock pessimism             -5.030     4.695    <hidden>
    SLICE_X46Y127        FDCE (Hold_FFF2_SLICEL_C_D)
                                                      0.062     4.757    dbg_hub/inst/BSCANID.u_xsdbm_id/CORE_XSDB.U_ICON/U_CMD/iTARGET_reg[13]
  -------------------------------------------------------------------
                         required time                         -4.757    <hidden>
                         arrival time                           4.770    <hidden>
  -------------------------------------------------------------------
                         slack                                  0.013    <hidden>





Pulse Width Checks
--------------------------------------------------------------------------------------
Clock Name:         dbg_hub/inst/BSCANID.u_xsdbm_id/SWITCH_N_EXT_BSCAN.bscan_inst/SERIES7_BSCAN.bscan_inst/INTERNAL_TCK
Waveform(ns):       { 0.000 25.000 }
Period(ns):         50.000
Sources:            { dbg_hub/inst/BSCANID.u_xsdbm_id/SWITCH_N_EXT_BSCAN.bscan_inst/SERIES7_BSCAN.bscan_inst/INTERNAL_TCK }

Check Type        Corner  Lib Pin     Reference Pin  Required(ns)  Actual(ns)  Slack(ns)  Location       Pin
Min Period        n/a     BUFGCE/I    n/a            1.290         50.000      48.710     BUFGCE_X0Y76   dbg_hub/inst/BSCANID.u_xsdbm_id/SWITCH_N_EXT_BSCAN.u_bufg_icon_tck/I
Low Pulse Width   Slow    RAMD32/CLK  n/a            0.532         25.000      24.468     SLICE_X42Y144  dbg_hub/inst/BSCANID.u_xsdbm_id/CORE_XSDB.UUT_MASTER/U_ICON_INTERFACE/U_CMD6_WR/U_WR_FIFO/SUBCORE_FIFO.xsdbm_v3_0_6_wrfifo_inst/inst_fifo_gen/gconvfifo.rf/grf.rf/gntv_or_sync_fifo.mem/gdm.dm_gen.dm/RAM_reg_0_15_0_13/RAMA/CLK
High Pulse Width  Slow    RAMD32/CLK  n/a            0.532         25.000      24.468     SLICE_X42Y144  dbg_hub/inst/BSCANID.u_xsdbm_id/CORE_XSDB.UUT_MASTER/U_ICON_INTERFACE/U_CMD6_WR/U_WR_FIFO/SUBCORE_FIFO.xsdbm_v3_0_6_wrfifo_inst/inst_fifo_gen/gconvfifo.rf/grf.rf/gntv_or_sync_fifo.mem/gdm.dm_gen.dm/RAM_reg_0_15_0_13/RAMA/CLK



---------------------------------------------------------------------------------------------------
From Clock:  default_sysclk1_300_clk_p
  To Clock:  default_sysclk1_300_clk_p

Setup :            0  Failing Endpoints,  Worst Slack        1.566ns,  Total Violation        0.000ns
Hold  :            0  Failing Endpoints,  Worst Slack        0.050ns,  Total Violation        0.000ns
PW    :            0  Failing Endpoints,  Worst Slack        0.500ns,  Total Violation        0.000ns
---------------------------------------------------------------------------------------------------


Max Delay Paths
--------------------------------------------------------------------------------------
Slack (MET) :             1.566ns  (required time - arrival time)
  Source:                 system_i/ddr4_0/inst/u_ddr4_infrastructure/rst_input_sync_r_reg[3]/C
                            (rising edge-triggered cell FDRE clocked by default_sysclk1_300_clk_p  {rise@0.000ns fall@1.667ns period=3.334ns})
  Destination:            system_i/ddr4_0/inst/u_ddr4_infrastructure/counter_input_rst_reg[0]/R
                            (rising edge-triggered cell FDRE clocked by default_sysclk1_300_clk_p  {rise@0.000ns fall@1.667ns period=3.334ns})
  Path Group:             default_sysclk1_300_clk_p
  Path Type:              Setup (Max at Slow Process Corner)
  Requirement:            3.334ns  (default_sysclk1_300_clk_p rise@3.334ns - default_sysclk1_300_clk_p rise@0.000ns)
  Data Path Delay:        1.523ns  (logic 0.205ns (13.459%)  route 1.318ns (86.541%))
  Logic Levels:           1  (LUT5=1)
  Clock Path Skew:        -0.136ns (DCD - SCD + CPR)
    Destination Clock Delay (DCD):    1.754ns = ( 5.088 - 3.334 ) 
    Source Clock Delay      (SCD):    2.075ns
    Clock Pessimism Removal (CPR):    0.186ns
  Clock Uncertainty:      0.035ns  ((TSJ^2 + TIJ^2)^1/2 + DJ) / 2 + PE
    Total System Jitter     (TSJ):    0.071ns
    Total Input Jitter      (TIJ):    0.000ns
    Discrete Jitter          (DJ):    0.000ns
    Phase Error              (PE):    0.000ns
  Clock Net Delay (Source):      1.092ns (routing 0.171ns, distribution 0.921ns)
  Clock Net Delay (Destination): 0.940ns (routing 0.155ns, distribution 0.785ns)

    Location             Delay type                Incr(ns)  Path(ns)    Netlist Resource(s)
  -------------------------------------------------------------------    -------------------
                         (clock default_sysclk1_300_clk_p rise edge)
                                                      0.000     0.000 r  <hidden>
    K22                                               0.000     0.000 r  default_sysclk1_300_clk_p
                         net (fo=0)                   0.100     0.100    system_i/ddr4_0/inst/u_ddr4_mem_intfc/u_mig_ddr4_phy/inst/u_ddr4_phy_pll/diff_input_clk.u_ibufg_sys_clk/I
    HPIOBDIFFINBUF_X0Y58 DIFFINBUF (Prop_DIFFINBUF_HPIOBDIFFINBUF_DIFF_IN_P_O)
                                                      0.469     0.569 r  system_i/ddr4_0/inst/u_ddr4_mem_intfc/u_mig_ddr4_phy/inst/u_ddr4_phy_pll/diff_input_clk.u_ibufg_sys_clk/DIFFINBUF_INST/O
                         net (fo=1, routed)           0.050     0.619    system_i/ddr4_0/inst/u_ddr4_mem_intfc/u_mig_ddr4_phy/inst/u_ddr4_phy_pll/diff_input_clk.u_ibufg_sys_clk/OUT
    K22                  IBUFCTRL (Prop_IBUFCTRL_HPIOB_M_I_O)
                                                      0.000     0.619 r  system_i/ddr4_0/inst/u_ddr4_mem_intfc/u_mig_ddr4_phy/inst/u_ddr4_phy_pll/diff_input_clk.u_ibufg_sys_clk/IBUFCTRL_INST/O
                         net (fo=2, routed)           0.336     0.955    system_i/ddr4_0/inst/u_ddr4_infrastructure/sys_clk_in
    BUFGCE_X0Y51         BUFGCE (Prop_BUFCE_BUFGCE_I_O)
                                                      0.028     0.983 r  system_i/ddr4_0/inst/u_ddr4_infrastructure/u_bufg_inst/O
    X0Y2 (CLOCK_ROOT)    net (fo=17, routed)          1.092     2.075    system_i/ddr4_0/inst/u_ddr4_infrastructure/sys_clk_in_bufg
    SLICE_X27Y170        FDRE                                         r  system_i/ddr4_0/inst/u_ddr4_infrastructure/rst_input_sync_r_reg[3]/C
  -------------------------------------------------------------------    -------------------
    SLICE_X27Y170        FDRE (Prop_DFF2_SLICEL_C_Q)
                                                      0.081     2.156 r  system_i/ddr4_0/inst/u_ddr4_infrastructure/rst_input_sync_r_reg[3]/Q
                         net (fo=4, routed)           1.071     3.227    system_i/ddr4_0/inst/u_ddr4_infrastructure/rst_input_sync_r[3]
    SLICE_X2Y236         LUT5 (Prop_H6LUT_SLICEL_I0_O)
                                                      0.124     3.351 r  system_i/ddr4_0/inst/u_ddr4_infrastructure/counter_input_rst[6]_i_1/O
                         net (fo=4, routed)           0.247     3.598    system_i/ddr4_0/inst/u_ddr4_infrastructure/counter_input_rst[6]_i_1_n_0
    SLICE_X2Y237         FDRE                                         r  system_i/ddr4_0/inst/u_ddr4_infrastructure/counter_input_rst_reg[0]/R
  -------------------------------------------------------------------    -------------------

                         (clock default_sysclk1_300_clk_p rise edge)
                                                      3.334     3.334 r  <hidden>
    K22                                               0.000     3.334 r  default_sysclk1_300_clk_p
                         net (fo=0)                   0.079     3.413    system_i/ddr4_0/inst/u_ddr4_mem_intfc/u_mig_ddr4_phy/inst/u_ddr4_phy_pll/diff_input_clk.u_ibufg_sys_clk/I
    HPIOBDIFFINBUF_X0Y58 DIFFINBUF (Prop_DIFFINBUF_HPIOBDIFFINBUF_DIFF_IN_P_O)
                                                      0.374     3.787 r  system_i/ddr4_0/inst/u_ddr4_mem_intfc/u_mig_ddr4_phy/inst/u_ddr4_phy_pll/diff_input_clk.u_ibufg_sys_clk/DIFFINBUF_INST/O
                         net (fo=1, routed)           0.040     3.827    system_i/ddr4_0/inst/u_ddr4_mem_intfc/u_mig_ddr4_phy/inst/u_ddr4_phy_pll/diff_input_clk.u_ibufg_sys_clk/OUT
    K22                  IBUFCTRL (Prop_IBUFCTRL_HPIOB_M_I_O)
                                                      0.000     3.827 r  system_i/ddr4_0/inst/u_ddr4_mem_intfc/u_mig_ddr4_phy/inst/u_ddr4_phy_pll/diff_input_clk.u_ibufg_sys_clk/IBUFCTRL_INST/O
                         net (fo=2, routed)           0.297     4.124    system_i/ddr4_0/inst/u_ddr4_infrastructure/sys_clk_in
    BUFGCE_X0Y51         BUFGCE (Prop_BUFCE_BUFGCE_I_O)
                                                      0.024     4.148 r  system_i/ddr4_0/inst/u_ddr4_infrastructure/u_bufg_inst/O
    X0Y2 (CLOCK_ROOT)    net (fo=17, routed)          0.940     5.088    system_i/ddr4_0/inst/u_ddr4_infrastructure/sys_clk_in_bufg
    SLICE_X2Y237         FDRE                                         r  system_i/ddr4_0/inst/u_ddr4_infrastructure/counter_input_rst_reg[0]/C
                         clock pessimism              0.186     5.273    <hidden>
                         clock uncertainty           -0.035     5.238    <hidden>
    SLICE_X2Y237         FDRE (Setup_BFF2_SLICEL_C_R)
                                                     -0.074     5.164    system_i/ddr4_0/inst/u_ddr4_infrastructure/counter_input_rst_reg[0]
  -------------------------------------------------------------------
                         required time                          5.164    <hidden>
                         arrival time                          -3.598    <hidden>
  -------------------------------------------------------------------
                         slack                                  1.566    <hidden>





Min Delay Paths
--------------------------------------------------------------------------------------
Slack (MET) :             0.050ns  (arrival time - required time)
  Source:                 system_i/ddr4_0/inst/u_ddr4_infrastructure/counter_input_rst_reg[2]/C
                            (rising edge-triggered cell FDRE clocked by default_sysclk1_300_clk_p  {rise@0.000ns fall@1.667ns period=3.334ns})
  Destination:            system_i/ddr4_0/inst/u_ddr4_infrastructure/counter_input_rst_reg[3]/D
                            (rising edge-triggered cell FDRE clocked by default_sysclk1_300_clk_p  {rise@0.000ns fall@1.667ns period=3.334ns})
  Path Group:             default_sysclk1_300_clk_p
  Path Type:              Hold (Min at Fast Process Corner)
  Requirement:            0.000ns  (default_sysclk1_300_clk_p rise@0.000ns - default_sysclk1_300_clk_p rise@0.000ns)
  Data Path Delay:        0.103ns  (logic 0.072ns (70.006%)  route 0.031ns (29.994%))
  Logic Levels:           1  (LUT4=1)
  Clock Path Skew:        0.006ns (DCD - SCD - CPR)
    Destination Clock Delay (DCD):    1.376ns
    Source Clock Delay      (SCD):    1.121ns
    Clock Pessimism Removal (CPR):    0.250ns
  Clock Net Delay (Source):      0.605ns (routing 0.096ns, distribution 0.509ns)
  Clock Net Delay (Destination): 0.692ns (routing 0.108ns, distribution 0.584ns)

    Location             Delay type                Incr(ns)  Path(ns)    Netlist Resource(s)
  -------------------------------------------------------------------    -------------------
                         (clock default_sysclk1_300_clk_p rise edge)
                                                      0.000     0.000 r  <hidden>
    K22                                               0.000     0.000 r  default_sysclk1_300_clk_p
                         net (fo=0)                   0.079     0.079    system_i/ddr4_0/inst/u_ddr4_mem_intfc/u_mig_ddr4_phy/inst/u_ddr4_phy_pll/diff_input_clk.u_ibufg_sys_clk/I
    HPIOBDIFFINBUF_X0Y58 DIFFINBUF (Prop_DIFFINBUF_HPIOBDIFFINBUF_DIFF_IN_P_O)
                                                      0.229     0.308 r  system_i/ddr4_0/inst/u_ddr4_mem_intfc/u_mig_ddr4_phy/inst/u_ddr4_phy_pll/diff_input_clk.u_ibufg_sys_clk/DIFFINBUF_INST/O
                         net (fo=1, routed)           0.040     0.348    system_i/ddr4_0/inst/u_ddr4_mem_intfc/u_mig_ddr4_phy/inst/u_ddr4_phy_pll/diff_input_clk.u_ibufg_sys_clk/OUT
    K22                  IBUFCTRL (Prop_IBUFCTRL_HPIOB_M_I_O)
                                                      0.000     0.348 r  system_i/ddr4_0/inst/u_ddr4_mem_intfc/u_mig_ddr4_phy/inst/u_ddr4_phy_pll/diff_input_clk.u_ibufg_sys_clk/IBUFCTRL_INST/O
                         net (fo=2, routed)           0.151     0.499    system_i/ddr4_0/inst/u_ddr4_infrastructure/sys_clk_in
    BUFGCE_X0Y51         BUFGCE (Prop_BUFCE_BUFGCE_I_O)
                                                      0.017     0.516 r  system_i/ddr4_0/inst/u_ddr4_infrastructure/u_bufg_inst/O
    X0Y2 (CLOCK_ROOT)    net (fo=17, routed)          0.605     1.121    system_i/ddr4_0/inst/u_ddr4_infrastructure/sys_clk_in_bufg
    SLICE_X2Y237         FDRE                                         r  system_i/ddr4_0/inst/u_ddr4_infrastructure/counter_input_rst_reg[2]/C
  -------------------------------------------------------------------    -------------------
    SLICE_X2Y237         FDRE (Prop_DFF_SLICEL_C_Q)
                                                      0.039     1.160 r  system_i/ddr4_0/inst/u_ddr4_infrastructure/counter_input_rst_reg[2]/Q
                         net (fo=4, routed)           0.025     1.184    system_i/ddr4_0/inst/u_ddr4_infrastructure/counter_input_rst[2]
    SLICE_X2Y237         LUT4 (Prop_D5LUT_SLICEL_I1_O)
                                                      0.033     1.217 r  system_i/ddr4_0/inst/u_ddr4_infrastructure/counter_input_rst[3]_i_1/O
                         net (fo=1, routed)           0.006     1.223    system_i/ddr4_0/inst/u_ddr4_infrastructure/counter_input_rst0[3]
    SLICE_X2Y237         FDRE                                         r  system_i/ddr4_0/inst/u_ddr4_infrastructure/counter_input_rst_reg[3]/D
  -------------------------------------------------------------------    -------------------

                         (clock default_sysclk1_300_clk_p rise edge)
                                                      0.000     0.000 r  <hidden>
    K22                                               0.000     0.000 r  default_sysclk1_300_clk_p
                         net (fo=0)                   0.100     0.100    system_i/ddr4_0/inst/u_ddr4_mem_intfc/u_mig_ddr4_phy/inst/u_ddr4_phy_pll/diff_input_clk.u_ibufg_sys_clk/I
    HPIOBDIFFINBUF_X0Y58 DIFFINBUF (Prop_DIFFINBUF_HPIOBDIFFINBUF_DIFF_IN_P_O)
                                                      0.326     0.426 r  system_i/ddr4_0/inst/u_ddr4_mem_intfc/u_mig_ddr4_phy/inst/u_ddr4_phy_pll/diff_input_clk.u_ibufg_sys_clk/DIFFINBUF_INST/O
                         net (fo=1, routed)           0.050     0.476    system_i/ddr4_0/inst/u_ddr4_mem_intfc/u_mig_ddr4_phy/inst/u_ddr4_phy_pll/diff_input_clk.u_ibufg_sys_clk/OUT
    K22                  IBUFCTRL (Prop_IBUFCTRL_HPIOB_M_I_O)
                                                      0.000     0.476 r  system_i/ddr4_0/inst/u_ddr4_mem_intfc/u_mig_ddr4_phy/inst/u_ddr4_phy_pll/diff_input_clk.u_ibufg_sys_clk/IBUFCTRL_INST/O
                         net (fo=2, routed)           0.189     0.665    system_i/ddr4_0/inst/u_ddr4_infrastructure/sys_clk_in
    BUFGCE_X0Y51         BUFGCE (Prop_BUFCE_BUFGCE_I_O)
                                                      0.019     0.684 r  system_i/ddr4_0/inst/u_ddr4_infrastructure/u_bufg_inst/O
    X0Y2 (CLOCK_ROOT)    net (fo=17, routed)          0.692     1.376    system_i/ddr4_0/inst/u_ddr4_infrastructure/sys_clk_in_bufg
    SLICE_X2Y237         FDRE                                         r  system_i/ddr4_0/inst/u_ddr4_infrastructure/counter_input_rst_reg[3]/C
                         clock pessimism             -0.250     1.127    <hidden>
    SLICE_X2Y237         FDRE (Hold_DFF2_SLICEL_C_D)
                                                      0.047     1.174    system_i/ddr4_0/inst/u_ddr4_infrastructure/counter_input_rst_reg[3]
  -------------------------------------------------------------------
                         required time                         -1.174    <hidden>
                         arrival time                           1.223    <hidden>
  -------------------------------------------------------------------
                         slack                                  0.050    <hidden>





Pulse Width Checks
--------------------------------------------------------------------------------------
Clock Name:         default_sysclk1_300_clk_p
Waveform(ns):       { 0.000 1.667 }
Period(ns):         3.334
Sources:            { default_sysclk1_300_clk_p }

Check Type        Corner  Lib Pin            Reference Pin  Required(ns)  Actual(ns)  Slack(ns)  Location      Pin
Min Period        n/a     BUFGCE/I           n/a            1.290         3.334       2.044      BUFGCE_X0Y51  system_i/ddr4_0/inst/u_ddr4_infrastructure/u_bufg_inst/I
Max Period        n/a     MMCME4_ADV/CLKIN1  n/a            100.000       3.334       96.666     MMCM_X0Y3     system_i/ddr4_0/inst/u_ddr4_infrastructure/gen_mmcme4.u_mmcme_adv_inst/CLKIN1
Low Pulse Width   Slow    MMCME4_ADV/CLKIN1  n/a            1.167         1.667       0.500      MMCM_X0Y3     system_i/ddr4_0/inst/u_ddr4_infrastructure/gen_mmcme4.u_mmcme_adv_inst/CLKIN1
High Pulse Width  Slow    MMCME4_ADV/CLKIN1  n/a            1.167         1.667       0.500      MMCM_X0Y3     system_i/ddr4_0/inst/u_ddr4_infrastructure/gen_mmcme4.u_mmcme_adv_inst/CLKIN1



---------------------------------------------------------------------------------------------------
From Clock:  mmcm_clkout0
  To Clock:  mmcm_clkout0

Setup :            0  Failing Endpoints,  Worst Slack        0.174ns,  Total Violation        0.000ns
Hold  :            0  Failing Endpoints,  Worst Slack        0.013ns,  Total Violation        0.000ns
PW    :            0  Failing Endpoints,  Worst Slack        0.005ns,  Total Violation        0.000ns
---------------------------------------------------------------------------------------------------


Max Delay Paths
--------------------------------------------------------------------------------------
Slack (MET) :             0.174ns  (required time - arrival time)
  Source:                 system_i/ddr4_0/inst/u_ddr4_mem_intfc/u_ddr_cal_top/u_ddr_mc_pi/u_ddr_mc_write/genByte[0].u_ddr_mc_wr_byte/genBit[0].u_ddr_mc_wr_bit/wosp_reg[1]/C
                            (rising edge-triggered cell FDRE clocked by mmcm_clkout0  {rise@0.000ns fall@1.500ns period=3.001ns})
  Destination:            system_i/ddr4_0/inst/u_ddr4_mem_intfc/u_ddr_cal_top/u_ddr_mc_pi/u_ddr_mc_write/genByte[3].u_ddr_mc_wr_byte/u_ddr_mc_wr_dm/dReg_reg[10]/D
                            (rising edge-triggered cell FDRE clocked by mmcm_clkout0  {rise@0.000ns fall@1.500ns period=3.001ns})
  Path Group:             mmcm_clkout0
  Path Type:              Setup (Max at Slow Process Corner)
  Requirement:            3.001ns  (mmcm_clkout0 rise@3.001ns - mmcm_clkout0 rise@0.000ns)
  Data Path Delay:        2.651ns  (logic 0.222ns (8.375%)  route 2.429ns (91.625%))
  Logic Levels:           1  (LUT5=1)
  Clock Path Skew:        -0.138ns (DCD - SCD + CPR)
    Destination Clock Delay (DCD):    4.423ns = ( 7.424 - 3.001 ) 
    Source Clock Delay      (SCD):    4.224ns
    Clock Pessimism Removal (CPR):    -0.338ns
  Clock Uncertainty:      0.062ns  ((TSJ^2 + DJ^2)^1/2) / 2 + PE
    Total System Jitter     (TSJ):    0.071ns
    Discrete Jitter          (DJ):    0.103ns
    Phase Error              (PE):    0.000ns
  Clock Net Delay (Source):      1.916ns (routing 0.932ns, distribution 0.984ns)
  Clock Net Delay (Destination): 1.693ns (routing 0.847ns, distribution 0.846ns)

    Location             Delay type                Incr(ns)  Path(ns)    Netlist Resource(s)
  -------------------------------------------------------------------    -------------------
                         (clock mmcm_clkout0 rise edge)
                                                      0.000     0.000 r  <hidden>
    K22                                               0.000     0.000 r  default_sysclk1_300_clk_p
                         net (fo=0)                   0.100     0.100    system_i/ddr4_0/inst/u_ddr4_mem_intfc/u_mig_ddr4_phy/inst/u_ddr4_phy_pll/diff_input_clk.u_ibufg_sys_clk/I
    HPIOBDIFFINBUF_X0Y58 DIFFINBUF (Prop_DIFFINBUF_HPIOBDIFFINBUF_DIFF_IN_P_O)
                                                      0.469     0.569 r  system_i/ddr4_0/inst/u_ddr4_mem_intfc/u_mig_ddr4_phy/inst/u_ddr4_phy_pll/diff_input_clk.u_ibufg_sys_clk/DIFFINBUF_INST/O
                         net (fo=1, routed)           0.050     0.619    system_i/ddr4_0/inst/u_ddr4_mem_intfc/u_mig_ddr4_phy/inst/u_ddr4_phy_pll/diff_input_clk.u_ibufg_sys_clk/OUT
    K22                  IBUFCTRL (Prop_IBUFCTRL_HPIOB_M_I_O)
                                                      0.000     0.619 r  system_i/ddr4_0/inst/u_ddr4_mem_intfc/u_mig_ddr4_phy/inst/u_ddr4_phy_pll/diff_input_clk.u_ibufg_sys_clk/IBUFCTRL_INST/O
                         net (fo=2, routed)           0.336     0.955    system_i/ddr4_0/inst/u_ddr4_mem_intfc/u_mig_ddr4_phy/inst/u_ddr4_phy_pll/sys_clk_in
    BUFGCE_X0Y49         BUFGCE (Prop_BUFCE_BUFGCE_I_O)
                                                      0.028     0.983 r  system_i/ddr4_0/inst/u_ddr4_mem_intfc/u_mig_ddr4_phy/inst/u_ddr4_phy_pll/gen_bufg_backbone.u__bufg_backbone/O
                         net (fo=1, routed)           1.179     2.162    system_i/ddr4_0/inst/u_ddr4_infrastructure/mmcm_clk_in
    MMCM_X0Y3            MMCME4_ADV (Prop_MMCM_CLKIN1_CLKOUT0)
                                                     -0.127     2.035 r  system_i/ddr4_0/inst/u_ddr4_infrastructure/gen_mmcme4.u_mmcme_adv_inst/CLKOUT0
                         net (fo=1, routed)           0.244     2.279    system_i/ddr4_0/inst/u_ddr4_infrastructure/mmcm_clkout0
    BUFGCE_X0Y74         BUFGCE (Prop_BUFCE_BUFGCE_I_O)
                                                      0.028     2.307 r  system_i/ddr4_0/inst/u_ddr4_infrastructure/u_bufg_divClk/O
    X1Y2 (CLOCK_ROOT)    net (fo=14016, routed)       1.916     4.224    system_i/ddr4_0/inst/u_ddr4_mem_intfc/u_ddr_cal_top/u_ddr_mc_pi/u_ddr_mc_write/genByte[0].u_ddr_mc_wr_byte/genBit[0].u_ddr_mc_wr_bit/wosp_reg[2]_rep__3_1
    SLICE_X15Y188        FDRE                                         r  system_i/ddr4_0/inst/u_ddr4_mem_intfc/u_ddr_cal_top/u_ddr_mc_pi/u_ddr_mc_write/genByte[0].u_ddr_mc_wr_byte/genBit[0].u_ddr_mc_wr_bit/wosp_reg[1]/C
  -------------------------------------------------------------------    -------------------
    SLICE_X15Y188        FDRE (Prop_AFF_SLICEM_C_Q)
                                                      0.077     4.301 r  system_i/ddr4_0/inst/u_ddr4_mem_intfc/u_ddr_cal_top/u_ddr_mc_pi/u_ddr_mc_write/genByte[0].u_ddr_mc_wr_byte/genBit[0].u_ddr_mc_wr_bit/wosp_reg[1]/Q
                         net (fo=434, routed)         2.357     6.657    system_i/ddr4_0/inst/u_ddr4_mem_intfc/u_ddr_cal_top/u_ddr_cal/u_ddr_cal_addr_decode/wosp[1]
    SLICE_X5Y171         LUT5 (Prop_D6LUT_SLICEM_I2_O)
                                                      0.145     6.802 r  system_i/ddr4_0/inst/u_ddr4_mem_intfc/u_ddr_cal_top/u_ddr_cal/u_ddr_cal_addr_decode/dReg[10]_i_1__34/O
                         net (fo=1, routed)           0.072     6.874    system_i/ddr4_0/inst/u_ddr4_mem_intfc/u_ddr_cal_top/u_ddr_mc_pi/u_ddr_mc_write/genByte[3].u_ddr_mc_wr_byte/u_ddr_mc_wr_dm/dReg_reg[10]_1
    SLICE_X5Y171         FDRE                                         r  system_i/ddr4_0/inst/u_ddr4_mem_intfc/u_ddr_cal_top/u_ddr_mc_pi/u_ddr_mc_write/genByte[3].u_ddr_mc_wr_byte/u_ddr_mc_wr_dm/dReg_reg[10]/D
  -------------------------------------------------------------------    -------------------

                         (clock mmcm_clkout0 rise edge)
                                                      3.001     3.001 r  <hidden>
    K22                                               0.000     3.001 r  default_sysclk1_300_clk_p
                         net (fo=0)                   0.079     3.080    system_i/ddr4_0/inst/u_ddr4_mem_intfc/u_mig_ddr4_phy/inst/u_ddr4_phy_pll/diff_input_clk.u_ibufg_sys_clk/I
    HPIOBDIFFINBUF_X0Y58 DIFFINBUF (Prop_DIFFINBUF_HPIOBDIFFINBUF_DIFF_IN_P_O)
                                                      0.374     3.453 r  system_i/ddr4_0/inst/u_ddr4_mem_intfc/u_mig_ddr4_phy/inst/u_ddr4_phy_pll/diff_input_clk.u_ibufg_sys_clk/DIFFINBUF_INST/O
                         net (fo=1, routed)           0.040     3.493    system_i/ddr4_0/inst/u_ddr4_mem_intfc/u_mig_ddr4_phy/inst/u_ddr4_phy_pll/diff_input_clk.u_ibufg_sys_clk/OUT
    K22                  IBUFCTRL (Prop_IBUFCTRL_HPIOB_M_I_O)
                                                      0.000     3.493 r  system_i/ddr4_0/inst/u_ddr4_mem_intfc/u_mig_ddr4_phy/inst/u_ddr4_phy_pll/diff_input_clk.u_ibufg_sys_clk/IBUFCTRL_INST/O
                         net (fo=2, routed)           0.297     3.790    system_i/ddr4_0/inst/u_ddr4_mem_intfc/u_mig_ddr4_phy/inst/u_ddr4_phy_pll/sys_clk_in
    BUFGCE_X0Y49         BUFGCE (Prop_BUFCE_BUFGCE_I_O)
                                                      0.024     3.814 r  system_i/ddr4_0/inst/u_ddr4_mem_intfc/u_mig_ddr4_phy/inst/u_ddr4_phy_pll/gen_bufg_backbone.u__bufg_backbone/O
                         net (fo=1, routed)           1.049     4.863    system_i/ddr4_0/inst/u_ddr4_infrastructure/mmcm_clk_in
    MMCM_X0Y3            MMCME4_ADV (Prop_MMCM_CLKIN1_CLKOUT0)
                                                      0.630     5.493 r  system_i/ddr4_0/inst/u_ddr4_infrastructure/gen_mmcme4.u_mmcme_adv_inst/CLKOUT0
                         net (fo=1, routed)           0.214     5.707    system_i/ddr4_0/inst/u_ddr4_infrastructure/mmcm_clkout0
    BUFGCE_X0Y74         BUFGCE (Prop_BUFCE_BUFGCE_I_O)
                                                      0.024     5.731 r  system_i/ddr4_0/inst/u_ddr4_infrastructure/u_bufg_divClk/O
    X1Y2 (CLOCK_ROOT)    net (fo=14016, routed)       1.693     7.424    system_i/ddr4_0/inst/u_ddr4_mem_intfc/u_ddr_cal_top/u_ddr_mc_pi/u_ddr_mc_write/genByte[3].u_ddr_mc_wr_byte/u_ddr_mc_wr_dm/dReg_reg[13]_2
    SLICE_X5Y171         FDRE                                         r  system_i/ddr4_0/inst/u_ddr4_mem_intfc/u_ddr_cal_top/u_ddr_mc_pi/u_ddr_mc_write/genByte[3].u_ddr_mc_wr_byte/u_ddr_mc_wr_dm/dReg_reg[10]/C
                         clock pessimism             -0.338     7.086    <hidden>
                         clock uncertainty           -0.062     7.023    <hidden>
    SLICE_X5Y171         FDRE (Setup_DFF_SLICEM_C_D)
                                                      0.025     7.048    system_i/ddr4_0/inst/u_ddr4_mem_intfc/u_ddr_cal_top/u_ddr_mc_pi/u_ddr_mc_write/genByte[3].u_ddr_mc_wr_byte/u_ddr_mc_wr_dm/dReg_reg[10]
  -------------------------------------------------------------------
                         required time                          7.048    <hidden>
                         arrival time                          -6.874    <hidden>
  -------------------------------------------------------------------
                         slack                                  0.174    <hidden>





Min Delay Paths
--------------------------------------------------------------------------------------
Slack (MET) :             0.013ns  (arrival time - required time)
  Source:                 system_i/ddr4_0/inst/u_ddr4_mem_intfc/u_ddr_cal_top/rdData_reg[126]/C
                            (rising edge-triggered cell FDRE clocked by mmcm_clkout0  {rise@0.000ns fall@1.500ns period=3.001ns})
  Destination:            system_i/ddr4_0/inst/u_ddr4_mem_intfc/u_ddr_ui/u_ddr_ui_rd_data/not_strict_mode.rd_buf.rd_buffer_ram[21].RAM32M0/RAMC/I
                            (rising edge-triggered cell RAMD32 clocked by mmcm_clkout0  {rise@0.000ns fall@1.500ns period=3.001ns})
  Path Group:             mmcm_clkout0
  Path Type:              Hold (Min at Slow Process Corner)
  Requirement:            0.000ns  (mmcm_clkout0 rise@0.000ns - mmcm_clkout0 rise@0.000ns)
  Data Path Delay:        0.193ns  (logic 0.057ns (29.577%)  route 0.136ns (70.422%))
  Logic Levels:           0  
  Clock Path Skew:        0.101ns (DCD - SCD - CPR)
    Destination Clock Delay (DCD):    4.220ns
    Source Clock Delay      (SCD):    4.411ns
    Clock Pessimism Removal (CPR):    -0.293ns
  Clock Net Delay (Source):      1.681ns (routing 0.847ns, distribution 0.834ns)
  Clock Net Delay (Destination): 1.912ns (routing 0.932ns, distribution 0.980ns)

    Location             Delay type                Incr(ns)  Path(ns)    Netlist Resource(s)
  -------------------------------------------------------------------    -------------------
                         (clock mmcm_clkout0 rise edge)
                                                      0.000     0.000 r  <hidden>
    K22                                               0.000     0.000 r  default_sysclk1_300_clk_p
                         net (fo=0)                   0.079     0.079    system_i/ddr4_0/inst/u_ddr4_mem_intfc/u_mig_ddr4_phy/inst/u_ddr4_phy_pll/diff_input_clk.u_ibufg_sys_clk/I
    HPIOBDIFFINBUF_X0Y58 DIFFINBUF (Prop_DIFFINBUF_HPIOBDIFFINBUF_DIFF_IN_P_O)
                                                      0.374     0.453 r  system_i/ddr4_0/inst/u_ddr4_mem_intfc/u_mig_ddr4_phy/inst/u_ddr4_phy_pll/diff_input_clk.u_ibufg_sys_clk/DIFFINBUF_INST/O
                         net (fo=1, routed)           0.040     0.493    system_i/ddr4_0/inst/u_ddr4_mem_intfc/u_mig_ddr4_phy/inst/u_ddr4_phy_pll/diff_input_clk.u_ibufg_sys_clk/OUT
    K22                  IBUFCTRL (Prop_IBUFCTRL_HPIOB_M_I_O)
                                                      0.000     0.493 r  system_i/ddr4_0/inst/u_ddr4_mem_intfc/u_mig_ddr4_phy/inst/u_ddr4_phy_pll/diff_input_clk.u_ibufg_sys_clk/IBUFCTRL_INST/O
                         net (fo=2, routed)           0.297     0.790    system_i/ddr4_0/inst/u_ddr4_mem_intfc/u_mig_ddr4_phy/inst/u_ddr4_phy_pll/sys_clk_in
    BUFGCE_X0Y49         BUFGCE (Prop_BUFCE_BUFGCE_I_O)
                                                      0.024     0.814 r  system_i/ddr4_0/inst/u_ddr4_mem_intfc/u_mig_ddr4_phy/inst/u_ddr4_phy_pll/gen_bufg_backbone.u__bufg_backbone/O
                         net (fo=1, routed)           1.049     1.863    system_i/ddr4_0/inst/u_ddr4_infrastructure/mmcm_clk_in
    MMCM_X0Y3            MMCME4_ADV (Prop_MMCM_CLKIN1_CLKOUT0)
                                                      0.630     2.493 r  system_i/ddr4_0/inst/u_ddr4_infrastructure/gen_mmcme4.u_mmcme_adv_inst/CLKOUT0
                         net (fo=1, routed)           0.214     2.707    system_i/ddr4_0/inst/u_ddr4_infrastructure/mmcm_clkout0
    BUFGCE_X0Y74         BUFGCE (Prop_BUFCE_BUFGCE_I_O)
                                                      0.024     2.731 r  system_i/ddr4_0/inst/u_ddr4_infrastructure/u_bufg_divClk/O
    X1Y2 (CLOCK_ROOT)    net (fo=14016, routed)       1.681     4.411    system_i/ddr4_0/inst/u_ddr4_mem_intfc/u_ddr_cal_top/dReg_reg[13]
    SLICE_X15Y206        FDRE                                         r  system_i/ddr4_0/inst/u_ddr4_mem_intfc/u_ddr_cal_top/rdData_reg[126]/C
  -------------------------------------------------------------------    -------------------
    SLICE_X15Y206        FDRE (Prop_FFF_SLICEM_C_Q)
                                                      0.057     4.468 r  system_i/ddr4_0/inst/u_ddr4_mem_intfc/u_ddr_cal_top/rdData_reg[126]/Q
                         net (fo=3, routed)           0.136     4.604    system_i/ddr4_0/inst/u_ddr4_mem_intfc/u_ddr_ui/u_ddr_ui_rd_data/not_strict_mode.rd_buf.rd_buffer_ram[21].RAM32M0/DIC0
    SLICE_X20Y206        RAMD32                                       r  system_i/ddr4_0/inst/u_ddr4_mem_intfc/u_ddr_ui/u_ddr_ui_rd_data/not_strict_mode.rd_buf.rd_buffer_ram[21].RAM32M0/RAMC/I
  -------------------------------------------------------------------    -------------------

                         (clock mmcm_clkout0 rise edge)
                                                      0.000     0.000 r  <hidden>
    K22                                               0.000     0.000 r  default_sysclk1_300_clk_p
                         net (fo=0)                   0.100     0.100    system_i/ddr4_0/inst/u_ddr4_mem_intfc/u_mig_ddr4_phy/inst/u_ddr4_phy_pll/diff_input_clk.u_ibufg_sys_clk/I
    HPIOBDIFFINBUF_X0Y58 DIFFINBUF (Prop_DIFFINBUF_HPIOBDIFFINBUF_DIFF_IN_P_O)
                                                      0.469     0.569 r  system_i/ddr4_0/inst/u_ddr4_mem_intfc/u_mig_ddr4_phy/inst/u_ddr4_phy_pll/diff_input_clk.u_ibufg_sys_clk/DIFFINBUF_INST/O
                         net (fo=1, routed)           0.050     0.619    system_i/ddr4_0/inst/u_ddr4_mem_intfc/u_mig_ddr4_phy/inst/u_ddr4_phy_pll/diff_input_clk.u_ibufg_sys_clk/OUT
    K22                  IBUFCTRL (Prop_IBUFCTRL_HPIOB_M_I_O)
                                                      0.000     0.619 r  system_i/ddr4_0/inst/u_ddr4_mem_intfc/u_mig_ddr4_phy/inst/u_ddr4_phy_pll/diff_input_clk.u_ibufg_sys_clk/IBUFCTRL_INST/O
                         net (fo=2, routed)           0.336     0.955    system_i/ddr4_0/inst/u_ddr4_mem_intfc/u_mig_ddr4_phy/inst/u_ddr4_phy_pll/sys_clk_in
    BUFGCE_X0Y49         BUFGCE (Prop_BUFCE_BUFGCE_I_O)
                                                      0.028     0.983 r  system_i/ddr4_0/inst/u_ddr4_mem_intfc/u_mig_ddr4_phy/inst/u_ddr4_phy_pll/gen_bufg_backbone.u__bufg_backbone/O
                         net (fo=1, routed)           1.179     2.162    system_i/ddr4_0/inst/u_ddr4_infrastructure/mmcm_clk_in
    MMCM_X0Y3            MMCME4_ADV (Prop_MMCM_CLKIN1_CLKOUT0)
                                                     -0.127     2.035 r  system_i/ddr4_0/inst/u_ddr4_infrastructure/gen_mmcme4.u_mmcme_adv_inst/CLKOUT0
                         net (fo=1, routed)           0.244     2.279    system_i/ddr4_0/inst/u_ddr4_infrastructure/mmcm_clkout0
    BUFGCE_X0Y74         BUFGCE (Prop_BUFCE_BUFGCE_I_O)
                                                      0.028     2.307 r  system_i/ddr4_0/inst/u_ddr4_infrastructure/u_bufg_divClk/O
    X1Y2 (CLOCK_ROOT)    net (fo=14016, routed)       1.912     4.220    system_i/ddr4_0/inst/u_ddr4_mem_intfc/u_ddr_ui/u_ddr_ui_rd_data/not_strict_mode.rd_buf.rd_buffer_ram[21].RAM32M0/WCLK
    SLICE_X20Y206        RAMD32                                       r  system_i/ddr4_0/inst/u_ddr4_mem_intfc/u_ddr_ui/u_ddr_ui_rd_data/not_strict_mode.rd_buf.rd_buffer_ram[21].RAM32M0/RAMC/CLK
                         clock pessimism              0.293     4.513    <hidden>
    SLICE_X20Y206        RAMD32 (Hold_G5LUT_SLICEM_CLK_I)
                                                      0.078     4.591    system_i/ddr4_0/inst/u_ddr4_mem_intfc/u_ddr_ui/u_ddr_ui_rd_data/not_strict_mode.rd_buf.rd_buffer_ram[21].RAM32M0/RAMC
  -------------------------------------------------------------------
                         required time                         -4.591    <hidden>
                         arrival time                           4.604    <hidden>
  -------------------------------------------------------------------
                         slack                                  0.013    <hidden>





Pulse Width Checks
--------------------------------------------------------------------------------------
Clock Name:         mmcm_clkout0
Waveform(ns):       { 0.000 1.500 }
Period(ns):         3.001
Sources:            { system_i/ddr4_0/inst/u_ddr4_infrastructure/gen_mmcme4.u_mmcme_adv_inst/CLKOUT0 }

Check Type        Corner  Lib Pin                    Reference Pin       Required(ns)  Actual(ns)  Slack(ns)  Location               Pin
Min Period        n/a     RXTX_BITSLICE/FIFO_RD_CLK  n/a                 1.694         3.001       1.307      BITSLICE_RX_TX_X0Y129  system_i/ddr4_0/inst/u_ddr4_mem_intfc/u_mig_ddr4_phy/inst/generate_block1.u_ddr_xiphy/byte_num[0].xiphy_byte_wrapper.u_xiphy_byte_wrapper/I_BITSLICE_UPPER[6].GEN_RXTX_BITSLICE_EN.u_xiphy_bitslice_upper/xiphy_rxtx_bitslice/FIFO_RD_CLK
Max Period        n/a     PLLE4_ADV/CLKIN            n/a                 14.286        3.001       11.285     PLL_X0Y4               system_i/ddr4_0/inst/u_ddr4_mem_intfc/u_mig_ddr4_phy/inst/u_ddr4_phy_pll/plle_loop[0].gen_plle4.PLLE4_BASE_INST_OTHER/CLKIN
Low Pulse Width   Slow    PLLE4_ADV/CLKIN            n/a                 1.050         1.500       0.450      PLL_X0Y4               system_i/ddr4_0/inst/u_ddr4_mem_intfc/u_mig_ddr4_phy/inst/u_ddr4_phy_pll/plle_loop[0].gen_plle4.PLLE4_BASE_INST_OTHER/CLKIN
High Pulse Width  Slow    PLLE4_ADV/CLKIN            n/a                 1.050         1.500       0.450      PLL_X0Y4               system_i/ddr4_0/inst/u_ddr4_mem_intfc/u_mig_ddr4_phy/inst/u_ddr4_phy_pll/plle_loop[0].gen_plle4.PLLE4_BASE_INST_OTHER/CLKIN
Min Skew          Slow    RXTX_BITSLICE/D[2]         RXTX_BITSLICE/D[1]  0.090         0.095       0.005      BITSLICE_RX_TX_X0Y179  system_i/ddr4_0/inst/u_ddr4_mem_intfc/u_mig_ddr4_phy/inst/generate_block1.u_ddr_xiphy/byte_num[4].xiphy_byte_wrapper.u_xiphy_byte_wrapper/I_BITSLICE_UPPER[4].GEN_RXTX_BITSLICE_EN.u_xiphy_bitslice_upper/xiphy_rxtx_bitslice/D[2]



---------------------------------------------------------------------------------------------------
From Clock:  pll_clk[0]
  To Clock:  pll_clk[0]

Setup :           NA  Failing Endpoints,  Worst Slack           NA  ,  Total Violation           NA
Hold  :           NA  Failing Endpoints,  Worst Slack           NA  ,  Total Violation           NA
PW    :            0  Failing Endpoints,  Worst Slack        0.000ns,  Total Violation        0.000ns
---------------------------------------------------------------------------------------------------


Pulse Width Checks
--------------------------------------------------------------------------------------
Clock Name:         pll_clk[0]
Waveform(ns):       { 0.000 0.188 }
Period(ns):         0.375
Sources:            { system_i/ddr4_0/inst/u_ddr4_mem_intfc/u_mig_ddr4_phy/inst/u_ddr4_phy_pll/plle_loop[0].gen_plle4.PLLE4_BASE_INST_OTHER/CLKOUTPHY }

Check Type        Corner  Lib Pin                   Reference Pin  Required(ns)  Actual(ns)  Slack(ns)  Location                Pin
Min Period        n/a     BITSLICE_CONTROL/PLL_CLK  n/a            0.375         0.375       0.000      BITSLICE_CONTROL_X0Y19  system_i/ddr4_0/inst/u_ddr4_mem_intfc/u_mig_ddr4_phy/inst/generate_block1.u_ddr_xiphy/byte_num[0].xiphy_byte_wrapper.u_xiphy_byte_wrapper/I_CONTROL[1].GEN_I_CONTROL.u_xiphy_control/xiphy_control/PLL_CLK
Low Pulse Width   Slow    BITSLICE_CONTROL/PLL_CLK  n/a            0.169         0.188       0.019      BITSLICE_CONTROL_X0Y19  system_i/ddr4_0/inst/u_ddr4_mem_intfc/u_mig_ddr4_phy/inst/generate_block1.u_ddr_xiphy/byte_num[0].xiphy_byte_wrapper.u_xiphy_byte_wrapper/I_CONTROL[1].GEN_I_CONTROL.u_xiphy_control/xiphy_control/PLL_CLK
High Pulse Width  Slow    BITSLICE_CONTROL/PLL_CLK  n/a            0.169         0.188       0.019      BITSLICE_CONTROL_X0Y19  system_i/ddr4_0/inst/u_ddr4_mem_intfc/u_mig_ddr4_phy/inst/generate_block1.u_ddr_xiphy/byte_num[0].xiphy_byte_wrapper.u_xiphy_byte_wrapper/I_CONTROL[1].GEN_I_CONTROL.u_xiphy_control/xiphy_control/PLL_CLK



---------------------------------------------------------------------------------------------------
From Clock:  pll_clk[0]_DIV
  To Clock:  pll_clk[0]_DIV

Setup :           NA  Failing Endpoints,  Worst Slack           NA  ,  Total Violation           NA
Hold  :           NA  Failing Endpoints,  Worst Slack           NA  ,  Total Violation           NA
PW    :            0  Failing Endpoints,  Worst Slack        0.300ns,  Total Violation        0.000ns
---------------------------------------------------------------------------------------------------


Pulse Width Checks
--------------------------------------------------------------------------------------
Clock Name:         pll_clk[0]_DIV
Waveform(ns):       { 0.000 1.500 }
Period(ns):         3.001
Sources:            { system_i/ddr4_0/inst/u_ddr4_mem_intfc/u_mig_ddr4_phy/inst/generate_block1.u_ddr_xiphy/byte_num[0].xiphy_byte_wrapper.u_xiphy_byte_wrapper/I_CONTROL[1].GEN_I_CONTROL.u_xiphy_control/xiphy_control/RX_DIV4_CLK_Q system_i/ddr4_0/inst/u_ddr4_mem_intfc/u_mig_ddr4_phy/inst/generate_block1.u_ddr_xiphy/byte_num[0].xiphy_byte_wrapper.u_xiphy_byte_wrapper/I_CONTROL[1].GEN_I_CONTROL.u_xiphy_control/xiphy_control/TX_DIV4_CLK_Q system_i/ddr4_0/inst/u_ddr4_mem_intfc/u_mig_ddr4_phy/inst/generate_block1.u_ddr_xiphy/byte_num[1].xiphy_byte_wrapper.u_xiphy_byte_wrapper/I_CONTROL[0].GEN_I_CONTROL.u_xiphy_control/xiphy_control/RX_DIV4_CLK_Q system_i/ddr4_0/inst/u_ddr4_mem_intfc/u_mig_ddr4_phy/inst/generate_block1.u_ddr_xiphy/byte_num[1].xiphy_byte_wrapper.u_xiphy_byte_wrapper/I_CONTROL[0].GEN_I_CONTROL.u_xiphy_control/xiphy_control/TX_DIV4_CLK_Q system_i/ddr4_0/inst/u_ddr4_mem_intfc/u_mig_ddr4_phy/inst/generate_block1.u_ddr_xiphy/byte_num[1].xiphy_byte_wrapper.u_xiphy_byte_wrapper/I_CONTROL[1].GEN_I_CONTROL.u_xiphy_control/xiphy_control/RX_DIV4_CLK_Q system_i/ddr4_0/inst/u_ddr4_mem_intfc/u_mig_ddr4_phy/inst/generate_block1.u_ddr_xiphy/byte_num[1].xiphy_byte_wrapper.u_xiphy_byte_wrapper/I_CONTROL[1].GEN_I_CONTROL.u_xiphy_control/xiphy_control/TX_DIV4_CLK_Q system_i/ddr4_0/inst/u_ddr4_mem_intfc/u_mig_ddr4_phy/inst/generate_block1.u_ddr_xiphy/byte_num[2].xiphy_byte_wrapper.u_xiphy_byte_wrapper/I_CONTROL[0].GEN_I_CONTROL.u_xiphy_control/xiphy_control/RX_DIV4_CLK_Q system_i/ddr4_0/inst/u_ddr4_mem_intfc/u_mig_ddr4_phy/inst/generate_block1.u_ddr_xiphy/byte_num[2].xiphy_byte_wrapper.u_xiphy_byte_wrapper/I_CONTROL[0].GEN_I_CONTROL.u_xiphy_control/xiphy_control/TX_DIV4_CLK_Q system_i/ddr4_0/inst/u_ddr4_mem_intfc/u_mig_ddr4_phy/inst/generate_block1.u_ddr_xiphy/byte_num[2].xiphy_byte_wrapper.u_xiphy_byte_wrapper/I_CONTROL[1].GEN_I_CONTROL.u_xiphy_control/xiphy_control/RX_DIV4_CLK_Q system_i/ddr4_0/inst/u_ddr4_mem_intfc/u_mig_ddr4_phy/inst/generate_block1.u_ddr_xiphy/byte_num[2].xiphy_byte_wrapper.u_xiphy_byte_wrapper/I_CONTROL[1].GEN_I_CONTROL.u_xiphy_control/xiphy_control/TX_DIV4_CLK_Q }

Check Type        Corner  Lib Pin                           Reference Pin  Required(ns)  Actual(ns)  Slack(ns)  Location               Pin
Min Period        n/a     RXTX_BITSLICE/TX_BIT_CTRL_IN[26]  n/a            2.667         3.001       0.334      BITSLICE_RX_TX_X0Y129  system_i/ddr4_0/inst/u_ddr4_mem_intfc/u_mig_ddr4_phy/inst/generate_block1.u_ddr_xiphy/byte_num[0].xiphy_byte_wrapper.u_xiphy_byte_wrapper/I_BITSLICE_UPPER[6].GEN_RXTX_BITSLICE_EN.u_xiphy_bitslice_upper/xiphy_rxtx_bitslice/TX_BIT_CTRL_IN[26]
Low Pulse Width   Slow    RXTX_BITSLICE/TX_BIT_CTRL_IN[26]  n/a            1.200         1.500       0.300      BITSLICE_RX_TX_X0Y129  system_i/ddr4_0/inst/u_ddr4_mem_intfc/u_mig_ddr4_phy/inst/generate_block1.u_ddr_xiphy/byte_num[0].xiphy_byte_wrapper.u_xiphy_byte_wrapper/I_BITSLICE_UPPER[6].GEN_RXTX_BITSLICE_EN.u_xiphy_bitslice_upper/xiphy_rxtx_bitslice/TX_BIT_CTRL_IN[26]
High Pulse Width  Slow    RXTX_BITSLICE/TX_BIT_CTRL_IN[26]  n/a            1.200         1.500       0.300      BITSLICE_RX_TX_X0Y129  system_i/ddr4_0/inst/u_ddr4_mem_intfc/u_mig_ddr4_phy/inst/generate_block1.u_ddr_xiphy/byte_num[0].xiphy_byte_wrapper.u_xiphy_byte_wrapper/I_BITSLICE_UPPER[6].GEN_RXTX_BITSLICE_EN.u_xiphy_bitslice_upper/xiphy_rxtx_bitslice/TX_BIT_CTRL_IN[26]



---------------------------------------------------------------------------------------------------
From Clock:  pll_clk[1]
  To Clock:  pll_clk[1]

Setup :           NA  Failing Endpoints,  Worst Slack           NA  ,  Total Violation           NA
Hold  :           NA  Failing Endpoints,  Worst Slack           NA  ,  Total Violation           NA
PW    :            0  Failing Endpoints,  Worst Slack        0.000ns,  Total Violation        0.000ns
---------------------------------------------------------------------------------------------------


Pulse Width Checks
--------------------------------------------------------------------------------------
Clock Name:         pll_clk[1]
Waveform(ns):       { 0.000 0.188 }
Period(ns):         0.375
Sources:            { system_i/ddr4_0/inst/u_ddr4_mem_intfc/u_mig_ddr4_phy/inst/u_ddr4_phy_pll/plle_loop[1].gen_plle4.PLLE4_BASE_INST_OTHER/CLKOUTPHY }

Check Type        Corner  Lib Pin                   Reference Pin             Required(ns)  Actual(ns)  Slack(ns)  Location                Pin
Min Period        n/a     BITSLICE_CONTROL/PLL_CLK  n/a                       0.375         0.375       0.000      BITSLICE_CONTROL_X0Y24  system_i/ddr4_0/inst/u_ddr4_mem_intfc/u_mig_ddr4_phy/inst/generate_block1.u_ddr_xiphy/byte_num[3].xiphy_byte_wrapper.u_xiphy_byte_wrapper/I_CONTROL[0].GEN_I_CONTROL.u_xiphy_control/xiphy_control/PLL_CLK
Low Pulse Width   Slow    BITSLICE_CONTROL/PLL_CLK  n/a                       0.169         0.188       0.019      BITSLICE_CONTROL_X0Y24  system_i/ddr4_0/inst/u_ddr4_mem_intfc/u_mig_ddr4_phy/inst/generate_block1.u_ddr_xiphy/byte_num[3].xiphy_byte_wrapper.u_xiphy_byte_wrapper/I_CONTROL[0].GEN_I_CONTROL.u_xiphy_control/xiphy_control/PLL_CLK
High Pulse Width  Slow    BITSLICE_CONTROL/PLL_CLK  n/a                       0.169         0.188       0.019      BITSLICE_CONTROL_X0Y24  system_i/ddr4_0/inst/u_ddr4_mem_intfc/u_mig_ddr4_phy/inst/generate_block1.u_ddr_xiphy/byte_num[3].xiphy_byte_wrapper.u_xiphy_byte_wrapper/I_CONTROL[0].GEN_I_CONTROL.u_xiphy_control/xiphy_control/PLL_CLK
Max Skew          Fast    BITSLICE_CONTROL/PLL_CLK  BITSLICE_CONTROL/RIU_CLK  -0.300        -1.316      1.016      BITSLICE_CONTROL_X0Y28  system_i/ddr4_0/inst/u_ddr4_mem_intfc/u_mig_ddr4_phy/inst/generate_block1.u_ddr_xiphy/byte_num[5].xiphy_byte_wrapper.u_xiphy_byte_wrapper/I_CONTROL[0].GEN_I_CONTROL.u_xiphy_control/xiphy_control/PLL_CLK



---------------------------------------------------------------------------------------------------
From Clock:  pll_clk[1]_DIV
  To Clock:  pll_clk[1]_DIV

Setup :           NA  Failing Endpoints,  Worst Slack           NA  ,  Total Violation           NA
Hold  :           NA  Failing Endpoints,  Worst Slack           NA  ,  Total Violation           NA
PW    :            0  Failing Endpoints,  Worst Slack        0.300ns,  Total Violation        0.000ns
---------------------------------------------------------------------------------------------------


Pulse Width Checks
--------------------------------------------------------------------------------------
Clock Name:         pll_clk[1]_DIV
Waveform(ns):       { 0.000 1.500 }
Period(ns):         3.001
Sources:            { system_i/ddr4_0/inst/u_ddr4_mem_intfc/u_mig_ddr4_phy/inst/generate_block1.u_ddr_xiphy/byte_num[3].xiphy_byte_wrapper.u_xiphy_byte_wrapper/I_CONTROL[0].GEN_I_CONTROL.u_xiphy_control/xiphy_control/RX_DIV4_CLK_Q system_i/ddr4_0/inst/u_ddr4_mem_intfc/u_mig_ddr4_phy/inst/generate_block1.u_ddr_xiphy/byte_num[3].xiphy_byte_wrapper.u_xiphy_byte_wrapper/I_CONTROL[0].GEN_I_CONTROL.u_xiphy_control/xiphy_control/TX_DIV4_CLK_Q system_i/ddr4_0/inst/u_ddr4_mem_intfc/u_mig_ddr4_phy/inst/generate_block1.u_ddr_xiphy/byte_num[3].xiphy_byte_wrapper.u_xiphy_byte_wrapper/I_CONTROL[1].GEN_I_CONTROL.u_xiphy_control/xiphy_control/RX_DIV4_CLK_Q system_i/ddr4_0/inst/u_ddr4_mem_intfc/u_mig_ddr4_phy/inst/generate_block1.u_ddr_xiphy/byte_num[3].xiphy_byte_wrapper.u_xiphy_byte_wrapper/I_CONTROL[1].GEN_I_CONTROL.u_xiphy_control/xiphy_control/TX_DIV4_CLK_Q system_i/ddr4_0/inst/u_ddr4_mem_intfc/u_mig_ddr4_phy/inst/generate_block1.u_ddr_xiphy/byte_num[4].xiphy_byte_wrapper.u_xiphy_byte_wrapper/I_CONTROL[0].GEN_I_CONTROL.u_xiphy_control/xiphy_control/RX_DIV4_CLK_Q system_i/ddr4_0/inst/u_ddr4_mem_intfc/u_mig_ddr4_phy/inst/generate_block1.u_ddr_xiphy/byte_num[4].xiphy_byte_wrapper.u_xiphy_byte_wrapper/I_CONTROL[0].GEN_I_CONTROL.u_xiphy_control/xiphy_control/TX_DIV4_CLK_Q system_i/ddr4_0/inst/u_ddr4_mem_intfc/u_mig_ddr4_phy/inst/generate_block1.u_ddr_xiphy/byte_num[4].xiphy_byte_wrapper.u_xiphy_byte_wrapper/I_CONTROL[1].GEN_I_CONTROL.u_xiphy_control/xiphy_control/RX_DIV4_CLK_Q system_i/ddr4_0/inst/u_ddr4_mem_intfc/u_mig_ddr4_phy/inst/generate_block1.u_ddr_xiphy/byte_num[4].xiphy_byte_wrapper.u_xiphy_byte_wrapper/I_CONTROL[1].GEN_I_CONTROL.u_xiphy_control/xiphy_control/TX_DIV4_CLK_Q system_i/ddr4_0/inst/u_ddr4_mem_intfc/u_mig_ddr4_phy/inst/generate_block1.u_ddr_xiphy/byte_num[5].xiphy_byte_wrapper.u_xiphy_byte_wrapper/I_CONTROL[0].GEN_I_CONTROL.u_xiphy_control/xiphy_control/RX_DIV4_CLK_Q system_i/ddr4_0/inst/u_ddr4_mem_intfc/u_mig_ddr4_phy/inst/generate_block1.u_ddr_xiphy/byte_num[5].xiphy_byte_wrapper.u_xiphy_byte_wrapper/I_CONTROL[0].GEN_I_CONTROL.u_xiphy_control/xiphy_control/TX_DIV4_CLK_Q system_i/ddr4_0/inst/u_ddr4_mem_intfc/u_mig_ddr4_phy/inst/generate_block1.u_ddr_xiphy/byte_num[5].xiphy_byte_wrapper.u_xiphy_byte_wrapper/I_CONTROL[1].GEN_I_CONTROL.u_xiphy_control/xiphy_control/RX_DIV4_CLK_Q system_i/ddr4_0/inst/u_ddr4_mem_intfc/u_mig_ddr4_phy/inst/generate_block1.u_ddr_xiphy/byte_num[5].xiphy_byte_wrapper.u_xiphy_byte_wrapper/I_CONTROL[1].GEN_I_CONTROL.u_xiphy_control/xiphy_control/TX_DIV4_CLK_Q system_i/ddr4_0/inst/u_ddr4_mem_intfc/u_mig_ddr4_phy/inst/generate_block1.u_ddr_xiphy/byte_num[6].xiphy_byte_wrapper.u_xiphy_byte_wrapper/I_CONTROL[0].GEN_I_CONTROL.u_xiphy_control/xiphy_control/RX_DIV4_CLK_Q system_i/ddr4_0/inst/u_ddr4_mem_intfc/u_mig_ddr4_phy/inst/generate_block1.u_ddr_xiphy/byte_num[6].xiphy_byte_wrapper.u_xiphy_byte_wrapper/I_CONTROL[0].GEN_I_CONTROL.u_xiphy_control/xiphy_control/TX_DIV4_CLK_Q system_i/ddr4_0/inst/u_ddr4_mem_intfc/u_mig_ddr4_phy/inst/generate_block1.u_ddr_xiphy/byte_num[6].xiphy_byte_wrapper.u_xiphy_byte_wrapper/I_CONTROL[1].GEN_I_CONTROL.u_xiphy_control/xiphy_control/RX_DIV4_CLK_Q system_i/ddr4_0/inst/u_ddr4_mem_intfc/u_mig_ddr4_phy/inst/generate_block1.u_ddr_xiphy/byte_num[6].xiphy_byte_wrapper.u_xiphy_byte_wrapper/I_CONTROL[1].GEN_I_CONTROL.u_xiphy_control/xiphy_control/TX_DIV4_CLK_Q }

Check Type        Corner  Lib Pin                           Reference Pin  Required(ns)  Actual(ns)  Slack(ns)  Location               Pin
Min Period        n/a     RXTX_BITSLICE/TX_BIT_CTRL_IN[26]  n/a            2.667         3.001       0.334      BITSLICE_RX_TX_X0Y156  system_i/ddr4_0/inst/u_ddr4_mem_intfc/u_mig_ddr4_phy/inst/generate_block1.u_ddr_xiphy/byte_num[3].xiphy_byte_wrapper.u_xiphy_byte_wrapper/I_BITSLICE_LOWER[0].GEN_RXTX_BITSLICE_EN.u_xiphy_bitslice_lower/xiphy_rxtx_bitslice/TX_BIT_CTRL_IN[26]
Low Pulse Width   Slow    RXTX_BITSLICE/TX_BIT_CTRL_IN[26]  n/a            1.200         1.500       0.300      BITSLICE_RX_TX_X0Y156  system_i/ddr4_0/inst/u_ddr4_mem_intfc/u_mig_ddr4_phy/inst/generate_block1.u_ddr_xiphy/byte_num[3].xiphy_byte_wrapper.u_xiphy_byte_wrapper/I_BITSLICE_LOWER[0].GEN_RXTX_BITSLICE_EN.u_xiphy_bitslice_lower/xiphy_rxtx_bitslice/TX_BIT_CTRL_IN[26]
High Pulse Width  Slow    RXTX_BITSLICE/TX_BIT_CTRL_IN[26]  n/a            1.200         1.500       0.300      BITSLICE_RX_TX_X0Y156  system_i/ddr4_0/inst/u_ddr4_mem_intfc/u_mig_ddr4_phy/inst/generate_block1.u_ddr_xiphy/byte_num[3].xiphy_byte_wrapper.u_xiphy_byte_wrapper/I_BITSLICE_LOWER[0].GEN_RXTX_BITSLICE_EN.u_xiphy_bitslice_lower/xiphy_rxtx_bitslice/TX_BIT_CTRL_IN[26]



---------------------------------------------------------------------------------------------------
From Clock:  mmcm_clkout1
  To Clock:  mmcm_clkout1

Setup :            0  Failing Endpoints,  Worst Slack        0.439ns,  Total Violation        0.000ns
Hold  :            0  Failing Endpoints,  Worst Slack        0.010ns,  Total Violation        0.000ns
PW    :            0  Failing Endpoints,  Worst Slack        4.459ns,  Total Violation        0.000ns
---------------------------------------------------------------------------------------------------


Max Delay Paths
--------------------------------------------------------------------------------------
Slack (MET) :             0.439ns  (required time - arrival time)
  Source:                 system_i/comp/inst/grp_lpc_tdm_compress_Pipeline_RESIDUAL_RAMP_fu_552/trunc_ln140_1_reg_3137_pp0_iter54_reg_reg[2]/C
                            (rising edge-triggered cell FDRE clocked by mmcm_clkout1  {rise@0.000ns fall@5.001ns period=10.002ns})
  Destination:            system_i/comp/inst/lpc_tdm_compress_stream_stream_axis_0_int_int_int_int_frame_buf_1_U/ram_reg_bram_12/DINADIN[1]
                            (rising edge-triggered cell RAMB36E2 clocked by mmcm_clkout1  {rise@0.000ns fall@5.001ns period=10.002ns})
  Path Group:             mmcm_clkout1
  Path Type:              Setup (Max at Slow Process Corner)
  Requirement:            10.002ns  (mmcm_clkout1 rise@10.002ns - mmcm_clkout1 rise@0.000ns)
  Data Path Delay:        9.288ns  (logic 3.364ns (36.219%)  route 5.924ns (63.781%))
  Logic Levels:           22  (CARRY8=8 DSP_A_B_DATA=1 DSP_ALU=1 DSP_M_DATA=1 DSP_MULTIPLIER=1 DSP_OUTPUT=1 DSP_PREADD_DATA=1 LUT2=2 LUT3=2 LUT5=1 LUT6=2 MUXF7=1)
  Clock Path Skew:        0.092ns (DCD - SCD + CPR)
    Destination Clock Delay (DCD):    5.199ns = ( 15.201 - 10.002 ) 
    Source Clock Delay      (SCD):    4.875ns
    Clock Pessimism Removal (CPR):    -0.232ns
  Clock Uncertainty:      0.074ns  ((TSJ^2 + DJ^2)^1/2) / 2 + PE
    Total System Jitter     (TSJ):    0.071ns
    Discrete Jitter          (DJ):    0.129ns
    Phase Error              (PE):    0.000ns
  Clock Net Delay (Source):      2.561ns (routing 1.544ns, distribution 1.017ns)
  Clock Net Delay (Destination): 2.463ns (routing 1.405ns, distribution 1.058ns)

    Location             Delay type                Incr(ns)  Path(ns)    Netlist Resource(s)
  -------------------------------------------------------------------    -------------------
                         (clock mmcm_clkout1 rise edge)
                                                      0.000     0.000 r  <hidden>
    K22                                               0.000     0.000 r  default_sysclk1_300_clk_p
                         net (fo=0)                   0.100     0.100    system_i/ddr4_0/inst/u_ddr4_mem_intfc/u_mig_ddr4_phy/inst/u_ddr4_phy_pll/diff_input_clk.u_ibufg_sys_clk/I
    HPIOBDIFFINBUF_X0Y58 DIFFINBUF (Prop_DIFFINBUF_HPIOBDIFFINBUF_DIFF_IN_P_O)
                                                      0.469     0.569 r  system_i/ddr4_0/inst/u_ddr4_mem_intfc/u_mig_ddr4_phy/inst/u_ddr4_phy_pll/diff_input_clk.u_ibufg_sys_clk/DIFFINBUF_INST/O
                         net (fo=1, routed)           0.050     0.619    system_i/ddr4_0/inst/u_ddr4_mem_intfc/u_mig_ddr4_phy/inst/u_ddr4_phy_pll/diff_input_clk.u_ibufg_sys_clk/OUT
    K22                  IBUFCTRL (Prop_IBUFCTRL_HPIOB_M_I_O)
                                                      0.000     0.619 r  system_i/ddr4_0/inst/u_ddr4_mem_intfc/u_mig_ddr4_phy/inst/u_ddr4_phy_pll/diff_input_clk.u_ibufg_sys_clk/IBUFCTRL_INST/O
                         net (fo=2, routed)           0.336     0.955    system_i/ddr4_0/inst/u_ddr4_mem_intfc/u_mig_ddr4_phy/inst/u_ddr4_phy_pll/sys_clk_in
    BUFGCE_X0Y49         BUFGCE (Prop_BUFCE_BUFGCE_I_O)
                                                      0.028     0.983 r  system_i/ddr4_0/inst/u_ddr4_mem_intfc/u_mig_ddr4_phy/inst/u_ddr4_phy_pll/gen_bufg_backbone.u__bufg_backbone/O
                         net (fo=1, routed)           1.179     2.162    system_i/ddr4_0/inst/u_ddr4_infrastructure/mmcm_clk_in
    MMCM_X0Y3            MMCME4_ADV (Prop_MMCM_CLKIN1_CLKOUT1)
                                                     -0.127     2.035 r  system_i/ddr4_0/inst/u_ddr4_infrastructure/gen_mmcme4.u_mmcme_adv_inst/CLKOUT1
                         net (fo=1, routed)           0.251     2.286    system_i/ddr4_0/inst/u_ddr4_infrastructure/mmcm_clkout1
    BUFGCE_X0Y84         BUFGCE (Prop_BUFCE_BUFGCE_I_O)
                                                      0.028     2.314 r  system_i/ddr4_0/inst/u_ddr4_infrastructure/u_bufg_addn_ui_clk_1/O
    X2Y1 (CLOCK_ROOT)    net (fo=49620, routed)       2.561     4.875    system_i/comp/inst/grp_lpc_tdm_compress_Pipeline_RESIDUAL_RAMP_fu_552/ap_clk
    SLICE_X80Y102        FDRE                                         r  system_i/comp/inst/grp_lpc_tdm_compress_Pipeline_RESIDUAL_RAMP_fu_552/trunc_ln140_1_reg_3137_pp0_iter54_reg_reg[2]/C
  -------------------------------------------------------------------    -------------------
    SLICE_X80Y102        FDRE (Prop_EFF2_SLICEL_C_Q)
                                                      0.081     4.956 r  system_i/comp/inst/grp_lpc_tdm_compress_Pipeline_RESIDUAL_RAMP_fu_552/trunc_ln140_1_reg_3137_pp0_iter54_reg_reg[2]/Q
                         net (fo=96, routed)          0.680     5.636    system_i/comp/inst/grp_lpc_tdm_compress_Pipeline_RESIDUAL_RAMP_fu_552/mul_40s_19s_58_1_1_U76/DSP_A_B_DATA_INST[2]
    SLICE_X76Y82         MUXF7 (Prop_F7MUX_CD_SLICEL_S_O)
                                                      0.070     5.706 f  system_i/comp/inst/grp_lpc_tdm_compress_Pipeline_RESIDUAL_RAMP_fu_552/mul_40s_19s_58_1_1_U76/tmp_product__1_i_49__2/O
                         net (fo=1, routed)           0.186     5.892    system_i/comp/inst/grp_lpc_tdm_compress_Pipeline_RESIDUAL_RAMP_fu_552/mul_40s_19s_58_1_1_U76/tmp_product__1_i_49__2_n_40
    SLICE_X77Y83         LUT5 (Prop_H6LUT_SLICEL_I0_O)
                                                      0.150     6.042 f  system_i/comp/inst/grp_lpc_tdm_compress_Pipeline_RESIDUAL_RAMP_fu_552/mul_40s_19s_58_1_1_U76/tmp_product__1_i_12__2/O
                         net (fo=1, routed)           0.537     6.579    system_i/comp/inst/grp_lpc_tdm_compress_Pipeline_RESIDUAL_RAMP_fu_552/mul_40s_19s_58_1_1_U76/tmp_product__1/B[4]
    DSP48E2_X13Y36       DSP_A_B_DATA (Prop_DSP_A_B_DATA_DSP48E2_B[4]_B2_DATA[4])
                                                      0.151     6.730 r  system_i/comp/inst/grp_lpc_tdm_compress_Pipeline_RESIDUAL_RAMP_fu_552/mul_40s_19s_58_1_1_U76/tmp_product__1/DSP_A_B_DATA_INST/B2_DATA[4]
                         net (fo=1, routed)           0.000     6.730    system_i/comp/inst/grp_lpc_tdm_compress_Pipeline_RESIDUAL_RAMP_fu_552/mul_40s_19s_58_1_1_U76/tmp_product__1/DSP_A_B_DATA.B2_DATA<4>
    DSP48E2_X13Y36       DSP_PREADD_DATA (Prop_DSP_PREADD_DATA_DSP48E2_B2_DATA[4]_B2B1[4])
                                                      0.073     6.803 r  system_i/comp/inst/grp_lpc_tdm_compress_Pipeline_RESIDUAL_RAMP_fu_552/mul_40s_19s_58_1_1_U76/tmp_product__1/DSP_PREADD_DATA_INST/B2B1[4]
                         net (fo=1, routed)           0.000     6.803    system_i/comp/inst/grp_lpc_tdm_compress_Pipeline_RESIDUAL_RAMP_fu_552/mul_40s_19s_58_1_1_U76/tmp_product__1/DSP_PREADD_DATA.B2B1<4>
    DSP48E2_X13Y36       DSP_MULTIPLIER (Prop_DSP_MULTIPLIER_DSP48E2_B2B1[4]_V[16])
                                                      0.609     7.412 f  system_i/comp/inst/grp_lpc_tdm_compress_Pipeline_RESIDUAL_RAMP_fu_552/mul_40s_19s_58_1_1_U76/tmp_product__1/DSP_MULTIPLIER_INST/V[16]
                         net (fo=1, routed)           0.000     7.412    system_i/comp/inst/grp_lpc_tdm_compress_Pipeline_RESIDUAL_RAMP_fu_552/mul_40s_19s_58_1_1_U76/tmp_product__1/DSP_MULTIPLIER.V<16>
    DSP48E2_X13Y36       DSP_M_DATA (Prop_DSP_M_DATA_DSP48E2_V[16]_V_DATA[16])
                                                      0.046     7.458 r  system_i/comp/inst/grp_lpc_tdm_compress_Pipeline_RESIDUAL_RAMP_fu_552/mul_40s_19s_58_1_1_U76/tmp_product__1/DSP_M_DATA_INST/V_DATA[16]
                         net (fo=1, routed)           0.000     7.458    system_i/comp/inst/grp_lpc_tdm_compress_Pipeline_RESIDUAL_RAMP_fu_552/mul_40s_19s_58_1_1_U76/tmp_product__1/DSP_M_DATA.V_DATA<16>
    DSP48E2_X13Y36       DSP_ALU (Prop_DSP_ALU_DSP48E2_V_DATA[16]_ALU_OUT[16])
                                                      0.571     8.029 f  system_i/comp/inst/grp_lpc_tdm_compress_Pipeline_RESIDUAL_RAMP_fu_552/mul_40s_19s_58_1_1_U76/tmp_product__1/DSP_ALU_INST/ALU_OUT[16]
                         net (fo=1, routed)           0.000     8.029    system_i/comp/inst/grp_lpc_tdm_compress_Pipeline_RESIDUAL_RAMP_fu_552/mul_40s_19s_58_1_1_U76/tmp_product__1/DSP_ALU.ALU_OUT<16>
    DSP48E2_X13Y36       DSP_OUTPUT (Prop_DSP_OUTPUT_DSP48E2_ALU_OUT[16]_P[16])
                                                      0.109     8.138 r  system_i/comp/inst/grp_lpc_tdm_compress_Pipeline_RESIDUAL_RAMP_fu_552/mul_40s_19s_58_1_1_U76/tmp_product__1/DSP_OUTPUT_INST/P[16]
                         net (fo=1, routed)           0.507     8.645    system_i/comp/inst/grp_lpc_tdm_compress_Pipeline_RESIDUAL_RAMP_fu_552/mul_40s_19s_58_1_1_U76/tmp_product__1_n_129
    SLICE_X76Y92         CARRY8 (Prop_CARRY8_SLICEL_S[0]_CO[7])
                                                      0.190     8.835 r  system_i/comp/inst/grp_lpc_tdm_compress_Pipeline_RESIDUAL_RAMP_fu_552/mul_40s_19s_58_1_1_U76/tmp_product_carry/CO[7]
                         net (fo=1, routed)           0.026     8.861    system_i/comp/inst/grp_lpc_tdm_compress_Pipeline_RESIDUAL_RAMP_fu_552/mul_40s_19s_58_1_1_U76/tmp_product_carry_n_40
    SLICE_X76Y93         CARRY8 (Prop_CARRY8_SLICEL_CI_O[5])
                                                      0.116     8.977 r  system_i/comp/inst/grp_lpc_tdm_compress_Pipeline_RESIDUAL_RAMP_fu_552/mul_40s_19s_58_1_1_U76/tmp_product_carry__0/O[5]
                         net (fo=2, routed)           0.226     9.203    system_i/comp/inst/grp_lpc_tdm_compress_Pipeline_RESIDUAL_RAMP_fu_552/mul_40s_19s_58_1_1_U76/tmp_product__2__0_0[46]
    SLICE_X76Y89         LUT2 (Prop_G6LUT_SLICEL_I0_O)
                                                      0.149     9.352 r  system_i/comp/inst/grp_lpc_tdm_compress_Pipeline_RESIDUAL_RAMP_fu_552/mul_40s_19s_58_1_1_U76/vi_fu_330[14]_i_85/O
                         net (fo=1, routed)           0.008     9.360    system_i/comp/inst/grp_lpc_tdm_compress_Pipeline_RESIDUAL_RAMP_fu_552/mul_40s_19s_58_1_1_U76/vi_fu_330[14]_i_85_n_40
    SLICE_X76Y89         CARRY8 (Prop_CARRY8_SLICEL_S[6]_CO[7])
                                                      0.115     9.475 r  system_i/comp/inst/grp_lpc_tdm_compress_Pipeline_RESIDUAL_RAMP_fu_552/mul_40s_19s_58_1_1_U76/vi_fu_330_reg[14]_i_45/CO[7]
                         net (fo=1, routed)           0.052     9.527    system_i/comp/inst/grp_lpc_tdm_compress_Pipeline_RESIDUAL_RAMP_fu_552/mul_40s_19s_58_1_1_U76/vi_fu_330_reg[14]_i_45_n_40
    SLICE_X76Y90         CARRY8 (Prop_CARRY8_SLICEL_CI_O[1])
                                                      0.076     9.603 r  system_i/comp/inst/grp_lpc_tdm_compress_Pipeline_RESIDUAL_RAMP_fu_552/mul_40s_19s_58_1_1_U76/vi_fu_330_reg[14]_i_32/O[1]
                         net (fo=3, routed)           0.393     9.996    system_i/comp/inst/grp_lpc_tdm_compress_Pipeline_RESIDUAL_RAMP_fu_552/mul_40s_19s_58_1_1_U76/sext_ln61_1_fu_2050_p1__0[31]
    SLICE_X78Y93         CARRY8 (Prop_CARRY8_SLICEL_S[7]_CO[7])
                                                      0.115    10.111 r  system_i/comp/inst/grp_lpc_tdm_compress_Pipeline_RESIDUAL_RAMP_fu_552/mul_40s_19s_58_1_1_U76/vi_fu_330_reg[14]_i_24/CO[7]
                         net (fo=1, routed)           0.026    10.137    system_i/comp/inst/grp_lpc_tdm_compress_Pipeline_RESIDUAL_RAMP_fu_552/mul_40s_19s_58_1_1_U76/vi_fu_330_reg[14]_i_24_n_40
    SLICE_X78Y94         CARRY8 (Prop_CARRY8_SLICEL_CI_CO[7])
                                                      0.015    10.152 r  system_i/comp/inst/grp_lpc_tdm_compress_Pipeline_RESIDUAL_RAMP_fu_552/mul_40s_19s_58_1_1_U76/vi_fu_330_reg[14]_i_21/CO[7]
                         net (fo=1, routed)           0.026    10.178    system_i/comp/inst/grp_lpc_tdm_compress_Pipeline_RESIDUAL_RAMP_fu_552/mul_40s_19s_58_1_1_U76/vi_fu_330_reg[14]_i_21_n_40
    SLICE_X78Y95         CARRY8 (Prop_CARRY8_SLICEL_CI_O[0])
                                                      0.056    10.234 r  system_i/comp/inst/grp_lpc_tdm_compress_Pipeline_RESIDUAL_RAMP_fu_552/mul_40s_19s_58_1_1_U76/vi_fu_330_reg[14]_i_44/O[0]
                         net (fo=9, routed)           0.153    10.387    system_i/comp/inst/grp_lpc_tdm_compress_Pipeline_RESIDUAL_RAMP_fu_552/mul_40s_19s_58_1_1_U76/vi_fu_330_reg[14]_i_44_n_55
    SLICE_X77Y95         LUT3 (Prop_B6LUT_SLICEL_I2_O)
                                                      0.148    10.535 r  system_i/comp/inst/grp_lpc_tdm_compress_Pipeline_RESIDUAL_RAMP_fu_552/mul_40s_19s_58_1_1_U76/vi_fu_330[14]_i_20/O
                         net (fo=16, routed)          0.392    10.927    system_i/comp/inst/grp_lpc_tdm_compress_Pipeline_RESIDUAL_RAMP_fu_552/mul_40s_19s_58_1_1_U76/vi_fu_330[14]_i_20_n_40
    SLICE_X80Y92         LUT6 (Prop_F6LUT_SLICEL_I3_O)
                                                      0.035    10.962 r  system_i/comp/inst/grp_lpc_tdm_compress_Pipeline_RESIDUAL_RAMP_fu_552/mul_40s_19s_58_1_1_U76/vi_fu_330[7]_i_8/O
                         net (fo=4, routed)           0.301    11.263    system_i/comp/inst/lpc_tdm_compress_stream_stream_axis_0_int_int_int_int_frame_buf_1_U/vi_fu_330_reg[7]_i_22_2
    SLICE_X79Y90         LUT2 (Prop_B6LUT_SLICEM_I1_O)
                                                      0.149    11.412 r  system_i/comp/inst/lpc_tdm_compress_stream_stream_axis_0_int_int_int_int_frame_buf_1_U/vi_fu_330[7]_i_44/O
                         net (fo=1, routed)           0.016    11.428    system_i/comp/inst/lpc_tdm_compress_stream_stream_axis_0_int_int_int_int_frame_buf_1_U/vi_fu_330[7]_i_44_n_40
    SLICE_X79Y90         CARRY8 (Prop_CARRY8_SLICEM_S[1]_O[3])
                                                      0.123    11.551 r  system_i/comp/inst/lpc_tdm_compress_stream_stream_axis_0_int_int_int_int_frame_buf_1_U/vi_fu_330_reg[7]_i_22/O[3]
                         net (fo=2, routed)           0.394    11.945    system_i/comp/inst/grp_lpc_tdm_compress_Pipeline_RESIDUAL_RAMP_fu_552/mul_40s_19s_58_1_1_U76/sub_ln66_1_fu_2298_p21_out[3]
    SLICE_X73Y94         LUT6 (Prop_G6LUT_SLICEL_I0_O)
                                                      0.149    12.094 r  system_i/comp/inst/grp_lpc_tdm_compress_Pipeline_RESIDUAL_RAMP_fu_552/mul_40s_19s_58_1_1_U76/ram_reg_0_19_i_2/O
                         net (fo=4, routed)           0.561    12.655    system_i/comp/inst/grp_lpc_tdm_compress_Pipeline_RESIDUAL_RAMP_fu_552/mul_40s_19s_58_1_1_U76/grp_lpc_tdm_compress_Pipeline_RESIDUAL_RAMP_fu_552_lpc_tdm_compress_stream_stream_axis_0_int_int_int_int_frame_buf_d0[19]
    SLICE_X71Y135        LUT3 (Prop_C5LUT_SLICEM_I0_O)
                                                      0.068    12.723 r  system_i/comp/inst/grp_lpc_tdm_compress_Pipeline_RESIDUAL_RAMP_fu_552/mul_40s_19s_58_1_1_U76/ram_reg_bram_12_i_10__1/O
                         net (fo=6, routed)           1.441    14.163    system_i/comp/inst/lpc_tdm_compress_stream_stream_axis_0_int_int_int_int_frame_buf_1_U/lpc_tdm_compress_stream_stream_axis_0_int_int_int_int_frame_buf_1_d0[19]
    RAMB36_X9Y14         RAMB36E2                                     r  system_i/comp/inst/lpc_tdm_compress_stream_stream_axis_0_int_int_int_int_frame_buf_1_U/ram_reg_bram_12/DINADIN[1]
  -------------------------------------------------------------------    -------------------

                         (clock mmcm_clkout1 rise edge)
                                                     10.002    10.002 r  <hidden>
    K22                                               0.000    10.002 r  default_sysclk1_300_clk_p
                         net (fo=0)                   0.079    10.081    system_i/ddr4_0/inst/u_ddr4_mem_intfc/u_mig_ddr4_phy/inst/u_ddr4_phy_pll/diff_input_clk.u_ibufg_sys_clk/I
    HPIOBDIFFINBUF_X0Y58 DIFFINBUF (Prop_DIFFINBUF_HPIOBDIFFINBUF_DIFF_IN_P_O)
                                                      0.374    10.455 r  system_i/ddr4_0/inst/u_ddr4_mem_intfc/u_mig_ddr4_phy/inst/u_ddr4_phy_pll/diff_input_clk.u_ibufg_sys_clk/DIFFINBUF_INST/O
                         net (fo=1, routed)           0.040    10.495    system_i/ddr4_0/inst/u_ddr4_mem_intfc/u_mig_ddr4_phy/inst/u_ddr4_phy_pll/diff_input_clk.u_ibufg_sys_clk/OUT
    K22                  IBUFCTRL (Prop_IBUFCTRL_HPIOB_M_I_O)
                                                      0.000    10.495 r  system_i/ddr4_0/inst/u_ddr4_mem_intfc/u_mig_ddr4_phy/inst/u_ddr4_phy_pll/diff_input_clk.u_ibufg_sys_clk/IBUFCTRL_INST/O
                         net (fo=2, routed)           0.297    10.792    system_i/ddr4_0/inst/u_ddr4_mem_intfc/u_mig_ddr4_phy/inst/u_ddr4_phy_pll/sys_clk_in
    BUFGCE_X0Y49         BUFGCE (Prop_BUFCE_BUFGCE_I_O)
                                                      0.024    10.816 r  system_i/ddr4_0/inst/u_ddr4_mem_intfc/u_mig_ddr4_phy/inst/u_ddr4_phy_pll/gen_bufg_backbone.u__bufg_backbone/O
                         net (fo=1, routed)           1.049    11.865    system_i/ddr4_0/inst/u_ddr4_infrastructure/mmcm_clk_in
    MMCM_X0Y3            MMCME4_ADV (Prop_MMCM_CLKIN1_CLKOUT1)
                                                      0.630    12.495 r  system_i/ddr4_0/inst/u_ddr4_infrastructure/gen_mmcme4.u_mmcme_adv_inst/CLKOUT1
                         net (fo=1, routed)           0.220    12.715    system_i/ddr4_0/inst/u_ddr4_infrastructure/mmcm_clkout1
    BUFGCE_X0Y84         BUFGCE (Prop_BUFCE_BUFGCE_I_O)
                                                      0.024    12.739 r  system_i/ddr4_0/inst/u_ddr4_infrastructure/u_bufg_addn_ui_clk_1/O
    X2Y1 (CLOCK_ROOT)    net (fo=49620, routed)       2.463    15.201    system_i/comp/inst/lpc_tdm_compress_stream_stream_axis_0_int_int_int_int_frame_buf_1_U/ap_clk
    RAMB36_X9Y14         RAMB36E2                                     r  system_i/comp/inst/lpc_tdm_compress_stream_stream_axis_0_int_int_int_int_frame_buf_1_U/ram_reg_bram_12/CLKARDCLK
                         clock pessimism             -0.232    14.970    <hidden>
                         clock uncertainty           -0.074    14.896    <hidden>
    RAMB36_X9Y14         RAMB36E2 (Setup_RAMB36E2_RAMB36_CLKARDCLK_DINADIN[1])
                                                     -0.294    14.602    system_i/comp/inst/lpc_tdm_compress_stream_stream_axis_0_int_int_int_int_frame_buf_1_U/ram_reg_bram_12
  -------------------------------------------------------------------
                         required time                         14.602    <hidden>
                         arrival time                         -14.163    <hidden>
  -------------------------------------------------------------------
                         slack                                  0.439    <hidden>





Min Delay Paths
--------------------------------------------------------------------------------------
Slack (MET) :             0.010ns  (arrival time - required time)
  Source:                 system_i/sc_0/inst/m04_nodes/m04_ar_node/inst/inst_mi_handler/gen_normal_area.gen_node_prog_full.inst_node_prog_full/gen_xpm_memory_fifo.inst_fifo/gen_mem_rep[0].inst_wr_addra/count_r_reg[0]/C
                            (rising edge-triggered cell FDRE clocked by mmcm_clkout1  {rise@0.000ns fall@5.001ns period=10.002ns})
  Destination:            system_i/sc_0/inst/m04_nodes/m04_ar_node/inst/inst_mi_handler/gen_normal_area.gen_node_prog_full.inst_node_prog_full/gen_xpm_memory_fifo.inst_fifo/gen_mem_rep[0].inst_wr_addra/count_r_reg[4]/D
                            (rising edge-triggered cell FDRE clocked by mmcm_clkout1  {rise@0.000ns fall@5.001ns period=10.002ns})
  Path Group:             mmcm_clkout1
  Path Type:              Hold (Min at Slow Process Corner)
  Requirement:            0.000ns  (mmcm_clkout1 rise@0.000ns - mmcm_clkout1 rise@0.000ns)
  Data Path Delay:        0.206ns  (logic 0.093ns (45.232%)  route 0.113ns (54.768%))
  Logic Levels:           1  (LUT6=1)
  Clock Path Skew:        0.135ns (DCD - SCD - CPR)
    Destination Clock Delay (DCD):    5.025ns
    Source Clock Delay      (SCD):    5.112ns
    Clock Pessimism Removal (CPR):    -0.223ns
  Clock Net Delay (Source):      2.375ns (routing 1.405ns, distribution 0.970ns)
  Clock Net Delay (Destination): 2.710ns (routing 1.544ns, distribution 1.166ns)

    Location             Delay type                Incr(ns)  Path(ns)    Netlist Resource(s)
  -------------------------------------------------------------------    -------------------
                         (clock mmcm_clkout1 rise edge)
                                                      0.000     0.000 r  <hidden>
    K22                                               0.000     0.000 r  default_sysclk1_300_clk_p
                         net (fo=0)                   0.079     0.079    system_i/ddr4_0/inst/u_ddr4_mem_intfc/u_mig_ddr4_phy/inst/u_ddr4_phy_pll/diff_input_clk.u_ibufg_sys_clk/I
    HPIOBDIFFINBUF_X0Y58 DIFFINBUF (Prop_DIFFINBUF_HPIOBDIFFINBUF_DIFF_IN_P_O)
                                                      0.374     0.453 r  system_i/ddr4_0/inst/u_ddr4_mem_intfc/u_mig_ddr4_phy/inst/u_ddr4_phy_pll/diff_input_clk.u_ibufg_sys_clk/DIFFINBUF_INST/O
                         net (fo=1, routed)           0.040     0.493    system_i/ddr4_0/inst/u_ddr4_mem_intfc/u_mig_ddr4_phy/inst/u_ddr4_phy_pll/diff_input_clk.u_ibufg_sys_clk/OUT
    K22                  IBUFCTRL (Prop_IBUFCTRL_HPIOB_M_I_O)
                                                      0.000     0.493 r  system_i/ddr4_0/inst/u_ddr4_mem_intfc/u_mig_ddr4_phy/inst/u_ddr4_phy_pll/diff_input_clk.u_ibufg_sys_clk/IBUFCTRL_INST/O
                         net (fo=2, routed)           0.297     0.790    system_i/ddr4_0/inst/u_ddr4_mem_intfc/u_mig_ddr4_phy/inst/u_ddr4_phy_pll/sys_clk_in
    BUFGCE_X0Y49         BUFGCE (Prop_BUFCE_BUFGCE_I_O)
                                                      0.024     0.814 r  system_i/ddr4_0/inst/u_ddr4_mem_intfc/u_mig_ddr4_phy/inst/u_ddr4_phy_pll/gen_bufg_backbone.u__bufg_backbone/O
                         net (fo=1, routed)           1.049     1.863    system_i/ddr4_0/inst/u_ddr4_infrastructure/mmcm_clk_in
    MMCM_X0Y3            MMCME4_ADV (Prop_MMCM_CLKIN1_CLKOUT1)
                                                      0.630     2.493 r  system_i/ddr4_0/inst/u_ddr4_infrastructure/gen_mmcme4.u_mmcme_adv_inst/CLKOUT1
                         net (fo=1, routed)           0.220     2.713    system_i/ddr4_0/inst/u_ddr4_infrastructure/mmcm_clkout1
    BUFGCE_X0Y84         BUFGCE (Prop_BUFCE_BUFGCE_I_O)
                                                      0.024     2.737 r  system_i/ddr4_0/inst/u_ddr4_infrastructure/u_bufg_addn_ui_clk_1/O
    X2Y1 (CLOCK_ROOT)    net (fo=49620, routed)       2.375     5.112    system_i/sc_0/inst/m04_nodes/m04_ar_node/inst/inst_mi_handler/gen_normal_area.gen_node_prog_full.inst_node_prog_full/gen_xpm_memory_fifo.inst_fifo/gen_mem_rep[0].inst_wr_addra/s_sc_aclk
    SLICE_X56Y185        FDRE                                         r  system_i/sc_0/inst/m04_nodes/m04_ar_node/inst/inst_mi_handler/gen_normal_area.gen_node_prog_full.inst_node_prog_full/gen_xpm_memory_fifo.inst_fifo/gen_mem_rep[0].inst_wr_addra/count_r_reg[0]/C
  -------------------------------------------------------------------    -------------------
    SLICE_X56Y185        FDRE (Prop_DFF_SLICEM_C_Q)
                                                      0.058     5.170 r  system_i/sc_0/inst/m04_nodes/m04_ar_node/inst/inst_mi_handler/gen_normal_area.gen_node_prog_full.inst_node_prog_full/gen_xpm_memory_fifo.inst_fifo/gen_mem_rep[0].inst_wr_addra/count_r_reg[0]/Q
                         net (fo=7, routed)           0.077     5.247    system_i/sc_0/inst/m04_nodes/m04_ar_node/inst/inst_mi_handler/gen_normal_area.gen_node_prog_full.inst_node_prog_full/gen_xpm_memory_fifo.inst_fifo/gen_mem_rep[0].inst_wr_addra/Q[0]
    SLICE_X55Y185        LUT6 (Prop_D6LUT_SLICEM_I3_O)
                                                      0.035     5.282 r  system_i/sc_0/inst/m04_nodes/m04_ar_node/inst/inst_mi_handler/gen_normal_area.gen_node_prog_full.inst_node_prog_full/gen_xpm_memory_fifo.inst_fifo/gen_mem_rep[0].inst_wr_addra/count_r[4]_i_1__0/O
                         net (fo=1, routed)           0.036     5.318    system_i/sc_0/inst/m04_nodes/m04_ar_node/inst/inst_mi_handler/gen_normal_area.gen_node_prog_full.inst_node_prog_full/gen_xpm_memory_fifo.inst_fifo/gen_mem_rep[0].inst_wr_addra/count_r[4]_i_1__0_n_0
    SLICE_X55Y185        FDRE                                         r  system_i/sc_0/inst/m04_nodes/m04_ar_node/inst/inst_mi_handler/gen_normal_area.gen_node_prog_full.inst_node_prog_full/gen_xpm_memory_fifo.inst_fifo/gen_mem_rep[0].inst_wr_addra/count_r_reg[4]/D
  -------------------------------------------------------------------    -------------------

                         (clock mmcm_clkout1 rise edge)
                                                      0.000     0.000 r  <hidden>
    K22                                               0.000     0.000 r  default_sysclk1_300_clk_p
                         net (fo=0)                   0.100     0.100    system_i/ddr4_0/inst/u_ddr4_mem_intfc/u_mig_ddr4_phy/inst/u_ddr4_phy_pll/diff_input_clk.u_ibufg_sys_clk/I
    HPIOBDIFFINBUF_X0Y58 DIFFINBUF (Prop_DIFFINBUF_HPIOBDIFFINBUF_DIFF_IN_P_O)
                                                      0.469     0.569 r  system_i/ddr4_0/inst/u_ddr4_mem_intfc/u_mig_ddr4_phy/inst/u_ddr4_phy_pll/diff_input_clk.u_ibufg_sys_clk/DIFFINBUF_INST/O
                         net (fo=1, routed)           0.050     0.619    system_i/ddr4_0/inst/u_ddr4_mem_intfc/u_mig_ddr4_phy/inst/u_ddr4_phy_pll/diff_input_clk.u_ibufg_sys_clk/OUT
    K22                  IBUFCTRL (Prop_IBUFCTRL_HPIOB_M_I_O)
                                                      0.000     0.619 r  system_i/ddr4_0/inst/u_ddr4_mem_intfc/u_mig_ddr4_phy/inst/u_ddr4_phy_pll/diff_input_clk.u_ibufg_sys_clk/IBUFCTRL_INST/O
                         net (fo=2, routed)           0.336     0.955    system_i/ddr4_0/inst/u_ddr4_mem_intfc/u_mig_ddr4_phy/inst/u_ddr4_phy_pll/sys_clk_in
    BUFGCE_X0Y49         BUFGCE (Prop_BUFCE_BUFGCE_I_O)
                                                      0.028     0.983 r  system_i/ddr4_0/inst/u_ddr4_mem_intfc/u_mig_ddr4_phy/inst/u_ddr4_phy_pll/gen_bufg_backbone.u__bufg_backbone/O
                         net (fo=1, routed)           1.179     2.162    system_i/ddr4_0/inst/u_ddr4_infrastructure/mmcm_clk_in
    MMCM_X0Y3            MMCME4_ADV (Prop_MMCM_CLKIN1_CLKOUT1)
                                                     -0.127     2.035 r  system_i/ddr4_0/inst/u_ddr4_infrastructure/gen_mmcme4.u_mmcme_adv_inst/CLKOUT1
                         net (fo=1, routed)           0.251     2.286    system_i/ddr4_0/inst/u_ddr4_infrastructure/mmcm_clkout1
    BUFGCE_X0Y84         BUFGCE (Prop_BUFCE_BUFGCE_I_O)
                                                      0.028     2.314 r  system_i/ddr4_0/inst/u_ddr4_infrastructure/u_bufg_addn_ui_clk_1/O
    X2Y1 (CLOCK_ROOT)    net (fo=49620, routed)       2.710     5.025    system_i/sc_0/inst/m04_nodes/m04_ar_node/inst/inst_mi_handler/gen_normal_area.gen_node_prog_full.inst_node_prog_full/gen_xpm_memory_fifo.inst_fifo/gen_mem_rep[0].inst_wr_addra/s_sc_aclk
    SLICE_X55Y185        FDRE                                         r  system_i/sc_0/inst/m04_nodes/m04_ar_node/inst/inst_mi_handler/gen_normal_area.gen_node_prog_full.inst_node_prog_full/gen_xpm_memory_fifo.inst_fifo/gen_mem_rep[0].inst_wr_addra/count_r_reg[4]/C
                         clock pessimism              0.223     5.247    <hidden>
    SLICE_X55Y185        FDRE (Hold_DFF_SLICEM_C_D)
                                                      0.060     5.307    system_i/sc_0/inst/m04_nodes/m04_ar_node/inst/inst_mi_handler/gen_normal_area.gen_node_prog_full.inst_node_prog_full/gen_xpm_memory_fifo.inst_fifo/gen_mem_rep[0].inst_wr_addra/count_r_reg[4]
  -------------------------------------------------------------------
                         required time                         -5.307    <hidden>
                         arrival time                           5.318    <hidden>
  -------------------------------------------------------------------
                         slack                                  0.010    <hidden>





Pulse Width Checks
--------------------------------------------------------------------------------------
Clock Name:         mmcm_clkout1
Waveform(ns):       { 0.000 5.001 }
Period(ns):         10.002
Sources:            { system_i/ddr4_0/inst/u_ddr4_infrastructure/gen_mmcme4.u_mmcme_adv_inst/CLKOUT1 }

Check Type        Corner  Lib Pin             Reference Pin  Required(ns)  Actual(ns)  Slack(ns)  Location      Pin
Min Period        n/a     RAMB36E2/CLKARDCLK  n/a            1.569         10.002      8.433      RAMB36_X5Y16  system_i/comp/inst/lpc_tdm_compress_stream_stream_axis_0_int_int_int_int_frame_buf_1_U/ram_reg_bram_0/CLKARDCLK
Low Pulse Width   Slow    RAMB36E2/CLKARDCLK  n/a            0.542         5.001       4.459      RAMB36_X5Y16  system_i/comp/inst/lpc_tdm_compress_stream_stream_axis_0_int_int_int_int_frame_buf_1_U/ram_reg_bram_0/CLKARDCLK
High Pulse Width  Slow    RAMB36E2/CLKARDCLK  n/a            0.542         5.001       4.459      RAMB36_X5Y16  system_i/comp/inst/lpc_tdm_compress_stream_stream_axis_0_int_int_int_int_frame_buf_1_U/ram_reg_bram_0/CLKARDCLK



---------------------------------------------------------------------------------------------------
From Clock:  mmcm_clkout2
  To Clock:  mmcm_clkout2

Setup :           NA  Failing Endpoints,  Worst Slack           NA  ,  Total Violation           NA
Hold  :           NA  Failing Endpoints,  Worst Slack           NA  ,  Total Violation           NA
PW    :            0  Failing Endpoints,  Worst Slack        1.711ns,  Total Violation        0.000ns
---------------------------------------------------------------------------------------------------


Pulse Width Checks
--------------------------------------------------------------------------------------
Clock Name:         mmcm_clkout2
Waveform(ns):       { 0.000 1.500 }
Period(ns):         3.001
Sources:            { system_i/ddr4_0/inst/u_ddr4_infrastructure/gen_mmcme4.u_mmcme_adv_inst/CLKOUT2 }

Check Type  Corner  Lib Pin   Reference Pin  Required(ns)  Actual(ns)  Slack(ns)  Location      Pin
Min Period  n/a     BUFGCE/I  n/a            1.290         3.001       1.711      BUFGCE_X0Y85  system_i/ddr4_0/inst/u_ddr4_infrastructure/u_bufg_addn_ui_clk_2/I



---------------------------------------------------------------------------------------------------
From Clock:  mmcm_clkout3
  To Clock:  mmcm_clkout3

Setup :           NA  Failing Endpoints,  Worst Slack           NA  ,  Total Violation           NA
Hold  :           NA  Failing Endpoints,  Worst Slack           NA  ,  Total Violation           NA
PW    :            0  Failing Endpoints,  Worst Slack        1.711ns,  Total Violation        0.000ns
---------------------------------------------------------------------------------------------------


Pulse Width Checks
--------------------------------------------------------------------------------------
Clock Name:         mmcm_clkout3
Waveform(ns):       { 0.000 1.500 }
Period(ns):         3.001
Sources:            { system_i/ddr4_0/inst/u_ddr4_infrastructure/gen_mmcme4.u_mmcme_adv_inst/CLKOUT3 }

Check Type  Corner  Lib Pin   Reference Pin  Required(ns)  Actual(ns)  Slack(ns)  Location      Pin
Min Period  n/a     BUFGCE/I  n/a            1.290         3.001       1.711      BUFGCE_X0Y90  system_i/ddr4_0/inst/u_ddr4_infrastructure/u_bufg_addn_ui_clk_3/I



---------------------------------------------------------------------------------------------------
From Clock:  mmcm_clkout4
  To Clock:  mmcm_clkout4

Setup :           NA  Failing Endpoints,  Worst Slack           NA  ,  Total Violation           NA
Hold  :           NA  Failing Endpoints,  Worst Slack           NA  ,  Total Violation           NA
PW    :            0  Failing Endpoints,  Worst Slack        1.711ns,  Total Violation        0.000ns
---------------------------------------------------------------------------------------------------


Pulse Width Checks
--------------------------------------------------------------------------------------
Clock Name:         mmcm_clkout4
Waveform(ns):       { 0.000 1.500 }
Period(ns):         3.001
Sources:            { system_i/ddr4_0/inst/u_ddr4_infrastructure/gen_mmcme4.u_mmcme_adv_inst/CLKOUT4 }

Check Type  Corner  Lib Pin   Reference Pin  Required(ns)  Actual(ns)  Slack(ns)  Location      Pin
Min Period  n/a     BUFGCE/I  n/a            1.290         3.001       1.711      BUFGCE_X0Y88  system_i/ddr4_0/inst/u_ddr4_infrastructure/u_bufg_addn_ui_clk_4/I



---------------------------------------------------------------------------------------------------
From Clock:  mmcm_clkout5
  To Clock:  mmcm_clkout5

Setup :            0  Failing Endpoints,  Worst Slack        9.400ns,  Total Violation        0.000ns
Hold  :            0  Failing Endpoints,  Worst Slack        0.023ns,  Total Violation        0.000ns
PW    :            0  Failing Endpoints,  Worst Slack        5.469ns,  Total Violation        0.000ns
---------------------------------------------------------------------------------------------------


Max Delay Paths
--------------------------------------------------------------------------------------
Slack (MET) :             9.400ns  (required time - arrival time)
  Source:                 dbg_hub/inst/BSCANID.u_xsdbm_id/CORE_XSDB.UUT_MASTER/U_XSDB_BUS_CONTROLLER/U_TIMER/timeout_reg/C
                            (rising edge-triggered cell FDRE clocked by mmcm_clkout5  {rise@0.000ns fall@6.001ns period=12.002ns})
  Destination:            dbg_hub/inst/BSCANID.u_xsdbm_id/CORE_XSDB.UUT_MASTER/U_XSDB_BUS_CONTROLLER/auto_sl_drdy_reg/D
                            (rising edge-triggered cell FDCE clocked by mmcm_clkout5  {rise@0.000ns fall@6.001ns period=12.002ns})
  Path Group:             mmcm_clkout5
  Path Type:              Setup (Max at Slow Process Corner)
  Requirement:            12.002ns  (mmcm_clkout5 rise@12.002ns - mmcm_clkout5 rise@0.000ns)
  Data Path Delay:        2.470ns  (logic 0.566ns (22.911%)  route 1.904ns (77.089%))
  Logic Levels:           4  (LUT3=1 LUT5=1 LUT6=2)
  Clock Path Skew:        -0.082ns (DCD - SCD + CPR)
    Destination Clock Delay (DCD):    4.236ns = ( 16.239 - 12.002 ) 
    Source Clock Delay      (SCD):    4.005ns
    Clock Pessimism Removal (CPR):    -0.313ns
  Clock Uncertainty:      0.076ns  ((TSJ^2 + DJ^2)^1/2) / 2 + PE
    Total System Jitter     (TSJ):    0.071ns
    Discrete Jitter          (DJ):    0.134ns
    Phase Error              (PE):    0.000ns
  Clock Net Delay (Source):      1.705ns (routing 0.714ns, distribution 0.991ns)
  Clock Net Delay (Destination): 1.513ns (routing 0.648ns, distribution 0.865ns)

    Location             Delay type                Incr(ns)  Path(ns)    Netlist Resource(s)
  -------------------------------------------------------------------    -------------------
                         (clock mmcm_clkout5 rise edge)
                                                      0.000     0.000 r  <hidden>
    K22                                               0.000     0.000 r  default_sysclk1_300_clk_p
                         net (fo=0)                   0.100     0.100    system_i/ddr4_0/inst/u_ddr4_mem_intfc/u_mig_ddr4_phy/inst/u_ddr4_phy_pll/diff_input_clk.u_ibufg_sys_clk/I
    HPIOBDIFFINBUF_X0Y58 DIFFINBUF (Prop_DIFFINBUF_HPIOBDIFFINBUF_DIFF_IN_P_O)
                                                      0.469     0.569 r  system_i/ddr4_0/inst/u_ddr4_mem_intfc/u_mig_ddr4_phy/inst/u_ddr4_phy_pll/diff_input_clk.u_ibufg_sys_clk/DIFFINBUF_INST/O
                         net (fo=1, routed)           0.050     0.619    system_i/ddr4_0/inst/u_ddr4_mem_intfc/u_mig_ddr4_phy/inst/u_ddr4_phy_pll/diff_input_clk.u_ibufg_sys_clk/OUT
    K22                  IBUFCTRL (Prop_IBUFCTRL_HPIOB_M_I_O)
                                                      0.000     0.619 r  system_i/ddr4_0/inst/u_ddr4_mem_intfc/u_mig_ddr4_phy/inst/u_ddr4_phy_pll/diff_input_clk.u_ibufg_sys_clk/IBUFCTRL_INST/O
                         net (fo=2, routed)           0.336     0.955    system_i/ddr4_0/inst/u_ddr4_mem_intfc/u_mig_ddr4_phy/inst/u_ddr4_phy_pll/sys_clk_in
    BUFGCE_X0Y49         BUFGCE (Prop_BUFCE_BUFGCE_I_O)
                                                      0.028     0.983 r  system_i/ddr4_0/inst/u_ddr4_mem_intfc/u_mig_ddr4_phy/inst/u_ddr4_phy_pll/gen_bufg_backbone.u__bufg_backbone/O
                         net (fo=1, routed)           1.179     2.162    system_i/ddr4_0/inst/u_ddr4_infrastructure/mmcm_clk_in
    MMCM_X0Y3            MMCME4_ADV (Prop_MMCM_CLKIN1_CLKOUT5)
                                                     -0.127     2.035 r  system_i/ddr4_0/inst/u_ddr4_infrastructure/gen_mmcme4.u_mmcme_adv_inst/CLKOUT5
                         net (fo=1, routed)           0.236     2.271    system_i/ddr4_0/inst/u_ddr4_infrastructure/mmcm_clkout5
    BUFGCE_X0Y78         BUFGCE (Prop_BUFCE_BUFGCE_I_O)
                                                      0.028     2.299 r  system_i/ddr4_0/inst/u_ddr4_infrastructure/u_bufg_dbg_clk/O
    X0Y2 (CLOCK_ROOT)    net (fo=568, routed)         1.705     4.005    dbg_hub/inst/BSCANID.u_xsdbm_id/CORE_XSDB.UUT_MASTER/U_XSDB_BUS_CONTROLLER/U_TIMER/clk
    SLICE_X45Y130        FDRE                                         r  dbg_hub/inst/BSCANID.u_xsdbm_id/CORE_XSDB.UUT_MASTER/U_XSDB_BUS_CONTROLLER/U_TIMER/timeout_reg/C
  -------------------------------------------------------------------    -------------------
    SLICE_X45Y130        FDRE (Prop_GFF2_SLICEL_C_Q)
                                                      0.081     4.086 f  dbg_hub/inst/BSCANID.u_xsdbm_id/CORE_XSDB.UUT_MASTER/U_XSDB_BUS_CONTROLLER/U_TIMER/timeout_reg/Q
                         net (fo=20, routed)          0.258     4.344    dbg_hub/inst/BSCANID.u_xsdbm_id/CORE_XSDB.UUT_MASTER/U_XSDB_BUS_CONTROLLER/U_TIMER/ack_timeout
    SLICE_X44Y133        LUT6 (Prop_E6LUT_SLICEM_I2_O)
                                                      0.124     4.468 f  dbg_hub/inst/BSCANID.u_xsdbm_id/CORE_XSDB.UUT_MASTER/U_XSDB_BUS_CONTROLLER/U_TIMER/g0_b0__9_i_8/O
                         net (fo=1, routed)           0.611     5.079    dbg_hub/inst/BSCANID.u_xsdbm_id/CORE_XSDB.UUT_MASTER/U_XSDB_BUS_CONTROLLER/U_TIMER/g0_b0__9_i_8_n_0
    SLICE_X45Y132        LUT6 (Prop_G6LUT_SLICEL_I5_O)
                                                      0.097     5.176 r  dbg_hub/inst/BSCANID.u_xsdbm_id/CORE_XSDB.UUT_MASTER/U_XSDB_BUS_CONTROLLER/U_TIMER/g0_b0__9_i_1/O
                         net (fo=22, routed)          0.734     5.910    dbg_hub/inst/BSCANID.u_xsdbm_id/CORE_XSDB.UUT_MASTER/U_XSDB_BUS_CONTROLLER/U_TIMER/g0_b0__9_i_1_n_0
    SLICE_X46Y130        LUT5 (Prop_B5LUT_SLICEL_I0_O)
                                                      0.165     6.075 r  dbg_hub/inst/BSCANID.u_xsdbm_id/CORE_XSDB.UUT_MASTER/U_XSDB_BUS_CONTROLLER/U_TIMER/g0_b0__2/O
                         net (fo=1, routed)           0.250     6.325    dbg_hub/inst/BSCANID.u_xsdbm_id/CORE_XSDB.UUT_MASTER/U_XSDB_BUS_CONTROLLER/U_TIMER/g0_b0__2_n_0
    SLICE_X46Y130        LUT3 (Prop_H6LUT_SLICEL_I0_O)
                                                      0.099     6.424 r  dbg_hub/inst/BSCANID.u_xsdbm_id/CORE_XSDB.UUT_MASTER/U_XSDB_BUS_CONTROLLER/U_TIMER/auto_sl_drdy_i_1/O
                         net (fo=1, routed)           0.051     6.475    dbg_hub/inst/BSCANID.u_xsdbm_id/CORE_XSDB.UUT_MASTER/U_XSDB_BUS_CONTROLLER/U_TIMER_n_8
    SLICE_X46Y130        FDCE                                         r  dbg_hub/inst/BSCANID.u_xsdbm_id/CORE_XSDB.UUT_MASTER/U_XSDB_BUS_CONTROLLER/auto_sl_drdy_reg/D
  -------------------------------------------------------------------    -------------------

                         (clock mmcm_clkout5 rise edge)
                                                     12.002    12.002 r  <hidden>
    K22                                               0.000    12.002 r  default_sysclk1_300_clk_p
                         net (fo=0)                   0.079    12.081    system_i/ddr4_0/inst/u_ddr4_mem_intfc/u_mig_ddr4_phy/inst/u_ddr4_phy_pll/diff_input_clk.u_ibufg_sys_clk/I
    HPIOBDIFFINBUF_X0Y58 DIFFINBUF (Prop_DIFFINBUF_HPIOBDIFFINBUF_DIFF_IN_P_O)
                                                      0.374    12.455 r  system_i/ddr4_0/inst/u_ddr4_mem_intfc/u_mig_ddr4_phy/inst/u_ddr4_phy_pll/diff_input_clk.u_ibufg_sys_clk/DIFFINBUF_INST/O
                         net (fo=1, routed)           0.040    12.495    system_i/ddr4_0/inst/u_ddr4_mem_intfc/u_mig_ddr4_phy/inst/u_ddr4_phy_pll/diff_input_clk.u_ibufg_sys_clk/OUT
    K22                  IBUFCTRL (Prop_IBUFCTRL_HPIOB_M_I_O)
                                                      0.000    12.495 r  system_i/ddr4_0/inst/u_ddr4_mem_intfc/u_mig_ddr4_phy/inst/u_ddr4_phy_pll/diff_input_clk.u_ibufg_sys_clk/IBUFCTRL_INST/O
                         net (fo=2, routed)           0.297    12.792    system_i/ddr4_0/inst/u_ddr4_mem_intfc/u_mig_ddr4_phy/inst/u_ddr4_phy_pll/sys_clk_in
    BUFGCE_X0Y49         BUFGCE (Prop_BUFCE_BUFGCE_I_O)
                                                      0.024    12.816 r  system_i/ddr4_0/inst/u_ddr4_mem_intfc/u_mig_ddr4_phy/inst/u_ddr4_phy_pll/gen_bufg_backbone.u__bufg_backbone/O
                         net (fo=1, routed)           1.049    13.865    system_i/ddr4_0/inst/u_ddr4_infrastructure/mmcm_clk_in
    MMCM_X0Y3            MMCME4_ADV (Prop_MMCM_CLKIN1_CLKOUT5)
                                                      0.630    14.495 r  system_i/ddr4_0/inst/u_ddr4_infrastructure/gen_mmcme4.u_mmcme_adv_inst/CLKOUT5
                         net (fo=1, routed)           0.207    14.702    system_i/ddr4_0/inst/u_ddr4_infrastructure/mmcm_clkout5
    BUFGCE_X0Y78         BUFGCE (Prop_BUFCE_BUFGCE_I_O)
                                                      0.024    14.726 r  system_i/ddr4_0/inst/u_ddr4_infrastructure/u_bufg_dbg_clk/O
    X0Y2 (CLOCK_ROOT)    net (fo=568, routed)         1.513    16.239    dbg_hub/inst/BSCANID.u_xsdbm_id/CORE_XSDB.UUT_MASTER/U_XSDB_BUS_CONTROLLER/clk
    SLICE_X46Y130        FDCE                                         r  dbg_hub/inst/BSCANID.u_xsdbm_id/CORE_XSDB.UUT_MASTER/U_XSDB_BUS_CONTROLLER/auto_sl_drdy_reg/C
                         clock pessimism             -0.313    15.925    <hidden>
                         clock uncertainty           -0.076    15.850    <hidden>
    SLICE_X46Y130        FDCE (Setup_HFF_SLICEL_C_D)
                                                      0.025    15.875    dbg_hub/inst/BSCANID.u_xsdbm_id/CORE_XSDB.UUT_MASTER/U_XSDB_BUS_CONTROLLER/auto_sl_drdy_reg
  -------------------------------------------------------------------
                         required time                         15.875    <hidden>
                         arrival time                          -6.475    <hidden>
  -------------------------------------------------------------------
                         slack                                  9.400    <hidden>





Min Delay Paths
--------------------------------------------------------------------------------------
Slack (MET) :             0.023ns  (arrival time - required time)
  Source:                 dbg_hub/inst/BSCANID.u_xsdbm_id/CORE_XSDB.UUT_MASTER/U_ICON_INTERFACE/U_CMD6_RD/U_RD_FIFO/SUBCORE_FIFO.xsdbm_v3_0_6_rdfifo_inst/inst_fifo_gen/gconvfifo.rf/grf.rf/gntv_or_sync_fifo.gl0.wr/wpntr/gic0.gc0.count_d2_reg[3]/C
                            (rising edge-triggered cell FDCE clocked by mmcm_clkout5  {rise@0.000ns fall@6.001ns period=12.002ns})
  Destination:            dbg_hub/inst/BSCANID.u_xsdbm_id/CORE_XSDB.UUT_MASTER/U_ICON_INTERFACE/U_CMD6_RD/U_RD_FIFO/SUBCORE_FIFO.xsdbm_v3_0_6_rdfifo_inst/inst_fifo_gen/gconvfifo.rf/grf.rf/gntv_or_sync_fifo.mem/gdm.dm_gen.dm/RAM_reg_0_15_14_15/DP/WADR3
                            (rising edge-triggered cell RAMD32 clocked by mmcm_clkout5  {rise@0.000ns fall@6.001ns period=12.002ns})
  Path Group:             mmcm_clkout5
  Path Type:              Hold (Min at Slow Process Corner)
  Requirement:            0.000ns  (mmcm_clkout5 rise@0.000ns - mmcm_clkout5 rise@0.000ns)
  Data Path Delay:        0.239ns  (logic 0.059ns (24.717%)  route 0.180ns (75.283%))
  Logic Levels:           0  
  Clock Path Skew:        0.125ns (DCD - SCD - CPR)
    Destination Clock Delay (DCD):    4.038ns
    Source Clock Delay      (SCD):    4.226ns
    Clock Pessimism Removal (CPR):    -0.313ns
  Clock Net Delay (Source):      1.503ns (routing 0.648ns, distribution 0.855ns)
  Clock Net Delay (Destination): 1.738ns (routing 0.714ns, distribution 1.024ns)

    Location             Delay type                Incr(ns)  Path(ns)    Netlist Resource(s)
  -------------------------------------------------------------------    -------------------
                         (clock mmcm_clkout5 rise edge)
                                                      0.000     0.000 r  <hidden>
    K22                                               0.000     0.000 r  default_sysclk1_300_clk_p
                         net (fo=0)                   0.079     0.079    system_i/ddr4_0/inst/u_ddr4_mem_intfc/u_mig_ddr4_phy/inst/u_ddr4_phy_pll/diff_input_clk.u_ibufg_sys_clk/I
    HPIOBDIFFINBUF_X0Y58 DIFFINBUF (Prop_DIFFINBUF_HPIOBDIFFINBUF_DIFF_IN_P_O)
                                                      0.374     0.453 r  system_i/ddr4_0/inst/u_ddr4_mem_intfc/u_mig_ddr4_phy/inst/u_ddr4_phy_pll/diff_input_clk.u_ibufg_sys_clk/DIFFINBUF_INST/O
                         net (fo=1, routed)           0.040     0.493    system_i/ddr4_0/inst/u_ddr4_mem_intfc/u_mig_ddr4_phy/inst/u_ddr4_phy_pll/diff_input_clk.u_ibufg_sys_clk/OUT
    K22                  IBUFCTRL (Prop_IBUFCTRL_HPIOB_M_I_O)
                                                      0.000     0.493 r  system_i/ddr4_0/inst/u_ddr4_mem_intfc/u_mig_ddr4_phy/inst/u_ddr4_phy_pll/diff_input_clk.u_ibufg_sys_clk/IBUFCTRL_INST/O
                         net (fo=2, routed)           0.297     0.790    system_i/ddr4_0/inst/u_ddr4_mem_intfc/u_mig_ddr4_phy/inst/u_ddr4_phy_pll/sys_clk_in
    BUFGCE_X0Y49         BUFGCE (Prop_BUFCE_BUFGCE_I_O)
                                                      0.024     0.814 r  system_i/ddr4_0/inst/u_ddr4_mem_intfc/u_mig_ddr4_phy/inst/u_ddr4_phy_pll/gen_bufg_backbone.u__bufg_backbone/O
                         net (fo=1, routed)           1.049     1.863    system_i/ddr4_0/inst/u_ddr4_infrastructure/mmcm_clk_in
    MMCM_X0Y3            MMCME4_ADV (Prop_MMCM_CLKIN1_CLKOUT5)
                                                      0.630     2.493 r  system_i/ddr4_0/inst/u_ddr4_infrastructure/gen_mmcme4.u_mmcme_adv_inst/CLKOUT5
                         net (fo=1, routed)           0.207     2.700    system_i/ddr4_0/inst/u_ddr4_infrastructure/mmcm_clkout5
    BUFGCE_X0Y78         BUFGCE (Prop_BUFCE_BUFGCE_I_O)
                                                      0.024     2.724 r  system_i/ddr4_0/inst/u_ddr4_infrastructure/u_bufg_dbg_clk/O
    X0Y2 (CLOCK_ROOT)    net (fo=568, routed)         1.503     4.226    dbg_hub/inst/BSCANID.u_xsdbm_id/CORE_XSDB.UUT_MASTER/U_ICON_INTERFACE/U_CMD6_RD/U_RD_FIFO/SUBCORE_FIFO.xsdbm_v3_0_6_rdfifo_inst/inst_fifo_gen/gconvfifo.rf/grf.rf/gntv_or_sync_fifo.gl0.wr/wpntr/wr_clk
    SLICE_X43Y132        FDCE                                         r  dbg_hub/inst/BSCANID.u_xsdbm_id/CORE_XSDB.UUT_MASTER/U_ICON_INTERFACE/U_CMD6_RD/U_RD_FIFO/SUBCORE_FIFO.xsdbm_v3_0_6_rdfifo_inst/inst_fifo_gen/gconvfifo.rf/grf.rf/gntv_or_sync_fifo.gl0.wr/wpntr/gic0.gc0.count_d2_reg[3]/C
  -------------------------------------------------------------------    -------------------
    SLICE_X43Y132        FDCE (Prop_GFF_SLICEL_C_Q)
                                                      0.059     4.285 r  dbg_hub/inst/BSCANID.u_xsdbm_id/CORE_XSDB.UUT_MASTER/U_ICON_INTERFACE/U_CMD6_RD/U_RD_FIFO/SUBCORE_FIFO.xsdbm_v3_0_6_rdfifo_inst/inst_fifo_gen/gconvfifo.rf/grf.rf/gntv_or_sync_fifo.gl0.wr/wpntr/gic0.gc0.count_d2_reg[3]/Q
                         net (fo=24, routed)          0.180     4.465    dbg_hub/inst/BSCANID.u_xsdbm_id/CORE_XSDB.UUT_MASTER/U_ICON_INTERFACE/U_CMD6_RD/U_RD_FIFO/SUBCORE_FIFO.xsdbm_v3_0_6_rdfifo_inst/inst_fifo_gen/gconvfifo.rf/grf.rf/gntv_or_sync_fifo.mem/gdm.dm_gen.dm/RAM_reg_0_15_14_15/A3
    SLICE_X44Y136        RAMD32                                       r  dbg_hub/inst/BSCANID.u_xsdbm_id/CORE_XSDB.UUT_MASTER/U_ICON_INTERFACE/U_CMD6_RD/U_RD_FIFO/SUBCORE_FIFO.xsdbm_v3_0_6_rdfifo_inst/inst_fifo_gen/gconvfifo.rf/grf.rf/gntv_or_sync_fifo.mem/gdm.dm_gen.dm/RAM_reg_0_15_14_15/DP/WADR3
  -------------------------------------------------------------------    -------------------

                         (clock mmcm_clkout5 rise edge)
                                                      0.000     0.000 r  <hidden>
    K22                                               0.000     0.000 r  default_sysclk1_300_clk_p
                         net (fo=0)                   0.100     0.100    system_i/ddr4_0/inst/u_ddr4_mem_intfc/u_mig_ddr4_phy/inst/u_ddr4_phy_pll/diff_input_clk.u_ibufg_sys_clk/I
    HPIOBDIFFINBUF_X0Y58 DIFFINBUF (Prop_DIFFINBUF_HPIOBDIFFINBUF_DIFF_IN_P_O)
                                                      0.469     0.569 r  system_i/ddr4_0/inst/u_ddr4_mem_intfc/u_mig_ddr4_phy/inst/u_ddr4_phy_pll/diff_input_clk.u_ibufg_sys_clk/DIFFINBUF_INST/O
                         net (fo=1, routed)           0.050     0.619    system_i/ddr4_0/inst/u_ddr4_mem_intfc/u_mig_ddr4_phy/inst/u_ddr4_phy_pll/diff_input_clk.u_ibufg_sys_clk/OUT
    K22                  IBUFCTRL (Prop_IBUFCTRL_HPIOB_M_I_O)
                                                      0.000     0.619 r  system_i/ddr4_0/inst/u_ddr4_mem_intfc/u_mig_ddr4_phy/inst/u_ddr4_phy_pll/diff_input_clk.u_ibufg_sys_clk/IBUFCTRL_INST/O
                         net (fo=2, routed)           0.336     0.955    system_i/ddr4_0/inst/u_ddr4_mem_intfc/u_mig_ddr4_phy/inst/u_ddr4_phy_pll/sys_clk_in
    BUFGCE_X0Y49         BUFGCE (Prop_BUFCE_BUFGCE_I_O)
                                                      0.028     0.983 r  system_i/ddr4_0/inst/u_ddr4_mem_intfc/u_mig_ddr4_phy/inst/u_ddr4_phy_pll/gen_bufg_backbone.u__bufg_backbone/O
                         net (fo=1, routed)           1.179     2.162    system_i/ddr4_0/inst/u_ddr4_infrastructure/mmcm_clk_in
    MMCM_X0Y3            MMCME4_ADV (Prop_MMCM_CLKIN1_CLKOUT5)
                                                     -0.127     2.035 r  system_i/ddr4_0/inst/u_ddr4_infrastructure/gen_mmcme4.u_mmcme_adv_inst/CLKOUT5
                         net (fo=1, routed)           0.236     2.271    system_i/ddr4_0/inst/u_ddr4_infrastructure/mmcm_clkout5
    BUFGCE_X0Y78         BUFGCE (Prop_BUFCE_BUFGCE_I_O)
                                                      0.028     2.299 r  system_i/ddr4_0/inst/u_ddr4_infrastructure/u_bufg_dbg_clk/O
    X0Y2 (CLOCK_ROOT)    net (fo=568, routed)         1.738     4.038    dbg_hub/inst/BSCANID.u_xsdbm_id/CORE_XSDB.UUT_MASTER/U_ICON_INTERFACE/U_CMD6_RD/U_RD_FIFO/SUBCORE_FIFO.xsdbm_v3_0_6_rdfifo_inst/inst_fifo_gen/gconvfifo.rf/grf.rf/gntv_or_sync_fifo.mem/gdm.dm_gen.dm/RAM_reg_0_15_14_15/WCLK
    SLICE_X44Y136        RAMD32                                       r  dbg_hub/inst/BSCANID.u_xsdbm_id/CORE_XSDB.UUT_MASTER/U_ICON_INTERFACE/U_CMD6_RD/U_RD_FIFO/SUBCORE_FIFO.xsdbm_v3_0_6_rdfifo_inst/inst_fifo_gen/gconvfifo.rf/grf.rf/gntv_or_sync_fifo.mem/gdm.dm_gen.dm/RAM_reg_0_15_14_15/DP/CLK
                         clock pessimism              0.313     4.351    <hidden>
    SLICE_X44Y136        RAMD32 (Hold_G6LUT_SLICEM_CLK_WADR3)
                                                      0.091     4.442    dbg_hub/inst/BSCANID.u_xsdbm_id/CORE_XSDB.UUT_MASTER/U_ICON_INTERFACE/U_CMD6_RD/U_RD_FIFO/SUBCORE_FIFO.xsdbm_v3_0_6_rdfifo_inst/inst_fifo_gen/gconvfifo.rf/grf.rf/gntv_or_sync_fifo.mem/gdm.dm_gen.dm/RAM_reg_0_15_14_15/DP
  -------------------------------------------------------------------
                         required time                         -4.442    <hidden>
                         arrival time                           4.465    <hidden>
  -------------------------------------------------------------------
                         slack                                  0.023    <hidden>





Pulse Width Checks
--------------------------------------------------------------------------------------
Clock Name:         mmcm_clkout5
Waveform(ns):       { 0.000 6.001 }
Period(ns):         12.002
Sources:            { system_i/ddr4_0/inst/u_ddr4_infrastructure/gen_mmcme4.u_mmcme_adv_inst/CLKOUT5 }

Check Type        Corner  Lib Pin     Reference Pin  Required(ns)  Actual(ns)  Slack(ns)  Location       Pin
Min Period        n/a     BUFGCE/I    n/a            1.290         12.002      10.712     BUFGCE_X0Y78   system_i/ddr4_0/inst/u_ddr4_infrastructure/u_bufg_dbg_clk/I
Low Pulse Width   Slow    RAMD32/CLK  n/a            0.532         6.001       5.469      SLICE_X44Y137  dbg_hub/inst/BSCANID.u_xsdbm_id/CORE_XSDB.UUT_MASTER/U_ICON_INTERFACE/U_CMD6_RD/U_RD_FIFO/SUBCORE_FIFO.xsdbm_v3_0_6_rdfifo_inst/inst_fifo_gen/gconvfifo.rf/grf.rf/gntv_or_sync_fifo.mem/gdm.dm_gen.dm/RAM_reg_0_15_0_13/RAMA/CLK
High Pulse Width  Slow    RAMD32/CLK  n/a            0.532         6.001       5.469      SLICE_X44Y137  dbg_hub/inst/BSCANID.u_xsdbm_id/CORE_XSDB.UUT_MASTER/U_ICON_INTERFACE/U_CMD6_RD/U_RD_FIFO/SUBCORE_FIFO.xsdbm_v3_0_6_rdfifo_inst/inst_fifo_gen/gconvfifo.rf/grf.rf/gntv_or_sync_fifo.mem/gdm.dm_gen.dm/RAM_reg_0_15_0_13/RAMA/CLK



---------------------------------------------------------------------------------------------------
From Clock:  mmcm_clkout6
  To Clock:  mmcm_clkout6

Setup :            0  Failing Endpoints,  Worst Slack        1.445ns,  Total Violation        0.000ns
Hold  :            0  Failing Endpoints,  Worst Slack        0.014ns,  Total Violation        0.000ns
PW    :            0  Failing Endpoints,  Worst Slack        0.974ns,  Total Violation        0.000ns
---------------------------------------------------------------------------------------------------


Max Delay Paths
--------------------------------------------------------------------------------------
Slack (MET) :             1.445ns  (required time - arrival time)
  Source:                 system_i/ddr4_0/inst/u_ddr4_mem_intfc/u_ddr_cal_riu/mcs0/inst/second_ilmb_cntlr/U0/No_ECC.Sl_Rdy_reg/C
                            (rising edge-triggered cell FDRE clocked by mmcm_clkout6  {rise@0.000ns fall@3.001ns period=6.001ns})
  Destination:            system_i/ddr4_0/inst/u_ddr4_mem_intfc/u_ddr_cal_riu/mcs0/inst/lmb_bram_I/U0/inst_blk_mem_gen/gnbram.gnative_mem_map_bmg.native_mem_map_blk_mem_gen/valid.cstr/ramloop[1].ram.r/prim_noinit.ram/DEVICE_8SERIES.WITH_BMM_INFO.TRUE_DP.SIMPLE_PRIM36.SERIES8_TDP_SP36_NO_ECC_ATTR.ram/ENBWREN
                            (rising edge-triggered cell RAMB36E2 clocked by mmcm_clkout6  {rise@0.000ns fall@3.001ns period=6.001ns})
  Path Group:             mmcm_clkout6
  Path Type:              Setup (Max at Slow Process Corner)
  Requirement:            6.001ns  (mmcm_clkout6 rise@6.001ns - mmcm_clkout6 rise@0.000ns)
  Data Path Delay:        4.068ns  (logic 0.608ns (14.947%)  route 3.460ns (85.053%))
  Logic Levels:           4  (LUT2=3 LUT6=1)
  Clock Path Skew:        -0.078ns (DCD - SCD + CPR)
    Destination Clock Delay (DCD):    4.499ns = ( 10.500 - 6.001 ) 
    Source Clock Delay      (SCD):    4.292ns
    Clock Pessimism Removal (CPR):    -0.285ns
  Clock Uncertainty:      0.068ns  ((TSJ^2 + DJ^2)^1/2) / 2 + PE
    Total System Jitter     (TSJ):    0.071ns
    Discrete Jitter          (DJ):    0.117ns
    Phase Error              (PE):    0.000ns
  Clock Net Delay (Source):      1.967ns (routing 0.947ns, distribution 1.020ns)
  Clock Net Delay (Destination): 1.756ns (routing 0.862ns, distribution 0.894ns)

    Location             Delay type                Incr(ns)  Path(ns)    Netlist Resource(s)
  -------------------------------------------------------------------    -------------------
                         (clock mmcm_clkout6 rise edge)
                                                      0.000     0.000 r  <hidden>
    K22                                               0.000     0.000 r  default_sysclk1_300_clk_p
                         net (fo=0)                   0.100     0.100    system_i/ddr4_0/inst/u_ddr4_mem_intfc/u_mig_ddr4_phy/inst/u_ddr4_phy_pll/diff_input_clk.u_ibufg_sys_clk/I
    HPIOBDIFFINBUF_X0Y58 DIFFINBUF (Prop_DIFFINBUF_HPIOBDIFFINBUF_DIFF_IN_P_O)
                                                      0.469     0.569 r  system_i/ddr4_0/inst/u_ddr4_mem_intfc/u_mig_ddr4_phy/inst/u_ddr4_phy_pll/diff_input_clk.u_ibufg_sys_clk/DIFFINBUF_INST/O
                         net (fo=1, routed)           0.050     0.619    system_i/ddr4_0/inst/u_ddr4_mem_intfc/u_mig_ddr4_phy/inst/u_ddr4_phy_pll/diff_input_clk.u_ibufg_sys_clk/OUT
    K22                  IBUFCTRL (Prop_IBUFCTRL_HPIOB_M_I_O)
                                                      0.000     0.619 r  system_i/ddr4_0/inst/u_ddr4_mem_intfc/u_mig_ddr4_phy/inst/u_ddr4_phy_pll/diff_input_clk.u_ibufg_sys_clk/IBUFCTRL_INST/O
                         net (fo=2, routed)           0.336     0.955    system_i/ddr4_0/inst/u_ddr4_mem_intfc/u_mig_ddr4_phy/inst/u_ddr4_phy_pll/sys_clk_in
    BUFGCE_X0Y49         BUFGCE (Prop_BUFCE_BUFGCE_I_O)
                                                      0.028     0.983 r  system_i/ddr4_0/inst/u_ddr4_mem_intfc/u_mig_ddr4_phy/inst/u_ddr4_phy_pll/gen_bufg_backbone.u__bufg_backbone/O
                         net (fo=1, routed)           1.179     2.162    system_i/ddr4_0/inst/u_ddr4_infrastructure/mmcm_clk_in
    MMCM_X0Y3            MMCME4_ADV (Prop_MMCM_CLKIN1_CLKOUT6)
                                                     -0.127     2.035 r  system_i/ddr4_0/inst/u_ddr4_infrastructure/gen_mmcme4.u_mmcme_adv_inst/CLKOUT6
                         net (fo=1, routed)           0.262     2.297    system_i/ddr4_0/inst/u_ddr4_infrastructure/mmcm_clkout6
    BUFGCE_X0Y82         BUFGCE (Prop_BUFCE_BUFGCE_I_O)
                                                      0.028     2.325 r  system_i/ddr4_0/inst/u_ddr4_infrastructure/u_bufg_riuClk/O
    X1Y2 (CLOCK_ROOT)    net (fo=1640, routed)        1.967     4.292    system_i/ddr4_0/inst/u_ddr4_mem_intfc/u_ddr_cal_riu/mcs0/inst/second_ilmb_cntlr/U0/LMB_Clk
    SLICE_X10Y233        FDRE                                         r  system_i/ddr4_0/inst/u_ddr4_mem_intfc/u_ddr_cal_riu/mcs0/inst/second_ilmb_cntlr/U0/No_ECC.Sl_Rdy_reg/C
  -------------------------------------------------------------------    -------------------
    SLICE_X10Y233        FDRE (Prop_DFF_SLICEM_C_Q)
                                                      0.078     4.370 r  system_i/ddr4_0/inst/u_ddr4_mem_intfc/u_ddr_cal_riu/mcs0/inst/second_ilmb_cntlr/U0/No_ECC.Sl_Rdy_reg/Q
                         net (fo=1, routed)           0.063     4.433    system_i/ddr4_0/inst/u_ddr4_mem_intfc/u_ddr_cal_riu/mcs0/inst/second_ilmb_cntlr/U0/Sl_Rdy
    SLICE_X10Y233        LUT2 (Prop_F6LUT_SLICEM_I0_O)
                                                      0.148     4.581 r  system_i/ddr4_0/inst/u_ddr4_mem_intfc/u_ddr_cal_riu/mcs0/inst/second_ilmb_cntlr/U0/Sl_Ready_INST_0/O
                         net (fo=33, routed)          0.837     5.418    system_i/ddr4_0/inst/u_ddr4_mem_intfc/u_ddr_cal_riu/mcs0/inst/ilmb/U0/Sl_Ready[1]
    SLICE_X15Y227        LUT2 (Prop_H5LUT_SLICEM_I1_O)
                                                      0.135     5.553 r  system_i/ddr4_0/inst/u_ddr4_mem_intfc/u_ddr_cal_riu/mcs0/inst/ilmb/U0/LMB_Ready_INST_0/O
                         net (fo=80, routed)          0.758     6.311    system_i/ddr4_0/inst/u_ddr4_mem_intfc/u_ddr_cal_riu/mcs0/inst/microblaze_I/U0/<hidden>/<hidden>/<hidden>/<hidden>/<hidden>/<hidden>
    SLICE_X14Y236        LUT6 (Prop_G6LUT_SLICEL_I5_O)
                                                      0.097     6.408 r  system_i/ddr4_0/inst/u_ddr4_mem_intfc/u_ddr_cal_riu/mcs0/inst/microblaze_I/U0/<hidden>/<hidden>/<hidden>/<hidden>/<hidden>/<hidden>/<hidden>
                         net (fo=5, routed)           0.363     6.771    system_i/ddr4_0/inst/u_ddr4_mem_intfc/u_ddr_cal_riu/mcs0/inst/lmb_bram_I/U0/inst_blk_mem_gen/gnbram.gnative_mem_map_bmg.native_mem_map_blk_mem_gen/valid.cstr/ramloop[9].ram.r/prim_noinit.ram/enb
    SLICE_X12Y233        LUT2 (Prop_A6LUT_SLICEM_I1_O)
                                                      0.150     6.921 r  system_i/ddr4_0/inst/u_ddr4_mem_intfc/u_ddr_cal_riu/mcs0/inst/lmb_bram_I/U0/inst_blk_mem_gen/gnbram.gnative_mem_map_bmg.native_mem_map_blk_mem_gen/valid.cstr/ramloop[9].ram.r/prim_noinit.ram/DEVICE_8SERIES.WITH_BMM_INFO.TRUE_DP.SIMPLE_PRIM36.SERIES8_TDP_SP36_NO_ECC_ATTR.ram_i_2/O
                         net (fo=16, routed)          1.439     8.360    system_i/ddr4_0/inst/u_ddr4_mem_intfc/u_ddr_cal_riu/mcs0/inst/lmb_bram_I/U0/inst_blk_mem_gen/gnbram.gnative_mem_map_bmg.native_mem_map_blk_mem_gen/valid.cstr/ramloop[1].ram.r/prim_noinit.ram/ENB_I
    RAMB36_X1Y39         RAMB36E2                                     r  system_i/ddr4_0/inst/u_ddr4_mem_intfc/u_ddr_cal_riu/mcs0/inst/lmb_bram_I/U0/inst_blk_mem_gen/gnbram.gnative_mem_map_bmg.native_mem_map_blk_mem_gen/valid.cstr/ramloop[1].ram.r/prim_noinit.ram/DEVICE_8SERIES.WITH_BMM_INFO.TRUE_DP.SIMPLE_PRIM36.SERIES8_TDP_SP36_NO_ECC_ATTR.ram/ENBWREN
  -------------------------------------------------------------------    -------------------

                         (clock mmcm_clkout6 rise edge)
                                                      6.001     6.001 r  <hidden>
    K22                                               0.000     6.001 r  default_sysclk1_300_clk_p
                         net (fo=0)                   0.079     6.080    system_i/ddr4_0/inst/u_ddr4_mem_intfc/u_mig_ddr4_phy/inst/u_ddr4_phy_pll/diff_input_clk.u_ibufg_sys_clk/I
    HPIOBDIFFINBUF_X0Y58 DIFFINBUF (Prop_DIFFINBUF_HPIOBDIFFINBUF_DIFF_IN_P_O)
                                                      0.374     6.454 r  system_i/ddr4_0/inst/u_ddr4_mem_intfc/u_mig_ddr4_phy/inst/u_ddr4_phy_pll/diff_input_clk.u_ibufg_sys_clk/DIFFINBUF_INST/O
                         net (fo=1, routed)           0.040     6.494    system_i/ddr4_0/inst/u_ddr4_mem_intfc/u_mig_ddr4_phy/inst/u_ddr4_phy_pll/diff_input_clk.u_ibufg_sys_clk/OUT
    K22                  IBUFCTRL (Prop_IBUFCTRL_HPIOB_M_I_O)
                                                      0.000     6.494 r  system_i/ddr4_0/inst/u_ddr4_mem_intfc/u_mig_ddr4_phy/inst/u_ddr4_phy_pll/diff_input_clk.u_ibufg_sys_clk/IBUFCTRL_INST/O
                         net (fo=2, routed)           0.297     6.791    system_i/ddr4_0/inst/u_ddr4_mem_intfc/u_mig_ddr4_phy/inst/u_ddr4_phy_pll/sys_clk_in
    BUFGCE_X0Y49         BUFGCE (Prop_BUFCE_BUFGCE_I_O)
                                                      0.024     6.815 r  system_i/ddr4_0/inst/u_ddr4_mem_intfc/u_mig_ddr4_phy/inst/u_ddr4_phy_pll/gen_bufg_backbone.u__bufg_backbone/O
                         net (fo=1, routed)           1.049     7.864    system_i/ddr4_0/inst/u_ddr4_infrastructure/mmcm_clk_in
    MMCM_X0Y3            MMCME4_ADV (Prop_MMCM_CLKIN1_CLKOUT6)
                                                      0.630     8.494 r  system_i/ddr4_0/inst/u_ddr4_infrastructure/gen_mmcme4.u_mmcme_adv_inst/CLKOUT6
                         net (fo=1, routed)           0.227     8.721    system_i/ddr4_0/inst/u_ddr4_infrastructure/mmcm_clkout6
    BUFGCE_X0Y82         BUFGCE (Prop_BUFCE_BUFGCE_I_O)
                                                      0.024     8.745 r  system_i/ddr4_0/inst/u_ddr4_infrastructure/u_bufg_riuClk/O
    X1Y2 (CLOCK_ROOT)    net (fo=1640, routed)        1.756    10.500    system_i/ddr4_0/inst/u_ddr4_mem_intfc/u_ddr_cal_riu/mcs0/inst/lmb_bram_I/U0/inst_blk_mem_gen/gnbram.gnative_mem_map_bmg.native_mem_map_blk_mem_gen/valid.cstr/ramloop[1].ram.r/prim_noinit.ram/clkb
    RAMB36_X1Y39         RAMB36E2                                     r  system_i/ddr4_0/inst/u_ddr4_mem_intfc/u_ddr_cal_riu/mcs0/inst/lmb_bram_I/U0/inst_blk_mem_gen/gnbram.gnative_mem_map_bmg.native_mem_map_blk_mem_gen/valid.cstr/ramloop[1].ram.r/prim_noinit.ram/DEVICE_8SERIES.WITH_BMM_INFO.TRUE_DP.SIMPLE_PRIM36.SERIES8_TDP_SP36_NO_ECC_ATTR.ram/CLKBWRCLK
                         clock pessimism             -0.285    10.215    <hidden>
                         clock uncertainty           -0.068    10.147    <hidden>
    RAMB36_X1Y39         RAMB36E2 (Setup_RAMB36E2_RAMB36_CLKBWRCLK_ENBWREN)
                                                     -0.342     9.805    system_i/ddr4_0/inst/u_ddr4_mem_intfc/u_ddr_cal_riu/mcs0/inst/lmb_bram_I/U0/inst_blk_mem_gen/gnbram.gnative_mem_map_bmg.native_mem_map_blk_mem_gen/valid.cstr/ramloop[1].ram.r/prim_noinit.ram/DEVICE_8SERIES.WITH_BMM_INFO.TRUE_DP.SIMPLE_PRIM36.SERIES8_TDP_SP36_NO_ECC_ATTR.ram
  -------------------------------------------------------------------
                         required time                          9.805    <hidden>
                         arrival time                          -8.360    <hidden>
  -------------------------------------------------------------------
                         slack                                  1.445    <hidden>





Min Delay Paths
--------------------------------------------------------------------------------------
Slack (MET) :             0.014ns  (arrival time - required time)
  Source:                 system_i/ddr4_0/inst/u_ddr4_mem_intfc/u_ddr_cal_riu/mcs0/inst/microblaze_I/U0/<hidden>/<hidden>/<hidden>/<hidden>/<hidden>/<hidden>
                            (rising edge-triggered cell FDSE clocked by mmcm_clkout6  {rise@0.000ns fall@3.001ns period=6.001ns})
  Destination:            system_i/ddr4_0/inst/u_ddr4_mem_intfc/u_ddr_cal_riu/mcs0/inst/microblaze_I/U0/<hidden>/<hidden>/<hidden>/<hidden>/<hidden>/<hidden>
                            (rising edge-triggered cell SRL16E clocked by mmcm_clkout6  {rise@0.000ns fall@3.001ns period=6.001ns})
  Path Group:             mmcm_clkout6
  Path Type:              Hold (Min at Fast Process Corner)
  Requirement:            0.000ns  (mmcm_clkout6 rise@0.000ns - mmcm_clkout6 rise@0.000ns)
  Data Path Delay:        0.102ns  (logic 0.039ns (38.188%)  route 0.063ns (61.812%))
  Logic Levels:           0  
  Clock Path Skew:        0.042ns (DCD - SCD - CPR)
    Destination Clock Delay (DCD):    2.561ns
    Source Clock Delay      (SCD):    2.655ns
    Clock Pessimism Removal (CPR):    -0.136ns
  Clock Net Delay (Source):      1.083ns (routing 0.520ns, distribution 0.563ns)
  Clock Net Delay (Destination): 1.243ns (routing 0.577ns, distribution 0.666ns)

    Location             Delay type                Incr(ns)  Path(ns)    Netlist Resource(s)
  -------------------------------------------------------------------    -------------------
                         (clock mmcm_clkout6 rise edge)
                                                      0.000     0.000 r  <hidden>
    K22                                               0.000     0.000 r  default_sysclk1_300_clk_p
                         net (fo=0)                   0.079     0.079    system_i/ddr4_0/inst/u_ddr4_mem_intfc/u_mig_ddr4_phy/inst/u_ddr4_phy_pll/diff_input_clk.u_ibufg_sys_clk/I
    HPIOBDIFFINBUF_X0Y58 DIFFINBUF (Prop_DIFFINBUF_HPIOBDIFFINBUF_DIFF_IN_P_O)
                                                      0.229     0.308 r  system_i/ddr4_0/inst/u_ddr4_mem_intfc/u_mig_ddr4_phy/inst/u_ddr4_phy_pll/diff_input_clk.u_ibufg_sys_clk/DIFFINBUF_INST/O
                         net (fo=1, routed)           0.040     0.348    system_i/ddr4_0/inst/u_ddr4_mem_intfc/u_mig_ddr4_phy/inst/u_ddr4_phy_pll/diff_input_clk.u_ibufg_sys_clk/OUT
    K22                  IBUFCTRL (Prop_IBUFCTRL_HPIOB_M_I_O)
                                                      0.000     0.348 r  system_i/ddr4_0/inst/u_ddr4_mem_intfc/u_mig_ddr4_phy/inst/u_ddr4_phy_pll/diff_input_clk.u_ibufg_sys_clk/IBUFCTRL_INST/O
                         net (fo=2, routed)           0.151     0.499    system_i/ddr4_0/inst/u_ddr4_mem_intfc/u_mig_ddr4_phy/inst/u_ddr4_phy_pll/sys_clk_in
    BUFGCE_X0Y49         BUFGCE (Prop_BUFCE_BUFGCE_I_O)
                                                      0.017     0.516 r  system_i/ddr4_0/inst/u_ddr4_mem_intfc/u_mig_ddr4_phy/inst/u_ddr4_phy_pll/gen_bufg_backbone.u__bufg_backbone/O
                         net (fo=1, routed)           0.654     1.170    system_i/ddr4_0/inst/u_ddr4_infrastructure/mmcm_clk_in
    MMCM_X0Y3            MMCME4_ADV (Prop_MMCM_CLKIN1_CLKOUT6)
                                                      0.230     1.400 r  system_i/ddr4_0/inst/u_ddr4_infrastructure/gen_mmcme4.u_mmcme_adv_inst/CLKOUT6
                         net (fo=1, routed)           0.156     1.556    system_i/ddr4_0/inst/u_ddr4_infrastructure/mmcm_clkout6
    BUFGCE_X0Y82         BUFGCE (Prop_BUFCE_BUFGCE_I_O)
                                                      0.017     1.573 r  system_i/ddr4_0/inst/u_ddr4_infrastructure/u_bufg_riuClk/O
    X1Y2 (CLOCK_ROOT)    net (fo=1640, routed)        1.083     2.655    system_i/ddr4_0/inst/u_ddr4_mem_intfc/u_ddr_cal_riu/mcs0/inst/microblaze_I/U0/<hidden>/<hidden>/<hidden>/<hidden>/<hidden>
    SLICE_X10Y232        FDSE                                         r  system_i/ddr4_0/inst/u_ddr4_mem_intfc/u_ddr_cal_riu/mcs0/inst/microblaze_I/U0/<hidden>/<hidden>/<hidden>/<hidden>/<hidden>/<hidden>
  -------------------------------------------------------------------    -------------------
    SLICE_X10Y232        FDSE (Prop_EFF2_SLICEM_C_Q)
                                                      0.039     2.694 r  system_i/ddr4_0/inst/u_ddr4_mem_intfc/u_ddr_cal_riu/mcs0/inst/microblaze_I/U0/<hidden>/<hidden>/<hidden>/<hidden>/<hidden>/<hidden>
                         net (fo=4, routed)           0.063     2.757    system_i/ddr4_0/inst/u_ddr4_mem_intfc/u_ddr_cal_riu/mcs0/inst/microblaze_I/U0/<hidden>/<hidden>/<hidden>/<hidden>/<hidden>
    SLICE_X10Y231        SRL16E                                       r  system_i/ddr4_0/inst/u_ddr4_mem_intfc/u_ddr_cal_riu/mcs0/inst/microblaze_I/U0/<hidden>/<hidden>/<hidden>/<hidden>/<hidden>/<hidden>
  -------------------------------------------------------------------    -------------------

                         (clock mmcm_clkout6 rise edge)
                                                      0.000     0.000 r  <hidden>
    K22                                               0.000     0.000 r  default_sysclk1_300_clk_p
                         net (fo=0)                   0.100     0.100    system_i/ddr4_0/inst/u_ddr4_mem_intfc/u_mig_ddr4_phy/inst/u_ddr4_phy_pll/diff_input_clk.u_ibufg_sys_clk/I
    HPIOBDIFFINBUF_X0Y58 DIFFINBUF (Prop_DIFFINBUF_HPIOBDIFFINBUF_DIFF_IN_P_O)
                                                      0.326     0.426 r  system_i/ddr4_0/inst/u_ddr4_mem_intfc/u_mig_ddr4_phy/inst/u_ddr4_phy_pll/diff_input_clk.u_ibufg_sys_clk/DIFFINBUF_INST/O
                         net (fo=1, routed)           0.050     0.476    system_i/ddr4_0/inst/u_ddr4_mem_intfc/u_mig_ddr4_phy/inst/u_ddr4_phy_pll/diff_input_clk.u_ibufg_sys_clk/OUT
    K22                  IBUFCTRL (Prop_IBUFCTRL_HPIOB_M_I_O)
                                                      0.000     0.476 r  system_i/ddr4_0/inst/u_ddr4_mem_intfc/u_mig_ddr4_phy/inst/u_ddr4_phy_pll/diff_input_clk.u_ibufg_sys_clk/IBUFCTRL_INST/O
                         net (fo=2, routed)           0.189     0.665    system_i/ddr4_0/inst/u_ddr4_mem_intfc/u_mig_ddr4_phy/inst/u_ddr4_phy_pll/sys_clk_in
    BUFGCE_X0Y49         BUFGCE (Prop_BUFCE_BUFGCE_I_O)
                                                      0.019     0.684 r  system_i/ddr4_0/inst/u_ddr4_mem_intfc/u_mig_ddr4_phy/inst/u_ddr4_phy_pll/gen_bufg_backbone.u__bufg_backbone/O
                         net (fo=1, routed)           0.733     1.417    system_i/ddr4_0/inst/u_ddr4_infrastructure/mmcm_clk_in
    MMCM_X0Y3            MMCME4_ADV (Prop_MMCM_CLKIN1_CLKOUT6)
                                                     -0.295     1.122 r  system_i/ddr4_0/inst/u_ddr4_infrastructure/gen_mmcme4.u_mmcme_adv_inst/CLKOUT6
                         net (fo=1, routed)           0.177     1.299    system_i/ddr4_0/inst/u_ddr4_infrastructure/mmcm_clkout6
    BUFGCE_X0Y82         BUFGCE (Prop_BUFCE_BUFGCE_I_O)
                                                      0.019     1.318 r  system_i/ddr4_0/inst/u_ddr4_infrastructure/u_bufg_riuClk/O
    X1Y2 (CLOCK_ROOT)    net (fo=1640, routed)        1.243     2.561    system_i/ddr4_0/inst/u_ddr4_mem_intfc/u_ddr_cal_riu/mcs0/inst/microblaze_I/U0/<hidden>/<hidden>/<hidden>/<hidden>/<hidden>
    SLICE_X10Y231        SRL16E                                       r  system_i/ddr4_0/inst/u_ddr4_mem_intfc/u_ddr_cal_riu/mcs0/inst/microblaze_I/U0/<hidden>/<hidden>/<hidden>/<hidden>/<hidden>/<hidden>
                         clock pessimism              0.136     2.697    <hidden>
    SLICE_X10Y231        SRL16E (Hold_A5LUT_SLICEM_CLK_D)
                                                      0.046     2.743    system_i/ddr4_0/inst/u_ddr4_mem_intfc/u_ddr_cal_riu/mcs0/inst/microblaze_I/U0/<hidden>/<hidden>/<hidden>/<hidden>/<hidden>
  -------------------------------------------------------------------
                         required time                         -2.743    <hidden>
                         arrival time                           2.757    <hidden>
  -------------------------------------------------------------------
                         slack                                  0.014    <hidden>





Pulse Width Checks
--------------------------------------------------------------------------------------
Clock Name:         mmcm_clkout6
Waveform(ns):       { 0.000 3.001 }
Period(ns):         6.001
Sources:            { system_i/ddr4_0/inst/u_ddr4_infrastructure/gen_mmcme4.u_mmcme_adv_inst/CLKOUT6 }

Check Type        Corner  Lib Pin                   Reference Pin             Required(ns)  Actual(ns)  Slack(ns)  Location                Pin
Min Period        n/a     BITSLICE_CONTROL/RIU_CLK  n/a                       3.846         6.001       2.155      BITSLICE_CONTROL_X0Y19  system_i/ddr4_0/inst/u_ddr4_mem_intfc/u_mig_ddr4_phy/inst/generate_block1.u_ddr_xiphy/byte_num[0].xiphy_byte_wrapper.u_xiphy_byte_wrapper/I_CONTROL[1].GEN_I_CONTROL.u_xiphy_control/xiphy_control/RIU_CLK
Low Pulse Width   Slow    BITSLICE_CONTROL/RIU_CLK  n/a                       1.731         3.001       1.270      BITSLICE_CONTROL_X0Y19  system_i/ddr4_0/inst/u_ddr4_mem_intfc/u_mig_ddr4_phy/inst/generate_block1.u_ddr_xiphy/byte_num[0].xiphy_byte_wrapper.u_xiphy_byte_wrapper/I_CONTROL[1].GEN_I_CONTROL.u_xiphy_control/xiphy_control/RIU_CLK
High Pulse Width  Slow    BITSLICE_CONTROL/RIU_CLK  n/a                       1.731         3.001       1.270      BITSLICE_CONTROL_X0Y19  system_i/ddr4_0/inst/u_ddr4_mem_intfc/u_mig_ddr4_phy/inst/generate_block1.u_ddr_xiphy/byte_num[0].xiphy_byte_wrapper.u_xiphy_byte_wrapper/I_CONTROL[1].GEN_I_CONTROL.u_xiphy_control/xiphy_control/RIU_CLK
Max Skew          Fast    BITSLICE_CONTROL/RIU_CLK  BITSLICE_CONTROL/PLL_CLK  1.818         0.844       0.974      BITSLICE_CONTROL_X0Y24  system_i/ddr4_0/inst/u_ddr4_mem_intfc/u_mig_ddr4_phy/inst/generate_block1.u_ddr_xiphy/byte_num[3].xiphy_byte_wrapper.u_xiphy_byte_wrapper/I_CONTROL[0].GEN_I_CONTROL.u_xiphy_control/xiphy_control/RIU_CLK



---------------------------------------------------------------------------------------------------
From Clock:  system_i/mdm_0/U0/Use_E2.BSCAN_I/Use_E2.BSCANE2_I/DRCK
  To Clock:  system_i/mdm_0/U0/Use_E2.BSCAN_I/Use_E2.BSCANE2_I/DRCK

Setup :            0  Failing Endpoints,  Worst Slack       15.040ns,  Total Violation        0.000ns
Hold  :            0  Failing Endpoints,  Worst Slack        0.016ns,  Total Violation        0.000ns
PW    :            0  Failing Endpoints,  Worst Slack       16.134ns,  Total Violation        0.000ns
---------------------------------------------------------------------------------------------------


Max Delay Paths
--------------------------------------------------------------------------------------
Slack (MET) :             15.040ns  (required time - arrival time)
  Source:                 system_i/mdm_0/U0/MDM_Core_I1/JTAG_CONTROL_I/Use_BSCAN.SYNC_FDRE/Using_FPGA.Native/C
                            (falling edge-triggered cell FDRE clocked by system_i/mdm_0/U0/Use_E2.BSCAN_I/Use_E2.BSCANE2_I/DRCK  {rise@0.000ns fall@16.667ns period=33.333ns})
  Destination:            system_i/mdm_0/U0/MDM_Core_I1/JTAG_CONTROL_I/Use_Serial_Unified_Completion.Write_Instr_Status.count_reg[1]/CE
                            (rising edge-triggered cell FDRE clocked by system_i/mdm_0/U0/Use_E2.BSCAN_I/Use_E2.BSCANE2_I/DRCK  {rise@0.000ns fall@16.667ns period=33.333ns})
  Path Group:             system_i/mdm_0/U0/Use_E2.BSCAN_I/Use_E2.BSCANE2_I/DRCK
  Path Type:              Setup (Max at Slow Process Corner)
  Requirement:            16.667ns  (system_i/mdm_0/U0/Use_E2.BSCAN_I/Use_E2.BSCANE2_I/DRCK rise@33.333ns - system_i/mdm_0/U0/Use_E2.BSCAN_I/Use_E2.BSCANE2_I/DRCK fall@16.667ns)
  Data Path Delay:        1.239ns  (logic 0.224ns (18.082%)  route 1.015ns (81.918%))
  Logic Levels:           1  (LUT5=1)
  Clock Path Skew:        -0.092ns (DCD - SCD + CPR)
    Destination Clock Delay (DCD):    4.361ns = ( 37.694 - 33.333 ) 
    Source Clock Delay      (SCD):    10.903ns = ( 27.570 - 16.667 ) 
    Clock Pessimism Removal (CPR):    6.450ns
  Clock Uncertainty:      0.235ns  ((TSJ^2 + TIJ^2)^1/2 + DJ) / 2 + PE + DCD
    Total System Jitter     (TSJ):    0.071ns
    Total Input Jitter      (TIJ):    0.000ns
    Discrete Jitter          (DJ):    0.000ns
    Phase Error              (PE):    0.000ns
    Duty Cycle Distortion   (DCD):    0.200ns
  Clock Net Delay (Source):      2.349ns (routing 1.500ns, distribution 0.849ns)
  Clock Net Delay (Destination): 2.087ns (routing 1.364ns, distribution 0.723ns)

    Location             Delay type                Incr(ns)  Path(ns)    Netlist Resource(s)
  -------------------------------------------------------------------    -------------------
                         (clock system_i/mdm_0/U0/Use_E2.BSCAN_I/Use_E2.BSCANE2_I/DRCK fall edge)
                                                     16.667    16.667 f  <hidden>
    CONFIG_SITE_X0Y0     BSCANE2                      0.000    16.667 f  system_i/mdm_0/U0/Use_E2.BSCAN_I/Use_E2.BSCANE2_I/INTERNAL_TCK
    CONFIG_SITE_X0Y0     BSCANE2 (Prop_BSCAN2_CONFIG_SITE_INTERNAL_TCK_DRCK)
                                                      5.900    22.566 f  system_i/mdm_0/U0/Use_E2.BSCAN_I/Use_E2.BSCANE2_I/DRCK
                         net (fo=1, routed)           2.626    25.193    system_i/mdm_0/U0/No_Dbg_Reg_Access.BUFG_DRCK/DRCK
    BUFGCE_X0Y5          BUFGCE (Prop_BUFCE_BUFGCE_I_O)
                                                      0.028    25.221 f  system_i/mdm_0/U0/No_Dbg_Reg_Access.BUFG_DRCK/Using_FPGA.Native/O
    X2Y3 (CLOCK_ROOT)    net (fo=233, routed)         2.349    27.570    system_i/mdm_0/U0/MDM_Core_I1/JTAG_CONTROL_I/Use_BSCAN.SYNC_FDRE/Using_FPGA.Native_0
    SLICE_X81Y234        FDRE                                         r  system_i/mdm_0/U0/MDM_Core_I1/JTAG_CONTROL_I/Use_BSCAN.SYNC_FDRE/Using_FPGA.Native/C  (IS_INVERTED)
  -------------------------------------------------------------------    -------------------
    SLICE_X81Y234        FDRE (Prop_EFF_SLICEM_C_Q)
                                                      0.076    27.646 r  system_i/mdm_0/U0/MDM_Core_I1/JTAG_CONTROL_I/Use_BSCAN.SYNC_FDRE/Using_FPGA.Native/Q
                         net (fo=3, routed)           0.382    28.028    system_i/mdm_0/U0/MDM_Core_I1/JTAG_CONTROL_I/Use_BSCAN.SYNC_FDRE/sync
    SLICE_X77Y233        LUT5 (Prop_F6LUT_SLICEL_I1_O)
                                                      0.148    28.176 r  system_i/mdm_0/U0/MDM_Core_I1/JTAG_CONTROL_I/Use_BSCAN.SYNC_FDRE/Use_Serial_Unified_Completion.Write_Instr_Status.count[0]_i_1/O
                         net (fo=2, routed)           0.633    28.808    system_i/mdm_0/U0/MDM_Core_I1/JTAG_CONTROL_I/Use_Serial_Unified_Completion.Write_Instr_Status.count
    SLICE_X77Y232        FDRE                                         r  system_i/mdm_0/U0/MDM_Core_I1/JTAG_CONTROL_I/Use_Serial_Unified_Completion.Write_Instr_Status.count_reg[1]/CE
  -------------------------------------------------------------------    -------------------

                         (clock system_i/mdm_0/U0/Use_E2.BSCAN_I/Use_E2.BSCANE2_I/DRCK rise edge)
                                                     33.333    33.333 r  <hidden>
    CONFIG_SITE_X0Y0     BSCANE2                      0.000    33.333 r  system_i/mdm_0/U0/Use_E2.BSCAN_I/Use_E2.BSCANE2_I/INTERNAL_TCK
    CONFIG_SITE_X0Y0     BSCANE2 (Prop_BSCAN2_CONFIG_SITE_INTERNAL_TCK_DRCK)
                                                      0.465    33.798 r  system_i/mdm_0/U0/Use_E2.BSCAN_I/Use_E2.BSCANE2_I/DRCK
                         net (fo=1, routed)           1.785    35.583    system_i/mdm_0/U0/No_Dbg_Reg_Access.BUFG_DRCK/DRCK
    BUFGCE_X0Y5          BUFGCE (Prop_BUFCE_BUFGCE_I_O)
                                                      0.024    35.607 r  system_i/mdm_0/U0/No_Dbg_Reg_Access.BUFG_DRCK/Using_FPGA.Native/O
    X2Y3 (CLOCK_ROOT)    net (fo=233, routed)         2.087    37.694    system_i/mdm_0/U0/MDM_Core_I1/JTAG_CONTROL_I/Use_unisim.MB_SRL16E_I1
    SLICE_X77Y232        FDRE                                         r  system_i/mdm_0/U0/MDM_Core_I1/JTAG_CONTROL_I/Use_Serial_Unified_Completion.Write_Instr_Status.count_reg[1]/C
                         clock pessimism              6.450    44.144    <hidden>
                         clock uncertainty           -0.235    43.909    <hidden>
    SLICE_X77Y232        FDRE (Setup_EFF2_SLICEL_C_CE)
                                                     -0.060    43.849    system_i/mdm_0/U0/MDM_Core_I1/JTAG_CONTROL_I/Use_Serial_Unified_Completion.Write_Instr_Status.count_reg[1]
  -------------------------------------------------------------------
                         required time                         43.849    <hidden>
                         arrival time                         -28.808    <hidden>
  -------------------------------------------------------------------
                         slack                                 15.040    <hidden>





Min Delay Paths
--------------------------------------------------------------------------------------
Slack (MET) :             0.016ns  (arrival time - required time)
  Source:                 system_i/mdm_0/U0/MDM_Core_I1/JTAG_CONTROL_I/Use_Serial_Unified_Completion.Completion_Status_Register.sample_reg[14]/C
                            (rising edge-triggered cell FDRE clocked by system_i/mdm_0/U0/Use_E2.BSCAN_I/Use_E2.BSCANE2_I/DRCK  {rise@0.000ns fall@16.667ns period=33.333ns})
  Destination:            system_i/mdm_0/U0/MDM_Core_I1/JTAG_CONTROL_I/Use_Serial_Unified_Completion.Completion_Status_Register.sample_1_reg[14]/D
                            (rising edge-triggered cell FDRE clocked by system_i/mdm_0/U0/Use_E2.BSCAN_I/Use_E2.BSCANE2_I/DRCK  {rise@0.000ns fall@16.667ns period=33.333ns})
  Path Group:             system_i/mdm_0/U0/Use_E2.BSCAN_I/Use_E2.BSCANE2_I/DRCK
  Path Type:              Hold (Min at Slow Process Corner)
  Requirement:            0.000ns  (system_i/mdm_0/U0/Use_E2.BSCAN_I/Use_E2.BSCANE2_I/DRCK rise@0.000ns - system_i/mdm_0/U0/Use_E2.BSCAN_I/Use_E2.BSCANE2_I/DRCK rise@0.000ns)
  Data Path Delay:        0.130ns  (logic 0.059ns (45.385%)  route 0.071ns (54.615%))
  Logic Levels:           0  
  Clock Path Skew:        0.052ns (DCD - SCD - CPR)
    Destination Clock Delay (DCD):    10.899ns
    Source Clock Delay      (SCD):    4.348ns
    Clock Pessimism Removal (CPR):    6.499ns
  Clock Net Delay (Source):      2.074ns (routing 1.364ns, distribution 0.710ns)
  Clock Net Delay (Destination): 2.345ns (routing 1.500ns, distribution 0.845ns)

    Location             Delay type                Incr(ns)  Path(ns)    Netlist Resource(s)
  -------------------------------------------------------------------    -------------------
                         (clock system_i/mdm_0/U0/Use_E2.BSCAN_I/Use_E2.BSCANE2_I/DRCK rise edge)
                                                      0.000     0.000 r  <hidden>
    CONFIG_SITE_X0Y0     BSCANE2                      0.000     0.000 r  system_i/mdm_0/U0/Use_E2.BSCAN_I/Use_E2.BSCANE2_I/INTERNAL_TCK
    CONFIG_SITE_X0Y0     BSCANE2 (Prop_BSCAN2_CONFIG_SITE_INTERNAL_TCK_DRCK)
                                                      0.465     0.465 r  system_i/mdm_0/U0/Use_E2.BSCAN_I/Use_E2.BSCANE2_I/DRCK
                         net (fo=1, routed)           1.785     2.250    system_i/mdm_0/U0/No_Dbg_Reg_Access.BUFG_DRCK/DRCK
    BUFGCE_X0Y5          BUFGCE (Prop_BUFCE_BUFGCE_I_O)
                                                      0.024     2.274 r  system_i/mdm_0/U0/No_Dbg_Reg_Access.BUFG_DRCK/Using_FPGA.Native/O
    X2Y3 (CLOCK_ROOT)    net (fo=233, routed)         2.074     4.348    system_i/mdm_0/U0/MDM_Core_I1/JTAG_CONTROL_I/Use_unisim.MB_SRL16E_I1
    SLICE_X78Y234        FDRE                                         r  system_i/mdm_0/U0/MDM_Core_I1/JTAG_CONTROL_I/Use_Serial_Unified_Completion.Completion_Status_Register.sample_reg[14]/C
  -------------------------------------------------------------------    -------------------
    SLICE_X78Y234        FDRE (Prop_HFF2_SLICEL_C_Q)
                                                      0.059     4.407 r  system_i/mdm_0/U0/MDM_Core_I1/JTAG_CONTROL_I/Use_Serial_Unified_Completion.Completion_Status_Register.sample_reg[14]/Q
                         net (fo=3, routed)           0.071     4.478    system_i/mdm_0/U0/MDM_Core_I1/JTAG_CONTROL_I/Use_Serial_Unified_Completion.Completion_Status_Register.sample[14]
    SLICE_X78Y233        FDRE                                         r  system_i/mdm_0/U0/MDM_Core_I1/JTAG_CONTROL_I/Use_Serial_Unified_Completion.Completion_Status_Register.sample_1_reg[14]/D
  -------------------------------------------------------------------    -------------------

                         (clock system_i/mdm_0/U0/Use_E2.BSCAN_I/Use_E2.BSCANE2_I/DRCK rise edge)
                                                      0.000     0.000 r  <hidden>
    CONFIG_SITE_X0Y0     BSCANE2                      0.000     0.000 r  system_i/mdm_0/U0/Use_E2.BSCAN_I/Use_E2.BSCANE2_I/INTERNAL_TCK
    CONFIG_SITE_X0Y0     BSCANE2 (Prop_BSCAN2_CONFIG_SITE_INTERNAL_TCK_DRCK)
                                                      5.900     5.900 r  system_i/mdm_0/U0/Use_E2.BSCAN_I/Use_E2.BSCANE2_I/DRCK
                         net (fo=1, routed)           2.626     8.526    system_i/mdm_0/U0/No_Dbg_Reg_Access.BUFG_DRCK/DRCK
    BUFGCE_X0Y5          BUFGCE (Prop_BUFCE_BUFGCE_I_O)
                                                      0.028     8.554 r  system_i/mdm_0/U0/No_Dbg_Reg_Access.BUFG_DRCK/Using_FPGA.Native/O
    X2Y3 (CLOCK_ROOT)    net (fo=233, routed)         2.345    10.899    system_i/mdm_0/U0/MDM_Core_I1/JTAG_CONTROL_I/Use_unisim.MB_SRL16E_I1
    SLICE_X78Y233        FDRE                                         r  system_i/mdm_0/U0/MDM_Core_I1/JTAG_CONTROL_I/Use_Serial_Unified_Completion.Completion_Status_Register.sample_1_reg[14]/C
                         clock pessimism             -6.499     4.400    <hidden>
    SLICE_X78Y233        FDRE (Hold_EFF2_SLICEL_C_D)
                                                      0.062     4.462    system_i/mdm_0/U0/MDM_Core_I1/JTAG_CONTROL_I/Use_Serial_Unified_Completion.Completion_Status_Register.sample_1_reg[14]
  -------------------------------------------------------------------
                         required time                         -4.462    <hidden>
                         arrival time                           4.478    <hidden>
  -------------------------------------------------------------------
                         slack                                  0.016    <hidden>





Pulse Width Checks
--------------------------------------------------------------------------------------
Clock Name:         system_i/mdm_0/U0/Use_E2.BSCAN_I/Use_E2.BSCANE2_I/DRCK
Waveform(ns):       { 0.000 16.667 }
Period(ns):         33.333
Sources:            { system_i/mdm_0/U0/Use_E2.BSCAN_I/Use_E2.BSCANE2_I/DRCK }

Check Type        Corner  Lib Pin     Reference Pin  Required(ns)  Actual(ns)  Slack(ns)  Location       Pin
Min Period        n/a     BUFGCE/I    n/a            1.290         33.333      32.043     BUFGCE_X0Y5    system_i/mdm_0/U0/No_Dbg_Reg_Access.BUFG_DRCK/Using_FPGA.Native/I
Low Pulse Width   Slow    SRL16E/CLK  n/a            0.532         16.666      16.134     SLICE_X79Y234  system_i/mdm_0/U0/MDM_Core_I1/Use_BSCAN.Config_Reg_reg[12]_srl13_MDM_Core_I1_Use_BSCAN.Config_Reg_reg_c_11/CLK
High Pulse Width  Slow    SRL16E/CLK  n/a            0.532         16.667      16.135     SLICE_X79Y234  system_i/mdm_0/U0/MDM_Core_I1/Use_BSCAN.Config_Reg_reg[12]_srl13_MDM_Core_I1_Use_BSCAN.Config_Reg_reg_c_11/CLK



---------------------------------------------------------------------------------------------------
From Clock:  system_i/mdm_0/U0/Use_E2.BSCAN_I/Use_E2.BSCANE2_I/UPDATE
  To Clock:  system_i/mdm_0/U0/Use_E2.BSCAN_I/Use_E2.BSCANE2_I/UPDATE

Setup :            0  Failing Endpoints,  Worst Slack       30.956ns,  Total Violation        0.000ns
Hold  :            0  Failing Endpoints,  Worst Slack        0.084ns,  Total Violation        0.000ns
PW    :            0  Failing Endpoints,  Worst Slack       33.058ns,  Total Violation        0.000ns
---------------------------------------------------------------------------------------------------


Max Delay Paths
--------------------------------------------------------------------------------------
Slack (MET) :             30.956ns  (required time - arrival time)
  Source:                 system_i/mdm_0/U0/MDM_Core_I1/JTAG_CONTROL_I/Use_BSCAN.command_reg[3]/C
                            (falling edge-triggered cell FDRE clocked by system_i/mdm_0/U0/Use_E2.BSCAN_I/Use_E2.BSCANE2_I/UPDATE  {rise@0.000ns fall@33.333ns period=66.666ns})
  Destination:            system_i/microblaze_0/U0/<hidden>/<hidden>/<hidden>/<hidden>/<hidden>
                            (rising edge-triggered cell FDCE clocked by system_i/mdm_0/U0/Use_E2.BSCAN_I/Use_E2.BSCANE2_I/UPDATE  {rise@0.000ns fall@33.333ns period=66.666ns})
  Path Group:             system_i/mdm_0/U0/Use_E2.BSCAN_I/Use_E2.BSCANE2_I/UPDATE
  Path Type:              Setup (Max at Slow Process Corner)
  Requirement:            33.333ns  (system_i/mdm_0/U0/Use_E2.BSCAN_I/Use_E2.BSCANE2_I/UPDATE rise@66.666ns - system_i/mdm_0/U0/Use_E2.BSCAN_I/Use_E2.BSCANE2_I/UPDATE fall@33.333ns)
  Data Path Delay:        2.008ns  (logic 0.440ns (21.915%)  route 1.568ns (78.085%))
  Logic Levels:           3  (LUT3=1 LUT4=1 LUT5=1)
  Clock Path Skew:        -0.074ns (DCD - SCD + CPR)
    Destination Clock Delay (DCD):    4.497ns = ( 71.163 - 66.666 ) 
    Source Clock Delay      (SCD):    10.241ns = ( 43.574 - 33.333 ) 
    Clock Pessimism Removal (CPR):    5.670ns
  Clock Uncertainty:      0.235ns  ((TSJ^2 + TIJ^2)^1/2 + DJ) / 2 + PE + DCD
    Total System Jitter     (TSJ):    0.071ns
    Total Input Jitter      (TIJ):    0.000ns
    Discrete Jitter          (DJ):    0.000ns
    Phase Error              (PE):    0.000ns
    Duty Cycle Distortion   (DCD):    0.200ns
  Clock Net Delay (Source):      2.472ns (routing 1.652ns, distribution 0.820ns)
  Clock Net Delay (Destination): 2.217ns (routing 1.505ns, distribution 0.712ns)

    Location             Delay type                Incr(ns)  Path(ns)    Netlist Resource(s)
  -------------------------------------------------------------------    -------------------
                         (clock system_i/mdm_0/U0/Use_E2.BSCAN_I/Use_E2.BSCANE2_I/UPDATE fall edge)
                                                     33.333    33.333 f  <hidden>
    CONFIG_SITE_X0Y0     BSCANE2                      0.000    33.333 f  system_i/mdm_0/U0/Use_E2.BSCAN_I/Use_E2.BSCANE2_I/INTERNAL_TCK
    CONFIG_SITE_X0Y0     BSCANE2 (Prop_BSCAN2_CONFIG_SITE_INTERNAL_TCK_UPDATE)
                                                      5.100    38.433 f  system_i/mdm_0/U0/Use_E2.BSCAN_I/Use_E2.BSCANE2_I/UPDATE
                         net (fo=1, routed)           2.641    41.074    system_i/mdm_0/U0/Use_E2.BSCAN_I/Dbg_Update_0
    BUFGCE_X0Y21         BUFGCE (Prop_BUFCE_BUFGCE_I_O)
                                                      0.028    41.102 f  system_i/mdm_0/U0/Use_E2.BSCAN_I/Dbg_Update_0_BUFG_inst/O
    X2Y3 (CLOCK_ROOT)    net (fo=39, routed)          2.472    43.574    system_i/mdm_0/U0/MDM_Core_I1/JTAG_CONTROL_I/CLK
    SLICE_X81Y235        FDRE                                         r  system_i/mdm_0/U0/MDM_Core_I1/JTAG_CONTROL_I/Use_BSCAN.command_reg[3]/C  (IS_INVERTED)
  -------------------------------------------------------------------    -------------------
    SLICE_X81Y235        FDRE (Prop_FFF_SLICEM_C_Q)
                                                      0.076    43.650 f  system_i/mdm_0/U0/MDM_Core_I1/JTAG_CONTROL_I/Use_BSCAN.command_reg[3]/Q
                         net (fo=6, routed)           0.545    44.196    system_i/mdm_0/U0/MDM_Core_I1/JTAG_CONTROL_I/Use_BSCAN.FDC_I/command[3]
    SLICE_X78Y235        LUT3 (Prop_D5LUT_SLICEL_I2_O)
                                                      0.133    44.329 f  system_i/mdm_0/U0/MDM_Core_I1/JTAG_CONTROL_I/Use_BSCAN.FDC_I/Dbg_Reg_En_0[3]_INST_0/O
                         net (fo=2, routed)           0.208    44.537    system_i/microblaze_0/U0/<hidden>/<hidden>/<hidden>/<hidden>
    SLICE_X78Y235        LUT4 (Prop_B6LUT_SLICEL_I3_O)
                                                      0.098    44.635 f  system_i/microblaze_0/U0/<hidden>/<hidden>/<hidden>/<hidden>/<hidden>
                         net (fo=7, routed)           0.105    44.740    system_i/microblaze_0/U0/<hidden>/<hidden>/<hidden>/<hidden>
    SLICE_X78Y235        LUT5 (Prop_H5LUT_SLICEL_I4_O)
                                                      0.133    44.873 r  system_i/microblaze_0/U0/<hidden>/<hidden>/<hidden>/<hidden>/<hidden>
                         net (fo=8, routed)           0.709    45.582    system_i/microblaze_0/U0/<hidden>/<hidden>/<hidden>/<hidden>
    SLICE_X76Y232        FDCE                                         r  system_i/microblaze_0/U0/<hidden>/<hidden>/<hidden>/<hidden>/<hidden>
  -------------------------------------------------------------------    -------------------

                         (clock system_i/mdm_0/U0/Use_E2.BSCAN_I/Use_E2.BSCANE2_I/UPDATE rise edge)
                                                     66.666    66.666 f  <hidden>
    CONFIG_SITE_X0Y0     BSCANE2                      0.000    66.666 f  system_i/mdm_0/U0/Use_E2.BSCAN_I/Use_E2.BSCANE2_I/INTERNAL_TCK
    CONFIG_SITE_X0Y0     BSCANE2 (Prop_BSCAN2_CONFIG_SITE_INTERNAL_TCK_UPDATE)
                                                      0.465    67.131 r  system_i/mdm_0/U0/Use_E2.BSCAN_I/Use_E2.BSCANE2_I/UPDATE
                         net (fo=1, routed)           1.791    68.922    system_i/mdm_0/U0/Use_E2.BSCAN_I/Dbg_Update_0
    BUFGCE_X0Y21         BUFGCE (Prop_BUFCE_BUFGCE_I_O)
                                                      0.024    68.946 r  system_i/mdm_0/U0/Use_E2.BSCAN_I/Dbg_Update_0_BUFG_inst/O
    X2Y3 (CLOCK_ROOT)    net (fo=39, routed)          2.217    71.163    system_i/microblaze_0/U0/<hidden>/<hidden>/<hidden>/<hidden>
    SLICE_X76Y232        FDCE                                         r  system_i/microblaze_0/U0/<hidden>/<hidden>/<hidden>/<hidden>/<hidden>
                         clock pessimism              5.670    76.833    <hidden>
                         clock uncertainty           -0.235    76.598    <hidden>
    SLICE_X76Y232        FDCE (Setup_EFF_SLICEL_C_CE)
                                                     -0.060    76.538    system_i/microblaze_0/U0/<hidden>/<hidden>/<hidden>/<hidden>
  -------------------------------------------------------------------
                         required time                         76.538    <hidden>
                         arrival time                         -45.582    <hidden>
  -------------------------------------------------------------------
                         slack                                 30.956    <hidden>





Min Delay Paths
--------------------------------------------------------------------------------------
Slack (MET) :             0.084ns  (arrival time - required time)
  Source:                 system_i/mdm_0/U0/MDM_Core_I1/JTAG_CONTROL_I/completion_ctrl_reg[0]/C
                            (rising edge-triggered cell FDRE clocked by system_i/mdm_0/U0/Use_E2.BSCAN_I/Use_E2.BSCANE2_I/UPDATE  {rise@0.000ns fall@33.333ns period=66.666ns})
  Destination:            system_i/mdm_0/U0/MDM_Core_I1/JTAG_CONTROL_I/completion_ctrl_reg[0]/D
                            (rising edge-triggered cell FDRE clocked by system_i/mdm_0/U0/Use_E2.BSCAN_I/Use_E2.BSCANE2_I/UPDATE  {rise@0.000ns fall@33.333ns period=66.666ns})
  Path Group:             system_i/mdm_0/U0/Use_E2.BSCAN_I/Use_E2.BSCANE2_I/UPDATE
  Path Type:              Hold (Min at Fast Process Corner)
  Requirement:            0.000ns  (system_i/mdm_0/U0/Use_E2.BSCAN_I/Use_E2.BSCANE2_I/UPDATE rise@0.000ns - system_i/mdm_0/U0/Use_E2.BSCAN_I/Use_E2.BSCANE2_I/UPDATE rise@0.000ns)
  Data Path Delay:        0.137ns  (logic 0.080ns (58.387%)  route 0.057ns (41.613%))
  Logic Levels:           1  (LUT3=1)
  Clock Path Skew:        0.006ns (DCD - SCD - CPR)
    Destination Clock Delay (DCD):    8.468ns
    Source Clock Delay      (SCD):    3.205ns
    Clock Pessimism Removal (CPR):    5.257ns
  Clock Net Delay (Source):      1.349ns (routing 0.893ns, distribution 0.456ns)
  Clock Net Delay (Destination): 1.522ns (routing 0.995ns, distribution 0.527ns)

    Location             Delay type                Incr(ns)  Path(ns)    Netlist Resource(s)
  -------------------------------------------------------------------    -------------------
                         (clock system_i/mdm_0/U0/Use_E2.BSCAN_I/Use_E2.BSCANE2_I/UPDATE rise edge)
                                                      0.000     0.000 r  <hidden>
    CONFIG_SITE_X0Y0     BSCANE2                      0.000     0.000 f  system_i/mdm_0/U0/Use_E2.BSCAN_I/Use_E2.BSCANE2_I/INTERNAL_TCK
    CONFIG_SITE_X0Y0     BSCANE2 (Prop_BSCAN2_CONFIG_SITE_INTERNAL_TCK_UPDATE)
                                                      0.465     0.465 r  system_i/mdm_0/U0/Use_E2.BSCAN_I/Use_E2.BSCANE2_I/UPDATE
                         net (fo=1, routed)           1.374     1.839    system_i/mdm_0/U0/Use_E2.BSCAN_I/Dbg_Update_0
    BUFGCE_X0Y21         BUFGCE (Prop_BUFCE_BUFGCE_I_O)
                                                      0.017     1.856 r  system_i/mdm_0/U0/Use_E2.BSCAN_I/Dbg_Update_0_BUFG_inst/O
    X2Y3 (CLOCK_ROOT)    net (fo=39, routed)          1.349     3.205    system_i/mdm_0/U0/MDM_Core_I1/JTAG_CONTROL_I/CLK
    SLICE_X78Y233        FDRE                                         r  system_i/mdm_0/U0/MDM_Core_I1/JTAG_CONTROL_I/completion_ctrl_reg[0]/C
  -------------------------------------------------------------------    -------------------
    SLICE_X78Y233        FDRE (Prop_DFF2_SLICEL_C_Q)
                                                      0.041     3.246 r  system_i/mdm_0/U0/MDM_Core_I1/JTAG_CONTROL_I/completion_ctrl_reg[0]/Q
                         net (fo=2, routed)           0.051     3.297    system_i/mdm_0/U0/MDM_Core_I1/JTAG_CONTROL_I/Use_BSCAN.FDC_I/completion_ctrl[0]
    SLICE_X78Y233        LUT3 (Prop_D5LUT_SLICEL_I2_O)
                                                      0.039     3.336 r  system_i/mdm_0/U0/MDM_Core_I1/JTAG_CONTROL_I/Use_BSCAN.FDC_I/completion_ctrl[0]_i_1/O
                         net (fo=1, routed)           0.006     3.342    system_i/mdm_0/U0/MDM_Core_I1/JTAG_CONTROL_I/Use_BSCAN.FDC_I_n_35
    SLICE_X78Y233        FDRE                                         r  system_i/mdm_0/U0/MDM_Core_I1/JTAG_CONTROL_I/completion_ctrl_reg[0]/D
  -------------------------------------------------------------------    -------------------

                         (clock system_i/mdm_0/U0/Use_E2.BSCAN_I/Use_E2.BSCANE2_I/UPDATE rise edge)
                                                      0.000     0.000 f  <hidden>
    CONFIG_SITE_X0Y0     BSCANE2                      0.000     0.000 f  system_i/mdm_0/U0/Use_E2.BSCAN_I/Use_E2.BSCANE2_I/INTERNAL_TCK
    CONFIG_SITE_X0Y0     BSCANE2 (Prop_BSCAN2_CONFIG_SITE_INTERNAL_TCK_UPDATE)
                                                      5.100     5.100 r  system_i/mdm_0/U0/Use_E2.BSCAN_I/Use_E2.BSCANE2_I/UPDATE
                         net (fo=1, routed)           1.827     6.927    system_i/mdm_0/U0/Use_E2.BSCAN_I/Dbg_Update_0
    BUFGCE_X0Y21         BUFGCE (Prop_BUFCE_BUFGCE_I_O)
                                                      0.019     6.946 r  system_i/mdm_0/U0/Use_E2.BSCAN_I/Dbg_Update_0_BUFG_inst/O
    X2Y3 (CLOCK_ROOT)    net (fo=39, routed)          1.522     8.468    system_i/mdm_0/U0/MDM_Core_I1/JTAG_CONTROL_I/CLK
    SLICE_X78Y233        FDRE                                         r  system_i/mdm_0/U0/MDM_Core_I1/JTAG_CONTROL_I/completion_ctrl_reg[0]/C
                         clock pessimism             -5.257     3.211    <hidden>
    SLICE_X78Y233        FDRE (Hold_DFF2_SLICEL_C_D)
                                                      0.047     3.258    system_i/mdm_0/U0/MDM_Core_I1/JTAG_CONTROL_I/completion_ctrl_reg[0]
  -------------------------------------------------------------------
                         required time                         -3.258    <hidden>
                         arrival time                           3.342    <hidden>
  -------------------------------------------------------------------
                         slack                                  0.084    <hidden>





Pulse Width Checks
--------------------------------------------------------------------------------------
Clock Name:         system_i/mdm_0/U0/Use_E2.BSCAN_I/Use_E2.BSCANE2_I/UPDATE
Waveform(ns):       { 0.000 33.333 }
Period(ns):         66.666
Sources:            { system_i/mdm_0/U0/Use_E2.BSCAN_I/Use_E2.BSCANE2_I/UPDATE }

Check Type        Corner  Lib Pin   Reference Pin  Required(ns)  Actual(ns)  Slack(ns)  Location       Pin
Min Period        n/a     BUFGCE/I  n/a            1.290         66.666      65.376     BUFGCE_X0Y21   system_i/mdm_0/U0/Use_E2.BSCAN_I/Dbg_Update_0_BUFG_inst/I
Low Pulse Width   Slow    FDCE/C    n/a            0.275         33.333      33.058     SLICE_X83Y234  system_i/mdm_0/U0/MDM_Core_I1/Use_BSCAN.PORT_Selector_1_reg[0]/C
High Pulse Width  Slow    FDCE/C    n/a            0.275         33.333      33.058     SLICE_X83Y234  system_i/mdm_0/U0/MDM_Core_I1/Use_BSCAN.PORT_Selector_1_reg[0]/C



---------------------------------------------------------------------------------------------------
From Clock:  mmcm_clkout5
  To Clock:  dbg_hub/inst/BSCANID.u_xsdbm_id/SWITCH_N_EXT_BSCAN.bscan_inst/SERIES7_BSCAN.bscan_inst/INTERNAL_TCK

Setup :            0  Failing Endpoints,  Worst Slack       11.409ns,  Total Violation        0.000ns
Hold  :           NA  Failing Endpoints,  Worst Slack           NA  ,  Total Violation           NA
---------------------------------------------------------------------------------------------------


Max Delay Paths
--------------------------------------------------------------------------------------
Slack (MET) :             11.409ns  (required time - arrival time)
  Source:                 dbg_hub/inst/BSCANID.u_xsdbm_id/CORE_XSDB.UUT_MASTER/U_ICON_INTERFACE/U_CMD6_WR/U_WR_FIFO/SUBCORE_FIFO.xsdbm_v3_0_6_wrfifo_inst/inst_fifo_gen/gconvfifo.rf/grf.rf/gntv_or_sync_fifo.gcx.clkx/gnxpm_cdc.rd_pntr_gc_reg[3]/C
                            (rising edge-triggered cell FDCE clocked by mmcm_clkout5  {rise@0.000ns fall@6.001ns period=12.002ns})
  Destination:            dbg_hub/inst/BSCANID.u_xsdbm_id/CORE_XSDB.UUT_MASTER/U_ICON_INTERFACE/U_CMD6_WR/U_WR_FIFO/SUBCORE_FIFO.xsdbm_v3_0_6_wrfifo_inst/inst_fifo_gen/gconvfifo.rf/grf.rf/gntv_or_sync_fifo.gcx.clkx/gnxpm_cdc.gsync_stage[1].wr_stg_inst/Q_reg_reg[3]/D
                            (rising edge-triggered cell FDCE clocked by dbg_hub/inst/BSCANID.u_xsdbm_id/SWITCH_N_EXT_BSCAN.bscan_inst/SERIES7_BSCAN.bscan_inst/INTERNAL_TCK  {rise@0.000ns fall@25.000ns period=50.000ns})
  Path Group:             dbg_hub/inst/BSCANID.u_xsdbm_id/SWITCH_N_EXT_BSCAN.bscan_inst/SERIES7_BSCAN.bscan_inst/INTERNAL_TCK
  Path Type:              Setup (Max at Slow Process Corner)
  Requirement:            12.002ns  (MaxDelay Path 12.002ns)
  Data Path Delay:        0.618ns  (logic 0.080ns (12.945%)  route 0.538ns (87.055%))
  Logic Levels:           0  
  Timing Exception:       MaxDelay Path 12.002ns -datapath_only

    Location             Delay type                Incr(ns)  Path(ns)    Netlist Resource(s)
  -------------------------------------------------------------------    -------------------
    SLICE_X43Y146                                     0.000     0.000 r  dbg_hub/inst/BSCANID.u_xsdbm_id/CORE_XSDB.UUT_MASTER/U_ICON_INTERFACE/U_CMD6_WR/U_WR_FIFO/SUBCORE_FIFO.xsdbm_v3_0_6_wrfifo_inst/inst_fifo_gen/gconvfifo.rf/grf.rf/gntv_or_sync_fifo.gcx.clkx/gnxpm_cdc.rd_pntr_gc_reg[3]/C
    SLICE_X43Y146        FDCE (Prop_BFF2_SLICEL_C_Q)
                                                      0.080     0.080 r  dbg_hub/inst/BSCANID.u_xsdbm_id/CORE_XSDB.UUT_MASTER/U_ICON_INTERFACE/U_CMD6_WR/U_WR_FIFO/SUBCORE_FIFO.xsdbm_v3_0_6_wrfifo_inst/inst_fifo_gen/gconvfifo.rf/grf.rf/gntv_or_sync_fifo.gcx.clkx/gnxpm_cdc.rd_pntr_gc_reg[3]/Q
                         net (fo=1, routed)           0.538     0.618    dbg_hub/inst/BSCANID.u_xsdbm_id/CORE_XSDB.UUT_MASTER/U_ICON_INTERFACE/U_CMD6_WR/U_WR_FIFO/SUBCORE_FIFO.xsdbm_v3_0_6_wrfifo_inst/inst_fifo_gen/gconvfifo.rf/grf.rf/gntv_or_sync_fifo.gcx.clkx/gnxpm_cdc.gsync_stage[1].wr_stg_inst/Q[3]
    SLICE_X43Y146        FDCE                                         r  dbg_hub/inst/BSCANID.u_xsdbm_id/CORE_XSDB.UUT_MASTER/U_ICON_INTERFACE/U_CMD6_WR/U_WR_FIFO/SUBCORE_FIFO.xsdbm_v3_0_6_wrfifo_inst/inst_fifo_gen/gconvfifo.rf/grf.rf/gntv_or_sync_fifo.gcx.clkx/gnxpm_cdc.gsync_stage[1].wr_stg_inst/Q_reg_reg[3]/D
  -------------------------------------------------------------------    -------------------

                         max delay                   12.002    12.002    <hidden>
    SLICE_X43Y146        FDCE (Setup_HFF2_SLICEL_C_D)
                                                      0.025    12.027    dbg_hub/inst/BSCANID.u_xsdbm_id/CORE_XSDB.UUT_MASTER/U_ICON_INTERFACE/U_CMD6_WR/U_WR_FIFO/SUBCORE_FIFO.xsdbm_v3_0_6_wrfifo_inst/inst_fifo_gen/gconvfifo.rf/grf.rf/gntv_or_sync_fifo.gcx.clkx/gnxpm_cdc.gsync_stage[1].wr_stg_inst/Q_reg_reg[3]
  -------------------------------------------------------------------
                         required time                         12.027    <hidden>
                         arrival time                          -0.618    <hidden>
  -------------------------------------------------------------------
                         slack                                 11.409    <hidden>





---------------------------------------------------------------------------------------------------
From Clock:  mmcm_clkout1
  To Clock:  mmcm_clkout0

Setup :            0  Failing Endpoints,  Worst Slack        8.944ns,  Total Violation        0.000ns
Hold  :           NA  Failing Endpoints,  Worst Slack           NA  ,  Total Violation           NA
---------------------------------------------------------------------------------------------------


Max Delay Paths
--------------------------------------------------------------------------------------
Slack (MET) :             8.944ns  (required time - arrival time)
  Source:                 system_i/sc_0/inst/m00_nodes/m00_w_node/inst/inst_mi_handler/gen_normal_area.inst_fifo_node_payld/gen_xpm_memory_fifo.inst_fifo/gen_mem_rep[0].inst_xpm_memory/xpm_memory_base_inst/gen_wr_a.gen_word_narrow.mem_reg_0_31_56_69/RAMC/CLK
                            (rising edge-triggered cell RAMD32 clocked by mmcm_clkout1  {rise@0.000ns fall@5.001ns period=10.002ns})
  Destination:            system_i/sc_0/inst/m00_nodes/m00_w_node/inst/inst_mi_handler/gen_normal_area.inst_fifo_node_payld/gen_xpm_memory_fifo.inst_fifo/gen_mem_rep[0].inst_xpm_memory/xpm_memory_base_inst/gen_rd_b.gen_rd_b_synth_template.gen_rf_narrow_reg.doutb_reg_reg[60]/D
                            (rising edge-triggered cell FDRE clocked by mmcm_clkout0  {rise@0.000ns fall@1.500ns period=3.001ns})
  Path Group:             mmcm_clkout0
  Path Type:              Setup (Max at Slow Process Corner)
  Requirement:            10.002ns  (MaxDelay Path 10.002ns)
  Data Path Delay:        1.083ns  (logic 0.288ns (26.593%)  route 0.795ns (73.407%))
  Logic Levels:           0  
  Timing Exception:       MaxDelay Path 10.002ns -datapath_only

    Location             Delay type                Incr(ns)  Path(ns)    Netlist Resource(s)
  -------------------------------------------------------------------    -------------------
    SLICE_X71Y172                                     0.000     0.000 r  system_i/sc_0/inst/m00_nodes/m00_w_node/inst/inst_mi_handler/gen_normal_area.inst_fifo_node_payld/gen_xpm_memory_fifo.inst_fifo/gen_mem_rep[0].inst_xpm_memory/xpm_memory_base_inst/gen_wr_a.gen_word_narrow.mem_reg_0_31_56_69/RAMC/CLK
    SLICE_X71Y172        RAMD32 (Prop_C5LUT_SLICEM_CLK_O)
                                                      0.288     0.288 r  system_i/sc_0/inst/m00_nodes/m00_w_node/inst/inst_mi_handler/gen_normal_area.inst_fifo_node_payld/gen_xpm_memory_fifo.inst_fifo/gen_mem_rep[0].inst_xpm_memory/xpm_memory_base_inst/gen_wr_a.gen_word_narrow.mem_reg_0_31_56_69/RAMC/O
                         net (fo=1, routed)           0.795     1.083    system_i/sc_0/inst/m00_nodes/m00_w_node/inst/inst_mi_handler/gen_normal_area.inst_fifo_node_payld/gen_xpm_memory_fifo.inst_fifo/gen_mem_rep[0].inst_xpm_memory/xpm_memory_base_inst/gen_rd_b.gen_rd_b_synth_template.gen_rf_narrow_reg.doutb_reg_reg0[60]
    SLICE_X54Y174        FDRE                                         r  system_i/sc_0/inst/m00_nodes/m00_w_node/inst/inst_mi_handler/gen_normal_area.inst_fifo_node_payld/gen_xpm_memory_fifo.inst_fifo/gen_mem_rep[0].inst_xpm_memory/xpm_memory_base_inst/gen_rd_b.gen_rd_b_synth_template.gen_rf_narrow_reg.doutb_reg_reg[60]/D
  -------------------------------------------------------------------    -------------------

                         max delay                   10.002    10.002    <hidden>
    SLICE_X54Y174        FDRE (Setup_FFF_SLICEL_C_D)
                                                      0.025    10.027    system_i/sc_0/inst/m00_nodes/m00_w_node/inst/inst_mi_handler/gen_normal_area.inst_fifo_node_payld/gen_xpm_memory_fifo.inst_fifo/gen_mem_rep[0].inst_xpm_memory/xpm_memory_base_inst/gen_rd_b.gen_rd_b_synth_template.gen_rf_narrow_reg.doutb_reg_reg[60]
  -------------------------------------------------------------------
                         required time                         10.027    <hidden>
                         arrival time                          -1.083    <hidden>
  -------------------------------------------------------------------
                         slack                                  8.944    <hidden>





---------------------------------------------------------------------------------------------------
From Clock:  mmcm_clkout5
  To Clock:  mmcm_clkout0

Setup :            0  Failing Endpoints,  Worst Slack        2.496ns,  Total Violation        0.000ns
Hold  :           NA  Failing Endpoints,  Worst Slack           NA  ,  Total Violation           NA
---------------------------------------------------------------------------------------------------


Max Delay Paths
--------------------------------------------------------------------------------------
Slack (MET) :             2.496ns  (required time - arrival time)
  Source:                 system_i/ddr4_0/inst/u_ddr4_mem_intfc/u_ddr_cal_top/u_ddr_cal/u_xsdb_arbiter/slave_addr_r_reg[5]/C
                            (rising edge-triggered cell FDRE clocked by mmcm_clkout5  {rise@0.000ns fall@6.001ns period=12.002ns})
  Destination:            system_i/ddr4_0/inst/u_ddr4_mem_intfc/u_ddr_cal_top/u_ddr_cal/u_xsdb_arbiter/u_slave_addr_sync/SYNC[5].sync_reg_reg[0]/D
                            (rising edge-triggered cell FDRE clocked by mmcm_clkout0  {rise@0.000ns fall@1.500ns period=3.001ns})
  Path Group:             mmcm_clkout0
  Path Type:              Setup (Max at Slow Process Corner)
  Requirement:            3.000ns  (MaxDelay Path 3.000ns)
  Data Path Delay:        0.529ns  (logic 0.081ns (15.312%)  route 0.448ns (84.688%))
  Logic Levels:           0  
  Timing Exception:       MaxDelay Path 3.000ns -datapath_only

    Location             Delay type                Incr(ns)  Path(ns)    Netlist Resource(s)
  -------------------------------------------------------------------    -------------------
    SLICE_X24Y146                                     0.000     0.000 r  system_i/ddr4_0/inst/u_ddr4_mem_intfc/u_ddr_cal_top/u_ddr_cal/u_xsdb_arbiter/slave_addr_r_reg[5]/C
    SLICE_X24Y146        FDRE (Prop_FFF2_SLICEL_C_Q)
                                                      0.081     0.081 r  system_i/ddr4_0/inst/u_ddr4_mem_intfc/u_ddr_cal_top/u_ddr_cal/u_xsdb_arbiter/slave_addr_r_reg[5]/Q
                         net (fo=1, routed)           0.448     0.529    system_i/ddr4_0/inst/u_ddr4_mem_intfc/u_ddr_cal_top/u_ddr_cal/u_xsdb_arbiter/u_slave_addr_sync/out[5]
    SLICE_X24Y146        FDRE                                         r  system_i/ddr4_0/inst/u_ddr4_mem_intfc/u_ddr_cal_top/u_ddr_cal/u_xsdb_arbiter/u_slave_addr_sync/SYNC[5].sync_reg_reg[0]/D
  -------------------------------------------------------------------    -------------------

                         max delay                    3.000     3.000    <hidden>
    SLICE_X24Y146        FDRE (Setup_DFF2_SLICEL_C_D)
                                                      0.025     3.025    system_i/ddr4_0/inst/u_ddr4_mem_intfc/u_ddr_cal_top/u_ddr_cal/u_xsdb_arbiter/u_slave_addr_sync/SYNC[5].sync_reg_reg[0]
  -------------------------------------------------------------------
                         required time                          3.025    <hidden>
                         arrival time                          -0.529    <hidden>
  -------------------------------------------------------------------
                         slack                                  2.496    <hidden>





---------------------------------------------------------------------------------------------------
From Clock:  mmcm_clkout6
  To Clock:  mmcm_clkout0

Setup :            0  Failing Endpoints,  Worst Slack        1.832ns,  Total Violation        0.000ns
Hold  :           NA  Failing Endpoints,  Worst Slack           NA  ,  Total Violation           NA
---------------------------------------------------------------------------------------------------


Max Delay Paths
--------------------------------------------------------------------------------------
Slack (MET) :             1.832ns  (required time - arrival time)
  Source:                 system_i/ddr4_0/inst/u_ddr4_mem_intfc/u_ddr_cal_riu/io_address_riuclk_reg[21]/C
                            (rising edge-triggered cell FDRE clocked by mmcm_clkout6  {rise@0.000ns fall@3.001ns period=6.001ns})
  Destination:            system_i/ddr4_0/inst/u_ddr4_mem_intfc/u_io_addr_sync/SYNC[21].sync_reg_reg[0]/D
                            (rising edge-triggered cell FDRE clocked by mmcm_clkout0  {rise@0.000ns fall@1.500ns period=3.001ns})
  Path Group:             mmcm_clkout0
  Path Type:              Setup (Max at Slow Process Corner)
  Requirement:            3.000ns  (MaxDelay Path 3.000ns)
  Data Path Delay:        1.193ns  (logic 0.076ns (6.371%)  route 1.117ns (93.629%))
  Logic Levels:           0  
  Timing Exception:       MaxDelay Path 3.000ns -datapath_only

    Location             Delay type                Incr(ns)  Path(ns)    Netlist Resource(s)
  -------------------------------------------------------------------    -------------------
    SLICE_X12Y229                                     0.000     0.000 r  system_i/ddr4_0/inst/u_ddr4_mem_intfc/u_ddr_cal_riu/io_address_riuclk_reg[21]/C
    SLICE_X12Y229        FDRE (Prop_EFF_SLICEM_C_Q)
                                                      0.076     0.076 r  system_i/ddr4_0/inst/u_ddr4_mem_intfc/u_ddr_cal_riu/io_address_riuclk_reg[21]/Q
                         net (fo=43, routed)          1.117     1.193    system_i/ddr4_0/inst/u_ddr4_mem_intfc/u_io_addr_sync/SYNC[31].sync_reg_reg[0]_0[21]
    SLICE_X7Y196         FDRE                                         r  system_i/ddr4_0/inst/u_ddr4_mem_intfc/u_io_addr_sync/SYNC[21].sync_reg_reg[0]/D
  -------------------------------------------------------------------    -------------------

                         max delay                    3.000     3.000    <hidden>
    SLICE_X7Y196         FDRE (Setup_DFF2_SLICEL_C_D)
                                                      0.025     3.025    system_i/ddr4_0/inst/u_ddr4_mem_intfc/u_io_addr_sync/SYNC[21].sync_reg_reg[0]
  -------------------------------------------------------------------
                         required time                          3.025    <hidden>
                         arrival time                          -1.193    <hidden>
  -------------------------------------------------------------------
                         slack                                  1.832    <hidden>





---------------------------------------------------------------------------------------------------
From Clock:  mmcm_clkout0
  To Clock:  pll_clk[0]_DIV

Setup :            0  Failing Endpoints,  Worst Slack        1.230ns,  Total Violation        0.000ns
Hold  :            0  Failing Endpoints,  Worst Slack        0.577ns,  Total Violation        0.000ns
---------------------------------------------------------------------------------------------------


Max Delay Paths
--------------------------------------------------------------------------------------
Slack (MET) :             1.230ns  (required time - arrival time)
  Source:                 system_i/ddr4_0/inst/u_ddr4_mem_intfc/u_mig_ddr4_phy/inst/clb2phy_t_b_addr_reg[2]/C
                            (rising edge-triggered cell FDRE clocked by mmcm_clkout0  {rise@0.000ns fall@1.500ns period=3.001ns})
  Destination:            system_i/ddr4_0/inst/u_ddr4_mem_intfc/u_mig_ddr4_phy/inst/generate_block1.u_ddr_xiphy/byte_num[0].xiphy_byte_wrapper.u_xiphy_byte_wrapper/I_CONTROL[1].GEN_I_CONTROL.u_xiphy_control/xiphy_control/TBYTE_IN[2]
                            (rising edge-triggered cell BITSLICE_CONTROL clocked by pll_clk[0]_DIV  {rise@0.000ns fall@1.500ns period=3.001ns})
  Path Group:             pll_clk[0]_DIV
  Path Type:              Setup (Max at Slow Process Corner)
  Requirement:            3.001ns  (pll_clk[0]_DIV rise@3.001ns - mmcm_clkout0 rise@0.000ns)
  Data Path Delay:        0.848ns  (logic 0.079ns (9.320%)  route 0.769ns (90.680%))
  Logic Levels:           0  
  Clock Path Skew:        -0.584ns (DCD - SCD + CPR)
    Destination Clock Delay (DCD):    3.936ns = ( 6.937 - 3.001 ) 
    Source Clock Delay      (SCD):    4.218ns
    Clock Pessimism Removal (CPR):    -0.303ns
  Clock Uncertainty:      0.170ns  ((TSJ^2 + DJ^2)^1/2) / 2 + PE
    Total System Jitter     (TSJ):    0.071ns
    Discrete Jitter          (DJ):    0.062ns
    Phase Error              (PE):    0.123ns
  Clock Net Delay (Source):      1.911ns (routing 0.932ns, distribution 0.979ns)
  Clock Net Delay (Destination): 1.558ns (routing 0.847ns, distribution 0.711ns)

    Location             Delay type                Incr(ns)  Path(ns)    Netlist Resource(s)
  -------------------------------------------------------------------    -------------------
                         (clock mmcm_clkout0 rise edge)
                                                      0.000     0.000 r  <hidden>
    K22                                               0.000     0.000 r  default_sysclk1_300_clk_p
                         net (fo=0)                   0.100     0.100    system_i/ddr4_0/inst/u_ddr4_mem_intfc/u_mig_ddr4_phy/inst/u_ddr4_phy_pll/diff_input_clk.u_ibufg_sys_clk/I
    HPIOBDIFFINBUF_X0Y58 DIFFINBUF (Prop_DIFFINBUF_HPIOBDIFFINBUF_DIFF_IN_P_O)
                                                      0.469     0.569 r  system_i/ddr4_0/inst/u_ddr4_mem_intfc/u_mig_ddr4_phy/inst/u_ddr4_phy_pll/diff_input_clk.u_ibufg_sys_clk/DIFFINBUF_INST/O
                         net (fo=1, routed)           0.050     0.619    system_i/ddr4_0/inst/u_ddr4_mem_intfc/u_mig_ddr4_phy/inst/u_ddr4_phy_pll/diff_input_clk.u_ibufg_sys_clk/OUT
    K22                  IBUFCTRL (Prop_IBUFCTRL_HPIOB_M_I_O)
                                                      0.000     0.619 r  system_i/ddr4_0/inst/u_ddr4_mem_intfc/u_mig_ddr4_phy/inst/u_ddr4_phy_pll/diff_input_clk.u_ibufg_sys_clk/IBUFCTRL_INST/O
                         net (fo=2, routed)           0.336     0.955    system_i/ddr4_0/inst/u_ddr4_mem_intfc/u_mig_ddr4_phy/inst/u_ddr4_phy_pll/sys_clk_in
    BUFGCE_X0Y49         BUFGCE (Prop_BUFCE_BUFGCE_I_O)
                                                      0.028     0.983 r  system_i/ddr4_0/inst/u_ddr4_mem_intfc/u_mig_ddr4_phy/inst/u_ddr4_phy_pll/gen_bufg_backbone.u__bufg_backbone/O
                         net (fo=1, routed)           1.179     2.162    system_i/ddr4_0/inst/u_ddr4_infrastructure/mmcm_clk_in
    MMCM_X0Y3            MMCME4_ADV (Prop_MMCM_CLKIN1_CLKOUT0)
                                                     -0.127     2.035 r  system_i/ddr4_0/inst/u_ddr4_infrastructure/gen_mmcme4.u_mmcme_adv_inst/CLKOUT0
                         net (fo=1, routed)           0.244     2.279    system_i/ddr4_0/inst/u_ddr4_infrastructure/mmcm_clkout0
    BUFGCE_X0Y74         BUFGCE (Prop_BUFCE_BUFGCE_I_O)
                                                      0.028     2.307 r  system_i/ddr4_0/inst/u_ddr4_infrastructure/u_bufg_divClk/O
    X1Y2 (CLOCK_ROOT)    net (fo=14016, routed)       1.911     4.218    system_i/ddr4_0/inst/u_ddr4_mem_intfc/u_mig_ddr4_phy/inst/div_clk
    SLICE_X0Y167         FDRE                                         r  system_i/ddr4_0/inst/u_ddr4_mem_intfc/u_mig_ddr4_phy/inst/clb2phy_t_b_addr_reg[2]/C
  -------------------------------------------------------------------    -------------------
    SLICE_X0Y167         FDRE (Prop_FFF_SLICEL_C_Q)
                                                      0.079     4.297 r  system_i/ddr4_0/inst/u_ddr4_mem_intfc/u_mig_ddr4_phy/inst/clb2phy_t_b_addr_reg[2]/Q
                         net (fo=5, routed)           0.769     5.066    system_i/ddr4_0/inst/u_ddr4_mem_intfc/u_mig_ddr4_phy/inst/generate_block1.u_ddr_xiphy/byte_num[0].xiphy_byte_wrapper.u_xiphy_byte_wrapper/I_CONTROL[1].GEN_I_CONTROL.u_xiphy_control/clb2phy_t_b_low[2]
    BITSLICE_CONTROL_X0Y19
                         BITSLICE_CONTROL                             r  system_i/ddr4_0/inst/u_ddr4_mem_intfc/u_mig_ddr4_phy/inst/generate_block1.u_ddr_xiphy/byte_num[0].xiphy_byte_wrapper.u_xiphy_byte_wrapper/I_CONTROL[1].GEN_I_CONTROL.u_xiphy_control/xiphy_control/TBYTE_IN[2]
  -------------------------------------------------------------------    -------------------

                         (clock pll_clk[0]_DIV rise edge)
                                                      3.001     3.001 f  <hidden>
    K22                                               0.000     3.001 f  default_sysclk1_300_clk_p
                         net (fo=0)                   0.079     3.080    system_i/ddr4_0/inst/u_ddr4_mem_intfc/u_mig_ddr4_phy/inst/u_ddr4_phy_pll/diff_input_clk.u_ibufg_sys_clk/I
    HPIOBDIFFINBUF_X0Y58 DIFFINBUF (Prop_DIFFINBUF_HPIOBDIFFINBUF_DIFF_IN_P_O)
                                                      0.374     3.453 f  system_i/ddr4_0/inst/u_ddr4_mem_intfc/u_mig_ddr4_phy/inst/u_ddr4_phy_pll/diff_input_clk.u_ibufg_sys_clk/DIFFINBUF_INST/O
                         net (fo=1, routed)           0.040     3.493    system_i/ddr4_0/inst/u_ddr4_mem_intfc/u_mig_ddr4_phy/inst/u_ddr4_phy_pll/diff_input_clk.u_ibufg_sys_clk/OUT
    K22                  IBUFCTRL (Prop_IBUFCTRL_HPIOB_M_I_O)
                                                      0.000     3.493 f  system_i/ddr4_0/inst/u_ddr4_mem_intfc/u_mig_ddr4_phy/inst/u_ddr4_phy_pll/diff_input_clk.u_ibufg_sys_clk/IBUFCTRL_INST/O
                         net (fo=2, routed)           0.297     3.790    system_i/ddr4_0/inst/u_ddr4_mem_intfc/u_mig_ddr4_phy/inst/u_ddr4_phy_pll/sys_clk_in
    BUFGCE_X0Y49         BUFGCE (Prop_BUFCE_BUFGCE_I_O)
                                                      0.024     3.814 f  system_i/ddr4_0/inst/u_ddr4_mem_intfc/u_mig_ddr4_phy/inst/u_ddr4_phy_pll/gen_bufg_backbone.u__bufg_backbone/O
                         net (fo=1, routed)           1.049     4.863    system_i/ddr4_0/inst/u_ddr4_infrastructure/mmcm_clk_in
    MMCM_X0Y3            MMCME4_ADV (Prop_MMCM_CLKIN1_CLKOUT0)
                                                      0.630     5.493 f  system_i/ddr4_0/inst/u_ddr4_infrastructure/gen_mmcme4.u_mmcme_adv_inst/CLKOUT0
                         net (fo=1, routed)           0.214     5.707    system_i/ddr4_0/inst/u_ddr4_infrastructure/mmcm_clkout0
    BUFGCE_X0Y74         BUFGCE (Prop_BUFCE_BUFGCE_I_O)
                                                      0.024     5.731 f  system_i/ddr4_0/inst/u_ddr4_infrastructure/u_bufg_divClk/O
    X1Y2 (CLOCK_ROOT)    net (fo=14016, routed)       1.558     7.289    system_i/ddr4_0/inst/u_ddr4_mem_intfc/u_mig_ddr4_phy/inst/u_ddr4_phy_pll/div_clk
    PLL_X0Y4             PLLE4_ADV (Prop_PLL_CLKIN_CLKOUTPHY)
                                                     -0.630     6.659 f  system_i/ddr4_0/inst/u_ddr4_mem_intfc/u_mig_ddr4_phy/inst/u_ddr4_phy_pll/plle_loop[0].gen_plle4.PLLE4_BASE_INST_OTHER/CLKOUTPHY
                         net (fo=5, routed)           0.097     6.756    system_i/ddr4_0/inst/u_ddr4_mem_intfc/u_mig_ddr4_phy/inst/generate_block1.u_ddr_xiphy/byte_num[0].xiphy_byte_wrapper.u_xiphy_byte_wrapper/I_CONTROL[1].GEN_I_CONTROL.u_xiphy_control/pll_clk[0]
    BITSLICE_CONTROL_X0Y19
                         BITSLICE_CONTROL (Prop_CONTROL_BITSLICE_CONTROL_PLL_CLK_TX_DIV2_CLK_Q)
                                                      0.106     6.862 r  system_i/ddr4_0/inst/u_ddr4_mem_intfc/u_mig_ddr4_phy/inst/generate_block1.u_ddr_xiphy/byte_num[0].xiphy_byte_wrapper.u_xiphy_byte_wrapper/I_CONTROL[1].GEN_I_CONTROL.u_xiphy_control/xiphy_control/TX_DIV2_CLK_Q
    BITSLICE_CONTROL_X0Y19
                         BITSLICE_CONTROL (Prop_CONTROL_BITSLICE_CONTROL_TX_DIV2_CLK_Q_TX_DIV4_CLK_Q)
                                                      0.075     6.937 r  system_i/ddr4_0/inst/u_ddr4_mem_intfc/u_mig_ddr4_phy/inst/generate_block1.u_ddr_xiphy/byte_num[0].xiphy_byte_wrapper.u_xiphy_byte_wrapper/I_CONTROL[1].GEN_I_CONTROL.u_xiphy_control/xiphy_control/TX_DIV4_CLK_Q
                         clock pessimism             -0.303     6.635    <hidden>
                         clock uncertainty           -0.170     6.464    <hidden>
    BITSLICE_CONTROL_X0Y19
                         BITSLICE_CONTROL (Setup_CONTROL_BITSLICE_CONTROL_TX_DIV4_CLK_Q_TBYTE_IN[2])
                                                     -0.168     6.296    system_i/ddr4_0/inst/u_ddr4_mem_intfc/u_mig_ddr4_phy/inst/generate_block1.u_ddr_xiphy/byte_num[0].xiphy_byte_wrapper.u_xiphy_byte_wrapper/I_CONTROL[1].GEN_I_CONTROL.u_xiphy_control/xiphy_control
  -------------------------------------------------------------------
                         required time                          6.296    <hidden>
                         arrival time                          -5.066    <hidden>
  -------------------------------------------------------------------
                         slack                                  1.230    <hidden>





Min Delay Paths
--------------------------------------------------------------------------------------
Slack (MET) :             0.577ns  (arrival time - required time)
  Source:                 system_i/ddr4_0/inst/u_ddr4_mem_intfc/u_ddr_cal_top/mcal_ADR_dly_reg[0][134]/C
                            (rising edge-triggered cell FDSE clocked by mmcm_clkout0  {rise@0.000ns fall@1.500ns period=3.001ns})
  Destination:            system_i/ddr4_0/inst/u_ddr4_mem_intfc/u_mig_ddr4_phy/inst/generate_block1.u_ddr_xiphy/byte_num[1].xiphy_byte_wrapper.u_xiphy_byte_wrapper/I_BITSLICE_UPPER[0].GEN_RXTX_BITSLICE_EN.u_xiphy_bitslice_upper/xiphy_rxtx_bitslice/D[6]
                            (rising edge-triggered cell RXTX_BITSLICE clocked by pll_clk[0]_DIV  {rise@0.000ns fall@1.500ns period=3.001ns})
  Path Group:             pll_clk[0]_DIV
  Path Type:              Hold (Min at Slow Process Corner)
  Requirement:            0.000ns  (pll_clk[0]_DIV rise@0.000ns - mmcm_clkout0 rise@0.000ns)
  Data Path Delay:        0.343ns  (logic 0.060ns (17.493%)  route 0.283ns (82.507%))
  Logic Levels:           0  
  Clock Path Skew:        -0.489ns (DCD - SCD - CPR)
    Destination Clock Delay (DCD):    3.619ns
    Source Clock Delay      (SCD):    4.411ns
    Clock Pessimism Removal (CPR):    -0.303ns
  Clock Uncertainty:      0.170ns  ((TSJ^2 + DJ^2)^1/2) / 2 + PE
    Total System Jitter     (TSJ):    0.071ns
    Discrete Jitter          (DJ):    0.062ns
    Phase Error              (PE):    0.123ns
  Clock Net Delay (Source):      1.680ns (routing 0.847ns, distribution 0.833ns)

    Location             Delay type                Incr(ns)  Path(ns)    Netlist Resource(s)
  -------------------------------------------------------------------    -------------------
                         (clock mmcm_clkout0 rise edge)
                                                      0.000     0.000 r  <hidden>
    K22                                               0.000     0.000 r  default_sysclk1_300_clk_p
                         net (fo=0)                   0.079     0.079    system_i/ddr4_0/inst/u_ddr4_mem_intfc/u_mig_ddr4_phy/inst/u_ddr4_phy_pll/diff_input_clk.u_ibufg_sys_clk/I
    HPIOBDIFFINBUF_X0Y58 DIFFINBUF (Prop_DIFFINBUF_HPIOBDIFFINBUF_DIFF_IN_P_O)
                                                      0.374     0.453 r  system_i/ddr4_0/inst/u_ddr4_mem_intfc/u_mig_ddr4_phy/inst/u_ddr4_phy_pll/diff_input_clk.u_ibufg_sys_clk/DIFFINBUF_INST/O
                         net (fo=1, routed)           0.040     0.493    system_i/ddr4_0/inst/u_ddr4_mem_intfc/u_mig_ddr4_phy/inst/u_ddr4_phy_pll/diff_input_clk.u_ibufg_sys_clk/OUT
    K22                  IBUFCTRL (Prop_IBUFCTRL_HPIOB_M_I_O)
                                                      0.000     0.493 r  system_i/ddr4_0/inst/u_ddr4_mem_intfc/u_mig_ddr4_phy/inst/u_ddr4_phy_pll/diff_input_clk.u_ibufg_sys_clk/IBUFCTRL_INST/O
                         net (fo=2, routed)           0.297     0.790    system_i/ddr4_0/inst/u_ddr4_mem_intfc/u_mig_ddr4_phy/inst/u_ddr4_phy_pll/sys_clk_in
    BUFGCE_X0Y49         BUFGCE (Prop_BUFCE_BUFGCE_I_O)
                                                      0.024     0.814 r  system_i/ddr4_0/inst/u_ddr4_mem_intfc/u_mig_ddr4_phy/inst/u_ddr4_phy_pll/gen_bufg_backbone.u__bufg_backbone/O
                         net (fo=1, routed)           1.049     1.863    system_i/ddr4_0/inst/u_ddr4_infrastructure/mmcm_clk_in
    MMCM_X0Y3            MMCME4_ADV (Prop_MMCM_CLKIN1_CLKOUT0)
                                                      0.630     2.493 r  system_i/ddr4_0/inst/u_ddr4_infrastructure/gen_mmcme4.u_mmcme_adv_inst/CLKOUT0
                         net (fo=1, routed)           0.214     2.707    system_i/ddr4_0/inst/u_ddr4_infrastructure/mmcm_clkout0
    BUFGCE_X0Y74         BUFGCE (Prop_BUFCE_BUFGCE_I_O)
                                                      0.024     2.731 r  system_i/ddr4_0/inst/u_ddr4_infrastructure/u_bufg_divClk/O
    X1Y2 (CLOCK_ROOT)    net (fo=14016, routed)       1.680     4.411    system_i/ddr4_0/inst/u_ddr4_mem_intfc/u_ddr_cal_top/dReg_reg[13]
    SLICE_X1Y158         FDSE                                         r  system_i/ddr4_0/inst/u_ddr4_mem_intfc/u_ddr_cal_top/mcal_ADR_dly_reg[0][134]/C
  -------------------------------------------------------------------    -------------------
    SLICE_X1Y158         FDSE (Prop_EFF2_SLICEM_C_Q)
                                                      0.060     4.471 r  system_i/ddr4_0/inst/u_ddr4_mem_intfc/u_ddr_cal_top/mcal_ADR_dly_reg[0][134]/Q
                         net (fo=1, routed)           0.283     4.754    system_i/ddr4_0/inst/u_ddr4_mem_intfc/u_mig_ddr4_phy/inst/generate_block1.u_ddr_xiphy/byte_num[1].xiphy_byte_wrapper.u_xiphy_byte_wrapper/I_BITSLICE_UPPER[0].GEN_RXTX_BITSLICE_EN.u_xiphy_bitslice_upper/mcal_ADR[6]
    BITSLICE_RX_TX_X0Y136
                         RXTX_BITSLICE                                r  system_i/ddr4_0/inst/u_ddr4_mem_intfc/u_mig_ddr4_phy/inst/generate_block1.u_ddr_xiphy/byte_num[1].xiphy_byte_wrapper.u_xiphy_byte_wrapper/I_BITSLICE_UPPER[0].GEN_RXTX_BITSLICE_EN.u_xiphy_bitslice_upper/xiphy_rxtx_bitslice/D[6]
  -------------------------------------------------------------------    -------------------

                         (clock pll_clk[0]_DIV rise edge)
                                                      0.000     0.000 f  <hidden>
    K22                                               0.000     0.000 f  default_sysclk1_300_clk_p
                         net (fo=0)                   0.100     0.100    system_i/ddr4_0/inst/u_ddr4_mem_intfc/u_mig_ddr4_phy/inst/u_ddr4_phy_pll/diff_input_clk.u_ibufg_sys_clk/I
    HPIOBDIFFINBUF_X0Y58 DIFFINBUF (Prop_DIFFINBUF_HPIOBDIFFINBUF_DIFF_IN_P_O)
                                                      0.469     0.569 f  system_i/ddr4_0/inst/u_ddr4_mem_intfc/u_mig_ddr4_phy/inst/u_ddr4_phy_pll/diff_input_clk.u_ibufg_sys_clk/DIFFINBUF_INST/O
                         net (fo=1, routed)           0.050     0.619    system_i/ddr4_0/inst/u_ddr4_mem_intfc/u_mig_ddr4_phy/inst/u_ddr4_phy_pll/diff_input_clk.u_ibufg_sys_clk/OUT
    K22                  IBUFCTRL (Prop_IBUFCTRL_HPIOB_M_I_O)
                                                      0.000     0.619 f  system_i/ddr4_0/inst/u_ddr4_mem_intfc/u_mig_ddr4_phy/inst/u_ddr4_phy_pll/diff_input_clk.u_ibufg_sys_clk/IBUFCTRL_INST/O
                         net (fo=2, routed)           0.336     0.955    system_i/ddr4_0/inst/u_ddr4_mem_intfc/u_mig_ddr4_phy/inst/u_ddr4_phy_pll/sys_clk_in
    BUFGCE_X0Y49         BUFGCE (Prop_BUFCE_BUFGCE_I_O)
                                                      0.028     0.983 f  system_i/ddr4_0/inst/u_ddr4_mem_intfc/u_mig_ddr4_phy/inst/u_ddr4_phy_pll/gen_bufg_backbone.u__bufg_backbone/O
                         net (fo=1, routed)           1.179     2.162    system_i/ddr4_0/inst/u_ddr4_infrastructure/mmcm_clk_in
    MMCM_X0Y3            MMCME4_ADV (Prop_MMCM_CLKIN1_CLKOUT0)
                                                     -0.127     2.035 f  system_i/ddr4_0/inst/u_ddr4_infrastructure/gen_mmcme4.u_mmcme_adv_inst/CLKOUT0
                         net (fo=1, routed)           0.244     2.279    system_i/ddr4_0/inst/u_ddr4_infrastructure/mmcm_clkout0
    BUFGCE_X0Y74         BUFGCE (Prop_BUFCE_BUFGCE_I_O)
                                                      0.028     2.307 f  system_i/ddr4_0/inst/u_ddr4_infrastructure/u_bufg_divClk/O
                         net (fo=14016, routed)       1.739     4.046    system_i/ddr4_0/inst/u_ddr4_mem_intfc/u_mig_ddr4_phy/inst/u_ddr4_phy_pll/div_clk
    PLL_X0Y4             PLLE4_ADV (Prop_PLL_CLKIN_CLKOUTPHY)
                                                     -1.058     2.988 f  system_i/ddr4_0/inst/u_ddr4_mem_intfc/u_mig_ddr4_phy/inst/u_ddr4_phy_pll/plle_loop[0].gen_plle4.PLLE4_BASE_INST_OTHER/CLKOUTPHY
                         net (fo=5, routed)           0.146     3.134    system_i/ddr4_0/inst/u_ddr4_mem_intfc/u_mig_ddr4_phy/inst/generate_block1.u_ddr_xiphy/byte_num[1].xiphy_byte_wrapper.u_xiphy_byte_wrapper/I_CONTROL[1].GEN_I_CONTROL.u_xiphy_control/pll_clk[0]
    BITSLICE_CONTROL_X0Y21
                         BITSLICE_CONTROL (Prop_CONTROL_BITSLICE_CONTROL_PLL_CLK_TX_DIV2_CLK_Q)
                                                      0.151     3.285 r  system_i/ddr4_0/inst/u_ddr4_mem_intfc/u_mig_ddr4_phy/inst/generate_block1.u_ddr_xiphy/byte_num[1].xiphy_byte_wrapper.u_xiphy_byte_wrapper/I_CONTROL[1].GEN_I_CONTROL.u_xiphy_control/xiphy_control/TX_DIV2_CLK_Q
    BITSLICE_CONTROL_X0Y21
                         BITSLICE_CONTROL (Prop_CONTROL_BITSLICE_CONTROL_TX_DIV2_CLK_Q_TX_DIV4_CLK_Q)
                                                      0.109     3.394 r  system_i/ddr4_0/inst/u_ddr4_mem_intfc/u_mig_ddr4_phy/inst/generate_block1.u_ddr_xiphy/byte_num[1].xiphy_byte_wrapper.u_xiphy_byte_wrapper/I_CONTROL[1].GEN_I_CONTROL.u_xiphy_control/xiphy_control/TX_DIV4_CLK_Q
    BITSLICE_CONTROL_X0Y21
                         BITSLICE_CONTROL (Prop_CONTROL_BITSLICE_CONTROL_TX_DIV4_CLK_Q_TX_BIT_CTRL_OUT0[26])
                                                      0.182     3.576 r  system_i/ddr4_0/inst/u_ddr4_mem_intfc/u_mig_ddr4_phy/inst/generate_block1.u_ddr_xiphy/byte_num[1].xiphy_byte_wrapper.u_xiphy_byte_wrapper/I_CONTROL[1].GEN_I_CONTROL.u_xiphy_control/xiphy_control/TX_BIT_CTRL_OUT0[26]
                         net (fo=1, routed)           0.043     3.619    system_i/ddr4_0/inst/u_ddr4_mem_intfc/u_mig_ddr4_phy/inst/generate_block1.u_ddr_xiphy/byte_num[1].xiphy_byte_wrapper.u_xiphy_byte_wrapper/I_BITSLICE_UPPER[0].GEN_RXTX_BITSLICE_EN.u_xiphy_bitslice_upper/TX_BIT_CTRL_OUT0[26]
    BITSLICE_RX_TX_X0Y136
                         RXTX_BITSLICE                                r  system_i/ddr4_0/inst/u_ddr4_mem_intfc/u_mig_ddr4_phy/inst/generate_block1.u_ddr_xiphy/byte_num[1].xiphy_byte_wrapper.u_xiphy_byte_wrapper/I_BITSLICE_UPPER[0].GEN_RXTX_BITSLICE_EN.u_xiphy_bitslice_upper/xiphy_rxtx_bitslice/TX_BIT_CTRL_IN[26]
                         clock pessimism              0.303     3.922    <hidden>
                         clock uncertainty            0.170     4.092    <hidden>
    BITSLICE_RX_TX_X0Y136
                         RXTX_BITSLICE (Hold_RXTX_BITSLICE_BITSLICE_RX_TX_TX_BIT_CTRL_IN[26]_D[6])
                                                      0.085     4.177    system_i/ddr4_0/inst/u_ddr4_mem_intfc/u_mig_ddr4_phy/inst/generate_block1.u_ddr_xiphy/byte_num[1].xiphy_byte_wrapper.u_xiphy_byte_wrapper/I_BITSLICE_UPPER[0].GEN_RXTX_BITSLICE_EN.u_xiphy_bitslice_upper/xiphy_rxtx_bitslice
  -------------------------------------------------------------------
                         required time                         -4.177    <hidden>
                         arrival time                           4.754    <hidden>
  -------------------------------------------------------------------
                         slack                                  0.577    <hidden>





---------------------------------------------------------------------------------------------------
From Clock:  mmcm_clkout0
  To Clock:  pll_clk[1]_DIV

Setup :            0  Failing Endpoints,  Worst Slack        0.799ns,  Total Violation        0.000ns
Hold  :            0  Failing Endpoints,  Worst Slack        0.502ns,  Total Violation        0.000ns
---------------------------------------------------------------------------------------------------


Max Delay Paths
--------------------------------------------------------------------------------------
Slack (MET) :             0.799ns  (required time - arrival time)
  Source:                 system_i/ddr4_0/inst/u_ddr4_mem_intfc/u_ddr_cal_top/u_ddr_mc_pi/u_ddr_mc_write/genByte[0].u_ddr_mc_wr_byte/genBit[0].u_ddr_mc_wr_bit/dReg_reg[2]/C
                            (rising edge-triggered cell FDRE clocked by mmcm_clkout0  {rise@0.000ns fall@1.500ns period=3.001ns})
  Destination:            system_i/ddr4_0/inst/u_ddr4_mem_intfc/u_mig_ddr4_phy/inst/generate_block1.u_ddr_xiphy/byte_num[6].xiphy_byte_wrapper.u_xiphy_byte_wrapper/I_BITSLICE_UPPER[4].GEN_RXTX_BITSLICE_EN.u_xiphy_bitslice_upper/xiphy_rxtx_bitslice/D[2]
                            (rising edge-triggered cell RXTX_BITSLICE clocked by pll_clk[1]_DIV  {rise@0.000ns fall@1.500ns period=3.001ns})
  Path Group:             pll_clk[1]_DIV
  Path Type:              Setup (Max at Slow Process Corner)
  Requirement:            3.001ns  (pll_clk[1]_DIV rise@3.001ns - mmcm_clkout0 rise@0.000ns)
  Data Path Delay:        1.561ns  (logic 0.079ns (5.061%)  route 1.482ns (94.939%))
  Logic Levels:           0  
  Clock Path Skew:        -0.457ns (DCD - SCD + CPR)
    Destination Clock Delay (DCD):    4.117ns = ( 7.118 - 3.001 ) 
    Source Clock Delay      (SCD):    4.276ns
    Clock Pessimism Removal (CPR):    -0.299ns
  Clock Uncertainty:      0.170ns  ((TSJ^2 + DJ^2)^1/2) / 2 + PE
    Total System Jitter     (TSJ):    0.071ns
    Discrete Jitter          (DJ):    0.062ns
    Phase Error              (PE):    0.123ns
  Clock Net Delay (Source):      1.969ns (routing 0.932ns, distribution 1.037ns)

    Location             Delay type                Incr(ns)  Path(ns)    Netlist Resource(s)
  -------------------------------------------------------------------    -------------------
                         (clock mmcm_clkout0 rise edge)
                                                      0.000     0.000 r  <hidden>
    K22                                               0.000     0.000 r  default_sysclk1_300_clk_p
                         net (fo=0)                   0.100     0.100    system_i/ddr4_0/inst/u_ddr4_mem_intfc/u_mig_ddr4_phy/inst/u_ddr4_phy_pll/diff_input_clk.u_ibufg_sys_clk/I
    HPIOBDIFFINBUF_X0Y58 DIFFINBUF (Prop_DIFFINBUF_HPIOBDIFFINBUF_DIFF_IN_P_O)
                                                      0.469     0.569 r  system_i/ddr4_0/inst/u_ddr4_mem_intfc/u_mig_ddr4_phy/inst/u_ddr4_phy_pll/diff_input_clk.u_ibufg_sys_clk/DIFFINBUF_INST/O
                         net (fo=1, routed)           0.050     0.619    system_i/ddr4_0/inst/u_ddr4_mem_intfc/u_mig_ddr4_phy/inst/u_ddr4_phy_pll/diff_input_clk.u_ibufg_sys_clk/OUT
    K22                  IBUFCTRL (Prop_IBUFCTRL_HPIOB_M_I_O)
                                                      0.000     0.619 r  system_i/ddr4_0/inst/u_ddr4_mem_intfc/u_mig_ddr4_phy/inst/u_ddr4_phy_pll/diff_input_clk.u_ibufg_sys_clk/IBUFCTRL_INST/O
                         net (fo=2, routed)           0.336     0.955    system_i/ddr4_0/inst/u_ddr4_mem_intfc/u_mig_ddr4_phy/inst/u_ddr4_phy_pll/sys_clk_in
    BUFGCE_X0Y49         BUFGCE (Prop_BUFCE_BUFGCE_I_O)
                                                      0.028     0.983 r  system_i/ddr4_0/inst/u_ddr4_mem_intfc/u_mig_ddr4_phy/inst/u_ddr4_phy_pll/gen_bufg_backbone.u__bufg_backbone/O
                         net (fo=1, routed)           1.179     2.162    system_i/ddr4_0/inst/u_ddr4_infrastructure/mmcm_clk_in
    MMCM_X0Y3            MMCME4_ADV (Prop_MMCM_CLKIN1_CLKOUT0)
                                                     -0.127     2.035 r  system_i/ddr4_0/inst/u_ddr4_infrastructure/gen_mmcme4.u_mmcme_adv_inst/CLKOUT0
                         net (fo=1, routed)           0.244     2.279    system_i/ddr4_0/inst/u_ddr4_infrastructure/mmcm_clkout0
    BUFGCE_X0Y74         BUFGCE (Prop_BUFCE_BUFGCE_I_O)
                                                      0.028     2.307 r  system_i/ddr4_0/inst/u_ddr4_infrastructure/u_bufg_divClk/O
    X1Y2 (CLOCK_ROOT)    net (fo=14016, routed)       1.969     4.276    system_i/ddr4_0/inst/u_ddr4_mem_intfc/u_ddr_cal_top/u_ddr_mc_pi/u_ddr_mc_write/genByte[0].u_ddr_mc_wr_byte/genBit[0].u_ddr_mc_wr_bit/wosp_reg[2]_rep__3_1
    SLICE_X2Y180         FDRE                                         r  system_i/ddr4_0/inst/u_ddr4_mem_intfc/u_ddr_cal_top/u_ddr_mc_pi/u_ddr_mc_write/genByte[0].u_ddr_mc_wr_byte/genBit[0].u_ddr_mc_wr_bit/dReg_reg[2]/C
  -------------------------------------------------------------------    -------------------
    SLICE_X2Y180         FDRE (Prop_CFF_SLICEL_C_Q)
                                                      0.079     4.355 r  system_i/ddr4_0/inst/u_ddr4_mem_intfc/u_ddr_cal_top/u_ddr_mc_pi/u_ddr_mc_write/genByte[0].u_ddr_mc_wr_byte/genBit[0].u_ddr_mc_wr_bit/dReg_reg[2]/Q
                         net (fo=1, routed)           1.482     5.837    system_i/ddr4_0/inst/u_ddr4_mem_intfc/u_mig_ddr4_phy/inst/generate_block1.u_ddr_xiphy/byte_num[6].xiphy_byte_wrapper.u_xiphy_byte_wrapper/I_BITSLICE_UPPER[4].GEN_RXTX_BITSLICE_EN.u_xiphy_bitslice_upper/clb2phy_wr_dq10[2]
    BITSLICE_RX_TX_X0Y205
                         RXTX_BITSLICE                                r  system_i/ddr4_0/inst/u_ddr4_mem_intfc/u_mig_ddr4_phy/inst/generate_block1.u_ddr_xiphy/byte_num[6].xiphy_byte_wrapper.u_xiphy_byte_wrapper/I_BITSLICE_UPPER[4].GEN_RXTX_BITSLICE_EN.u_xiphy_bitslice_upper/xiphy_rxtx_bitslice/D[2]
  -------------------------------------------------------------------    -------------------

                         (clock pll_clk[1]_DIV rise edge)
                                                      3.001     3.001 r  <hidden>
    K22                                               0.000     3.001 r  default_sysclk1_300_clk_p
                         net (fo=0)                   0.079     3.080    system_i/ddr4_0/inst/u_ddr4_mem_intfc/u_mig_ddr4_phy/inst/u_ddr4_phy_pll/diff_input_clk.u_ibufg_sys_clk/I
    HPIOBDIFFINBUF_X0Y58 DIFFINBUF (Prop_DIFFINBUF_HPIOBDIFFINBUF_DIFF_IN_P_O)
                                                      0.374     3.453 r  system_i/ddr4_0/inst/u_ddr4_mem_intfc/u_mig_ddr4_phy/inst/u_ddr4_phy_pll/diff_input_clk.u_ibufg_sys_clk/DIFFINBUF_INST/O
                         net (fo=1, routed)           0.040     3.493    system_i/ddr4_0/inst/u_ddr4_mem_intfc/u_mig_ddr4_phy/inst/u_ddr4_phy_pll/diff_input_clk.u_ibufg_sys_clk/OUT
    K22                  IBUFCTRL (Prop_IBUFCTRL_HPIOB_M_I_O)
                                                      0.000     3.493 r  system_i/ddr4_0/inst/u_ddr4_mem_intfc/u_mig_ddr4_phy/inst/u_ddr4_phy_pll/diff_input_clk.u_ibufg_sys_clk/IBUFCTRL_INST/O
                         net (fo=2, routed)           0.297     3.790    system_i/ddr4_0/inst/u_ddr4_mem_intfc/u_mig_ddr4_phy/inst/u_ddr4_phy_pll/sys_clk_in
    BUFGCE_X0Y49         BUFGCE (Prop_BUFCE_BUFGCE_I_O)
                                                      0.024     3.814 r  system_i/ddr4_0/inst/u_ddr4_mem_intfc/u_mig_ddr4_phy/inst/u_ddr4_phy_pll/gen_bufg_backbone.u__bufg_backbone/O
                         net (fo=1, routed)           1.049     4.863    system_i/ddr4_0/inst/u_ddr4_infrastructure/mmcm_clk_in
    MMCM_X0Y3            MMCME4_ADV (Prop_MMCM_CLKIN1_CLKOUT0)
                                                      0.630     5.493 r  system_i/ddr4_0/inst/u_ddr4_infrastructure/gen_mmcme4.u_mmcme_adv_inst/CLKOUT0
                         net (fo=1, routed)           0.214     5.707    system_i/ddr4_0/inst/u_ddr4_infrastructure/mmcm_clkout0
    BUFGCE_X0Y74         BUFGCE (Prop_BUFCE_BUFGCE_I_O)
                                                      0.024     5.731 r  system_i/ddr4_0/inst/u_ddr4_infrastructure/u_bufg_divClk/O
                         net (fo=14016, routed)       1.599     7.330    system_i/ddr4_0/inst/u_ddr4_mem_intfc/u_mig_ddr4_phy/inst/u_ddr4_phy_pll/div_clk
    PLL_X0Y7             PLLE4_ADV (Prop_PLL_CLKIN_CLKOUTPHY)
                                                     -0.630     6.700 r  system_i/ddr4_0/inst/u_ddr4_mem_intfc/u_mig_ddr4_phy/inst/u_ddr4_phy_pll/plle_loop[1].gen_plle4.PLLE4_BASE_INST_OTHER/CLKOUTPHY
                         net (fo=8, routed)           0.099     6.799    system_i/ddr4_0/inst/u_ddr4_mem_intfc/u_mig_ddr4_phy/inst/generate_block1.u_ddr_xiphy/byte_num[6].xiphy_byte_wrapper.u_xiphy_byte_wrapper/I_CONTROL[1].GEN_I_CONTROL.u_xiphy_control/pll_clk[0]
    BITSLICE_CONTROL_X0Y31
                         BITSLICE_CONTROL (Prop_CONTROL_BITSLICE_CONTROL_PLL_CLK_TX_DIV2_CLK_Q)
                                                      0.106     6.905 r  system_i/ddr4_0/inst/u_ddr4_mem_intfc/u_mig_ddr4_phy/inst/generate_block1.u_ddr_xiphy/byte_num[6].xiphy_byte_wrapper.u_xiphy_byte_wrapper/I_CONTROL[1].GEN_I_CONTROL.u_xiphy_control/xiphy_control/TX_DIV2_CLK_Q
    BITSLICE_CONTROL_X0Y31
                         BITSLICE_CONTROL (Prop_CONTROL_BITSLICE_CONTROL_TX_DIV2_CLK_Q_TX_DIV4_CLK_Q)
                                                      0.075     6.980 r  system_i/ddr4_0/inst/u_ddr4_mem_intfc/u_mig_ddr4_phy/inst/generate_block1.u_ddr_xiphy/byte_num[6].xiphy_byte_wrapper.u_xiphy_byte_wrapper/I_CONTROL[1].GEN_I_CONTROL.u_xiphy_control/xiphy_control/TX_DIV4_CLK_Q
    BITSLICE_CONTROL_X0Y31
                         BITSLICE_CONTROL (Prop_CONTROL_BITSLICE_CONTROL_TX_DIV4_CLK_Q_TX_BIT_CTRL_OUT4[26])
                                                      0.125     7.105 r  system_i/ddr4_0/inst/u_ddr4_mem_intfc/u_mig_ddr4_phy/inst/generate_block1.u_ddr_xiphy/byte_num[6].xiphy_byte_wrapper.u_xiphy_byte_wrapper/I_CONTROL[1].GEN_I_CONTROL.u_xiphy_control/xiphy_control/TX_BIT_CTRL_OUT4[26]
                         net (fo=1, routed)           0.013     7.118    system_i/ddr4_0/inst/u_ddr4_mem_intfc/u_mig_ddr4_phy/inst/generate_block1.u_ddr_xiphy/byte_num[6].xiphy_byte_wrapper.u_xiphy_byte_wrapper/I_BITSLICE_UPPER[4].GEN_RXTX_BITSLICE_EN.u_xiphy_bitslice_upper/TX_BIT_CTRL_OUT4[26]
    BITSLICE_RX_TX_X0Y205
                         RXTX_BITSLICE                                r  system_i/ddr4_0/inst/u_ddr4_mem_intfc/u_mig_ddr4_phy/inst/generate_block1.u_ddr_xiphy/byte_num[6].xiphy_byte_wrapper.u_xiphy_byte_wrapper/I_BITSLICE_UPPER[4].GEN_RXTX_BITSLICE_EN.u_xiphy_bitslice_upper/xiphy_rxtx_bitslice/TX_BIT_CTRL_IN[26]
                         clock pessimism             -0.299     6.819    <hidden>
                         clock uncertainty           -0.170     6.649    <hidden>
    BITSLICE_RX_TX_X0Y205
                         RXTX_BITSLICE (Setup_RXTX_BITSLICE_BITSLICE_RX_TX_TX_BIT_CTRL_IN[26]_D[2])
                                                     -0.013     6.636    system_i/ddr4_0/inst/u_ddr4_mem_intfc/u_mig_ddr4_phy/inst/generate_block1.u_ddr_xiphy/byte_num[6].xiphy_byte_wrapper.u_xiphy_byte_wrapper/I_BITSLICE_UPPER[4].GEN_RXTX_BITSLICE_EN.u_xiphy_bitslice_upper/xiphy_rxtx_bitslice
  -------------------------------------------------------------------
                         required time                          6.636    <hidden>
                         arrival time                          -5.837    <hidden>
  -------------------------------------------------------------------
                         slack                                  0.799    <hidden>





Min Delay Paths
--------------------------------------------------------------------------------------
Slack (MET) :             0.502ns  (arrival time - required time)
  Source:                 system_i/ddr4_0/inst/u_ddr4_mem_intfc/u_ddr_cal_top/u_ddr_mc_pi/rdEn[1].u_ddr_mc_rd_en_low/rdEn_reg[2]/C
                            (rising edge-triggered cell FDRE clocked by mmcm_clkout0  {rise@0.000ns fall@1.500ns period=3.001ns})
  Destination:            system_i/ddr4_0/inst/u_ddr4_mem_intfc/u_mig_ddr4_phy/inst/generate_block1.u_ddr_xiphy/byte_num[5].xiphy_byte_wrapper.u_xiphy_byte_wrapper/I_CONTROL[0].GEN_I_CONTROL.u_xiphy_control/xiphy_control/PHY_RDEN[2]
                            (rising edge-triggered cell BITSLICE_CONTROL clocked by pll_clk[1]_DIV  {rise@0.000ns fall@1.500ns period=3.001ns})
  Path Group:             pll_clk[1]_DIV
  Path Type:              Hold (Min at Slow Process Corner)
  Requirement:            0.000ns  (pll_clk[1]_DIV rise@0.000ns - mmcm_clkout0 rise@0.000ns)
  Data Path Delay:        0.269ns  (logic 0.059ns (21.933%)  route 0.210ns (78.067%))
  Logic Levels:           0  
  Clock Path Skew:        -0.673ns (DCD - SCD - CPR)
    Destination Clock Delay (DCD):    3.477ns
    Source Clock Delay      (SCD):    4.449ns
    Clock Pessimism Removal (CPR):    -0.299ns
  Clock Uncertainty:      0.170ns  ((TSJ^2 + DJ^2)^1/2) / 2 + PE
    Total System Jitter     (TSJ):    0.071ns
    Discrete Jitter          (DJ):    0.062ns
    Phase Error              (PE):    0.123ns
  Clock Net Delay (Source):      1.718ns (routing 0.847ns, distribution 0.871ns)
  Clock Net Delay (Destination): 1.784ns (routing 0.932ns, distribution 0.852ns)

    Location             Delay type                Incr(ns)  Path(ns)    Netlist Resource(s)
  -------------------------------------------------------------------    -------------------
                         (clock mmcm_clkout0 rise edge)
                                                      0.000     0.000 r  <hidden>
    K22                                               0.000     0.000 r  default_sysclk1_300_clk_p
                         net (fo=0)                   0.079     0.079    system_i/ddr4_0/inst/u_ddr4_mem_intfc/u_mig_ddr4_phy/inst/u_ddr4_phy_pll/diff_input_clk.u_ibufg_sys_clk/I
    HPIOBDIFFINBUF_X0Y58 DIFFINBUF (Prop_DIFFINBUF_HPIOBDIFFINBUF_DIFF_IN_P_O)
                                                      0.374     0.453 r  system_i/ddr4_0/inst/u_ddr4_mem_intfc/u_mig_ddr4_phy/inst/u_ddr4_phy_pll/diff_input_clk.u_ibufg_sys_clk/DIFFINBUF_INST/O
                         net (fo=1, routed)           0.040     0.493    system_i/ddr4_0/inst/u_ddr4_mem_intfc/u_mig_ddr4_phy/inst/u_ddr4_phy_pll/diff_input_clk.u_ibufg_sys_clk/OUT
    K22                  IBUFCTRL (Prop_IBUFCTRL_HPIOB_M_I_O)
                                                      0.000     0.493 r  system_i/ddr4_0/inst/u_ddr4_mem_intfc/u_mig_ddr4_phy/inst/u_ddr4_phy_pll/diff_input_clk.u_ibufg_sys_clk/IBUFCTRL_INST/O
                         net (fo=2, routed)           0.297     0.790    system_i/ddr4_0/inst/u_ddr4_mem_intfc/u_mig_ddr4_phy/inst/u_ddr4_phy_pll/sys_clk_in
    BUFGCE_X0Y49         BUFGCE (Prop_BUFCE_BUFGCE_I_O)
                                                      0.024     0.814 r  system_i/ddr4_0/inst/u_ddr4_mem_intfc/u_mig_ddr4_phy/inst/u_ddr4_phy_pll/gen_bufg_backbone.u__bufg_backbone/O
                         net (fo=1, routed)           1.049     1.863    system_i/ddr4_0/inst/u_ddr4_infrastructure/mmcm_clk_in
    MMCM_X0Y3            MMCME4_ADV (Prop_MMCM_CLKIN1_CLKOUT0)
                                                      0.630     2.493 r  system_i/ddr4_0/inst/u_ddr4_infrastructure/gen_mmcme4.u_mmcme_adv_inst/CLKOUT0
                         net (fo=1, routed)           0.214     2.707    system_i/ddr4_0/inst/u_ddr4_infrastructure/mmcm_clkout0
    BUFGCE_X0Y74         BUFGCE (Prop_BUFCE_BUFGCE_I_O)
                                                      0.024     2.731 r  system_i/ddr4_0/inst/u_ddr4_infrastructure/u_bufg_divClk/O
    X1Y2 (CLOCK_ROOT)    net (fo=14016, routed)       1.718     4.449    system_i/ddr4_0/inst/u_ddr4_mem_intfc/u_ddr_cal_top/u_ddr_mc_pi/rdEn[1].u_ddr_mc_rd_en_low/rsMask_reg[7][9]_0
    SLICE_X2Y211         FDRE                                         r  system_i/ddr4_0/inst/u_ddr4_mem_intfc/u_ddr_cal_top/u_ddr_mc_pi/rdEn[1].u_ddr_mc_rd_en_low/rdEn_reg[2]/C
  -------------------------------------------------------------------    -------------------
    SLICE_X2Y211         FDRE (Prop_BFF_SLICEL_C_Q)
                                                      0.059     4.508 r  system_i/ddr4_0/inst/u_ddr4_mem_intfc/u_ddr_cal_top/u_ddr_mc_pi/rdEn[1].u_ddr_mc_rd_en_low/rdEn_reg[2]/Q
                         net (fo=1, routed)           0.210     4.718    system_i/ddr4_0/inst/u_ddr4_mem_intfc/u_mig_ddr4_phy/inst/generate_block1.u_ddr_xiphy/byte_num[5].xiphy_byte_wrapper.u_xiphy_byte_wrapper/I_CONTROL[0].GEN_I_CONTROL.u_xiphy_control/ch0_mcal_clb2phy_rden_low[2]
    BITSLICE_CONTROL_X0Y28
                         BITSLICE_CONTROL                             r  system_i/ddr4_0/inst/u_ddr4_mem_intfc/u_mig_ddr4_phy/inst/generate_block1.u_ddr_xiphy/byte_num[5].xiphy_byte_wrapper.u_xiphy_byte_wrapper/I_CONTROL[0].GEN_I_CONTROL.u_xiphy_control/xiphy_control/PHY_RDEN[2]
  -------------------------------------------------------------------    -------------------

                         (clock pll_clk[1]_DIV rise edge)
                                                      0.000     0.000 r  <hidden>
    K22                                               0.000     0.000 r  default_sysclk1_300_clk_p
                         net (fo=0)                   0.100     0.100    system_i/ddr4_0/inst/u_ddr4_mem_intfc/u_mig_ddr4_phy/inst/u_ddr4_phy_pll/diff_input_clk.u_ibufg_sys_clk/I
    HPIOBDIFFINBUF_X0Y58 DIFFINBUF (Prop_DIFFINBUF_HPIOBDIFFINBUF_DIFF_IN_P_O)
                                                      0.469     0.569 r  system_i/ddr4_0/inst/u_ddr4_mem_intfc/u_mig_ddr4_phy/inst/u_ddr4_phy_pll/diff_input_clk.u_ibufg_sys_clk/DIFFINBUF_INST/O
                         net (fo=1, routed)           0.050     0.619    system_i/ddr4_0/inst/u_ddr4_mem_intfc/u_mig_ddr4_phy/inst/u_ddr4_phy_pll/diff_input_clk.u_ibufg_sys_clk/OUT
    K22                  IBUFCTRL (Prop_IBUFCTRL_HPIOB_M_I_O)
                                                      0.000     0.619 r  system_i/ddr4_0/inst/u_ddr4_mem_intfc/u_mig_ddr4_phy/inst/u_ddr4_phy_pll/diff_input_clk.u_ibufg_sys_clk/IBUFCTRL_INST/O
                         net (fo=2, routed)           0.336     0.955    system_i/ddr4_0/inst/u_ddr4_mem_intfc/u_mig_ddr4_phy/inst/u_ddr4_phy_pll/sys_clk_in
    BUFGCE_X0Y49         BUFGCE (Prop_BUFCE_BUFGCE_I_O)
                                                      0.028     0.983 r  system_i/ddr4_0/inst/u_ddr4_mem_intfc/u_mig_ddr4_phy/inst/u_ddr4_phy_pll/gen_bufg_backbone.u__bufg_backbone/O
                         net (fo=1, routed)           1.179     2.162    system_i/ddr4_0/inst/u_ddr4_infrastructure/mmcm_clk_in
    MMCM_X0Y3            MMCME4_ADV (Prop_MMCM_CLKIN1_CLKOUT0)
                                                     -0.127     2.035 r  system_i/ddr4_0/inst/u_ddr4_infrastructure/gen_mmcme4.u_mmcme_adv_inst/CLKOUT0
                         net (fo=1, routed)           0.244     2.279    system_i/ddr4_0/inst/u_ddr4_infrastructure/mmcm_clkout0
    BUFGCE_X0Y74         BUFGCE (Prop_BUFCE_BUFGCE_I_O)
                                                      0.028     2.307 r  system_i/ddr4_0/inst/u_ddr4_infrastructure/u_bufg_divClk/O
    X1Y2 (CLOCK_ROOT)    net (fo=14016, routed)       1.784     4.091    system_i/ddr4_0/inst/u_ddr4_mem_intfc/u_mig_ddr4_phy/inst/u_ddr4_phy_pll/div_clk
    PLL_X0Y7             PLLE4_ADV (Prop_PLL_CLKIN_CLKOUTPHY)
                                                     -1.058     3.033 r  system_i/ddr4_0/inst/u_ddr4_mem_intfc/u_mig_ddr4_phy/inst/u_ddr4_phy_pll/plle_loop[1].gen_plle4.PLLE4_BASE_INST_OTHER/CLKOUTPHY
                         net (fo=8, routed)           0.132     3.165    system_i/ddr4_0/inst/u_ddr4_mem_intfc/u_mig_ddr4_phy/inst/generate_block1.u_ddr_xiphy/byte_num[5].xiphy_byte_wrapper.u_xiphy_byte_wrapper/I_CONTROL[0].GEN_I_CONTROL.u_xiphy_control/pll_clk[0]
    BITSLICE_CONTROL_X0Y28
                         BITSLICE_CONTROL (Prop_CONTROL_BITSLICE_CONTROL_PLL_CLK_RX_DIV2_CLK_Q)
                                                      0.193     3.358 r  system_i/ddr4_0/inst/u_ddr4_mem_intfc/u_mig_ddr4_phy/inst/generate_block1.u_ddr_xiphy/byte_num[5].xiphy_byte_wrapper.u_xiphy_byte_wrapper/I_CONTROL[0].GEN_I_CONTROL.u_xiphy_control/xiphy_control/RX_DIV2_CLK_Q
    BITSLICE_CONTROL_X0Y28
                         BITSLICE_CONTROL (Prop_CONTROL_BITSLICE_CONTROL_RX_DIV2_CLK_Q_RX_DIV4_CLK_Q)
                                                      0.119     3.477 r  system_i/ddr4_0/inst/u_ddr4_mem_intfc/u_mig_ddr4_phy/inst/generate_block1.u_ddr_xiphy/byte_num[5].xiphy_byte_wrapper.u_xiphy_byte_wrapper/I_CONTROL[0].GEN_I_CONTROL.u_xiphy_control/xiphy_control/RX_DIV4_CLK_Q
                         clock pessimism              0.299     3.776    <hidden>
                         clock uncertainty            0.170     3.946    <hidden>
    BITSLICE_CONTROL_X0Y28
                         BITSLICE_CONTROL (Hold_CONTROL_BITSLICE_CONTROL_RX_DIV4_CLK_Q_PHY_RDEN[2])
                                                      0.270     4.216    system_i/ddr4_0/inst/u_ddr4_mem_intfc/u_mig_ddr4_phy/inst/generate_block1.u_ddr_xiphy/byte_num[5].xiphy_byte_wrapper.u_xiphy_byte_wrapper/I_CONTROL[0].GEN_I_CONTROL.u_xiphy_control/xiphy_control
  -------------------------------------------------------------------
                         required time                         -4.216    <hidden>
                         arrival time                           4.718    <hidden>
  -------------------------------------------------------------------
                         slack                                  0.502    <hidden>





---------------------------------------------------------------------------------------------------
From Clock:  mmcm_clkout0
  To Clock:  mmcm_clkout1

Setup :            0  Failing Endpoints,  Worst Slack        2.022ns,  Total Violation        0.000ns
Hold  :           NA  Failing Endpoints,  Worst Slack           NA  ,  Total Violation           NA
---------------------------------------------------------------------------------------------------


Max Delay Paths
--------------------------------------------------------------------------------------
Slack (MET) :             2.022ns  (required time - arrival time)
  Source:                 system_i/sc_0/inst/m00_nodes/m00_r_node/inst/inst_mi_handler/gen_normal_area.inst_fifo_node_payld/gen_xpm_memory_fifo.inst_fifo/gen_mem_rep[0].inst_xpm_memory/xpm_memory_base_inst/gen_wr_a.gen_word_narrow.mem_reg_0_31_42_55/RAMB/CLK
                            (rising edge-triggered cell RAMD32 clocked by mmcm_clkout0  {rise@0.000ns fall@1.500ns period=3.001ns})
  Destination:            system_i/sc_0/inst/m00_nodes/m00_r_node/inst/inst_mi_handler/gen_normal_area.inst_fifo_node_payld/gen_xpm_memory_fifo.inst_fifo/gen_mem_rep[0].inst_xpm_memory/xpm_memory_base_inst/gen_rd_b.gen_rd_b_synth_template.gen_rf_narrow_reg.doutb_reg_reg[44]/D
                            (rising edge-triggered cell FDRE clocked by mmcm_clkout1  {rise@0.000ns fall@5.001ns period=10.002ns})
  Path Group:             mmcm_clkout1
  Path Type:              Setup (Max at Slow Process Corner)
  Requirement:            3.001ns  (MaxDelay Path 3.001ns)
  Data Path Delay:        1.004ns  (logic 0.292ns (29.084%)  route 0.712ns (70.916%))
  Logic Levels:           0  
  Timing Exception:       MaxDelay Path 3.001ns -datapath_only

    Location             Delay type                Incr(ns)  Path(ns)    Netlist Resource(s)
  -------------------------------------------------------------------    -------------------
    SLICE_X44Y230                                     0.000     0.000 r  system_i/sc_0/inst/m00_nodes/m00_r_node/inst/inst_mi_handler/gen_normal_area.inst_fifo_node_payld/gen_xpm_memory_fifo.inst_fifo/gen_mem_rep[0].inst_xpm_memory/xpm_memory_base_inst/gen_wr_a.gen_word_narrow.mem_reg_0_31_42_55/RAMB/CLK
    SLICE_X44Y230        RAMD32 (Prop_B5LUT_SLICEM_CLK_O)
                                                      0.292     0.292 r  system_i/sc_0/inst/m00_nodes/m00_r_node/inst/inst_mi_handler/gen_normal_area.inst_fifo_node_payld/gen_xpm_memory_fifo.inst_fifo/gen_mem_rep[0].inst_xpm_memory/xpm_memory_base_inst/gen_wr_a.gen_word_narrow.mem_reg_0_31_42_55/RAMB/O
                         net (fo=1, routed)           0.712     1.004    system_i/sc_0/inst/m00_nodes/m00_r_node/inst/inst_mi_handler/gen_normal_area.inst_fifo_node_payld/gen_xpm_memory_fifo.inst_fifo/gen_mem_rep[0].inst_xpm_memory/xpm_memory_base_inst/gen_rd_b.gen_rd_b_synth_template.gen_rf_narrow_reg.doutb_reg_reg0[44]
    SLICE_X44Y232        FDRE                                         r  system_i/sc_0/inst/m00_nodes/m00_r_node/inst/inst_mi_handler/gen_normal_area.inst_fifo_node_payld/gen_xpm_memory_fifo.inst_fifo/gen_mem_rep[0].inst_xpm_memory/xpm_memory_base_inst/gen_rd_b.gen_rd_b_synth_template.gen_rf_narrow_reg.doutb_reg_reg[44]/D
  -------------------------------------------------------------------    -------------------

                         max delay                    3.001     3.001    <hidden>
    SLICE_X44Y232        FDRE (Setup_AFF_SLICEM_C_D)
                                                      0.025     3.026    system_i/sc_0/inst/m00_nodes/m00_r_node/inst/inst_mi_handler/gen_normal_area.inst_fifo_node_payld/gen_xpm_memory_fifo.inst_fifo/gen_mem_rep[0].inst_xpm_memory/xpm_memory_base_inst/gen_rd_b.gen_rd_b_synth_template.gen_rf_narrow_reg.doutb_reg_reg[44]
  -------------------------------------------------------------------
                         required time                          3.026    <hidden>
                         arrival time                          -1.004    <hidden>
  -------------------------------------------------------------------
                         slack                                  2.022    <hidden>





---------------------------------------------------------------------------------------------------
From Clock:  dbg_hub/inst/BSCANID.u_xsdbm_id/SWITCH_N_EXT_BSCAN.bscan_inst/SERIES7_BSCAN.bscan_inst/INTERNAL_TCK
  To Clock:  mmcm_clkout5

Setup :            0  Failing Endpoints,  Worst Slack       49.394ns,  Total Violation        0.000ns
Hold  :           NA  Failing Endpoints,  Worst Slack           NA  ,  Total Violation           NA
---------------------------------------------------------------------------------------------------


Max Delay Paths
--------------------------------------------------------------------------------------
Slack (MET) :             49.394ns  (required time - arrival time)
  Source:                 dbg_hub/inst/BSCANID.u_xsdbm_id/CORE_XSDB.UUT_MASTER/U_ICON_INTERFACE/U_CMD6_WR/U_WR_FIFO/SUBCORE_FIFO.xsdbm_v3_0_6_wrfifo_inst/inst_fifo_gen/gconvfifo.rf/grf.rf/gntv_or_sync_fifo.gcx.clkx/gnxpm_cdc.wr_pntr_gc_reg[0]/C
                            (rising edge-triggered cell FDCE clocked by dbg_hub/inst/BSCANID.u_xsdbm_id/SWITCH_N_EXT_BSCAN.bscan_inst/SERIES7_BSCAN.bscan_inst/INTERNAL_TCK  {rise@0.000ns fall@25.000ns period=50.000ns})
  Destination:            dbg_hub/inst/BSCANID.u_xsdbm_id/CORE_XSDB.UUT_MASTER/U_ICON_INTERFACE/U_CMD6_WR/U_WR_FIFO/SUBCORE_FIFO.xsdbm_v3_0_6_wrfifo_inst/inst_fifo_gen/gconvfifo.rf/grf.rf/gntv_or_sync_fifo.gcx.clkx/gnxpm_cdc.gsync_stage[1].rd_stg_inst/Q_reg_reg[0]/D
                            (rising edge-triggered cell FDCE clocked by mmcm_clkout5  {rise@0.000ns fall@6.001ns period=12.002ns})
  Path Group:             mmcm_clkout5
  Path Type:              Setup (Max at Slow Process Corner)
  Requirement:            50.000ns  (MaxDelay Path 50.000ns)
  Data Path Delay:        0.631ns  (logic 0.078ns (12.361%)  route 0.553ns (87.639%))
  Logic Levels:           0  
  Timing Exception:       MaxDelay Path 50.000ns -datapath_only

    Location             Delay type                Incr(ns)  Path(ns)    Netlist Resource(s)
  -------------------------------------------------------------------    -------------------
    SLICE_X44Y146                                     0.000     0.000 r  dbg_hub/inst/BSCANID.u_xsdbm_id/CORE_XSDB.UUT_MASTER/U_ICON_INTERFACE/U_CMD6_WR/U_WR_FIFO/SUBCORE_FIFO.xsdbm_v3_0_6_wrfifo_inst/inst_fifo_gen/gconvfifo.rf/grf.rf/gntv_or_sync_fifo.gcx.clkx/gnxpm_cdc.wr_pntr_gc_reg[0]/C
    SLICE_X44Y146        FDCE (Prop_DFF_SLICEM_C_Q)
                                                      0.078     0.078 r  dbg_hub/inst/BSCANID.u_xsdbm_id/CORE_XSDB.UUT_MASTER/U_ICON_INTERFACE/U_CMD6_WR/U_WR_FIFO/SUBCORE_FIFO.xsdbm_v3_0_6_wrfifo_inst/inst_fifo_gen/gconvfifo.rf/grf.rf/gntv_or_sync_fifo.gcx.clkx/gnxpm_cdc.wr_pntr_gc_reg[0]/Q
                         net (fo=1, routed)           0.553     0.631    dbg_hub/inst/BSCANID.u_xsdbm_id/CORE_XSDB.UUT_MASTER/U_ICON_INTERFACE/U_CMD6_WR/U_WR_FIFO/SUBCORE_FIFO.xsdbm_v3_0_6_wrfifo_inst/inst_fifo_gen/gconvfifo.rf/grf.rf/gntv_or_sync_fifo.gcx.clkx/gnxpm_cdc.gsync_stage[1].rd_stg_inst/Q[0]
    SLICE_X43Y145        FDCE                                         r  dbg_hub/inst/BSCANID.u_xsdbm_id/CORE_XSDB.UUT_MASTER/U_ICON_INTERFACE/U_CMD6_WR/U_WR_FIFO/SUBCORE_FIFO.xsdbm_v3_0_6_wrfifo_inst/inst_fifo_gen/gconvfifo.rf/grf.rf/gntv_or_sync_fifo.gcx.clkx/gnxpm_cdc.gsync_stage[1].rd_stg_inst/Q_reg_reg[0]/D
  -------------------------------------------------------------------    -------------------

                         max delay                   50.000    50.000    <hidden>
    SLICE_X43Y145        FDCE (Setup_HFF2_SLICEL_C_D)
                                                      0.025    50.025    dbg_hub/inst/BSCANID.u_xsdbm_id/CORE_XSDB.UUT_MASTER/U_ICON_INTERFACE/U_CMD6_WR/U_WR_FIFO/SUBCORE_FIFO.xsdbm_v3_0_6_wrfifo_inst/inst_fifo_gen/gconvfifo.rf/grf.rf/gntv_or_sync_fifo.gcx.clkx/gnxpm_cdc.gsync_stage[1].rd_stg_inst/Q_reg_reg[0]
  -------------------------------------------------------------------
                         required time                         50.025    <hidden>
                         arrival time                          -0.631    <hidden>
  -------------------------------------------------------------------
                         slack                                 49.394    <hidden>





---------------------------------------------------------------------------------------------------
From Clock:  mmcm_clkout0
  To Clock:  mmcm_clkout5

Setup :            0  Failing Endpoints,  Worst Slack       11.449ns,  Total Violation        0.000ns
Hold  :           NA  Failing Endpoints,  Worst Slack           NA  ,  Total Violation           NA
---------------------------------------------------------------------------------------------------


Max Delay Paths
--------------------------------------------------------------------------------------
Slack (MET) :             11.449ns  (required time - arrival time)
  Source:                 system_i/ddr4_0/inst/u_ddr4_mem_intfc/u_ddr_cal_top/u_ddr_cal/u_xsdb_arbiter/slave_do_fclk_reg[3]/C
                            (rising edge-triggered cell FDRE clocked by mmcm_clkout0  {rise@0.000ns fall@1.500ns period=3.001ns})
  Destination:            system_i/ddr4_0/inst/u_ddr4_mem_intfc/u_ddr_cal_top/u_ddr_cal/u_xsdb_arbiter/u_slave_do_sync/SYNC[3].sync_reg_reg[0]/D
                            (rising edge-triggered cell FDRE clocked by mmcm_clkout5  {rise@0.000ns fall@6.001ns period=12.002ns})
  Path Group:             mmcm_clkout5
  Path Type:              Setup (Max at Slow Process Corner)
  Requirement:            12.000ns  (MaxDelay Path 12.000ns)
  Data Path Delay:        0.576ns  (logic 0.079ns (13.715%)  route 0.497ns (86.285%))
  Logic Levels:           0  
  Timing Exception:       MaxDelay Path 12.000ns -datapath_only

    Location             Delay type                Incr(ns)  Path(ns)    Netlist Resource(s)
  -------------------------------------------------------------------    -------------------
    SLICE_X22Y151                                     0.000     0.000 r  system_i/ddr4_0/inst/u_ddr4_mem_intfc/u_ddr_cal_top/u_ddr_cal/u_xsdb_arbiter/slave_do_fclk_reg[3]/C
    SLICE_X22Y151        FDRE (Prop_DFF_SLICEL_C_Q)
                                                      0.079     0.079 r  system_i/ddr4_0/inst/u_ddr4_mem_intfc/u_ddr_cal_top/u_ddr_cal/u_xsdb_arbiter/slave_do_fclk_reg[3]/Q
                         net (fo=1, routed)           0.497     0.576    system_i/ddr4_0/inst/u_ddr4_mem_intfc/u_ddr_cal_top/u_ddr_cal/u_xsdb_arbiter/u_slave_do_sync/out[3]
    SLICE_X26Y140        FDRE                                         r  system_i/ddr4_0/inst/u_ddr4_mem_intfc/u_ddr_cal_top/u_ddr_cal/u_xsdb_arbiter/u_slave_do_sync/SYNC[3].sync_reg_reg[0]/D
  -------------------------------------------------------------------    -------------------

                         max delay                   12.000    12.000    <hidden>
    SLICE_X26Y140        FDRE (Setup_CFF2_SLICEL_C_D)
                                                      0.025    12.025    system_i/ddr4_0/inst/u_ddr4_mem_intfc/u_ddr_cal_top/u_ddr_cal/u_xsdb_arbiter/u_slave_do_sync/SYNC[3].sync_reg_reg[0]
  -------------------------------------------------------------------
                         required time                         12.025    <hidden>
                         arrival time                          -0.576    <hidden>
  -------------------------------------------------------------------
                         slack                                 11.449    <hidden>





---------------------------------------------------------------------------------------------------
From Clock:  mmcm_clkout0
  To Clock:  mmcm_clkout6

Setup :            0  Failing Endpoints,  Worst Slack        1.539ns,  Total Violation        0.000ns
Hold  :            0  Failing Endpoints,  Worst Slack        0.122ns,  Total Violation        0.000ns
---------------------------------------------------------------------------------------------------


Max Delay Paths
--------------------------------------------------------------------------------------
Slack (MET) :             1.539ns  (required time - arrival time)
  Source:                 system_i/ddr4_0/inst/u_ddr4_mem_intfc/u_ddr_cal_top/sample_gts_reg/C
                            (rising edge-triggered cell FDRE clocked by mmcm_clkout0  {rise@0.000ns fall@1.500ns period=3.001ns})
  Destination:            system_i/ddr4_0/inst/u_ddr4_mem_intfc/u_ddr_cal_riu/sample_gts_riu_reg/D
                            (rising edge-triggered cell FDRE clocked by mmcm_clkout6  {rise@0.000ns fall@3.001ns period=6.001ns})
  Path Group:             mmcm_clkout6
  Path Type:              Setup (Max at Slow Process Corner)
  Requirement:            3.001ns  (mmcm_clkout6 rise@6.001ns - mmcm_clkout0 rise@3.001ns)
  Data Path Delay:        1.082ns  (logic 0.078ns (7.209%)  route 1.004ns (92.791%))
  Logic Levels:           0  
  Clock Path Skew:        -0.216ns (DCD - SCD + CPR)
    Destination Clock Delay (DCD):    4.494ns = ( 10.495 - 6.001 ) 
    Source Clock Delay      (SCD):    4.252ns = ( 7.253 - 3.001 ) 
    Clock Pessimism Removal (CPR):    -0.457ns
  Clock Uncertainty:      0.188ns  ((TSJ^2 + DJ^2)^1/2) / 2 + PE
    Total System Jitter     (TSJ):    0.071ns
    Discrete Jitter          (DJ):    0.117ns
    Phase Error              (PE):    0.120ns
  Clock Net Delay (Source):      1.945ns (routing 0.932ns, distribution 1.013ns)
  Clock Net Delay (Destination): 1.750ns (routing 0.862ns, distribution 0.888ns)

    Location             Delay type                Incr(ns)  Path(ns)    Netlist Resource(s)
  -------------------------------------------------------------------    -------------------
                         (clock mmcm_clkout0 rise edge)
                                                      3.001     3.001 r  <hidden>
    K22                                               0.000     3.001 r  default_sysclk1_300_clk_p
                         net (fo=0)                   0.100     3.101    system_i/ddr4_0/inst/u_ddr4_mem_intfc/u_mig_ddr4_phy/inst/u_ddr4_phy_pll/diff_input_clk.u_ibufg_sys_clk/I
    HPIOBDIFFINBUF_X0Y58 DIFFINBUF (Prop_DIFFINBUF_HPIOBDIFFINBUF_DIFF_IN_P_O)
                                                      0.469     3.570 r  system_i/ddr4_0/inst/u_ddr4_mem_intfc/u_mig_ddr4_phy/inst/u_ddr4_phy_pll/diff_input_clk.u_ibufg_sys_clk/DIFFINBUF_INST/O
                         net (fo=1, routed)           0.050     3.620    system_i/ddr4_0/inst/u_ddr4_mem_intfc/u_mig_ddr4_phy/inst/u_ddr4_phy_pll/diff_input_clk.u_ibufg_sys_clk/OUT
    K22                  IBUFCTRL (Prop_IBUFCTRL_HPIOB_M_I_O)
                                                      0.000     3.620 r  system_i/ddr4_0/inst/u_ddr4_mem_intfc/u_mig_ddr4_phy/inst/u_ddr4_phy_pll/diff_input_clk.u_ibufg_sys_clk/IBUFCTRL_INST/O
                         net (fo=2, routed)           0.336     3.956    system_i/ddr4_0/inst/u_ddr4_mem_intfc/u_mig_ddr4_phy/inst/u_ddr4_phy_pll/sys_clk_in
    BUFGCE_X0Y49         BUFGCE (Prop_BUFCE_BUFGCE_I_O)
                                                      0.028     3.984 r  system_i/ddr4_0/inst/u_ddr4_mem_intfc/u_mig_ddr4_phy/inst/u_ddr4_phy_pll/gen_bufg_backbone.u__bufg_backbone/O
                         net (fo=1, routed)           1.179     5.163    system_i/ddr4_0/inst/u_ddr4_infrastructure/mmcm_clk_in
    MMCM_X0Y3            MMCME4_ADV (Prop_MMCM_CLKIN1_CLKOUT0)
                                                     -0.127     5.036 r  system_i/ddr4_0/inst/u_ddr4_infrastructure/gen_mmcme4.u_mmcme_adv_inst/CLKOUT0
                         net (fo=1, routed)           0.244     5.280    system_i/ddr4_0/inst/u_ddr4_infrastructure/mmcm_clkout0
    BUFGCE_X0Y74         BUFGCE (Prop_BUFCE_BUFGCE_I_O)
                                                      0.028     5.308 r  system_i/ddr4_0/inst/u_ddr4_infrastructure/u_bufg_divClk/O
    X1Y2 (CLOCK_ROOT)    net (fo=14016, routed)       1.945     7.253    system_i/ddr4_0/inst/u_ddr4_mem_intfc/u_ddr_cal_top/dReg_reg[13]
    SLICE_X5Y234         FDRE                                         r  system_i/ddr4_0/inst/u_ddr4_mem_intfc/u_ddr_cal_top/sample_gts_reg/C
  -------------------------------------------------------------------    -------------------
    SLICE_X5Y234         FDRE (Prop_DFF_SLICEM_C_Q)
                                                      0.078     7.331 r  system_i/ddr4_0/inst/u_ddr4_mem_intfc/u_ddr_cal_top/sample_gts_reg/Q
                         net (fo=1, routed)           1.004     8.335    system_i/ddr4_0/inst/u_ddr4_mem_intfc/u_ddr_cal_riu/sample_gts
    SLICE_X6Y232         FDRE                                         r  system_i/ddr4_0/inst/u_ddr4_mem_intfc/u_ddr_cal_riu/sample_gts_riu_reg/D
  -------------------------------------------------------------------    -------------------

                         (clock mmcm_clkout6 rise edge)
                                                      6.001     6.001 r  <hidden>
    K22                                               0.000     6.001 r  default_sysclk1_300_clk_p
                         net (fo=0)                   0.079     6.080    system_i/ddr4_0/inst/u_ddr4_mem_intfc/u_mig_ddr4_phy/inst/u_ddr4_phy_pll/diff_input_clk.u_ibufg_sys_clk/I
    HPIOBDIFFINBUF_X0Y58 DIFFINBUF (Prop_DIFFINBUF_HPIOBDIFFINBUF_DIFF_IN_P_O)
                                                      0.374     6.454 r  system_i/ddr4_0/inst/u_ddr4_mem_intfc/u_mig_ddr4_phy/inst/u_ddr4_phy_pll/diff_input_clk.u_ibufg_sys_clk/DIFFINBUF_INST/O
                         net (fo=1, routed)           0.040     6.494    system_i/ddr4_0/inst/u_ddr4_mem_intfc/u_mig_ddr4_phy/inst/u_ddr4_phy_pll/diff_input_clk.u_ibufg_sys_clk/OUT
    K22                  IBUFCTRL (Prop_IBUFCTRL_HPIOB_M_I_O)
                                                      0.000     6.494 r  system_i/ddr4_0/inst/u_ddr4_mem_intfc/u_mig_ddr4_phy/inst/u_ddr4_phy_pll/diff_input_clk.u_ibufg_sys_clk/IBUFCTRL_INST/O
                         net (fo=2, routed)           0.297     6.791    system_i/ddr4_0/inst/u_ddr4_mem_intfc/u_mig_ddr4_phy/inst/u_ddr4_phy_pll/sys_clk_in
    BUFGCE_X0Y49         BUFGCE (Prop_BUFCE_BUFGCE_I_O)
                                                      0.024     6.815 r  system_i/ddr4_0/inst/u_ddr4_mem_intfc/u_mig_ddr4_phy/inst/u_ddr4_phy_pll/gen_bufg_backbone.u__bufg_backbone/O
                         net (fo=1, routed)           1.049     7.864    system_i/ddr4_0/inst/u_ddr4_infrastructure/mmcm_clk_in
    MMCM_X0Y3            MMCME4_ADV (Prop_MMCM_CLKIN1_CLKOUT6)
                                                      0.630     8.494 r  system_i/ddr4_0/inst/u_ddr4_infrastructure/gen_mmcme4.u_mmcme_adv_inst/CLKOUT6
                         net (fo=1, routed)           0.227     8.721    system_i/ddr4_0/inst/u_ddr4_infrastructure/mmcm_clkout6
    BUFGCE_X0Y82         BUFGCE (Prop_BUFCE_BUFGCE_I_O)
                                                      0.024     8.745 r  system_i/ddr4_0/inst/u_ddr4_infrastructure/u_bufg_riuClk/O
    X1Y2 (CLOCK_ROOT)    net (fo=1640, routed)        1.750    10.495    system_i/ddr4_0/inst/u_ddr4_mem_intfc/u_ddr_cal_riu/CLK
    SLICE_X6Y232         FDRE                                         r  system_i/ddr4_0/inst/u_ddr4_mem_intfc/u_ddr_cal_riu/sample_gts_riu_reg/C
                         clock pessimism             -0.457    10.038    <hidden>
                         clock uncertainty           -0.188     9.849    <hidden>
    SLICE_X6Y232         FDRE (Setup_EFF_SLICEL_C_D)
                                                      0.025     9.874    system_i/ddr4_0/inst/u_ddr4_mem_intfc/u_ddr_cal_riu/sample_gts_riu_reg
  -------------------------------------------------------------------
                         required time                          9.874    <hidden>
                         arrival time                          -8.335    <hidden>
  -------------------------------------------------------------------
                         slack                                  1.539    <hidden>





Min Delay Paths
--------------------------------------------------------------------------------------
Slack (MET) :             0.122ns  (arrival time - required time)
  Source:                 system_i/ddr4_0/inst/u_ddr4_mem_intfc/u_ddr_cal_top/sample_gts_reg/C
                            (rising edge-triggered cell FDRE clocked by mmcm_clkout0  {rise@0.000ns fall@1.500ns period=3.001ns})
  Destination:            system_i/ddr4_0/inst/u_ddr4_mem_intfc/u_ddr_cal_riu/sample_gts_riu_reg/D
                            (rising edge-triggered cell FDRE clocked by mmcm_clkout6  {rise@0.000ns fall@3.001ns period=6.001ns})
  Path Group:             mmcm_clkout6
  Path Type:              Hold (Min at Fast Process Corner)
  Requirement:            0.000ns  (mmcm_clkout6 rise@0.000ns - mmcm_clkout0 rise@0.000ns)
  Data Path Delay:        0.541ns  (logic 0.039ns (7.209%)  route 0.502ns (92.791%))
  Logic Levels:           0  
  Clock Path Skew:        0.184ns (DCD - SCD - CPR)
    Destination Clock Delay (DCD):    2.542ns
    Source Clock Delay      (SCD):    2.635ns
    Clock Pessimism Removal (CPR):    -0.277ns
  Clock Uncertainty:      0.188ns  ((TSJ^2 + DJ^2)^1/2) / 2 + PE
    Total System Jitter     (TSJ):    0.071ns
    Discrete Jitter          (DJ):    0.117ns
    Phase Error              (PE):    0.120ns
  Clock Net Delay (Source):      1.074ns (routing 0.512ns, distribution 0.562ns)
  Clock Net Delay (Destination): 1.224ns (routing 0.577ns, distribution 0.647ns)

    Location             Delay type                Incr(ns)  Path(ns)    Netlist Resource(s)
  -------------------------------------------------------------------    -------------------
                         (clock mmcm_clkout0 rise edge)
                                                      0.000     0.000 r  <hidden>
    K22                                               0.000     0.000 r  default_sysclk1_300_clk_p
                         net (fo=0)                   0.079     0.079    system_i/ddr4_0/inst/u_ddr4_mem_intfc/u_mig_ddr4_phy/inst/u_ddr4_phy_pll/diff_input_clk.u_ibufg_sys_clk/I
    HPIOBDIFFINBUF_X0Y58 DIFFINBUF (Prop_DIFFINBUF_HPIOBDIFFINBUF_DIFF_IN_P_O)
                                                      0.229     0.308 r  system_i/ddr4_0/inst/u_ddr4_mem_intfc/u_mig_ddr4_phy/inst/u_ddr4_phy_pll/diff_input_clk.u_ibufg_sys_clk/DIFFINBUF_INST/O
                         net (fo=1, routed)           0.040     0.348    system_i/ddr4_0/inst/u_ddr4_mem_intfc/u_mig_ddr4_phy/inst/u_ddr4_phy_pll/diff_input_clk.u_ibufg_sys_clk/OUT
    K22                  IBUFCTRL (Prop_IBUFCTRL_HPIOB_M_I_O)
                                                      0.000     0.348 r  system_i/ddr4_0/inst/u_ddr4_mem_intfc/u_mig_ddr4_phy/inst/u_ddr4_phy_pll/diff_input_clk.u_ibufg_sys_clk/IBUFCTRL_INST/O
                         net (fo=2, routed)           0.151     0.499    system_i/ddr4_0/inst/u_ddr4_mem_intfc/u_mig_ddr4_phy/inst/u_ddr4_phy_pll/sys_clk_in
    BUFGCE_X0Y49         BUFGCE (Prop_BUFCE_BUFGCE_I_O)
                                                      0.017     0.516 r  system_i/ddr4_0/inst/u_ddr4_mem_intfc/u_mig_ddr4_phy/inst/u_ddr4_phy_pll/gen_bufg_backbone.u__bufg_backbone/O
                         net (fo=1, routed)           0.654     1.170    system_i/ddr4_0/inst/u_ddr4_infrastructure/mmcm_clk_in
    MMCM_X0Y3            MMCME4_ADV (Prop_MMCM_CLKIN1_CLKOUT0)
                                                      0.230     1.400 r  system_i/ddr4_0/inst/u_ddr4_infrastructure/gen_mmcme4.u_mmcme_adv_inst/CLKOUT0
                         net (fo=1, routed)           0.145     1.545    system_i/ddr4_0/inst/u_ddr4_infrastructure/mmcm_clkout0
    BUFGCE_X0Y74         BUFGCE (Prop_BUFCE_BUFGCE_I_O)
                                                      0.017     1.562 r  system_i/ddr4_0/inst/u_ddr4_infrastructure/u_bufg_divClk/O
    X1Y2 (CLOCK_ROOT)    net (fo=14016, routed)       1.074     2.635    system_i/ddr4_0/inst/u_ddr4_mem_intfc/u_ddr_cal_top/dReg_reg[13]
    SLICE_X5Y234         FDRE                                         r  system_i/ddr4_0/inst/u_ddr4_mem_intfc/u_ddr_cal_top/sample_gts_reg/C
  -------------------------------------------------------------------    -------------------
    SLICE_X5Y234         FDRE (Prop_DFF_SLICEM_C_Q)
                                                      0.039     2.674 r  system_i/ddr4_0/inst/u_ddr4_mem_intfc/u_ddr_cal_top/sample_gts_reg/Q
                         net (fo=1, routed)           0.502     3.176    system_i/ddr4_0/inst/u_ddr4_mem_intfc/u_ddr_cal_riu/sample_gts
    SLICE_X6Y232         FDRE                                         r  system_i/ddr4_0/inst/u_ddr4_mem_intfc/u_ddr_cal_riu/sample_gts_riu_reg/D
  -------------------------------------------------------------------    -------------------

                         (clock mmcm_clkout6 rise edge)
                                                      0.000     0.000 r  <hidden>
    K22                                               0.000     0.000 r  default_sysclk1_300_clk_p
                         net (fo=0)                   0.100     0.100    system_i/ddr4_0/inst/u_ddr4_mem_intfc/u_mig_ddr4_phy/inst/u_ddr4_phy_pll/diff_input_clk.u_ibufg_sys_clk/I
    HPIOBDIFFINBUF_X0Y58 DIFFINBUF (Prop_DIFFINBUF_HPIOBDIFFINBUF_DIFF_IN_P_O)
                                                      0.326     0.426 r  system_i/ddr4_0/inst/u_ddr4_mem_intfc/u_mig_ddr4_phy/inst/u_ddr4_phy_pll/diff_input_clk.u_ibufg_sys_clk/DIFFINBUF_INST/O
                         net (fo=1, routed)           0.050     0.476    system_i/ddr4_0/inst/u_ddr4_mem_intfc/u_mig_ddr4_phy/inst/u_ddr4_phy_pll/diff_input_clk.u_ibufg_sys_clk/OUT
    K22                  IBUFCTRL (Prop_IBUFCTRL_HPIOB_M_I_O)
                                                      0.000     0.476 r  system_i/ddr4_0/inst/u_ddr4_mem_intfc/u_mig_ddr4_phy/inst/u_ddr4_phy_pll/diff_input_clk.u_ibufg_sys_clk/IBUFCTRL_INST/O
                         net (fo=2, routed)           0.189     0.665    system_i/ddr4_0/inst/u_ddr4_mem_intfc/u_mig_ddr4_phy/inst/u_ddr4_phy_pll/sys_clk_in
    BUFGCE_X0Y49         BUFGCE (Prop_BUFCE_BUFGCE_I_O)
                                                      0.019     0.684 r  system_i/ddr4_0/inst/u_ddr4_mem_intfc/u_mig_ddr4_phy/inst/u_ddr4_phy_pll/gen_bufg_backbone.u__bufg_backbone/O
                         net (fo=1, routed)           0.733     1.417    system_i/ddr4_0/inst/u_ddr4_infrastructure/mmcm_clk_in
    MMCM_X0Y3            MMCME4_ADV (Prop_MMCM_CLKIN1_CLKOUT6)
                                                     -0.295     1.122 r  system_i/ddr4_0/inst/u_ddr4_infrastructure/gen_mmcme4.u_mmcme_adv_inst/CLKOUT6
                         net (fo=1, routed)           0.177     1.299    system_i/ddr4_0/inst/u_ddr4_infrastructure/mmcm_clkout6
    BUFGCE_X0Y82         BUFGCE (Prop_BUFCE_BUFGCE_I_O)
                                                      0.019     1.318 r  system_i/ddr4_0/inst/u_ddr4_infrastructure/u_bufg_riuClk/O
    X1Y2 (CLOCK_ROOT)    net (fo=1640, routed)        1.224     2.542    system_i/ddr4_0/inst/u_ddr4_mem_intfc/u_ddr_cal_riu/CLK
    SLICE_X6Y232         FDRE                                         r  system_i/ddr4_0/inst/u_ddr4_mem_intfc/u_ddr_cal_riu/sample_gts_riu_reg/C
                         clock pessimism              0.277     2.820    <hidden>
                         clock uncertainty            0.188     3.008    <hidden>
    SLICE_X6Y232         FDRE (Hold_EFF_SLICEL_C_D)
                                                      0.046     3.054    system_i/ddr4_0/inst/u_ddr4_mem_intfc/u_ddr_cal_riu/sample_gts_riu_reg
  -------------------------------------------------------------------
                         required time                         -3.054    <hidden>
                         arrival time                           3.176    <hidden>
  -------------------------------------------------------------------
                         slack                                  0.122    <hidden>





---------------------------------------------------------------------------------------------------
Path Group:  **async_default**
From Clock:  dbg_hub/inst/BSCANID.u_xsdbm_id/SWITCH_N_EXT_BSCAN.bscan_inst/SERIES7_BSCAN.bscan_inst/INTERNAL_TCK
  To Clock:  dbg_hub/inst/BSCANID.u_xsdbm_id/SWITCH_N_EXT_BSCAN.bscan_inst/SERIES7_BSCAN.bscan_inst/INTERNAL_TCK

Setup :            0  Failing Endpoints,  Worst Slack       47.705ns,  Total Violation        0.000ns
Hold  :            0  Failing Endpoints,  Worst Slack        0.120ns,  Total Violation        0.000ns
---------------------------------------------------------------------------------------------------


Max Delay Paths
--------------------------------------------------------------------------------------
Slack (MET) :             47.705ns  (required time - arrival time)
  Source:                 dbg_hub/inst/BSCANID.u_xsdbm_id/SWITCH_N_EXT_BSCAN.bscan_switch/portno_reg[5]/C
                            (rising edge-triggered cell FDRE clocked by dbg_hub/inst/BSCANID.u_xsdbm_id/SWITCH_N_EXT_BSCAN.bscan_inst/SERIES7_BSCAN.bscan_inst/INTERNAL_TCK  {rise@0.000ns fall@25.000ns period=50.000ns})
  Destination:            dbg_hub/inst/BSCANID.u_xsdbm_id/CORE_XSDB.U_ICON/U_CMD/iTARGET_reg[14]/CLR
                            (recovery check against rising-edge clock dbg_hub/inst/BSCANID.u_xsdbm_id/SWITCH_N_EXT_BSCAN.bscan_inst/SERIES7_BSCAN.bscan_inst/INTERNAL_TCK  {rise@0.000ns fall@25.000ns period=50.000ns})
  Path Group:             **async_default**
  Path Type:              Recovery (Max at Slow Process Corner)
  Requirement:            50.000ns  (dbg_hub/inst/BSCANID.u_xsdbm_id/SWITCH_N_EXT_BSCAN.bscan_inst/SERIES7_BSCAN.bscan_inst/INTERNAL_TCK rise@50.000ns - dbg_hub/inst/BSCANID.u_xsdbm_id/SWITCH_N_EXT_BSCAN.bscan_inst/SERIES7_BSCAN.bscan_inst/INTERNAL_TCK rise@0.000ns)
  Data Path Delay:        2.071ns  (logic 0.294ns (14.199%)  route 1.777ns (85.801%))
  Logic Levels:           2  (LUT4=1 LUT6=1)
  Clock Path Skew:        -0.123ns (DCD - SCD + CPR)
    Destination Clock Delay (DCD):    4.636ns = ( 54.636 - 50.000 ) 
    Source Clock Delay      (SCD):    9.692ns
    Clock Pessimism Removal (CPR):    4.933ns
  Clock Uncertainty:      0.035ns  ((TSJ^2 + TIJ^2)^1/2 + DJ) / 2 + PE
    Total System Jitter     (TSJ):    0.071ns
    Total Input Jitter      (TIJ):    0.000ns
    Discrete Jitter          (DJ):    0.000ns
    Phase Error              (PE):    0.000ns
  Clock Net Delay (Source):      2.404ns (routing 1.442ns, distribution 0.962ns)
  Clock Net Delay (Destination): 2.151ns (routing 1.312ns, distribution 0.839ns)

    Location             Delay type                Incr(ns)  Path(ns)    Netlist Resource(s)
  -------------------------------------------------------------------    -------------------
                         (clock dbg_hub/inst/BSCANID.u_xsdbm_id/SWITCH_N_EXT_BSCAN.bscan_inst/SERIES7_BSCAN.bscan_inst/INTERNAL_TCK rise edge)
                                                      0.000     0.000 r  <hidden>
    CONFIG_SITE_X0Y0     BSCANE2                      0.000     0.000 r  dbg_hub/inst/BSCANID.u_xsdbm_id/SWITCH_N_EXT_BSCAN.bscan_inst/SERIES7_BSCAN.bscan_inst/INTERNAL_TCK
    CONFIG_SITE_X0Y0     BSCANE2 (Prop_BSCAN1_CONFIG_SITE_INTERNAL_TCK_TCK)
                                                      4.300     4.300 r  dbg_hub/inst/BSCANID.u_xsdbm_id/SWITCH_N_EXT_BSCAN.bscan_inst/SERIES7_BSCAN.bscan_inst/TCK
                         net (fo=1, routed)           2.960     7.260    dbg_hub/inst/BSCANID.u_xsdbm_id/tck_bs
    BUFGCE_X0Y76         BUFGCE (Prop_BUFCE_BUFGCE_I_O)
                                                      0.028     7.288 r  dbg_hub/inst/BSCANID.u_xsdbm_id/SWITCH_N_EXT_BSCAN.u_bufg_icon_tck/O
    X2Y1 (CLOCK_ROOT)    net (fo=478, routed)         2.404     9.692    dbg_hub/inst/BSCANID.u_xsdbm_id/SWITCH_N_EXT_BSCAN.bscan_switch/s_bscan_tck
    SLICE_X93Y103        FDRE                                         r  dbg_hub/inst/BSCANID.u_xsdbm_id/SWITCH_N_EXT_BSCAN.bscan_switch/portno_reg[5]/C
  -------------------------------------------------------------------    -------------------
    SLICE_X93Y103        FDRE (Prop_CFF2_SLICEM_C_Q)
                                                      0.077     9.769 f  dbg_hub/inst/BSCANID.u_xsdbm_id/SWITCH_N_EXT_BSCAN.bscan_switch/portno_reg[5]/Q
                         net (fo=1, routed)           0.257    10.026    dbg_hub/inst/BSCANID.u_xsdbm_id/SWITCH_N_EXT_BSCAN.bscan_switch/portno[5]
    SLICE_X93Y103        LUT6 (Prop_B6LUT_SLICEM_I5_O)
                                                      0.149    10.175 f  dbg_hub/inst/BSCANID.u_xsdbm_id/SWITCH_N_EXT_BSCAN.bscan_switch/m_bscan_drck[0]_INST_0_i_1/O
                         net (fo=5, routed)           0.136    10.311    dbg_hub/inst/BSCANID.u_xsdbm_id/SWITCH_N_EXT_BSCAN.bscan_switch/m_bscan_drck[0]_INST_0_i_1_n_0
    SLICE_X93Y103        LUT4 (Prop_C5LUT_SLICEM_I3_O)
                                                      0.068    10.379 r  dbg_hub/inst/BSCANID.u_xsdbm_id/SWITCH_N_EXT_BSCAN.bscan_switch/m_bscan_sel[0]_INST_0/O
                         net (fo=11, routed)          1.384    11.763    dbg_hub/inst/BSCANID.u_xsdbm_id/CORE_XSDB.U_ICON/U_CMD/iTARGET_reg[6]_0
    SLICE_X46Y126        FDCE                                         f  dbg_hub/inst/BSCANID.u_xsdbm_id/CORE_XSDB.U_ICON/U_CMD/iTARGET_reg[14]/CLR  (IS_INVERTED)
  -------------------------------------------------------------------    -------------------

                         (clock dbg_hub/inst/BSCANID.u_xsdbm_id/SWITCH_N_EXT_BSCAN.bscan_inst/SERIES7_BSCAN.bscan_inst/INTERNAL_TCK rise edge)
                                                     50.000    50.000 r  <hidden>
    CONFIG_SITE_X0Y0     BSCANE2                      0.000    50.000 r  dbg_hub/inst/BSCANID.u_xsdbm_id/SWITCH_N_EXT_BSCAN.bscan_inst/SERIES7_BSCAN.bscan_inst/INTERNAL_TCK
    CONFIG_SITE_X0Y0     BSCANE2 (Prop_BSCAN1_CONFIG_SITE_INTERNAL_TCK_TCK)
                                                      0.465    50.465 r  dbg_hub/inst/BSCANID.u_xsdbm_id/SWITCH_N_EXT_BSCAN.bscan_inst/SERIES7_BSCAN.bscan_inst/TCK
                         net (fo=1, routed)           1.996    52.461    dbg_hub/inst/BSCANID.u_xsdbm_id/tck_bs
    BUFGCE_X0Y76         BUFGCE (Prop_BUFCE_BUFGCE_I_O)
                                                      0.024    52.485 r  dbg_hub/inst/BSCANID.u_xsdbm_id/SWITCH_N_EXT_BSCAN.u_bufg_icon_tck/O
    X2Y1 (CLOCK_ROOT)    net (fo=478, routed)         2.151    54.636    dbg_hub/inst/BSCANID.u_xsdbm_id/CORE_XSDB.U_ICON/U_CMD/m_bscan_tck[0]
    SLICE_X46Y126        FDCE                                         r  dbg_hub/inst/BSCANID.u_xsdbm_id/CORE_XSDB.U_ICON/U_CMD/iTARGET_reg[14]/C
                         clock pessimism              4.933    59.569    <hidden>
                         clock uncertainty           -0.035    59.533    <hidden>
    SLICE_X46Y126        FDCE (Recov_AFF2_SLICEL_C_CLR)
                                                     -0.066    59.467    dbg_hub/inst/BSCANID.u_xsdbm_id/CORE_XSDB.U_ICON/U_CMD/iTARGET_reg[14]
  -------------------------------------------------------------------
                         required time                         59.467    <hidden>
                         arrival time                         -11.763    <hidden>
  -------------------------------------------------------------------
                         slack                                 47.705    <hidden>





Min Delay Paths
--------------------------------------------------------------------------------------
Slack (MET) :             0.120ns  (arrival time - required time)
  Source:                 dbg_hub/inst/BSCANID.u_xsdbm_id/CORE_XSDB.UUT_MASTER/U_ICON_INTERFACE/U_CMD6_RD/U_RD_FIFO/SUBCORE_FIFO.xsdbm_v3_0_6_rdfifo_inst/inst_fifo_gen/gconvfifo.rf/grf.rf/rstblk/ngwrdrst.grst.g7serrst.rd_rst_reg_reg[2]/C
                            (rising edge-triggered cell FDPE clocked by dbg_hub/inst/BSCANID.u_xsdbm_id/SWITCH_N_EXT_BSCAN.bscan_inst/SERIES7_BSCAN.bscan_inst/INTERNAL_TCK  {rise@0.000ns fall@25.000ns period=50.000ns})
  Destination:            dbg_hub/inst/BSCANID.u_xsdbm_id/CORE_XSDB.UUT_MASTER/U_ICON_INTERFACE/U_CMD6_RD/U_RD_FIFO/SUBCORE_FIFO.xsdbm_v3_0_6_rdfifo_inst/inst_fifo_gen/gconvfifo.rf/grf.rf/gntv_or_sync_fifo.gl0.rd/gr1.gr1_int.rfwft/empty_fwft_fb_i_reg/PRE
                            (removal check against rising-edge clock dbg_hub/inst/BSCANID.u_xsdbm_id/SWITCH_N_EXT_BSCAN.bscan_inst/SERIES7_BSCAN.bscan_inst/INTERNAL_TCK  {rise@0.000ns fall@25.000ns period=50.000ns})
  Path Group:             **async_default**
  Path Type:              Removal (Min at Fast Process Corner)
  Requirement:            0.000ns  (dbg_hub/inst/BSCANID.u_xsdbm_id/SWITCH_N_EXT_BSCAN.bscan_inst/SERIES7_BSCAN.bscan_inst/INTERNAL_TCK rise@0.000ns - dbg_hub/inst/BSCANID.u_xsdbm_id/SWITCH_N_EXT_BSCAN.bscan_inst/SERIES7_BSCAN.bscan_inst/INTERNAL_TCK rise@0.000ns)
  Data Path Delay:        0.110ns  (logic 0.039ns (35.557%)  route 0.071ns (64.443%))
  Logic Levels:           0  
  Clock Path Skew:        0.009ns (DCD - SCD - CPR)
    Destination Clock Delay (DCD):    7.856ns
    Source Clock Delay      (SCD):    3.353ns
    Clock Pessimism Removal (CPR):    4.494ns
  Clock Net Delay (Source):      1.325ns (routing 0.782ns, distribution 0.543ns)
  Clock Net Delay (Destination): 1.493ns (routing 0.875ns, distribution 0.618ns)

    Location             Delay type                Incr(ns)  Path(ns)    Netlist Resource(s)
  -------------------------------------------------------------------    -------------------
                         (clock dbg_hub/inst/BSCANID.u_xsdbm_id/SWITCH_N_EXT_BSCAN.bscan_inst/SERIES7_BSCAN.bscan_inst/INTERNAL_TCK rise edge)
                                                      0.000     0.000 r  <hidden>
    CONFIG_SITE_X0Y0     BSCANE2                      0.000     0.000 r  dbg_hub/inst/BSCANID.u_xsdbm_id/SWITCH_N_EXT_BSCAN.bscan_inst/SERIES7_BSCAN.bscan_inst/INTERNAL_TCK
    CONFIG_SITE_X0Y0     BSCANE2 (Prop_BSCAN1_CONFIG_SITE_INTERNAL_TCK_TCK)
                                                      0.465     0.465 r  dbg_hub/inst/BSCANID.u_xsdbm_id/SWITCH_N_EXT_BSCAN.bscan_inst/SERIES7_BSCAN.bscan_inst/TCK
                         net (fo=1, routed)           1.546     2.011    dbg_hub/inst/BSCANID.u_xsdbm_id/tck_bs
    BUFGCE_X0Y76         BUFGCE (Prop_BUFCE_BUFGCE_I_O)
                                                      0.017     2.028 r  dbg_hub/inst/BSCANID.u_xsdbm_id/SWITCH_N_EXT_BSCAN.u_bufg_icon_tck/O
    X2Y1 (CLOCK_ROOT)    net (fo=478, routed)         1.325     3.353    dbg_hub/inst/BSCANID.u_xsdbm_id/CORE_XSDB.UUT_MASTER/U_ICON_INTERFACE/U_CMD6_RD/U_RD_FIFO/SUBCORE_FIFO.xsdbm_v3_0_6_rdfifo_inst/inst_fifo_gen/gconvfifo.rf/grf.rf/rstblk/rd_clk
    SLICE_X45Y136        FDPE                                         r  dbg_hub/inst/BSCANID.u_xsdbm_id/CORE_XSDB.UUT_MASTER/U_ICON_INTERFACE/U_CMD6_RD/U_RD_FIFO/SUBCORE_FIFO.xsdbm_v3_0_6_rdfifo_inst/inst_fifo_gen/gconvfifo.rf/grf.rf/rstblk/ngwrdrst.grst.g7serrst.rd_rst_reg_reg[2]/C
  -------------------------------------------------------------------    -------------------
    SLICE_X45Y136        FDPE (Prop_FFF_SLICEL_C_Q)
                                                      0.039     3.392 f  dbg_hub/inst/BSCANID.u_xsdbm_id/CORE_XSDB.UUT_MASTER/U_ICON_INTERFACE/U_CMD6_RD/U_RD_FIFO/SUBCORE_FIFO.xsdbm_v3_0_6_rdfifo_inst/inst_fifo_gen/gconvfifo.rf/grf.rf/rstblk/ngwrdrst.grst.g7serrst.rd_rst_reg_reg[2]/Q
                         net (fo=18, routed)          0.071     3.463    dbg_hub/inst/BSCANID.u_xsdbm_id/CORE_XSDB.UUT_MASTER/U_ICON_INTERFACE/U_CMD6_RD/U_RD_FIFO/SUBCORE_FIFO.xsdbm_v3_0_6_rdfifo_inst/inst_fifo_gen/gconvfifo.rf/grf.rf/gntv_or_sync_fifo.gl0.rd/gr1.gr1_int.rfwft/out[1]
    SLICE_X45Y136        FDPE                                         f  dbg_hub/inst/BSCANID.u_xsdbm_id/CORE_XSDB.UUT_MASTER/U_ICON_INTERFACE/U_CMD6_RD/U_RD_FIFO/SUBCORE_FIFO.xsdbm_v3_0_6_rdfifo_inst/inst_fifo_gen/gconvfifo.rf/grf.rf/gntv_or_sync_fifo.gl0.rd/gr1.gr1_int.rfwft/empty_fwft_fb_i_reg/PRE
  -------------------------------------------------------------------    -------------------

                         (clock dbg_hub/inst/BSCANID.u_xsdbm_id/SWITCH_N_EXT_BSCAN.bscan_inst/SERIES7_BSCAN.bscan_inst/INTERNAL_TCK rise edge)
                                                      0.000     0.000 r  <hidden>
    CONFIG_SITE_X0Y0     BSCANE2                      0.000     0.000 r  dbg_hub/inst/BSCANID.u_xsdbm_id/SWITCH_N_EXT_BSCAN.bscan_inst/SERIES7_BSCAN.bscan_inst/INTERNAL_TCK
    CONFIG_SITE_X0Y0     BSCANE2 (Prop_BSCAN1_CONFIG_SITE_INTERNAL_TCK_TCK)
                                                      4.300     4.300 r  dbg_hub/inst/BSCANID.u_xsdbm_id/SWITCH_N_EXT_BSCAN.bscan_inst/SERIES7_BSCAN.bscan_inst/TCK
                         net (fo=1, routed)           2.044     6.344    dbg_hub/inst/BSCANID.u_xsdbm_id/tck_bs
    BUFGCE_X0Y76         BUFGCE (Prop_BUFCE_BUFGCE_I_O)
                                                      0.019     6.363 r  dbg_hub/inst/BSCANID.u_xsdbm_id/SWITCH_N_EXT_BSCAN.u_bufg_icon_tck/O
    X2Y1 (CLOCK_ROOT)    net (fo=478, routed)         1.493     7.856    dbg_hub/inst/BSCANID.u_xsdbm_id/CORE_XSDB.UUT_MASTER/U_ICON_INTERFACE/U_CMD6_RD/U_RD_FIFO/SUBCORE_FIFO.xsdbm_v3_0_6_rdfifo_inst/inst_fifo_gen/gconvfifo.rf/grf.rf/gntv_or_sync_fifo.gl0.rd/gr1.gr1_int.rfwft/rd_clk
    SLICE_X45Y136        FDPE                                         r  dbg_hub/inst/BSCANID.u_xsdbm_id/CORE_XSDB.UUT_MASTER/U_ICON_INTERFACE/U_CMD6_RD/U_RD_FIFO/SUBCORE_FIFO.xsdbm_v3_0_6_rdfifo_inst/inst_fifo_gen/gconvfifo.rf/grf.rf/gntv_or_sync_fifo.gl0.rd/gr1.gr1_int.rfwft/empty_fwft_fb_i_reg/C
                         clock pessimism             -4.494     3.362    <hidden>
    SLICE_X45Y136        FDPE (Remov_AFF_SLICEL_C_PRE)
                                                     -0.020     3.342    dbg_hub/inst/BSCANID.u_xsdbm_id/CORE_XSDB.UUT_MASTER/U_ICON_INTERFACE/U_CMD6_RD/U_RD_FIFO/SUBCORE_FIFO.xsdbm_v3_0_6_rdfifo_inst/inst_fifo_gen/gconvfifo.rf/grf.rf/gntv_or_sync_fifo.gl0.rd/gr1.gr1_int.rfwft/empty_fwft_fb_i_reg
  -------------------------------------------------------------------
                         required time                         -3.342    <hidden>
                         arrival time                           3.463    <hidden>
  -------------------------------------------------------------------
                         slack                                  0.120    <hidden>





---------------------------------------------------------------------------------------------------
Path Group:  **async_default**
From Clock:  mmcm_clkout5
  To Clock:  mmcm_clkout5

Setup :            0  Failing Endpoints,  Worst Slack       10.871ns,  Total Violation        0.000ns
Hold  :            0  Failing Endpoints,  Worst Slack        0.106ns,  Total Violation        0.000ns
---------------------------------------------------------------------------------------------------


Max Delay Paths
--------------------------------------------------------------------------------------
Slack (MET) :             10.871ns  (required time - arrival time)
  Source:                 dbg_hub/inst/BSCANID.u_xsdbm_id/CORE_XSDB.UUT_MASTER/U_ICON_INTERFACE/U_CMD6_RD/U_RD_FIFO/SUBCORE_FIFO.xsdbm_v3_0_6_rdfifo_inst/inst_fifo_gen/gconvfifo.rf/grf.rf/rstblk/ngwrdrst.grst.g7serrst.wr_rst_reg_reg[0]/C
                            (rising edge-triggered cell FDPE clocked by mmcm_clkout5  {rise@0.000ns fall@6.001ns period=12.002ns})
  Destination:            dbg_hub/inst/BSCANID.u_xsdbm_id/CORE_XSDB.UUT_MASTER/U_ICON_INTERFACE/U_CMD6_RD/U_RD_FIFO/SUBCORE_FIFO.xsdbm_v3_0_6_rdfifo_inst/inst_fifo_gen/gconvfifo.rf/grf.rf/gntv_or_sync_fifo.gcx.clkx/gnxpm_cdc.wr_pntr_gc_reg[3]/CLR
                            (recovery check against rising-edge clock mmcm_clkout5  {rise@0.000ns fall@6.001ns period=12.002ns})
  Path Group:             **async_default**
  Path Type:              Recovery (Max at Slow Process Corner)
  Requirement:            12.002ns  (mmcm_clkout5 rise@12.002ns - mmcm_clkout5 rise@0.000ns)
  Data Path Delay:        0.905ns  (logic 0.079ns (8.733%)  route 0.826ns (91.267%))
  Logic Levels:           0  
  Clock Path Skew:        -0.086ns (DCD - SCD + CPR)
    Destination Clock Delay (DCD):    4.229ns = ( 16.232 - 12.002 ) 
    Source Clock Delay      (SCD):    4.002ns
    Clock Pessimism Removal (CPR):    -0.313ns
  Clock Uncertainty:      0.076ns  ((TSJ^2 + DJ^2)^1/2) / 2 + PE
    Total System Jitter     (TSJ):    0.071ns
    Discrete Jitter          (DJ):    0.134ns
    Phase Error              (PE):    0.000ns
  Clock Net Delay (Source):      1.702ns (routing 0.714ns, distribution 0.988ns)
  Clock Net Delay (Destination): 1.506ns (routing 0.648ns, distribution 0.858ns)

    Location             Delay type                Incr(ns)  Path(ns)    Netlist Resource(s)
  -------------------------------------------------------------------    -------------------
                         (clock mmcm_clkout5 rise edge)
                                                      0.000     0.000 r  <hidden>
    K22                                               0.000     0.000 r  default_sysclk1_300_clk_p
                         net (fo=0)                   0.100     0.100    system_i/ddr4_0/inst/u_ddr4_mem_intfc/u_mig_ddr4_phy/inst/u_ddr4_phy_pll/diff_input_clk.u_ibufg_sys_clk/I
    HPIOBDIFFINBUF_X0Y58 DIFFINBUF (Prop_DIFFINBUF_HPIOBDIFFINBUF_DIFF_IN_P_O)
                                                      0.469     0.569 r  system_i/ddr4_0/inst/u_ddr4_mem_intfc/u_mig_ddr4_phy/inst/u_ddr4_phy_pll/diff_input_clk.u_ibufg_sys_clk/DIFFINBUF_INST/O
                         net (fo=1, routed)           0.050     0.619    system_i/ddr4_0/inst/u_ddr4_mem_intfc/u_mig_ddr4_phy/inst/u_ddr4_phy_pll/diff_input_clk.u_ibufg_sys_clk/OUT
    K22                  IBUFCTRL (Prop_IBUFCTRL_HPIOB_M_I_O)
                                                      0.000     0.619 r  system_i/ddr4_0/inst/u_ddr4_mem_intfc/u_mig_ddr4_phy/inst/u_ddr4_phy_pll/diff_input_clk.u_ibufg_sys_clk/IBUFCTRL_INST/O
                         net (fo=2, routed)           0.336     0.955    system_i/ddr4_0/inst/u_ddr4_mem_intfc/u_mig_ddr4_phy/inst/u_ddr4_phy_pll/sys_clk_in
    BUFGCE_X0Y49         BUFGCE (Prop_BUFCE_BUFGCE_I_O)
                                                      0.028     0.983 r  system_i/ddr4_0/inst/u_ddr4_mem_intfc/u_mig_ddr4_phy/inst/u_ddr4_phy_pll/gen_bufg_backbone.u__bufg_backbone/O
                         net (fo=1, routed)           1.179     2.162    system_i/ddr4_0/inst/u_ddr4_infrastructure/mmcm_clk_in
    MMCM_X0Y3            MMCME4_ADV (Prop_MMCM_CLKIN1_CLKOUT5)
                                                     -0.127     2.035 r  system_i/ddr4_0/inst/u_ddr4_infrastructure/gen_mmcme4.u_mmcme_adv_inst/CLKOUT5
                         net (fo=1, routed)           0.236     2.271    system_i/ddr4_0/inst/u_ddr4_infrastructure/mmcm_clkout5
    BUFGCE_X0Y78         BUFGCE (Prop_BUFCE_BUFGCE_I_O)
                                                      0.028     2.299 r  system_i/ddr4_0/inst/u_ddr4_infrastructure/u_bufg_dbg_clk/O
    X0Y2 (CLOCK_ROOT)    net (fo=568, routed)         1.702     4.002    dbg_hub/inst/BSCANID.u_xsdbm_id/CORE_XSDB.UUT_MASTER/U_ICON_INTERFACE/U_CMD6_RD/U_RD_FIFO/SUBCORE_FIFO.xsdbm_v3_0_6_rdfifo_inst/inst_fifo_gen/gconvfifo.rf/grf.rf/rstblk/wr_clk
    SLICE_X46Y136        FDPE                                         r  dbg_hub/inst/BSCANID.u_xsdbm_id/CORE_XSDB.UUT_MASTER/U_ICON_INTERFACE/U_CMD6_RD/U_RD_FIFO/SUBCORE_FIFO.xsdbm_v3_0_6_rdfifo_inst/inst_fifo_gen/gconvfifo.rf/grf.rf/rstblk/ngwrdrst.grst.g7serrst.wr_rst_reg_reg[0]/C
  -------------------------------------------------------------------    -------------------
    SLICE_X46Y136        FDPE (Prop_EFF_SLICEL_C_Q)
                                                      0.079     4.081 f  dbg_hub/inst/BSCANID.u_xsdbm_id/CORE_XSDB.UUT_MASTER/U_ICON_INTERFACE/U_CMD6_RD/U_RD_FIFO/SUBCORE_FIFO.xsdbm_v3_0_6_rdfifo_inst/inst_fifo_gen/gconvfifo.rf/grf.rf/rstblk/ngwrdrst.grst.g7serrst.wr_rst_reg_reg[0]/Q
                         net (fo=18, routed)          0.826     4.906    dbg_hub/inst/BSCANID.u_xsdbm_id/CORE_XSDB.UUT_MASTER/U_ICON_INTERFACE/U_CMD6_RD/U_RD_FIFO/SUBCORE_FIFO.xsdbm_v3_0_6_rdfifo_inst/inst_fifo_gen/gconvfifo.rf/grf.rf/gntv_or_sync_fifo.gcx.clkx/AR[0]
    SLICE_X44Y136        FDCE                                         f  dbg_hub/inst/BSCANID.u_xsdbm_id/CORE_XSDB.UUT_MASTER/U_ICON_INTERFACE/U_CMD6_RD/U_RD_FIFO/SUBCORE_FIFO.xsdbm_v3_0_6_rdfifo_inst/inst_fifo_gen/gconvfifo.rf/grf.rf/gntv_or_sync_fifo.gcx.clkx/gnxpm_cdc.wr_pntr_gc_reg[3]/CLR
  -------------------------------------------------------------------    -------------------

                         (clock mmcm_clkout5 rise edge)
                                                     12.002    12.002 r  <hidden>
    K22                                               0.000    12.002 r  default_sysclk1_300_clk_p
                         net (fo=0)                   0.079    12.081    system_i/ddr4_0/inst/u_ddr4_mem_intfc/u_mig_ddr4_phy/inst/u_ddr4_phy_pll/diff_input_clk.u_ibufg_sys_clk/I
    HPIOBDIFFINBUF_X0Y58 DIFFINBUF (Prop_DIFFINBUF_HPIOBDIFFINBUF_DIFF_IN_P_O)
                                                      0.374    12.455 r  system_i/ddr4_0/inst/u_ddr4_mem_intfc/u_mig_ddr4_phy/inst/u_ddr4_phy_pll/diff_input_clk.u_ibufg_sys_clk/DIFFINBUF_INST/O
                         net (fo=1, routed)           0.040    12.495    system_i/ddr4_0/inst/u_ddr4_mem_intfc/u_mig_ddr4_phy/inst/u_ddr4_phy_pll/diff_input_clk.u_ibufg_sys_clk/OUT
    K22                  IBUFCTRL (Prop_IBUFCTRL_HPIOB_M_I_O)
                                                      0.000    12.495 r  system_i/ddr4_0/inst/u_ddr4_mem_intfc/u_mig_ddr4_phy/inst/u_ddr4_phy_pll/diff_input_clk.u_ibufg_sys_clk/IBUFCTRL_INST/O
                         net (fo=2, routed)           0.297    12.792    system_i/ddr4_0/inst/u_ddr4_mem_intfc/u_mig_ddr4_phy/inst/u_ddr4_phy_pll/sys_clk_in
    BUFGCE_X0Y49         BUFGCE (Prop_BUFCE_BUFGCE_I_O)
                                                      0.024    12.816 r  system_i/ddr4_0/inst/u_ddr4_mem_intfc/u_mig_ddr4_phy/inst/u_ddr4_phy_pll/gen_bufg_backbone.u__bufg_backbone/O
                         net (fo=1, routed)           1.049    13.865    system_i/ddr4_0/inst/u_ddr4_infrastructure/mmcm_clk_in
    MMCM_X0Y3            MMCME4_ADV (Prop_MMCM_CLKIN1_CLKOUT5)
                                                      0.630    14.495 r  system_i/ddr4_0/inst/u_ddr4_infrastructure/gen_mmcme4.u_mmcme_adv_inst/CLKOUT5
                         net (fo=1, routed)           0.207    14.702    system_i/ddr4_0/inst/u_ddr4_infrastructure/mmcm_clkout5
    BUFGCE_X0Y78         BUFGCE (Prop_BUFCE_BUFGCE_I_O)
                                                      0.024    14.726 r  system_i/ddr4_0/inst/u_ddr4_infrastructure/u_bufg_dbg_clk/O
    X0Y2 (CLOCK_ROOT)    net (fo=568, routed)         1.506    16.232    dbg_hub/inst/BSCANID.u_xsdbm_id/CORE_XSDB.UUT_MASTER/U_ICON_INTERFACE/U_CMD6_RD/U_RD_FIFO/SUBCORE_FIFO.xsdbm_v3_0_6_rdfifo_inst/inst_fifo_gen/gconvfifo.rf/grf.rf/gntv_or_sync_fifo.gcx.clkx/wr_clk
    SLICE_X44Y136        FDCE                                         r  dbg_hub/inst/BSCANID.u_xsdbm_id/CORE_XSDB.UUT_MASTER/U_ICON_INTERFACE/U_CMD6_RD/U_RD_FIFO/SUBCORE_FIFO.xsdbm_v3_0_6_rdfifo_inst/inst_fifo_gen/gconvfifo.rf/grf.rf/gntv_or_sync_fifo.gcx.clkx/gnxpm_cdc.wr_pntr_gc_reg[3]/C
                         clock pessimism             -0.313    15.918    <hidden>
                         clock uncertainty           -0.076    15.843    <hidden>
    SLICE_X44Y136        FDCE (Recov_EFF_SLICEM_C_CLR)
                                                     -0.066    15.777    dbg_hub/inst/BSCANID.u_xsdbm_id/CORE_XSDB.UUT_MASTER/U_ICON_INTERFACE/U_CMD6_RD/U_RD_FIFO/SUBCORE_FIFO.xsdbm_v3_0_6_rdfifo_inst/inst_fifo_gen/gconvfifo.rf/grf.rf/gntv_or_sync_fifo.gcx.clkx/gnxpm_cdc.wr_pntr_gc_reg[3]
  -------------------------------------------------------------------
                         required time                         15.777    <hidden>
                         arrival time                          -4.906    <hidden>
  -------------------------------------------------------------------
                         slack                                 10.871    <hidden>





Min Delay Paths
--------------------------------------------------------------------------------------
Slack (MET) :             0.106ns  (arrival time - required time)
  Source:                 dbg_hub/inst/BSCANID.u_xsdbm_id/CORE_XSDB.UUT_MASTER/U_ICON_INTERFACE/U_CMD6_WR/U_WR_FIFO/SUBCORE_FIFO.xsdbm_v3_0_6_wrfifo_inst/inst_fifo_gen/gconvfifo.rf/grf.rf/rstblk/ngwrdrst.grst.g7serrst.rd_rst_reg_reg[2]/C
                            (rising edge-triggered cell FDPE clocked by mmcm_clkout5  {rise@0.000ns fall@6.001ns period=12.002ns})
  Destination:            dbg_hub/inst/BSCANID.u_xsdbm_id/CORE_XSDB.UUT_MASTER/U_ICON_INTERFACE/U_CMD6_WR/U_WR_FIFO/SUBCORE_FIFO.xsdbm_v3_0_6_wrfifo_inst/inst_fifo_gen/gconvfifo.rf/grf.rf/gntv_or_sync_fifo.gl0.rd/gras.rsts/ram_empty_fb_i_reg/PRE
                            (removal check against rising-edge clock mmcm_clkout5  {rise@0.000ns fall@6.001ns period=12.002ns})
  Path Group:             **async_default**
  Path Type:              Removal (Min at Fast Process Corner)
  Requirement:            0.000ns  (mmcm_clkout5 rise@0.000ns - mmcm_clkout5 rise@0.000ns)
  Data Path Delay:        0.138ns  (logic 0.037ns (26.836%)  route 0.101ns (73.164%))
  Logic Levels:           0  
  Clock Path Skew:        0.051ns (DCD - SCD - CPR)
    Destination Clock Delay (DCD):    2.359ns
    Source Clock Delay      (SCD):    2.488ns
    Clock Pessimism Removal (CPR):    -0.180ns
  Clock Net Delay (Source):      0.931ns (routing 0.394ns, distribution 0.537ns)
  Clock Net Delay (Destination): 1.058ns (routing 0.442ns, distribution 0.616ns)

    Location             Delay type                Incr(ns)  Path(ns)    Netlist Resource(s)
  -------------------------------------------------------------------    -------------------
                         (clock mmcm_clkout5 rise edge)
                                                      0.000     0.000 r  <hidden>
    K22                                               0.000     0.000 r  default_sysclk1_300_clk_p
                         net (fo=0)                   0.079     0.079    system_i/ddr4_0/inst/u_ddr4_mem_intfc/u_mig_ddr4_phy/inst/u_ddr4_phy_pll/diff_input_clk.u_ibufg_sys_clk/I
    HPIOBDIFFINBUF_X0Y58 DIFFINBUF (Prop_DIFFINBUF_HPIOBDIFFINBUF_DIFF_IN_P_O)
                                                      0.229     0.308 r  system_i/ddr4_0/inst/u_ddr4_mem_intfc/u_mig_ddr4_phy/inst/u_ddr4_phy_pll/diff_input_clk.u_ibufg_sys_clk/DIFFINBUF_INST/O
                         net (fo=1, routed)           0.040     0.348    system_i/ddr4_0/inst/u_ddr4_mem_intfc/u_mig_ddr4_phy/inst/u_ddr4_phy_pll/diff_input_clk.u_ibufg_sys_clk/OUT
    K22                  IBUFCTRL (Prop_IBUFCTRL_HPIOB_M_I_O)
                                                      0.000     0.348 r  system_i/ddr4_0/inst/u_ddr4_mem_intfc/u_mig_ddr4_phy/inst/u_ddr4_phy_pll/diff_input_clk.u_ibufg_sys_clk/IBUFCTRL_INST/O
                         net (fo=2, routed)           0.151     0.499    system_i/ddr4_0/inst/u_ddr4_mem_intfc/u_mig_ddr4_phy/inst/u_ddr4_phy_pll/sys_clk_in
    BUFGCE_X0Y49         BUFGCE (Prop_BUFCE_BUFGCE_I_O)
                                                      0.017     0.516 r  system_i/ddr4_0/inst/u_ddr4_mem_intfc/u_mig_ddr4_phy/inst/u_ddr4_phy_pll/gen_bufg_backbone.u__bufg_backbone/O
                         net (fo=1, routed)           0.654     1.170    system_i/ddr4_0/inst/u_ddr4_infrastructure/mmcm_clk_in
    MMCM_X0Y3            MMCME4_ADV (Prop_MMCM_CLKIN1_CLKOUT5)
                                                      0.230     1.400 r  system_i/ddr4_0/inst/u_ddr4_infrastructure/gen_mmcme4.u_mmcme_adv_inst/CLKOUT5
                         net (fo=1, routed)           0.140     1.540    system_i/ddr4_0/inst/u_ddr4_infrastructure/mmcm_clkout5
    BUFGCE_X0Y78         BUFGCE (Prop_BUFCE_BUFGCE_I_O)
                                                      0.017     1.557 r  system_i/ddr4_0/inst/u_ddr4_infrastructure/u_bufg_dbg_clk/O
    X0Y2 (CLOCK_ROOT)    net (fo=568, routed)         0.931     2.488    dbg_hub/inst/BSCANID.u_xsdbm_id/CORE_XSDB.UUT_MASTER/U_ICON_INTERFACE/U_CMD6_WR/U_WR_FIFO/SUBCORE_FIFO.xsdbm_v3_0_6_wrfifo_inst/inst_fifo_gen/gconvfifo.rf/grf.rf/rstblk/rd_clk
    SLICE_X44Y148        FDPE                                         r  dbg_hub/inst/BSCANID.u_xsdbm_id/CORE_XSDB.UUT_MASTER/U_ICON_INTERFACE/U_CMD6_WR/U_WR_FIFO/SUBCORE_FIFO.xsdbm_v3_0_6_wrfifo_inst/inst_fifo_gen/gconvfifo.rf/grf.rf/rstblk/ngwrdrst.grst.g7serrst.rd_rst_reg_reg[2]/C
  -------------------------------------------------------------------    -------------------
    SLICE_X44Y148        FDPE (Prop_FFF_SLICEM_C_Q)
                                                      0.037     2.525 f  dbg_hub/inst/BSCANID.u_xsdbm_id/CORE_XSDB.UUT_MASTER/U_ICON_INTERFACE/U_CMD6_WR/U_WR_FIFO/SUBCORE_FIFO.xsdbm_v3_0_6_wrfifo_inst/inst_fifo_gen/gconvfifo.rf/grf.rf/rstblk/ngwrdrst.grst.g7serrst.rd_rst_reg_reg[2]/Q
                         net (fo=10, routed)          0.101     2.625    dbg_hub/inst/BSCANID.u_xsdbm_id/CORE_XSDB.UUT_MASTER/U_ICON_INTERFACE/U_CMD6_WR/U_WR_FIFO/SUBCORE_FIFO.xsdbm_v3_0_6_wrfifo_inst/inst_fifo_gen/gconvfifo.rf/grf.rf/gntv_or_sync_fifo.gl0.rd/gras.rsts/AR[0]
    SLICE_X43Y148        FDPE                                         f  dbg_hub/inst/BSCANID.u_xsdbm_id/CORE_XSDB.UUT_MASTER/U_ICON_INTERFACE/U_CMD6_WR/U_WR_FIFO/SUBCORE_FIFO.xsdbm_v3_0_6_wrfifo_inst/inst_fifo_gen/gconvfifo.rf/grf.rf/gntv_or_sync_fifo.gl0.rd/gras.rsts/ram_empty_fb_i_reg/PRE
  -------------------------------------------------------------------    -------------------

                         (clock mmcm_clkout5 rise edge)
                                                      0.000     0.000 r  <hidden>
    K22                                               0.000     0.000 r  default_sysclk1_300_clk_p
                         net (fo=0)                   0.100     0.100    system_i/ddr4_0/inst/u_ddr4_mem_intfc/u_mig_ddr4_phy/inst/u_ddr4_phy_pll/diff_input_clk.u_ibufg_sys_clk/I
    HPIOBDIFFINBUF_X0Y58 DIFFINBUF (Prop_DIFFINBUF_HPIOBDIFFINBUF_DIFF_IN_P_O)
                                                      0.326     0.426 r  system_i/ddr4_0/inst/u_ddr4_mem_intfc/u_mig_ddr4_phy/inst/u_ddr4_phy_pll/diff_input_clk.u_ibufg_sys_clk/DIFFINBUF_INST/O
                         net (fo=1, routed)           0.050     0.476    system_i/ddr4_0/inst/u_ddr4_mem_intfc/u_mig_ddr4_phy/inst/u_ddr4_phy_pll/diff_input_clk.u_ibufg_sys_clk/OUT
    K22                  IBUFCTRL (Prop_IBUFCTRL_HPIOB_M_I_O)
                                                      0.000     0.476 r  system_i/ddr4_0/inst/u_ddr4_mem_intfc/u_mig_ddr4_phy/inst/u_ddr4_phy_pll/diff_input_clk.u_ibufg_sys_clk/IBUFCTRL_INST/O
                         net (fo=2, routed)           0.189     0.665    system_i/ddr4_0/inst/u_ddr4_mem_intfc/u_mig_ddr4_phy/inst/u_ddr4_phy_pll/sys_clk_in
    BUFGCE_X0Y49         BUFGCE (Prop_BUFCE_BUFGCE_I_O)
                                                      0.019     0.684 r  system_i/ddr4_0/inst/u_ddr4_mem_intfc/u_mig_ddr4_phy/inst/u_ddr4_phy_pll/gen_bufg_backbone.u__bufg_backbone/O
                         net (fo=1, routed)           0.733     1.417    system_i/ddr4_0/inst/u_ddr4_infrastructure/mmcm_clk_in
    MMCM_X0Y3            MMCME4_ADV (Prop_MMCM_CLKIN1_CLKOUT5)
                                                     -0.295     1.122 r  system_i/ddr4_0/inst/u_ddr4_infrastructure/gen_mmcme4.u_mmcme_adv_inst/CLKOUT5
                         net (fo=1, routed)           0.159     1.281    system_i/ddr4_0/inst/u_ddr4_infrastructure/mmcm_clkout5
    BUFGCE_X0Y78         BUFGCE (Prop_BUFCE_BUFGCE_I_O)
                                                      0.019     1.300 r  system_i/ddr4_0/inst/u_ddr4_infrastructure/u_bufg_dbg_clk/O
    X0Y2 (CLOCK_ROOT)    net (fo=568, routed)         1.058     2.359    dbg_hub/inst/BSCANID.u_xsdbm_id/CORE_XSDB.UUT_MASTER/U_ICON_INTERFACE/U_CMD6_WR/U_WR_FIFO/SUBCORE_FIFO.xsdbm_v3_0_6_wrfifo_inst/inst_fifo_gen/gconvfifo.rf/grf.rf/gntv_or_sync_fifo.gl0.rd/gras.rsts/rd_clk
    SLICE_X43Y148        FDPE                                         r  dbg_hub/inst/BSCANID.u_xsdbm_id/CORE_XSDB.UUT_MASTER/U_ICON_INTERFACE/U_CMD6_WR/U_WR_FIFO/SUBCORE_FIFO.xsdbm_v3_0_6_wrfifo_inst/inst_fifo_gen/gconvfifo.rf/grf.rf/gntv_or_sync_fifo.gl0.rd/gras.rsts/ram_empty_fb_i_reg/C
                         clock pessimism              0.180     2.539    <hidden>
    SLICE_X43Y148        FDPE (Remov_HFF_SLICEL_C_PRE)
                                                     -0.020     2.519    dbg_hub/inst/BSCANID.u_xsdbm_id/CORE_XSDB.UUT_MASTER/U_ICON_INTERFACE/U_CMD6_WR/U_WR_FIFO/SUBCORE_FIFO.xsdbm_v3_0_6_wrfifo_inst/inst_fifo_gen/gconvfifo.rf/grf.rf/gntv_or_sync_fifo.gl0.rd/gras.rsts/ram_empty_fb_i_reg
  -------------------------------------------------------------------
                         required time                         -2.519    <hidden>
                         arrival time                           2.625    <hidden>
  -------------------------------------------------------------------
                         slack                                  0.106    <hidden>





