Execute       source -notrace -encoding utf-8 C:/AMDDesignTools/2026.1/Vitis/tps/tcl/tcl8.6/clock.tcl 
Execute         source -encoding utf-8 C:/AMDDesignTools/2026.1/Vitis/tps/tcl/tcl8/8.5/msgcat-1.6.1.tm 
Execute           source C:/AMDDesignTools/2026.1/Vitis/tps/tcl/tcllib2.0/0compatibility/pkgIndex.tcl 
Execute           source C:/AMDDesignTools/2026.1/Vitis/tps/tcl/tcllib2.0/amazon-s3/pkgIndex.tcl 
Execute           source C:/AMDDesignTools/2026.1/Vitis/tps/tcl/tcllib2.0/asn/pkgIndex.tcl 
Execute           source C:/AMDDesignTools/2026.1/Vitis/tps/tcl/tcllib2.0/base32/pkgIndex.tcl 
Execute           source C:/AMDDesignTools/2026.1/Vitis/tps/tcl/tcllib2.0/base64/pkgIndex.tcl 
Execute           source C:/AMDDesignTools/2026.1/Vitis/tps/tcl/tcllib2.0/bee/pkgIndex.tcl 
Execute           source C:/AMDDesignTools/2026.1/Vitis/tps/tcl/tcllib2.0/bench/pkgIndex.tcl 
Execute           source C:/AMDDesignTools/2026.1/Vitis/tps/tcl/tcllib2.0/bibtex/pkgIndex.tcl 
Execute           source C:/AMDDesignTools/2026.1/Vitis/tps/tcl/tcllib2.0/cache/pkgIndex.tcl 
Execute           source C:/AMDDesignTools/2026.1/Vitis/tps/tcl/tcllib2.0/clay/pkgIndex.tcl 
Execute           source C:/AMDDesignTools/2026.1/Vitis/tps/tcl/tcllib2.0/clock/pkgIndex.tcl 
Execute           source C:/AMDDesignTools/2026.1/Vitis/tps/tcl/tcllib2.0/cmdline/pkgIndex.tcl 
Execute           source C:/AMDDesignTools/2026.1/Vitis/tps/tcl/tcllib2.0/comm/pkgIndex.tcl 
Execute           source C:/AMDDesignTools/2026.1/Vitis/tps/tcl/tcllib2.0/control/pkgIndex.tcl 
Execute           source C:/AMDDesignTools/2026.1/Vitis/tps/tcl/tcllib2.0/coroutine/pkgIndex.tcl 
Execute           source C:/AMDDesignTools/2026.1/Vitis/tps/tcl/tcllib2.0/counter/pkgIndex.tcl 
Execute           source C:/AMDDesignTools/2026.1/Vitis/tps/tcl/tcllib2.0/crc/pkgIndex.tcl 
Execute           source C:/AMDDesignTools/2026.1/Vitis/tps/tcl/tcllib2.0/cron/pkgIndex.tcl 
Execute           source C:/AMDDesignTools/2026.1/Vitis/tps/tcl/tcllib2.0/csv/pkgIndex.tcl 
Execute           source C:/AMDDesignTools/2026.1/Vitis/tps/tcl/tcllib2.0/debug/pkgIndex.tcl 
Execute           source C:/AMDDesignTools/2026.1/Vitis/tps/tcl/tcllib2.0/defer/pkgIndex.tcl 
Execute           source C:/AMDDesignTools/2026.1/Vitis/tps/tcl/tcllib2.0/dicttool/pkgIndex.tcl 
Execute           source C:/AMDDesignTools/2026.1/Vitis/tps/tcl/tcllib2.0/dns/pkgIndex.tcl 
Execute           source C:/AMDDesignTools/2026.1/Vitis/tps/tcl/tcllib2.0/docstrip/pkgIndex.tcl 
Execute           source C:/AMDDesignTools/2026.1/Vitis/tps/tcl/tcllib2.0/doctools/pkgIndex.tcl 
Execute           source C:/AMDDesignTools/2026.1/Vitis/tps/tcl/tcllib2.0/doctools2base/pkgIndex.tcl 
Execute           source C:/AMDDesignTools/2026.1/Vitis/tps/tcl/tcllib2.0/doctools2idx/pkgIndex.tcl 
Execute           source C:/AMDDesignTools/2026.1/Vitis/tps/tcl/tcllib2.0/doctools2toc/pkgIndex.tcl 
Execute           source C:/AMDDesignTools/2026.1/Vitis/tps/tcl/tcllib2.0/dtplite/pkgIndex.tcl 
Execute           source C:/AMDDesignTools/2026.1/Vitis/tps/tcl/tcllib2.0/fileutil/pkgIndex.tcl 
Execute           source C:/AMDDesignTools/2026.1/Vitis/tps/tcl/tcllib2.0/ftp/pkgIndex.tcl 
Execute           source C:/AMDDesignTools/2026.1/Vitis/tps/tcl/tcllib2.0/ftpd/pkgIndex.tcl 
Execute           source C:/AMDDesignTools/2026.1/Vitis/tps/tcl/tcllib2.0/fumagic/pkgIndex.tcl 
Execute           source C:/AMDDesignTools/2026.1/Vitis/tps/tcl/tcllib2.0/generator/pkgIndex.tcl 
Execute           source C:/AMDDesignTools/2026.1/Vitis/tps/tcl/tcllib2.0/gpx/pkgIndex.tcl 
Execute           source C:/AMDDesignTools/2026.1/Vitis/tps/tcl/tcllib2.0/grammar_aycock/pkgIndex.tcl 
Execute           source C:/AMDDesignTools/2026.1/Vitis/tps/tcl/tcllib2.0/grammar_fa/pkgIndex.tcl 
Execute           source C:/AMDDesignTools/2026.1/Vitis/tps/tcl/tcllib2.0/grammar_me/pkgIndex.tcl 
Execute           source C:/AMDDesignTools/2026.1/Vitis/tps/tcl/tcllib2.0/grammar_peg/pkgIndex.tcl 
Execute           source C:/AMDDesignTools/2026.1/Vitis/tps/tcl/tcllib2.0/hook/pkgIndex.tcl 
Execute           source C:/AMDDesignTools/2026.1/Vitis/tps/tcl/tcllib2.0/html/pkgIndex.tcl 
Execute           source C:/AMDDesignTools/2026.1/Vitis/tps/tcl/tcllib2.0/htmlparse/pkgIndex.tcl 
Execute           source C:/AMDDesignTools/2026.1/Vitis/tps/tcl/tcllib2.0/http/pkgIndex.tcl 
Execute           source C:/AMDDesignTools/2026.1/Vitis/tps/tcl/tcllib2.0/httpd/pkgIndex.tcl 
Execute           source C:/AMDDesignTools/2026.1/Vitis/tps/tcl/tcllib2.0/httpwget/pkgIndex.tcl 
Execute           source C:/AMDDesignTools/2026.1/Vitis/tps/tcl/tcllib2.0/ident/pkgIndex.tcl 
Execute           source C:/AMDDesignTools/2026.1/Vitis/tps/tcl/tcllib2.0/imap4/pkgIndex.tcl 
Execute           source C:/AMDDesignTools/2026.1/Vitis/tps/tcl/tcllib2.0/inifile/pkgIndex.tcl 
Execute           source C:/AMDDesignTools/2026.1/Vitis/tps/tcl/tcllib2.0/interp/pkgIndex.tcl 
Execute           source C:/AMDDesignTools/2026.1/Vitis/tps/tcl/tcllib2.0/irc/pkgIndex.tcl 
Execute           source C:/AMDDesignTools/2026.1/Vitis/tps/tcl/tcllib2.0/javascript/pkgIndex.tcl 
Execute           source C:/AMDDesignTools/2026.1/Vitis/tps/tcl/tcllib2.0/jpeg/pkgIndex.tcl 
Execute           source C:/AMDDesignTools/2026.1/Vitis/tps/tcl/tcllib2.0/json/pkgIndex.tcl 
Execute           source C:/AMDDesignTools/2026.1/Vitis/tps/tcl/tcllib2.0/lambda/pkgIndex.tcl 
Execute           source C:/AMDDesignTools/2026.1/Vitis/tps/tcl/tcllib2.0/lazyset/pkgIndex.tcl 
Execute           source C:/AMDDesignTools/2026.1/Vitis/tps/tcl/tcllib2.0/ldap/pkgIndex.tcl 
Execute           source C:/AMDDesignTools/2026.1/Vitis/tps/tcl/tcllib2.0/log/pkgIndex.tcl 
Execute           source C:/AMDDesignTools/2026.1/Vitis/tps/tcl/tcllib2.0/map/pkgIndex.tcl 
Execute           source C:/AMDDesignTools/2026.1/Vitis/tps/tcl/tcllib2.0/mapproj/pkgIndex.tcl 
Execute           source C:/AMDDesignTools/2026.1/Vitis/tps/tcl/tcllib2.0/markdown/pkgIndex.tcl 
Execute           source C:/AMDDesignTools/2026.1/Vitis/tps/tcl/tcllib2.0/math/pkgIndex.tcl 
Execute           source C:/AMDDesignTools/2026.1/Vitis/tps/tcl/tcllib2.0/md4/pkgIndex.tcl 
Execute           source C:/AMDDesignTools/2026.1/Vitis/tps/tcl/tcllib2.0/md5/pkgIndex.tcl 
Execute           source C:/AMDDesignTools/2026.1/Vitis/tps/tcl/tcllib2.0/md5crypt/pkgIndex.tcl 
Execute           source C:/AMDDesignTools/2026.1/Vitis/tps/tcl/tcllib2.0/mime/pkgIndex.tcl 
Execute           source C:/AMDDesignTools/2026.1/Vitis/tps/tcl/tcllib2.0/mkdoc/pkgIndex.tcl 
Execute           source C:/AMDDesignTools/2026.1/Vitis/tps/tcl/tcllib2.0/multiplexer/pkgIndex.tcl 
Execute           source C:/AMDDesignTools/2026.1/Vitis/tps/tcl/tcllib2.0/namespacex/pkgIndex.tcl 
Execute           source C:/AMDDesignTools/2026.1/Vitis/tps/tcl/tcllib2.0/ncgi/pkgIndex.tcl 
Execute           source C:/AMDDesignTools/2026.1/Vitis/tps/tcl/tcllib2.0/nettool/pkgIndex.tcl 
Execute           source C:/AMDDesignTools/2026.1/Vitis/tps/tcl/tcllib2.0/nmea/pkgIndex.tcl 
Execute           source C:/AMDDesignTools/2026.1/Vitis/tps/tcl/tcllib2.0/nns/pkgIndex.tcl 
Execute           source C:/AMDDesignTools/2026.1/Vitis/tps/tcl/tcllib2.0/nntp/pkgIndex.tcl 
Execute           source C:/AMDDesignTools/2026.1/Vitis/tps/tcl/tcllib2.0/ntp/pkgIndex.tcl 
Execute           source C:/AMDDesignTools/2026.1/Vitis/tps/tcl/tcllib2.0/oauth/pkgIndex.tcl 
Execute           source C:/AMDDesignTools/2026.1/Vitis/tps/tcl/tcllib2.0/oodialect/pkgIndex.tcl 
Execute           source C:/AMDDesignTools/2026.1/Vitis/tps/tcl/tcllib2.0/oometa/pkgIndex.tcl 
Execute           source C:/AMDDesignTools/2026.1/Vitis/tps/tcl/tcllib2.0/ooutil/pkgIndex.tcl 
Execute           source C:/AMDDesignTools/2026.1/Vitis/tps/tcl/tcllib2.0/otp/pkgIndex.tcl 
Execute           source C:/AMDDesignTools/2026.1/Vitis/tps/tcl/tcllib2.0/page/pkgIndex.tcl 
Execute           source C:/AMDDesignTools/2026.1/Vitis/tps/tcl/tcllib2.0/pluginmgr/pkgIndex.tcl 
Execute           source C:/AMDDesignTools/2026.1/Vitis/tps/tcl/tcllib2.0/png/pkgIndex.tcl 
Execute           source C:/AMDDesignTools/2026.1/Vitis/tps/tcl/tcllib2.0/pop3/pkgIndex.tcl 
Execute           source C:/AMDDesignTools/2026.1/Vitis/tps/tcl/tcllib2.0/pop3d/pkgIndex.tcl 
Execute           source C:/AMDDesignTools/2026.1/Vitis/tps/tcl/tcllib2.0/practcl/pkgIndex.tcl 
Execute           source C:/AMDDesignTools/2026.1/Vitis/tps/tcl/tcllib2.0/processman/pkgIndex.tcl 
Execute           source C:/AMDDesignTools/2026.1/Vitis/tps/tcl/tcllib2.0/profiler/pkgIndex.tcl 
Execute           source C:/AMDDesignTools/2026.1/Vitis/tps/tcl/tcllib2.0/pt/pkgIndex.tcl 
Execute           source C:/AMDDesignTools/2026.1/Vitis/tps/tcl/tcllib2.0/rcs/pkgIndex.tcl 
Execute           source C:/AMDDesignTools/2026.1/Vitis/tps/tcl/tcllib2.0/report/pkgIndex.tcl 
Execute           source C:/AMDDesignTools/2026.1/Vitis/tps/tcl/tcllib2.0/rest/pkgIndex.tcl 
Execute           source C:/AMDDesignTools/2026.1/Vitis/tps/tcl/tcllib2.0/ripemd/pkgIndex.tcl 
Execute           source C:/AMDDesignTools/2026.1/Vitis/tps/tcl/tcllib2.0/sasl/pkgIndex.tcl 
Execute           source C:/AMDDesignTools/2026.1/Vitis/tps/tcl/tcllib2.0/sha1/pkgIndex.tcl 
Execute           source C:/AMDDesignTools/2026.1/Vitis/tps/tcl/tcllib2.0/simulation/pkgIndex.tcl 
Execute           source C:/AMDDesignTools/2026.1/Vitis/tps/tcl/tcllib2.0/smtpd/pkgIndex.tcl 
Execute           source C:/AMDDesignTools/2026.1/Vitis/tps/tcl/tcllib2.0/snit/pkgIndex.tcl 
Execute           source C:/AMDDesignTools/2026.1/Vitis/tps/tcl/tcllib2.0/soundex/pkgIndex.tcl 
Execute           source C:/AMDDesignTools/2026.1/Vitis/tps/tcl/tcllib2.0/stooop/pkgIndex.tcl 
Execute           source C:/AMDDesignTools/2026.1/Vitis/tps/tcl/tcllib2.0/string/pkgIndex.tcl 
Execute           source C:/AMDDesignTools/2026.1/Vitis/tps/tcl/tcllib2.0/stringprep/pkgIndex.tcl 
Execute           source C:/AMDDesignTools/2026.1/Vitis/tps/tcl/tcllib2.0/struct/pkgIndex.tcl 
Execute           source C:/AMDDesignTools/2026.1/Vitis/tps/tcl/tcllib2.0/tar/pkgIndex.tcl 
Execute           source C:/AMDDesignTools/2026.1/Vitis/tps/tcl/tcllib2.0/tepam/pkgIndex.tcl 
Execute           source C:/AMDDesignTools/2026.1/Vitis/tps/tcl/tcllib2.0/term/pkgIndex.tcl 
Execute           source C:/AMDDesignTools/2026.1/Vitis/tps/tcl/tcllib2.0/textutil/pkgIndex.tcl 
Execute           source C:/AMDDesignTools/2026.1/Vitis/tps/tcl/tcllib2.0/tie/pkgIndex.tcl 
Execute           source C:/AMDDesignTools/2026.1/Vitis/tps/tcl/tcllib2.0/tiff/pkgIndex.tcl 
Execute           source C:/AMDDesignTools/2026.1/Vitis/tps/tcl/tcllib2.0/tool/pkgIndex.tcl 
Execute           source C:/AMDDesignTools/2026.1/Vitis/tps/tcl/tcllib2.0/transfer/pkgIndex.tcl 
Execute           source C:/AMDDesignTools/2026.1/Vitis/tps/tcl/tcllib2.0/treeql/pkgIndex.tcl 
Execute           source C:/AMDDesignTools/2026.1/Vitis/tps/tcl/tcllib2.0/try/pkgIndex.tcl 
Execute           source C:/AMDDesignTools/2026.1/Vitis/tps/tcl/tcllib2.0/udpcluster/pkgIndex.tcl 
Execute           source C:/AMDDesignTools/2026.1/Vitis/tps/tcl/tcllib2.0/uev/pkgIndex.tcl 
Execute           source C:/AMDDesignTools/2026.1/Vitis/tps/tcl/tcllib2.0/units/pkgIndex.tcl 
Execute           source C:/AMDDesignTools/2026.1/Vitis/tps/tcl/tcllib2.0/uri/pkgIndex.tcl 
Execute           source C:/AMDDesignTools/2026.1/Vitis/tps/tcl/tcllib2.0/uuid/pkgIndex.tcl 
Execute           source C:/AMDDesignTools/2026.1/Vitis/tps/tcl/tcllib2.0/valtype/pkgIndex.tcl 
Execute           source C:/AMDDesignTools/2026.1/Vitis/tps/tcl/tcllib2.0/virtchannel_base/pkgIndex.tcl 
Execute           source C:/AMDDesignTools/2026.1/Vitis/tps/tcl/tcllib2.0/virtchannel_core/pkgIndex.tcl 
Execute           source C:/AMDDesignTools/2026.1/Vitis/tps/tcl/tcllib2.0/virtchannel_transform/pkgIndex.tcl 
Execute           source C:/AMDDesignTools/2026.1/Vitis/tps/tcl/tcllib2.0/websocket/pkgIndex.tcl 
Execute           source C:/AMDDesignTools/2026.1/Vitis/tps/tcl/tcllib2.0/wip/pkgIndex.tcl 
Execute           source C:/AMDDesignTools/2026.1/Vitis/tps/tcl/tcllib2.0/yaml/pkgIndex.tcl 
Execute           source C:/AMDDesignTools/2026.1/Vitis/tps/tcl/tcllib2.0/zip/pkgIndex.tcl 
Execute           source C:/AMDDesignTools/2026.1/Vitis/tps/tcl/tcllib2.0/pkgIndex.tcl 
Execute             source C:/AMDDesignTools/2026.1/Vitis/tps/tcl/tcllib2.0/0compatibility/pkgIndex.tcl 
Execute             source C:/AMDDesignTools/2026.1/Vitis/tps/tcl/tcllib2.0/amazon-s3/pkgIndex.tcl 
Execute             source C:/AMDDesignTools/2026.1/Vitis/tps/tcl/tcllib2.0/asn/pkgIndex.tcl 
Execute             source C:/AMDDesignTools/2026.1/Vitis/tps/tcl/tcllib2.0/base32/pkgIndex.tcl 
Execute             source C:/AMDDesignTools/2026.1/Vitis/tps/tcl/tcllib2.0/base64/pkgIndex.tcl 
Execute             source C:/AMDDesignTools/2026.1/Vitis/tps/tcl/tcllib2.0/bee/pkgIndex.tcl 
Execute             source C:/AMDDesignTools/2026.1/Vitis/tps/tcl/tcllib2.0/bench/pkgIndex.tcl 
Execute             source C:/AMDDesignTools/2026.1/Vitis/tps/tcl/tcllib2.0/bibtex/pkgIndex.tcl 
Execute             source C:/AMDDesignTools/2026.1/Vitis/tps/tcl/tcllib2.0/cache/pkgIndex.tcl 
Execute             source C:/AMDDesignTools/2026.1/Vitis/tps/tcl/tcllib2.0/clay/pkgIndex.tcl 
Execute             source C:/AMDDesignTools/2026.1/Vitis/tps/tcl/tcllib2.0/clock/pkgIndex.tcl 
Execute             source C:/AMDDesignTools/2026.1/Vitis/tps/tcl/tcllib2.0/cmdline/pkgIndex.tcl 
Execute             source C:/AMDDesignTools/2026.1/Vitis/tps/tcl/tcllib2.0/comm/pkgIndex.tcl 
Execute             source C:/AMDDesignTools/2026.1/Vitis/tps/tcl/tcllib2.0/control/pkgIndex.tcl 
Execute             source C:/AMDDesignTools/2026.1/Vitis/tps/tcl/tcllib2.0/coroutine/pkgIndex.tcl 
Execute             source C:/AMDDesignTools/2026.1/Vitis/tps/tcl/tcllib2.0/counter/pkgIndex.tcl 
Execute             source C:/AMDDesignTools/2026.1/Vitis/tps/tcl/tcllib2.0/crc/pkgIndex.tcl 
Execute             source C:/AMDDesignTools/2026.1/Vitis/tps/tcl/tcllib2.0/cron/pkgIndex.tcl 
Execute             source C:/AMDDesignTools/2026.1/Vitis/tps/tcl/tcllib2.0/csv/pkgIndex.tcl 
Execute             source C:/AMDDesignTools/2026.1/Vitis/tps/tcl/tcllib2.0/debug/pkgIndex.tcl 
Execute             source C:/AMDDesignTools/2026.1/Vitis/tps/tcl/tcllib2.0/defer/pkgIndex.tcl 
Execute             source C:/AMDDesignTools/2026.1/Vitis/tps/tcl/tcllib2.0/dicttool/pkgIndex.tcl 
Execute             source C:/AMDDesignTools/2026.1/Vitis/tps/tcl/tcllib2.0/dns/pkgIndex.tcl 
Execute             source C:/AMDDesignTools/2026.1/Vitis/tps/tcl/tcllib2.0/docstrip/pkgIndex.tcl 
Execute             source C:/AMDDesignTools/2026.1/Vitis/tps/tcl/tcllib2.0/doctools/pkgIndex.tcl 
Execute             source C:/AMDDesignTools/2026.1/Vitis/tps/tcl/tcllib2.0/doctools2base/pkgIndex.tcl 
Execute             source C:/AMDDesignTools/2026.1/Vitis/tps/tcl/tcllib2.0/doctools2idx/pkgIndex.tcl 
Execute             source C:/AMDDesignTools/2026.1/Vitis/tps/tcl/tcllib2.0/doctools2toc/pkgIndex.tcl 
Execute             source C:/AMDDesignTools/2026.1/Vitis/tps/tcl/tcllib2.0/dtplite/pkgIndex.tcl 
Execute             source C:/AMDDesignTools/2026.1/Vitis/tps/tcl/tcllib2.0/fileutil/pkgIndex.tcl 
Execute             source C:/AMDDesignTools/2026.1/Vitis/tps/tcl/tcllib2.0/ftp/pkgIndex.tcl 
Execute             source C:/AMDDesignTools/2026.1/Vitis/tps/tcl/tcllib2.0/ftpd/pkgIndex.tcl 
Execute             source C:/AMDDesignTools/2026.1/Vitis/tps/tcl/tcllib2.0/fumagic/pkgIndex.tcl 
Execute             source C:/AMDDesignTools/2026.1/Vitis/tps/tcl/tcllib2.0/generator/pkgIndex.tcl 
Execute             source C:/AMDDesignTools/2026.1/Vitis/tps/tcl/tcllib2.0/gpx/pkgIndex.tcl 
Execute             source C:/AMDDesignTools/2026.1/Vitis/tps/tcl/tcllib2.0/grammar_aycock/pkgIndex.tcl 
Execute             source C:/AMDDesignTools/2026.1/Vitis/tps/tcl/tcllib2.0/grammar_fa/pkgIndex.tcl 
Execute             source C:/AMDDesignTools/2026.1/Vitis/tps/tcl/tcllib2.0/grammar_me/pkgIndex.tcl 
Execute             source C:/AMDDesignTools/2026.1/Vitis/tps/tcl/tcllib2.0/grammar_peg/pkgIndex.tcl 
Execute             source C:/AMDDesignTools/2026.1/Vitis/tps/tcl/tcllib2.0/hook/pkgIndex.tcl 
Execute             source C:/AMDDesignTools/2026.1/Vitis/tps/tcl/tcllib2.0/html/pkgIndex.tcl 
Execute             source C:/AMDDesignTools/2026.1/Vitis/tps/tcl/tcllib2.0/htmlparse/pkgIndex.tcl 
Execute             source C:/AMDDesignTools/2026.1/Vitis/tps/tcl/tcllib2.0/http/pkgIndex.tcl 
Execute             source C:/AMDDesignTools/2026.1/Vitis/tps/tcl/tcllib2.0/httpd/pkgIndex.tcl 
Execute             source C:/AMDDesignTools/2026.1/Vitis/tps/tcl/tcllib2.0/httpwget/pkgIndex.tcl 
Execute             source C:/AMDDesignTools/2026.1/Vitis/tps/tcl/tcllib2.0/ident/pkgIndex.tcl 
Execute             source C:/AMDDesignTools/2026.1/Vitis/tps/tcl/tcllib2.0/imap4/pkgIndex.tcl 
Execute             source C:/AMDDesignTools/2026.1/Vitis/tps/tcl/tcllib2.0/inifile/pkgIndex.tcl 
Execute             source C:/AMDDesignTools/2026.1/Vitis/tps/tcl/tcllib2.0/interp/pkgIndex.tcl 
Execute             source C:/AMDDesignTools/2026.1/Vitis/tps/tcl/tcllib2.0/irc/pkgIndex.tcl 
Execute             source C:/AMDDesignTools/2026.1/Vitis/tps/tcl/tcllib2.0/javascript/pkgIndex.tcl 
Execute             source C:/AMDDesignTools/2026.1/Vitis/tps/tcl/tcllib2.0/jpeg/pkgIndex.tcl 
Execute             source C:/AMDDesignTools/2026.1/Vitis/tps/tcl/tcllib2.0/json/pkgIndex.tcl 
Execute             source C:/AMDDesignTools/2026.1/Vitis/tps/tcl/tcllib2.0/lambda/pkgIndex.tcl 
Execute             source C:/AMDDesignTools/2026.1/Vitis/tps/tcl/tcllib2.0/lazyset/pkgIndex.tcl 
Execute             source C:/AMDDesignTools/2026.1/Vitis/tps/tcl/tcllib2.0/ldap/pkgIndex.tcl 
Execute             source C:/AMDDesignTools/2026.1/Vitis/tps/tcl/tcllib2.0/log/pkgIndex.tcl 
Execute             source C:/AMDDesignTools/2026.1/Vitis/tps/tcl/tcllib2.0/map/pkgIndex.tcl 
Execute             source C:/AMDDesignTools/2026.1/Vitis/tps/tcl/tcllib2.0/mapproj/pkgIndex.tcl 
Execute             source C:/AMDDesignTools/2026.1/Vitis/tps/tcl/tcllib2.0/markdown/pkgIndex.tcl 
Execute             source C:/AMDDesignTools/2026.1/Vitis/tps/tcl/tcllib2.0/math/pkgIndex.tcl 
Execute             source C:/AMDDesignTools/2026.1/Vitis/tps/tcl/tcllib2.0/md4/pkgIndex.tcl 
Execute             source C:/AMDDesignTools/2026.1/Vitis/tps/tcl/tcllib2.0/md5/pkgIndex.tcl 
Execute             source C:/AMDDesignTools/2026.1/Vitis/tps/tcl/tcllib2.0/md5crypt/pkgIndex.tcl 
Execute             source C:/AMDDesignTools/2026.1/Vitis/tps/tcl/tcllib2.0/mime/pkgIndex.tcl 
Execute             source C:/AMDDesignTools/2026.1/Vitis/tps/tcl/tcllib2.0/mkdoc/pkgIndex.tcl 
Execute             source C:/AMDDesignTools/2026.1/Vitis/tps/tcl/tcllib2.0/multiplexer/pkgIndex.tcl 
Execute             source C:/AMDDesignTools/2026.1/Vitis/tps/tcl/tcllib2.0/namespacex/pkgIndex.tcl 
Execute             source C:/AMDDesignTools/2026.1/Vitis/tps/tcl/tcllib2.0/ncgi/pkgIndex.tcl 
Execute             source C:/AMDDesignTools/2026.1/Vitis/tps/tcl/tcllib2.0/nettool/pkgIndex.tcl 
Execute             source C:/AMDDesignTools/2026.1/Vitis/tps/tcl/tcllib2.0/nmea/pkgIndex.tcl 
Execute             source C:/AMDDesignTools/2026.1/Vitis/tps/tcl/tcllib2.0/nns/pkgIndex.tcl 
Execute             source C:/AMDDesignTools/2026.1/Vitis/tps/tcl/tcllib2.0/nntp/pkgIndex.tcl 
Execute             source C:/AMDDesignTools/2026.1/Vitis/tps/tcl/tcllib2.0/ntp/pkgIndex.tcl 
Execute             source C:/AMDDesignTools/2026.1/Vitis/tps/tcl/tcllib2.0/oauth/pkgIndex.tcl 
Execute             source C:/AMDDesignTools/2026.1/Vitis/tps/tcl/tcllib2.0/oodialect/pkgIndex.tcl 
Execute             source C:/AMDDesignTools/2026.1/Vitis/tps/tcl/tcllib2.0/oometa/pkgIndex.tcl 
Execute             source C:/AMDDesignTools/2026.1/Vitis/tps/tcl/tcllib2.0/ooutil/pkgIndex.tcl 
Execute             source C:/AMDDesignTools/2026.1/Vitis/tps/tcl/tcllib2.0/otp/pkgIndex.tcl 
Execute             source C:/AMDDesignTools/2026.1/Vitis/tps/tcl/tcllib2.0/page/pkgIndex.tcl 
Execute             source C:/AMDDesignTools/2026.1/Vitis/tps/tcl/tcllib2.0/pluginmgr/pkgIndex.tcl 
Execute             source C:/AMDDesignTools/2026.1/Vitis/tps/tcl/tcllib2.0/png/pkgIndex.tcl 
Execute             source C:/AMDDesignTools/2026.1/Vitis/tps/tcl/tcllib2.0/pop3/pkgIndex.tcl 
Execute             source C:/AMDDesignTools/2026.1/Vitis/tps/tcl/tcllib2.0/pop3d/pkgIndex.tcl 
Execute             source C:/AMDDesignTools/2026.1/Vitis/tps/tcl/tcllib2.0/practcl/pkgIndex.tcl 
Execute             source C:/AMDDesignTools/2026.1/Vitis/tps/tcl/tcllib2.0/processman/pkgIndex.tcl 
Execute             source C:/AMDDesignTools/2026.1/Vitis/tps/tcl/tcllib2.0/profiler/pkgIndex.tcl 
Execute             source C:/AMDDesignTools/2026.1/Vitis/tps/tcl/tcllib2.0/pt/pkgIndex.tcl 
Execute             source C:/AMDDesignTools/2026.1/Vitis/tps/tcl/tcllib2.0/rcs/pkgIndex.tcl 
Execute             source C:/AMDDesignTools/2026.1/Vitis/tps/tcl/tcllib2.0/report/pkgIndex.tcl 
Execute             source C:/AMDDesignTools/2026.1/Vitis/tps/tcl/tcllib2.0/rest/pkgIndex.tcl 
Execute             source C:/AMDDesignTools/2026.1/Vitis/tps/tcl/tcllib2.0/ripemd/pkgIndex.tcl 
Execute             source C:/AMDDesignTools/2026.1/Vitis/tps/tcl/tcllib2.0/sasl/pkgIndex.tcl 
Execute             source C:/AMDDesignTools/2026.1/Vitis/tps/tcl/tcllib2.0/sha1/pkgIndex.tcl 
Execute             source C:/AMDDesignTools/2026.1/Vitis/tps/tcl/tcllib2.0/simulation/pkgIndex.tcl 
Execute             source C:/AMDDesignTools/2026.1/Vitis/tps/tcl/tcllib2.0/smtpd/pkgIndex.tcl 
Execute             source C:/AMDDesignTools/2026.1/Vitis/tps/tcl/tcllib2.0/snit/pkgIndex.tcl 
Execute             source C:/AMDDesignTools/2026.1/Vitis/tps/tcl/tcllib2.0/soundex/pkgIndex.tcl 
Execute             source C:/AMDDesignTools/2026.1/Vitis/tps/tcl/tcllib2.0/stooop/pkgIndex.tcl 
Execute             source C:/AMDDesignTools/2026.1/Vitis/tps/tcl/tcllib2.0/string/pkgIndex.tcl 
Execute             source C:/AMDDesignTools/2026.1/Vitis/tps/tcl/tcllib2.0/stringprep/pkgIndex.tcl 
Execute             source C:/AMDDesignTools/2026.1/Vitis/tps/tcl/tcllib2.0/struct/pkgIndex.tcl 
Execute             source C:/AMDDesignTools/2026.1/Vitis/tps/tcl/tcllib2.0/tar/pkgIndex.tcl 
Execute             source C:/AMDDesignTools/2026.1/Vitis/tps/tcl/tcllib2.0/tepam/pkgIndex.tcl 
Execute             source C:/AMDDesignTools/2026.1/Vitis/tps/tcl/tcllib2.0/term/pkgIndex.tcl 
Execute             source C:/AMDDesignTools/2026.1/Vitis/tps/tcl/tcllib2.0/textutil/pkgIndex.tcl 
Execute             source C:/AMDDesignTools/2026.1/Vitis/tps/tcl/tcllib2.0/tie/pkgIndex.tcl 
Execute             source C:/AMDDesignTools/2026.1/Vitis/tps/tcl/tcllib2.0/tiff/pkgIndex.tcl 
Execute             source C:/AMDDesignTools/2026.1/Vitis/tps/tcl/tcllib2.0/tool/pkgIndex.tcl 
Execute             source C:/AMDDesignTools/2026.1/Vitis/tps/tcl/tcllib2.0/transfer/pkgIndex.tcl 
Execute             source C:/AMDDesignTools/2026.1/Vitis/tps/tcl/tcllib2.0/treeql/pkgIndex.tcl 
Execute             source C:/AMDDesignTools/2026.1/Vitis/tps/tcl/tcllib2.0/try/pkgIndex.tcl 
Execute             source C:/AMDDesignTools/2026.1/Vitis/tps/tcl/tcllib2.0/udpcluster/pkgIndex.tcl 
Execute             source C:/AMDDesignTools/2026.1/Vitis/tps/tcl/tcllib2.0/uev/pkgIndex.tcl 
Execute             source C:/AMDDesignTools/2026.1/Vitis/tps/tcl/tcllib2.0/units/pkgIndex.tcl 
Execute             source C:/AMDDesignTools/2026.1/Vitis/tps/tcl/tcllib2.0/uri/pkgIndex.tcl 
Execute             source C:/AMDDesignTools/2026.1/Vitis/tps/tcl/tcllib2.0/uuid/pkgIndex.tcl 
Execute             source C:/AMDDesignTools/2026.1/Vitis/tps/tcl/tcllib2.0/valtype/pkgIndex.tcl 
Execute             source C:/AMDDesignTools/2026.1/Vitis/tps/tcl/tcllib2.0/virtchannel_base/pkgIndex.tcl 
Execute             source C:/AMDDesignTools/2026.1/Vitis/tps/tcl/tcllib2.0/virtchannel_core/pkgIndex.tcl 
Execute             source C:/AMDDesignTools/2026.1/Vitis/tps/tcl/tcllib2.0/virtchannel_transform/pkgIndex.tcl 
Execute             source C:/AMDDesignTools/2026.1/Vitis/tps/tcl/tcllib2.0/websocket/pkgIndex.tcl 
Execute             source C:/AMDDesignTools/2026.1/Vitis/tps/tcl/tcllib2.0/wip/pkgIndex.tcl 
Execute             source C:/AMDDesignTools/2026.1/Vitis/tps/tcl/tcllib2.0/yaml/pkgIndex.tcl 
Execute             source C:/AMDDesignTools/2026.1/Vitis/tps/tcl/tcllib2.0/zip/pkgIndex.tcl 
Command           ap_source done; 0.217 sec.
Execute           source C:/AMDDesignTools/2026.1/Vitis/tps/tcl/tdom/pkgIndex.tcl 
Execute           source C:/AMDDesignTools/2026.1/Vitis/tps/tcl/tk8.6/pkgIndex.tcl 
Execute           source C:/AMDDesignTools/2026.1/Vitis/tps/tcl/tcl8.6/opt0.4/pkgIndex.tcl 
Execute           source C:/AMDDesignTools/2026.1/Vitis/tps/tcl/tcl8.6/pkgs/win/thread2.8.7/pkgIndex.tcl 
Command         ap_source done; 0.513 sec.
Execute         source C:/AMDDesignTools/2026.1/Vitis/tps/tcl/tcllib2.0/0compatibility/pkgIndex.tcl 
Execute         source C:/AMDDesignTools/2026.1/Vitis/tps/tcl/tcllib2.0/amazon-s3/pkgIndex.tcl 
Execute         source C:/AMDDesignTools/2026.1/Vitis/tps/tcl/tcllib2.0/asn/pkgIndex.tcl 
Execute         source C:/AMDDesignTools/2026.1/Vitis/tps/tcl/tcllib2.0/base32/pkgIndex.tcl 
Execute         source C:/AMDDesignTools/2026.1/Vitis/tps/tcl/tcllib2.0/base64/pkgIndex.tcl 
Execute         source C:/AMDDesignTools/2026.1/Vitis/tps/tcl/tcllib2.0/bee/pkgIndex.tcl 
Execute         source C:/AMDDesignTools/2026.1/Vitis/tps/tcl/tcllib2.0/bench/pkgIndex.tcl 
Execute         source C:/AMDDesignTools/2026.1/Vitis/tps/tcl/tcllib2.0/bibtex/pkgIndex.tcl 
Execute         source C:/AMDDesignTools/2026.1/Vitis/tps/tcl/tcllib2.0/cache/pkgIndex.tcl 
Execute         source C:/AMDDesignTools/2026.1/Vitis/tps/tcl/tcllib2.0/clay/pkgIndex.tcl 
Execute         source C:/AMDDesignTools/2026.1/Vitis/tps/tcl/tcllib2.0/clock/pkgIndex.tcl 
Execute         source C:/AMDDesignTools/2026.1/Vitis/tps/tcl/tcllib2.0/cmdline/pkgIndex.tcl 
Execute         source C:/AMDDesignTools/2026.1/Vitis/tps/tcl/tcllib2.0/comm/pkgIndex.tcl 
Execute         source C:/AMDDesignTools/2026.1/Vitis/tps/tcl/tcllib2.0/control/pkgIndex.tcl 
Execute         source C:/AMDDesignTools/2026.1/Vitis/tps/tcl/tcllib2.0/coroutine/pkgIndex.tcl 
Execute         source C:/AMDDesignTools/2026.1/Vitis/tps/tcl/tcllib2.0/counter/pkgIndex.tcl 
Execute         source C:/AMDDesignTools/2026.1/Vitis/tps/tcl/tcllib2.0/crc/pkgIndex.tcl 
Execute         source C:/AMDDesignTools/2026.1/Vitis/tps/tcl/tcllib2.0/cron/pkgIndex.tcl 
Execute         source C:/AMDDesignTools/2026.1/Vitis/tps/tcl/tcllib2.0/csv/pkgIndex.tcl 
Execute         source C:/AMDDesignTools/2026.1/Vitis/tps/tcl/tcllib2.0/debug/pkgIndex.tcl 
Execute         source C:/AMDDesignTools/2026.1/Vitis/tps/tcl/tcllib2.0/defer/pkgIndex.tcl 
Execute         source C:/AMDDesignTools/2026.1/Vitis/tps/tcl/tcllib2.0/dicttool/pkgIndex.tcl 
Execute         source C:/AMDDesignTools/2026.1/Vitis/tps/tcl/tcllib2.0/dns/pkgIndex.tcl 
Execute         source C:/AMDDesignTools/2026.1/Vitis/tps/tcl/tcllib2.0/docstrip/pkgIndex.tcl 
Execute         source C:/AMDDesignTools/2026.1/Vitis/tps/tcl/tcllib2.0/doctools/pkgIndex.tcl 
Execute         source C:/AMDDesignTools/2026.1/Vitis/tps/tcl/tcllib2.0/doctools2base/pkgIndex.tcl 
Execute         source C:/AMDDesignTools/2026.1/Vitis/tps/tcl/tcllib2.0/doctools2idx/pkgIndex.tcl 
Execute         source C:/AMDDesignTools/2026.1/Vitis/tps/tcl/tcllib2.0/doctools2toc/pkgIndex.tcl 
Execute         source C:/AMDDesignTools/2026.1/Vitis/tps/tcl/tcllib2.0/dtplite/pkgIndex.tcl 
Execute         source C:/AMDDesignTools/2026.1/Vitis/tps/tcl/tcllib2.0/fileutil/pkgIndex.tcl 
Execute         source C:/AMDDesignTools/2026.1/Vitis/tps/tcl/tcllib2.0/ftp/pkgIndex.tcl 
Execute         source C:/AMDDesignTools/2026.1/Vitis/tps/tcl/tcllib2.0/ftpd/pkgIndex.tcl 
Execute         source C:/AMDDesignTools/2026.1/Vitis/tps/tcl/tcllib2.0/fumagic/pkgIndex.tcl 
Execute         source C:/AMDDesignTools/2026.1/Vitis/tps/tcl/tcllib2.0/generator/pkgIndex.tcl 
Execute         source C:/AMDDesignTools/2026.1/Vitis/tps/tcl/tcllib2.0/gpx/pkgIndex.tcl 
Execute         source C:/AMDDesignTools/2026.1/Vitis/tps/tcl/tcllib2.0/grammar_aycock/pkgIndex.tcl 
Execute         source C:/AMDDesignTools/2026.1/Vitis/tps/tcl/tcllib2.0/grammar_fa/pkgIndex.tcl 
Execute         source C:/AMDDesignTools/2026.1/Vitis/tps/tcl/tcllib2.0/grammar_me/pkgIndex.tcl 
Execute         source C:/AMDDesignTools/2026.1/Vitis/tps/tcl/tcllib2.0/grammar_peg/pkgIndex.tcl 
Execute         source C:/AMDDesignTools/2026.1/Vitis/tps/tcl/tcllib2.0/hook/pkgIndex.tcl 
Execute         source C:/AMDDesignTools/2026.1/Vitis/tps/tcl/tcllib2.0/html/pkgIndex.tcl 
Execute         source C:/AMDDesignTools/2026.1/Vitis/tps/tcl/tcllib2.0/htmlparse/pkgIndex.tcl 
Execute         source C:/AMDDesignTools/2026.1/Vitis/tps/tcl/tcllib2.0/http/pkgIndex.tcl 
Execute         source C:/AMDDesignTools/2026.1/Vitis/tps/tcl/tcllib2.0/httpd/pkgIndex.tcl 
Execute         source C:/AMDDesignTools/2026.1/Vitis/tps/tcl/tcllib2.0/httpwget/pkgIndex.tcl 
Execute         source C:/AMDDesignTools/2026.1/Vitis/tps/tcl/tcllib2.0/ident/pkgIndex.tcl 
Execute         source C:/AMDDesignTools/2026.1/Vitis/tps/tcl/tcllib2.0/imap4/pkgIndex.tcl 
Execute         source C:/AMDDesignTools/2026.1/Vitis/tps/tcl/tcllib2.0/inifile/pkgIndex.tcl 
Execute         source C:/AMDDesignTools/2026.1/Vitis/tps/tcl/tcllib2.0/interp/pkgIndex.tcl 
Execute         source C:/AMDDesignTools/2026.1/Vitis/tps/tcl/tcllib2.0/irc/pkgIndex.tcl 
Execute         source C:/AMDDesignTools/2026.1/Vitis/tps/tcl/tcllib2.0/javascript/pkgIndex.tcl 
Execute         source C:/AMDDesignTools/2026.1/Vitis/tps/tcl/tcllib2.0/jpeg/pkgIndex.tcl 
Execute         source C:/AMDDesignTools/2026.1/Vitis/tps/tcl/tcllib2.0/json/pkgIndex.tcl 
Execute         source C:/AMDDesignTools/2026.1/Vitis/tps/tcl/tcllib2.0/lambda/pkgIndex.tcl 
Execute         source C:/AMDDesignTools/2026.1/Vitis/tps/tcl/tcllib2.0/lazyset/pkgIndex.tcl 
Execute         source C:/AMDDesignTools/2026.1/Vitis/tps/tcl/tcllib2.0/ldap/pkgIndex.tcl 
Execute         source C:/AMDDesignTools/2026.1/Vitis/tps/tcl/tcllib2.0/log/pkgIndex.tcl 
Execute         source C:/AMDDesignTools/2026.1/Vitis/tps/tcl/tcllib2.0/map/pkgIndex.tcl 
Execute         source C:/AMDDesignTools/2026.1/Vitis/tps/tcl/tcllib2.0/mapproj/pkgIndex.tcl 
Execute         source C:/AMDDesignTools/2026.1/Vitis/tps/tcl/tcllib2.0/markdown/pkgIndex.tcl 
Execute         source C:/AMDDesignTools/2026.1/Vitis/tps/tcl/tcllib2.0/math/pkgIndex.tcl 
Execute         source C:/AMDDesignTools/2026.1/Vitis/tps/tcl/tcllib2.0/md4/pkgIndex.tcl 
Execute         source C:/AMDDesignTools/2026.1/Vitis/tps/tcl/tcllib2.0/md5/pkgIndex.tcl 
Execute         source C:/AMDDesignTools/2026.1/Vitis/tps/tcl/tcllib2.0/md5crypt/pkgIndex.tcl 
Execute         source C:/AMDDesignTools/2026.1/Vitis/tps/tcl/tcllib2.0/mime/pkgIndex.tcl 
Execute         source C:/AMDDesignTools/2026.1/Vitis/tps/tcl/tcllib2.0/mkdoc/pkgIndex.tcl 
Execute         source C:/AMDDesignTools/2026.1/Vitis/tps/tcl/tcllib2.0/multiplexer/pkgIndex.tcl 
Execute         source C:/AMDDesignTools/2026.1/Vitis/tps/tcl/tcllib2.0/namespacex/pkgIndex.tcl 
Execute         source C:/AMDDesignTools/2026.1/Vitis/tps/tcl/tcllib2.0/ncgi/pkgIndex.tcl 
Execute         source C:/AMDDesignTools/2026.1/Vitis/tps/tcl/tcllib2.0/nettool/pkgIndex.tcl 
Execute         source C:/AMDDesignTools/2026.1/Vitis/tps/tcl/tcllib2.0/nmea/pkgIndex.tcl 
Execute         source C:/AMDDesignTools/2026.1/Vitis/tps/tcl/tcllib2.0/nns/pkgIndex.tcl 
Execute         source C:/AMDDesignTools/2026.1/Vitis/tps/tcl/tcllib2.0/nntp/pkgIndex.tcl 
Execute         source C:/AMDDesignTools/2026.1/Vitis/tps/tcl/tcllib2.0/ntp/pkgIndex.tcl 
Execute         source C:/AMDDesignTools/2026.1/Vitis/tps/tcl/tcllib2.0/oauth/pkgIndex.tcl 
Execute         source C:/AMDDesignTools/2026.1/Vitis/tps/tcl/tcllib2.0/oodialect/pkgIndex.tcl 
Execute         source C:/AMDDesignTools/2026.1/Vitis/tps/tcl/tcllib2.0/oometa/pkgIndex.tcl 
Execute         source C:/AMDDesignTools/2026.1/Vitis/tps/tcl/tcllib2.0/ooutil/pkgIndex.tcl 
Execute         source C:/AMDDesignTools/2026.1/Vitis/tps/tcl/tcllib2.0/otp/pkgIndex.tcl 
Execute         source C:/AMDDesignTools/2026.1/Vitis/tps/tcl/tcllib2.0/page/pkgIndex.tcl 
Execute         source C:/AMDDesignTools/2026.1/Vitis/tps/tcl/tcllib2.0/pluginmgr/pkgIndex.tcl 
Execute         source C:/AMDDesignTools/2026.1/Vitis/tps/tcl/tcllib2.0/png/pkgIndex.tcl 
Execute         source C:/AMDDesignTools/2026.1/Vitis/tps/tcl/tcllib2.0/pop3/pkgIndex.tcl 
Execute         source C:/AMDDesignTools/2026.1/Vitis/tps/tcl/tcllib2.0/pop3d/pkgIndex.tcl 
Execute         source C:/AMDDesignTools/2026.1/Vitis/tps/tcl/tcllib2.0/practcl/pkgIndex.tcl 
Execute         source C:/AMDDesignTools/2026.1/Vitis/tps/tcl/tcllib2.0/processman/pkgIndex.tcl 
Execute         source C:/AMDDesignTools/2026.1/Vitis/tps/tcl/tcllib2.0/profiler/pkgIndex.tcl 
Execute         source C:/AMDDesignTools/2026.1/Vitis/tps/tcl/tcllib2.0/pt/pkgIndex.tcl 
Execute         source C:/AMDDesignTools/2026.1/Vitis/tps/tcl/tcllib2.0/rcs/pkgIndex.tcl 
Execute         source C:/AMDDesignTools/2026.1/Vitis/tps/tcl/tcllib2.0/report/pkgIndex.tcl 
Execute         source C:/AMDDesignTools/2026.1/Vitis/tps/tcl/tcllib2.0/rest/pkgIndex.tcl 
Execute         source C:/AMDDesignTools/2026.1/Vitis/tps/tcl/tcllib2.0/ripemd/pkgIndex.tcl 
Execute         source C:/AMDDesignTools/2026.1/Vitis/tps/tcl/tcllib2.0/sasl/pkgIndex.tcl 
Execute         source C:/AMDDesignTools/2026.1/Vitis/tps/tcl/tcllib2.0/sha1/pkgIndex.tcl 
Execute         source C:/AMDDesignTools/2026.1/Vitis/tps/tcl/tcllib2.0/simulation/pkgIndex.tcl 
Execute         source C:/AMDDesignTools/2026.1/Vitis/tps/tcl/tcllib2.0/smtpd/pkgIndex.tcl 
Execute         source C:/AMDDesignTools/2026.1/Vitis/tps/tcl/tcllib2.0/snit/pkgIndex.tcl 
Execute         source C:/AMDDesignTools/2026.1/Vitis/tps/tcl/tcllib2.0/soundex/pkgIndex.tcl 
Execute         source C:/AMDDesignTools/2026.1/Vitis/tps/tcl/tcllib2.0/stooop/pkgIndex.tcl 
Execute         source C:/AMDDesignTools/2026.1/Vitis/tps/tcl/tcllib2.0/string/pkgIndex.tcl 
Execute         source C:/AMDDesignTools/2026.1/Vitis/tps/tcl/tcllib2.0/stringprep/pkgIndex.tcl 
Execute         source C:/AMDDesignTools/2026.1/Vitis/tps/tcl/tcllib2.0/struct/pkgIndex.tcl 
Execute         source C:/AMDDesignTools/2026.1/Vitis/tps/tcl/tcllib2.0/tar/pkgIndex.tcl 
Execute         source C:/AMDDesignTools/2026.1/Vitis/tps/tcl/tcllib2.0/tepam/pkgIndex.tcl 
Execute         source C:/AMDDesignTools/2026.1/Vitis/tps/tcl/tcllib2.0/term/pkgIndex.tcl 
Execute         source C:/AMDDesignTools/2026.1/Vitis/tps/tcl/tcllib2.0/textutil/pkgIndex.tcl 
Execute         source C:/AMDDesignTools/2026.1/Vitis/tps/tcl/tcllib2.0/tie/pkgIndex.tcl 
Execute         source C:/AMDDesignTools/2026.1/Vitis/tps/tcl/tcllib2.0/tiff/pkgIndex.tcl 
Execute         source C:/AMDDesignTools/2026.1/Vitis/tps/tcl/tcllib2.0/tool/pkgIndex.tcl 
Execute         source C:/AMDDesignTools/2026.1/Vitis/tps/tcl/tcllib2.0/transfer/pkgIndex.tcl 
Execute         source C:/AMDDesignTools/2026.1/Vitis/tps/tcl/tcllib2.0/treeql/pkgIndex.tcl 
Execute         source C:/AMDDesignTools/2026.1/Vitis/tps/tcl/tcllib2.0/try/pkgIndex.tcl 
Execute         source C:/AMDDesignTools/2026.1/Vitis/tps/tcl/tcllib2.0/udpcluster/pkgIndex.tcl 
Execute         source C:/AMDDesignTools/2026.1/Vitis/tps/tcl/tcllib2.0/uev/pkgIndex.tcl 
Execute         source C:/AMDDesignTools/2026.1/Vitis/tps/tcl/tcllib2.0/units/pkgIndex.tcl 
Execute         source C:/AMDDesignTools/2026.1/Vitis/tps/tcl/tcllib2.0/uri/pkgIndex.tcl 
Execute         source C:/AMDDesignTools/2026.1/Vitis/tps/tcl/tcllib2.0/uuid/pkgIndex.tcl 
Execute         source C:/AMDDesignTools/2026.1/Vitis/tps/tcl/tcllib2.0/valtype/pkgIndex.tcl 
Execute         source C:/AMDDesignTools/2026.1/Vitis/tps/tcl/tcllib2.0/virtchannel_base/pkgIndex.tcl 
Execute         source C:/AMDDesignTools/2026.1/Vitis/tps/tcl/tcllib2.0/virtchannel_core/pkgIndex.tcl 
Execute         source C:/AMDDesignTools/2026.1/Vitis/tps/tcl/tcllib2.0/virtchannel_transform/pkgIndex.tcl 
Execute         source C:/AMDDesignTools/2026.1/Vitis/tps/tcl/tcllib2.0/websocket/pkgIndex.tcl 
Execute         source C:/AMDDesignTools/2026.1/Vitis/tps/tcl/tcllib2.0/wip/pkgIndex.tcl 
Execute         source C:/AMDDesignTools/2026.1/Vitis/tps/tcl/tcllib2.0/yaml/pkgIndex.tcl 
Execute         source C:/AMDDesignTools/2026.1/Vitis/tps/tcl/tcllib2.0/zip/pkgIndex.tcl 
Execute         source C:/AMDDesignTools/2026.1/Vitis/tps/tcl/tcllib2.0/pkgIndex.tcl 
Execute           source C:/AMDDesignTools/2026.1/Vitis/tps/tcl/tcllib2.0/0compatibility/pkgIndex.tcl 
Execute           source C:/AMDDesignTools/2026.1/Vitis/tps/tcl/tcllib2.0/amazon-s3/pkgIndex.tcl 
Execute           source C:/AMDDesignTools/2026.1/Vitis/tps/tcl/tcllib2.0/asn/pkgIndex.tcl 
Execute           source C:/AMDDesignTools/2026.1/Vitis/tps/tcl/tcllib2.0/base32/pkgIndex.tcl 
Execute           source C:/AMDDesignTools/2026.1/Vitis/tps/tcl/tcllib2.0/base64/pkgIndex.tcl 
Execute           source C:/AMDDesignTools/2026.1/Vitis/tps/tcl/tcllib2.0/bee/pkgIndex.tcl 
Execute           source C:/AMDDesignTools/2026.1/Vitis/tps/tcl/tcllib2.0/bench/pkgIndex.tcl 
Execute           source C:/AMDDesignTools/2026.1/Vitis/tps/tcl/tcllib2.0/bibtex/pkgIndex.tcl 
Execute           source C:/AMDDesignTools/2026.1/Vitis/tps/tcl/tcllib2.0/cache/pkgIndex.tcl 
Execute           source C:/AMDDesignTools/2026.1/Vitis/tps/tcl/tcllib2.0/clay/pkgIndex.tcl 
Execute           source C:/AMDDesignTools/2026.1/Vitis/tps/tcl/tcllib2.0/clock/pkgIndex.tcl 
Execute           source C:/AMDDesignTools/2026.1/Vitis/tps/tcl/tcllib2.0/cmdline/pkgIndex.tcl 
Execute           source C:/AMDDesignTools/2026.1/Vitis/tps/tcl/tcllib2.0/comm/pkgIndex.tcl 
Execute           source C:/AMDDesignTools/2026.1/Vitis/tps/tcl/tcllib2.0/control/pkgIndex.tcl 
Execute           source C:/AMDDesignTools/2026.1/Vitis/tps/tcl/tcllib2.0/coroutine/pkgIndex.tcl 
Execute           source C:/AMDDesignTools/2026.1/Vitis/tps/tcl/tcllib2.0/counter/pkgIndex.tcl 
Execute           source C:/AMDDesignTools/2026.1/Vitis/tps/tcl/tcllib2.0/crc/pkgIndex.tcl 
Execute           source C:/AMDDesignTools/2026.1/Vitis/tps/tcl/tcllib2.0/cron/pkgIndex.tcl 
Execute           source C:/AMDDesignTools/2026.1/Vitis/tps/tcl/tcllib2.0/csv/pkgIndex.tcl 
Execute           source C:/AMDDesignTools/2026.1/Vitis/tps/tcl/tcllib2.0/debug/pkgIndex.tcl 
Execute           source C:/AMDDesignTools/2026.1/Vitis/tps/tcl/tcllib2.0/defer/pkgIndex.tcl 
Execute           source C:/AMDDesignTools/2026.1/Vitis/tps/tcl/tcllib2.0/dicttool/pkgIndex.tcl 
Execute           source C:/AMDDesignTools/2026.1/Vitis/tps/tcl/tcllib2.0/dns/pkgIndex.tcl 
Execute           source C:/AMDDesignTools/2026.1/Vitis/tps/tcl/tcllib2.0/docstrip/pkgIndex.tcl 
Execute           source C:/AMDDesignTools/2026.1/Vitis/tps/tcl/tcllib2.0/doctools/pkgIndex.tcl 
Execute           source C:/AMDDesignTools/2026.1/Vitis/tps/tcl/tcllib2.0/doctools2base/pkgIndex.tcl 
Execute           source C:/AMDDesignTools/2026.1/Vitis/tps/tcl/tcllib2.0/doctools2idx/pkgIndex.tcl 
Execute           source C:/AMDDesignTools/2026.1/Vitis/tps/tcl/tcllib2.0/doctools2toc/pkgIndex.tcl 
Execute           source C:/AMDDesignTools/2026.1/Vitis/tps/tcl/tcllib2.0/dtplite/pkgIndex.tcl 
Execute           source C:/AMDDesignTools/2026.1/Vitis/tps/tcl/tcllib2.0/fileutil/pkgIndex.tcl 
Execute           source C:/AMDDesignTools/2026.1/Vitis/tps/tcl/tcllib2.0/ftp/pkgIndex.tcl 
Execute           source C:/AMDDesignTools/2026.1/Vitis/tps/tcl/tcllib2.0/ftpd/pkgIndex.tcl 
Execute           source C:/AMDDesignTools/2026.1/Vitis/tps/tcl/tcllib2.0/fumagic/pkgIndex.tcl 
Execute           source C:/AMDDesignTools/2026.1/Vitis/tps/tcl/tcllib2.0/generator/pkgIndex.tcl 
Execute           source C:/AMDDesignTools/2026.1/Vitis/tps/tcl/tcllib2.0/gpx/pkgIndex.tcl 
Execute           source C:/AMDDesignTools/2026.1/Vitis/tps/tcl/tcllib2.0/grammar_aycock/pkgIndex.tcl 
Execute           source C:/AMDDesignTools/2026.1/Vitis/tps/tcl/tcllib2.0/grammar_fa/pkgIndex.tcl 
Execute           source C:/AMDDesignTools/2026.1/Vitis/tps/tcl/tcllib2.0/grammar_me/pkgIndex.tcl 
Execute           source C:/AMDDesignTools/2026.1/Vitis/tps/tcl/tcllib2.0/grammar_peg/pkgIndex.tcl 
Execute           source C:/AMDDesignTools/2026.1/Vitis/tps/tcl/tcllib2.0/hook/pkgIndex.tcl 
Execute           source C:/AMDDesignTools/2026.1/Vitis/tps/tcl/tcllib2.0/html/pkgIndex.tcl 
Execute           source C:/AMDDesignTools/2026.1/Vitis/tps/tcl/tcllib2.0/htmlparse/pkgIndex.tcl 
Execute           source C:/AMDDesignTools/2026.1/Vitis/tps/tcl/tcllib2.0/http/pkgIndex.tcl 
Execute           source C:/AMDDesignTools/2026.1/Vitis/tps/tcl/tcllib2.0/httpd/pkgIndex.tcl 
Execute           source C:/AMDDesignTools/2026.1/Vitis/tps/tcl/tcllib2.0/httpwget/pkgIndex.tcl 
Execute           source C:/AMDDesignTools/2026.1/Vitis/tps/tcl/tcllib2.0/ident/pkgIndex.tcl 
Execute           source C:/AMDDesignTools/2026.1/Vitis/tps/tcl/tcllib2.0/imap4/pkgIndex.tcl 
Execute           source C:/AMDDesignTools/2026.1/Vitis/tps/tcl/tcllib2.0/inifile/pkgIndex.tcl 
Execute           source C:/AMDDesignTools/2026.1/Vitis/tps/tcl/tcllib2.0/interp/pkgIndex.tcl 
Execute           source C:/AMDDesignTools/2026.1/Vitis/tps/tcl/tcllib2.0/irc/pkgIndex.tcl 
Execute           source C:/AMDDesignTools/2026.1/Vitis/tps/tcl/tcllib2.0/javascript/pkgIndex.tcl 
Execute           source C:/AMDDesignTools/2026.1/Vitis/tps/tcl/tcllib2.0/jpeg/pkgIndex.tcl 
Execute           source C:/AMDDesignTools/2026.1/Vitis/tps/tcl/tcllib2.0/json/pkgIndex.tcl 
Execute           source C:/AMDDesignTools/2026.1/Vitis/tps/tcl/tcllib2.0/lambda/pkgIndex.tcl 
Execute           source C:/AMDDesignTools/2026.1/Vitis/tps/tcl/tcllib2.0/lazyset/pkgIndex.tcl 
Execute           source C:/AMDDesignTools/2026.1/Vitis/tps/tcl/tcllib2.0/ldap/pkgIndex.tcl 
Execute           source C:/AMDDesignTools/2026.1/Vitis/tps/tcl/tcllib2.0/log/pkgIndex.tcl 
Execute           source C:/AMDDesignTools/2026.1/Vitis/tps/tcl/tcllib2.0/map/pkgIndex.tcl 
Execute           source C:/AMDDesignTools/2026.1/Vitis/tps/tcl/tcllib2.0/mapproj/pkgIndex.tcl 
Execute           source C:/AMDDesignTools/2026.1/Vitis/tps/tcl/tcllib2.0/markdown/pkgIndex.tcl 
Execute           source C:/AMDDesignTools/2026.1/Vitis/tps/tcl/tcllib2.0/math/pkgIndex.tcl 
Execute           source C:/AMDDesignTools/2026.1/Vitis/tps/tcl/tcllib2.0/md4/pkgIndex.tcl 
Execute           source C:/AMDDesignTools/2026.1/Vitis/tps/tcl/tcllib2.0/md5/pkgIndex.tcl 
Execute           source C:/AMDDesignTools/2026.1/Vitis/tps/tcl/tcllib2.0/md5crypt/pkgIndex.tcl 
Execute           source C:/AMDDesignTools/2026.1/Vitis/tps/tcl/tcllib2.0/mime/pkgIndex.tcl 
Execute           source C:/AMDDesignTools/2026.1/Vitis/tps/tcl/tcllib2.0/mkdoc/pkgIndex.tcl 
Execute           source C:/AMDDesignTools/2026.1/Vitis/tps/tcl/tcllib2.0/multiplexer/pkgIndex.tcl 
Execute           source C:/AMDDesignTools/2026.1/Vitis/tps/tcl/tcllib2.0/namespacex/pkgIndex.tcl 
Execute           source C:/AMDDesignTools/2026.1/Vitis/tps/tcl/tcllib2.0/ncgi/pkgIndex.tcl 
Execute           source C:/AMDDesignTools/2026.1/Vitis/tps/tcl/tcllib2.0/nettool/pkgIndex.tcl 
Execute           source C:/AMDDesignTools/2026.1/Vitis/tps/tcl/tcllib2.0/nmea/pkgIndex.tcl 
Execute           source C:/AMDDesignTools/2026.1/Vitis/tps/tcl/tcllib2.0/nns/pkgIndex.tcl 
Execute           source C:/AMDDesignTools/2026.1/Vitis/tps/tcl/tcllib2.0/nntp/pkgIndex.tcl 
Execute           source C:/AMDDesignTools/2026.1/Vitis/tps/tcl/tcllib2.0/ntp/pkgIndex.tcl 
Execute           source C:/AMDDesignTools/2026.1/Vitis/tps/tcl/tcllib2.0/oauth/pkgIndex.tcl 
Execute           source C:/AMDDesignTools/2026.1/Vitis/tps/tcl/tcllib2.0/oodialect/pkgIndex.tcl 
Execute           source C:/AMDDesignTools/2026.1/Vitis/tps/tcl/tcllib2.0/oometa/pkgIndex.tcl 
Execute           source C:/AMDDesignTools/2026.1/Vitis/tps/tcl/tcllib2.0/ooutil/pkgIndex.tcl 
Execute           source C:/AMDDesignTools/2026.1/Vitis/tps/tcl/tcllib2.0/otp/pkgIndex.tcl 
Execute           source C:/AMDDesignTools/2026.1/Vitis/tps/tcl/tcllib2.0/page/pkgIndex.tcl 
Execute           source C:/AMDDesignTools/2026.1/Vitis/tps/tcl/tcllib2.0/pluginmgr/pkgIndex.tcl 
Execute           source C:/AMDDesignTools/2026.1/Vitis/tps/tcl/tcllib2.0/png/pkgIndex.tcl 
Execute           source C:/AMDDesignTools/2026.1/Vitis/tps/tcl/tcllib2.0/pop3/pkgIndex.tcl 
Execute           source C:/AMDDesignTools/2026.1/Vitis/tps/tcl/tcllib2.0/pop3d/pkgIndex.tcl 
Execute           source C:/AMDDesignTools/2026.1/Vitis/tps/tcl/tcllib2.0/practcl/pkgIndex.tcl 
Execute           source C:/AMDDesignTools/2026.1/Vitis/tps/tcl/tcllib2.0/processman/pkgIndex.tcl 
Execute           source C:/AMDDesignTools/2026.1/Vitis/tps/tcl/tcllib2.0/profiler/pkgIndex.tcl 
Execute           source C:/AMDDesignTools/2026.1/Vitis/tps/tcl/tcllib2.0/pt/pkgIndex.tcl 
Execute           source C:/AMDDesignTools/2026.1/Vitis/tps/tcl/tcllib2.0/rcs/pkgIndex.tcl 
Execute           source C:/AMDDesignTools/2026.1/Vitis/tps/tcl/tcllib2.0/report/pkgIndex.tcl 
Execute           source C:/AMDDesignTools/2026.1/Vitis/tps/tcl/tcllib2.0/rest/pkgIndex.tcl 
Execute           source C:/AMDDesignTools/2026.1/Vitis/tps/tcl/tcllib2.0/ripemd/pkgIndex.tcl 
Execute           source C:/AMDDesignTools/2026.1/Vitis/tps/tcl/tcllib2.0/sasl/pkgIndex.tcl 
Execute           source C:/AMDDesignTools/2026.1/Vitis/tps/tcl/tcllib2.0/sha1/pkgIndex.tcl 
Execute           source C:/AMDDesignTools/2026.1/Vitis/tps/tcl/tcllib2.0/simulation/pkgIndex.tcl 
Execute           source C:/AMDDesignTools/2026.1/Vitis/tps/tcl/tcllib2.0/smtpd/pkgIndex.tcl 
Execute           source C:/AMDDesignTools/2026.1/Vitis/tps/tcl/tcllib2.0/snit/pkgIndex.tcl 
Execute           source C:/AMDDesignTools/2026.1/Vitis/tps/tcl/tcllib2.0/soundex/pkgIndex.tcl 
Execute           source C:/AMDDesignTools/2026.1/Vitis/tps/tcl/tcllib2.0/stooop/pkgIndex.tcl 
Execute           source C:/AMDDesignTools/2026.1/Vitis/tps/tcl/tcllib2.0/string/pkgIndex.tcl 
Execute           source C:/AMDDesignTools/2026.1/Vitis/tps/tcl/tcllib2.0/stringprep/pkgIndex.tcl 
Execute           source C:/AMDDesignTools/2026.1/Vitis/tps/tcl/tcllib2.0/struct/pkgIndex.tcl 
Execute           source C:/AMDDesignTools/2026.1/Vitis/tps/tcl/tcllib2.0/tar/pkgIndex.tcl 
Execute           source C:/AMDDesignTools/2026.1/Vitis/tps/tcl/tcllib2.0/tepam/pkgIndex.tcl 
Execute           source C:/AMDDesignTools/2026.1/Vitis/tps/tcl/tcllib2.0/term/pkgIndex.tcl 
Execute           source C:/AMDDesignTools/2026.1/Vitis/tps/tcl/tcllib2.0/textutil/pkgIndex.tcl 
Execute           source C:/AMDDesignTools/2026.1/Vitis/tps/tcl/tcllib2.0/tie/pkgIndex.tcl 
Execute           source C:/AMDDesignTools/2026.1/Vitis/tps/tcl/tcllib2.0/tiff/pkgIndex.tcl 
Execute           source C:/AMDDesignTools/2026.1/Vitis/tps/tcl/tcllib2.0/tool/pkgIndex.tcl 
Execute           source C:/AMDDesignTools/2026.1/Vitis/tps/tcl/tcllib2.0/transfer/pkgIndex.tcl 
Execute           source C:/AMDDesignTools/2026.1/Vitis/tps/tcl/tcllib2.0/treeql/pkgIndex.tcl 
Execute           source C:/AMDDesignTools/2026.1/Vitis/tps/tcl/tcllib2.0/try/pkgIndex.tcl 
Execute           source C:/AMDDesignTools/2026.1/Vitis/tps/tcl/tcllib2.0/udpcluster/pkgIndex.tcl 
Execute           source C:/AMDDesignTools/2026.1/Vitis/tps/tcl/tcllib2.0/uev/pkgIndex.tcl 
Execute           source C:/AMDDesignTools/2026.1/Vitis/tps/tcl/tcllib2.0/units/pkgIndex.tcl 
Execute           source C:/AMDDesignTools/2026.1/Vitis/tps/tcl/tcllib2.0/uri/pkgIndex.tcl 
Execute           source C:/AMDDesignTools/2026.1/Vitis/tps/tcl/tcllib2.0/uuid/pkgIndex.tcl 
Execute           source C:/AMDDesignTools/2026.1/Vitis/tps/tcl/tcllib2.0/valtype/pkgIndex.tcl 
Execute           source C:/AMDDesignTools/2026.1/Vitis/tps/tcl/tcllib2.0/virtchannel_base/pkgIndex.tcl 
Execute           source C:/AMDDesignTools/2026.1/Vitis/tps/tcl/tcllib2.0/virtchannel_core/pkgIndex.tcl 
Execute           source C:/AMDDesignTools/2026.1/Vitis/tps/tcl/tcllib2.0/virtchannel_transform/pkgIndex.tcl 
Execute           source C:/AMDDesignTools/2026.1/Vitis/tps/tcl/tcllib2.0/websocket/pkgIndex.tcl 
Execute           source C:/AMDDesignTools/2026.1/Vitis/tps/tcl/tcllib2.0/wip/pkgIndex.tcl 
Execute           source C:/AMDDesignTools/2026.1/Vitis/tps/tcl/tcllib2.0/yaml/pkgIndex.tcl 
Execute           source C:/AMDDesignTools/2026.1/Vitis/tps/tcl/tcllib2.0/zip/pkgIndex.tcl 
Command         ap_source done; 0.234 sec.
Execute         source C:/AMDDesignTools/2026.1/Vitis/tps/tcl/tdom/pkgIndex.tcl 
Execute         source C:/AMDDesignTools/2026.1/Vitis/tps/tcl/tk8.6/pkgIndex.tcl 
Execute         source C:/AMDDesignTools/2026.1/Vitis/tps/tcl/tcl8.6/opt0.4/pkgIndex.tcl 
Execute         source C:/AMDDesignTools/2026.1/Vitis/tps/tcl/tcl8.6/pkgs/win/thread2.8.7/pkgIndex.tcl 
Command       ap_source done; 1.029 sec.
INFO-FLOW: Workspace C:/Users/mohin/Vitis/hls_component/hls_component/hls opened at Wed Aug 12 13:11:39 +1000 2026
Execute       send_msg_by_id INFO @200-2174@%s%s component test.cfg 
INFO: [HLS 200-2174] Applying component config ini file test.cfg
Execute       apply_ini test.cfg 
Execute         send_msg_by_id INFO @200-1465@%s 'syn.file=drhe_compress.cpp' from test.cfg(5) 
INFO: [HLS 200-1465] Applying config ini 'syn.file=drhe_compress.cpp' from test.cfg(5)
Execute         add_files C:/Users/mohin/Vitis/hls_component/drhe_compress.cpp 
INFO: [HLS 200-10] Adding design file 'C:/Users/mohin/Vitis/hls_component/drhe_compress.cpp' to the project
Execute         send_msg_by_id INFO @200-1465@%s 'syn.file=drhe_decompress.cpp' from test.cfg(6) 
INFO: [HLS 200-1465] Applying config ini 'syn.file=drhe_decompress.cpp' from test.cfg(6)
Execute         add_files C:/Users/mohin/Vitis/hls_component/drhe_decompress.cpp 
INFO: [HLS 200-10] Adding design file 'C:/Users/mohin/Vitis/hls_component/drhe_decompress.cpp' to the project
Execute         send_msg_by_id INFO @200-1465@%s 'syn.file=drhe.cpp' from test.cfg(7) 
INFO: [HLS 200-1465] Applying config ini 'syn.file=drhe.cpp' from test.cfg(7)
Execute         add_files C:/Users/mohin/Vitis/hls_component/drhe.cpp 
INFO: [HLS 200-10] Adding design file 'C:/Users/mohin/Vitis/hls_component/drhe.cpp' to the project
Execute         send_msg_by_id INFO @200-1465@%s 'tb.file=drhe_tb.cpp' from test.cfg(8) 
INFO: [HLS 200-1465] Applying config ini 'tb.file=drhe_tb.cpp' from test.cfg(8)
Execute         add_files -tb C:/Users/mohin/Vitis/hls_component/drhe_tb.cpp 
INFO: [HLS 200-10] Adding test bench file 'C:/Users/mohin/Vitis/hls_component/drhe_tb.cpp' to the project
Execute         send_msg_by_id INFO @200-1465@%s 'tb.file=coloradar_frame0_rangefft.bin' from test.cfg(9) 
INFO: [HLS 200-1465] Applying config ini 'tb.file=coloradar_frame0_rangefft.bin' from test.cfg(9)
Execute         add_files -tb C:/Users/mohin/Vitis/hls_component/coloradar_frame0_rangefft.bin 
INFO: [HLS 200-10] Adding test bench file 'C:/Users/mohin/Vitis/hls_component/coloradar_frame0_rangefft.bin' to the project
Execute         send_msg_by_id INFO @200-1465@%s 'part=xcku5p-ffvb676-2-e' from test.cfg(1) 
INFO: [HLS 200-1465] Applying config ini 'part=xcku5p-ffvb676-2-e' from test.cfg(1)
Execute         set_part xcku5p-ffvb676-2-e 
Execute           create_platform xcku5p-ffvb676-2-e -board  
DBG:HLSDevice: Trying to load device library: C:/AMDDesignTools/2026.1/Vitis\lib\win64.o\xv_hlsvwrap.dll
DBG:HLSDevice: first parts/arch.xml in RDI_DATADIR: C:/AMDDesignTools/2026.1/Vitis/data/parts/arch.xml
DBG:HLSDevice: init success
INFO: [HLS 200-1611] Setting target device to 'xcku5p-ffvb676-2-e'
Command           create_platform done; 1.539 sec.
Execute           source C:/AMDDesignTools/2026.1/Vitis/common/technology/xilinx/common/xilinx.gen 
Execute             source C:/AMDDesignTools/2026.1/Vitis/common/technology/xilinx/interface/plb46.gen 
Execute             source C:/AMDDesignTools/2026.1/Vitis/common/technology/xilinx/interface/axi4.gen 
Execute             source C:/AMDDesignTools/2026.1/Vitis/common/technology/xilinx/interface/nativeAXI4.gen 
Execute               source C:/AMDDesignTools/2026.1/Vitis/common/technology/xilinx/interface/saxilite.gen 
Execute             source C:/AMDDesignTools/2026.1/Vitis/common/technology/xilinx/scripts/xilinxcoregen.gen 
Execute             source C:/AMDDesignTools/2026.1/Vitis/common/technology/xilinx/interface/XilEDKCoreGen.gen 
Execute             source C:/AMDDesignTools/2026.1/Vitis/common/technology/xilinx/ip/dds_compiler.gen 
Execute             source C:/AMDDesignTools/2026.1/Vitis/common/technology/xilinx/ip/util.gen 
Execute             source C:/AMDDesignTools/2026.1/Vitis/common/technology/xilinx/ip/xfft.gen 
Command             ap_source done; 0.108 sec.
Execute             source C:/AMDDesignTools/2026.1/Vitis/common/technology/xilinx/ip/xfir.gen 
Execute             source C:/AMDDesignTools/2026.1/Vitis/common/technology/xilinx/DSP48/dsp48.gen 
Command           ap_source done; 0.159 sec.
Execute           ap_part_info -name xcku5p-ffvb676-2-e -data info 
Execute           config_compile -quiet -complex-mul-dsp=0 
Command         set_part done; 1.721 sec.
Execute         send_msg_by_id INFO @200-1465@%s 'clock=100MHz' from test.cfg(4) 
INFO: [HLS 200-1465] Applying config ini 'clock=100MHz' from test.cfg(4)
Execute         create_clock -period 100mhz 
Execute           ap_set_clock -name default -period 10 -unit ns -default=false 
INFO: [SYN 201-201] Setting up clock 'default' with a period of 10ns.
Execute         send_msg_by_id INFO @200-1465@%s 'package.output.format=ip_catalog' from test.cfg(11) 
INFO: [HLS 200-1465] Applying config ini 'package.output.format=ip_catalog' from test.cfg(11)
Execute         config_export -format=ip_catalog 
Command       apply_ini done; 1.835 sec.
Execute       write_component -config C:/Users/mohin/Vitis/hls_component/test.cfg 
Execute         send_msg_by_id INFO @200-2176@%s C:/Users/mohin/Vitis/hls_component/hls_component/vitis-comp.json 
INFO: [HLS 200-2176] Writing Vitis IDE component file C:/Users/mohin/Vitis/hls_component/hls_component/vitis-comp.json
Command     open_solution done; 2.973 sec.
Command   open_component done; 2.992 sec.
Execute   apply_ini C:/Users/mohin/Vitis/hls_component/hls_component/hls/config.cmdline -iscmdline 
Execute   ::AP::init_summary_file csim 
Execute     AP::app_get_file_relativeroot [AP::app_get_root] {}
Execute   csim_design 
INFO: [SIM 211-2] *************** CSIM start ***************
Execute     send_msg_by_id INFO @200-2191@%s%s C-Simulation clang-16 
INFO: [HLS 200-2191] C-Simulation will use clang-16 as the compiler
Execute     send_msg_by_id INFO @200-2036@%s debug 
INFO: [HLS 200-2036] Building debug C Simulation binaries
Execute     ap_part_info -name xcku5p-ffvb676-2-e -data info 
Execute     source run_sim.tcl 
Command     ap_source done; 1.836 sec.
INFO: [SIM 211-1] CSim done with 0 errors.
INFO: [SIM 211-3] *************** CSIM finish ***************
Command   csim_design done; 50.963 sec.
Execute   close_project 
Execute     close_solution 
Execute       cleanup_all 
Execute       cleanup_all 
Execute       source -notrace -encoding utf-8 C:/AMDDesignTools/2026.1/Vitis/tps/tcl/tcl8.6/clock.tcl 
Execute         source -encoding utf-8 C:/AMDDesignTools/2026.1/Vitis/tps/tcl/tcl8/8.5/msgcat-1.6.1.tm 
Execute           source C:/AMDDesignTools/2026.1/Vitis/tps/tcl/tcllib2.0/0compatibility/pkgIndex.tcl 
Execute           source C:/AMDDesignTools/2026.1/Vitis/tps/tcl/tcllib2.0/amazon-s3/pkgIndex.tcl 
Execute           source C:/AMDDesignTools/2026.1/Vitis/tps/tcl/tcllib2.0/asn/pkgIndex.tcl 
Execute           source C:/AMDDesignTools/2026.1/Vitis/tps/tcl/tcllib2.0/base32/pkgIndex.tcl 
Execute           source C:/AMDDesignTools/2026.1/Vitis/tps/tcl/tcllib2.0/base64/pkgIndex.tcl 
Execute           source C:/AMDDesignTools/2026.1/Vitis/tps/tcl/tcllib2.0/bee/pkgIndex.tcl 
Execute           source C:/AMDDesignTools/2026.1/Vitis/tps/tcl/tcllib2.0/bench/pkgIndex.tcl 
Execute           source C:/AMDDesignTools/2026.1/Vitis/tps/tcl/tcllib2.0/bibtex/pkgIndex.tcl 
Execute           source C:/AMDDesignTools/2026.1/Vitis/tps/tcl/tcllib2.0/cache/pkgIndex.tcl 
Execute           source C:/AMDDesignTools/2026.1/Vitis/tps/tcl/tcllib2.0/clay/pkgIndex.tcl 
Execute           source C:/AMDDesignTools/2026.1/Vitis/tps/tcl/tcllib2.0/clock/pkgIndex.tcl 
Execute           source C:/AMDDesignTools/2026.1/Vitis/tps/tcl/tcllib2.0/cmdline/pkgIndex.tcl 
Execute           source C:/AMDDesignTools/2026.1/Vitis/tps/tcl/tcllib2.0/comm/pkgIndex.tcl 
Execute           source C:/AMDDesignTools/2026.1/Vitis/tps/tcl/tcllib2.0/control/pkgIndex.tcl 
Execute           source C:/AMDDesignTools/2026.1/Vitis/tps/tcl/tcllib2.0/coroutine/pkgIndex.tcl 
Execute           source C:/AMDDesignTools/2026.1/Vitis/tps/tcl/tcllib2.0/counter/pkgIndex.tcl 
Execute           source C:/AMDDesignTools/2026.1/Vitis/tps/tcl/tcllib2.0/crc/pkgIndex.tcl 
Execute           source C:/AMDDesignTools/2026.1/Vitis/tps/tcl/tcllib2.0/cron/pkgIndex.tcl 
Execute           source C:/AMDDesignTools/2026.1/Vitis/tps/tcl/tcllib2.0/csv/pkgIndex.tcl 
Execute           source C:/AMDDesignTools/2026.1/Vitis/tps/tcl/tcllib2.0/debug/pkgIndex.tcl 
Execute           source C:/AMDDesignTools/2026.1/Vitis/tps/tcl/tcllib2.0/defer/pkgIndex.tcl 
Execute           source C:/AMDDesignTools/2026.1/Vitis/tps/tcl/tcllib2.0/dicttool/pkgIndex.tcl 
Execute           source C:/AMDDesignTools/2026.1/Vitis/tps/tcl/tcllib2.0/dns/pkgIndex.tcl 
Execute           source C:/AMDDesignTools/2026.1/Vitis/tps/tcl/tcllib2.0/docstrip/pkgIndex.tcl 
Execute           source C:/AMDDesignTools/2026.1/Vitis/tps/tcl/tcllib2.0/doctools/pkgIndex.tcl 
Execute           source C:/AMDDesignTools/2026.1/Vitis/tps/tcl/tcllib2.0/doctools2base/pkgIndex.tcl 
Execute           source C:/AMDDesignTools/2026.1/Vitis/tps/tcl/tcllib2.0/doctools2idx/pkgIndex.tcl 
Execute           source C:/AMDDesignTools/2026.1/Vitis/tps/tcl/tcllib2.0/doctools2toc/pkgIndex.tcl 
Execute           source C:/AMDDesignTools/2026.1/Vitis/tps/tcl/tcllib2.0/dtplite/pkgIndex.tcl 
Execute           source C:/AMDDesignTools/2026.1/Vitis/tps/tcl/tcllib2.0/fileutil/pkgIndex.tcl 
Execute           source C:/AMDDesignTools/2026.1/Vitis/tps/tcl/tcllib2.0/ftp/pkgIndex.tcl 
Execute           source C:/AMDDesignTools/2026.1/Vitis/tps/tcl/tcllib2.0/ftpd/pkgIndex.tcl 
Execute           source C:/AMDDesignTools/2026.1/Vitis/tps/tcl/tcllib2.0/fumagic/pkgIndex.tcl 
Execute           source C:/AMDDesignTools/2026.1/Vitis/tps/tcl/tcllib2.0/generator/pkgIndex.tcl 
Execute           source C:/AMDDesignTools/2026.1/Vitis/tps/tcl/tcllib2.0/gpx/pkgIndex.tcl 
Execute           source C:/AMDDesignTools/2026.1/Vitis/tps/tcl/tcllib2.0/grammar_aycock/pkgIndex.tcl 
Execute           source C:/AMDDesignTools/2026.1/Vitis/tps/tcl/tcllib2.0/grammar_fa/pkgIndex.tcl 
Execute           source C:/AMDDesignTools/2026.1/Vitis/tps/tcl/tcllib2.0/grammar_me/pkgIndex.tcl 
Execute           source C:/AMDDesignTools/2026.1/Vitis/tps/tcl/tcllib2.0/grammar_peg/pkgIndex.tcl 
Execute           source C:/AMDDesignTools/2026.1/Vitis/tps/tcl/tcllib2.0/hook/pkgIndex.tcl 
Execute           source C:/AMDDesignTools/2026.1/Vitis/tps/tcl/tcllib2.0/html/pkgIndex.tcl 
Execute           source C:/AMDDesignTools/2026.1/Vitis/tps/tcl/tcllib2.0/htmlparse/pkgIndex.tcl 
Execute           source C:/AMDDesignTools/2026.1/Vitis/tps/tcl/tcllib2.0/http/pkgIndex.tcl 
Execute           source C:/AMDDesignTools/2026.1/Vitis/tps/tcl/tcllib2.0/httpd/pkgIndex.tcl 
Execute           source C:/AMDDesignTools/2026.1/Vitis/tps/tcl/tcllib2.0/httpwget/pkgIndex.tcl 
Execute           source C:/AMDDesignTools/2026.1/Vitis/tps/tcl/tcllib2.0/ident/pkgIndex.tcl 
Execute           source C:/AMDDesignTools/2026.1/Vitis/tps/tcl/tcllib2.0/imap4/pkgIndex.tcl 
Execute           source C:/AMDDesignTools/2026.1/Vitis/tps/tcl/tcllib2.0/inifile/pkgIndex.tcl 
Execute           source C:/AMDDesignTools/2026.1/Vitis/tps/tcl/tcllib2.0/interp/pkgIndex.tcl 
Execute           source C:/AMDDesignTools/2026.1/Vitis/tps/tcl/tcllib2.0/irc/pkgIndex.tcl 
Execute           source C:/AMDDesignTools/2026.1/Vitis/tps/tcl/tcllib2.0/javascript/pkgIndex.tcl 
Execute           source C:/AMDDesignTools/2026.1/Vitis/tps/tcl/tcllib2.0/jpeg/pkgIndex.tcl 
Execute           source C:/AMDDesignTools/2026.1/Vitis/tps/tcl/tcllib2.0/json/pkgIndex.tcl 
Execute           source C:/AMDDesignTools/2026.1/Vitis/tps/tcl/tcllib2.0/lambda/pkgIndex.tcl 
Execute           source C:/AMDDesignTools/2026.1/Vitis/tps/tcl/tcllib2.0/lazyset/pkgIndex.tcl 
Execute           source C:/AMDDesignTools/2026.1/Vitis/tps/tcl/tcllib2.0/ldap/pkgIndex.tcl 
Execute           source C:/AMDDesignTools/2026.1/Vitis/tps/tcl/tcllib2.0/log/pkgIndex.tcl 
Execute           source C:/AMDDesignTools/2026.1/Vitis/tps/tcl/tcllib2.0/map/pkgIndex.tcl 
Execute           source C:/AMDDesignTools/2026.1/Vitis/tps/tcl/tcllib2.0/mapproj/pkgIndex.tcl 
Execute           source C:/AMDDesignTools/2026.1/Vitis/tps/tcl/tcllib2.0/markdown/pkgIndex.tcl 
Execute           source C:/AMDDesignTools/2026.1/Vitis/tps/tcl/tcllib2.0/math/pkgIndex.tcl 
Execute           source C:/AMDDesignTools/2026.1/Vitis/tps/tcl/tcllib2.0/md4/pkgIndex.tcl 
Execute           source C:/AMDDesignTools/2026.1/Vitis/tps/tcl/tcllib2.0/md5/pkgIndex.tcl 
Execute           source C:/AMDDesignTools/2026.1/Vitis/tps/tcl/tcllib2.0/md5crypt/pkgIndex.tcl 
Execute           source C:/AMDDesignTools/2026.1/Vitis/tps/tcl/tcllib2.0/mime/pkgIndex.tcl 
Execute           source C:/AMDDesignTools/2026.1/Vitis/tps/tcl/tcllib2.0/mkdoc/pkgIndex.tcl 
Execute           source C:/AMDDesignTools/2026.1/Vitis/tps/tcl/tcllib2.0/multiplexer/pkgIndex.tcl 
Execute           source C:/AMDDesignTools/2026.1/Vitis/tps/tcl/tcllib2.0/namespacex/pkgIndex.tcl 
Execute           source C:/AMDDesignTools/2026.1/Vitis/tps/tcl/tcllib2.0/ncgi/pkgIndex.tcl 
Execute           source C:/AMDDesignTools/2026.1/Vitis/tps/tcl/tcllib2.0/nettool/pkgIndex.tcl 
Execute           source C:/AMDDesignTools/2026.1/Vitis/tps/tcl/tcllib2.0/nmea/pkgIndex.tcl 
Execute           source C:/AMDDesignTools/2026.1/Vitis/tps/tcl/tcllib2.0/nns/pkgIndex.tcl 
Execute           source C:/AMDDesignTools/2026.1/Vitis/tps/tcl/tcllib2.0/nntp/pkgIndex.tcl 
Execute           source C:/AMDDesignTools/2026.1/Vitis/tps/tcl/tcllib2.0/ntp/pkgIndex.tcl 
Execute           source C:/AMDDesignTools/2026.1/Vitis/tps/tcl/tcllib2.0/oauth/pkgIndex.tcl 
Execute           source C:/AMDDesignTools/2026.1/Vitis/tps/tcl/tcllib2.0/oodialect/pkgIndex.tcl 
Execute           source C:/AMDDesignTools/2026.1/Vitis/tps/tcl/tcllib2.0/oometa/pkgIndex.tcl 
Execute           source C:/AMDDesignTools/2026.1/Vitis/tps/tcl/tcllib2.0/ooutil/pkgIndex.tcl 
Execute           source C:/AMDDesignTools/2026.1/Vitis/tps/tcl/tcllib2.0/otp/pkgIndex.tcl 
Execute           source C:/AMDDesignTools/2026.1/Vitis/tps/tcl/tcllib2.0/page/pkgIndex.tcl 
Execute           source C:/AMDDesignTools/2026.1/Vitis/tps/tcl/tcllib2.0/pluginmgr/pkgIndex.tcl 
Execute           source C:/AMDDesignTools/2026.1/Vitis/tps/tcl/tcllib2.0/png/pkgIndex.tcl 
Execute           source C:/AMDDesignTools/2026.1/Vitis/tps/tcl/tcllib2.0/pop3/pkgIndex.tcl 
Execute           source C:/AMDDesignTools/2026.1/Vitis/tps/tcl/tcllib2.0/pop3d/pkgIndex.tcl 
Execute           source C:/AMDDesignTools/2026.1/Vitis/tps/tcl/tcllib2.0/practcl/pkgIndex.tcl 
Execute           source C:/AMDDesignTools/2026.1/Vitis/tps/tcl/tcllib2.0/processman/pkgIndex.tcl 
Execute           source C:/AMDDesignTools/2026.1/Vitis/tps/tcl/tcllib2.0/profiler/pkgIndex.tcl 
Execute           source C:/AMDDesignTools/2026.1/Vitis/tps/tcl/tcllib2.0/pt/pkgIndex.tcl 
Execute           source C:/AMDDesignTools/2026.1/Vitis/tps/tcl/tcllib2.0/rcs/pkgIndex.tcl 
Execute           source C:/AMDDesignTools/2026.1/Vitis/tps/tcl/tcllib2.0/report/pkgIndex.tcl 
Execute           source C:/AMDDesignTools/2026.1/Vitis/tps/tcl/tcllib2.0/rest/pkgIndex.tcl 
Execute           source C:/AMDDesignTools/2026.1/Vitis/tps/tcl/tcllib2.0/ripemd/pkgIndex.tcl 
Execute           source C:/AMDDesignTools/2026.1/Vitis/tps/tcl/tcllib2.0/sasl/pkgIndex.tcl 
Execute           source C:/AMDDesignTools/2026.1/Vitis/tps/tcl/tcllib2.0/sha1/pkgIndex.tcl 
Execute           source C:/AMDDesignTools/2026.1/Vitis/tps/tcl/tcllib2.0/simulation/pkgIndex.tcl 
Execute           source C:/AMDDesignTools/2026.1/Vitis/tps/tcl/tcllib2.0/smtpd/pkgIndex.tcl 
Execute           source C:/AMDDesignTools/2026.1/Vitis/tps/tcl/tcllib2.0/snit/pkgIndex.tcl 
Execute           source C:/AMDDesignTools/2026.1/Vitis/tps/tcl/tcllib2.0/soundex/pkgIndex.tcl 
Execute           source C:/AMDDesignTools/2026.1/Vitis/tps/tcl/tcllib2.0/stooop/pkgIndex.tcl 
Execute           source C:/AMDDesignTools/2026.1/Vitis/tps/tcl/tcllib2.0/string/pkgIndex.tcl 
Execute           source C:/AMDDesignTools/2026.1/Vitis/tps/tcl/tcllib2.0/stringprep/pkgIndex.tcl 
Execute           source C:/AMDDesignTools/2026.1/Vitis/tps/tcl/tcllib2.0/struct/pkgIndex.tcl 
Execute           source C:/AMDDesignTools/2026.1/Vitis/tps/tcl/tcllib2.0/tar/pkgIndex.tcl 
Execute           source C:/AMDDesignTools/2026.1/Vitis/tps/tcl/tcllib2.0/tepam/pkgIndex.tcl 
Execute           source C:/AMDDesignTools/2026.1/Vitis/tps/tcl/tcllib2.0/term/pkgIndex.tcl 
Execute           source C:/AMDDesignTools/2026.1/Vitis/tps/tcl/tcllib2.0/textutil/pkgIndex.tcl 
Execute           source C:/AMDDesignTools/2026.1/Vitis/tps/tcl/tcllib2.0/tie/pkgIndex.tcl 
Execute           source C:/AMDDesignTools/2026.1/Vitis/tps/tcl/tcllib2.0/tiff/pkgIndex.tcl 
Execute           source C:/AMDDesignTools/2026.1/Vitis/tps/tcl/tcllib2.0/tool/pkgIndex.tcl 
Execute           source C:/AMDDesignTools/2026.1/Vitis/tps/tcl/tcllib2.0/transfer/pkgIndex.tcl 
Execute           source C:/AMDDesignTools/2026.1/Vitis/tps/tcl/tcllib2.0/treeql/pkgIndex.tcl 
Execute           source C:/AMDDesignTools/2026.1/Vitis/tps/tcl/tcllib2.0/try/pkgIndex.tcl 
Execute           source C:/AMDDesignTools/2026.1/Vitis/tps/tcl/tcllib2.0/udpcluster/pkgIndex.tcl 
Execute           source C:/AMDDesignTools/2026.1/Vitis/tps/tcl/tcllib2.0/uev/pkgIndex.tcl 
Execute           source C:/AMDDesignTools/2026.1/Vitis/tps/tcl/tcllib2.0/units/pkgIndex.tcl 
Execute           source C:/AMDDesignTools/2026.1/Vitis/tps/tcl/tcllib2.0/uri/pkgIndex.tcl 
Execute           source C:/AMDDesignTools/2026.1/Vitis/tps/tcl/tcllib2.0/uuid/pkgIndex.tcl 
Execute           source C:/AMDDesignTools/2026.1/Vitis/tps/tcl/tcllib2.0/valtype/pkgIndex.tcl 
Execute           source C:/AMDDesignTools/2026.1/Vitis/tps/tcl/tcllib2.0/virtchannel_base/pkgIndex.tcl 
Execute           source C:/AMDDesignTools/2026.1/Vitis/tps/tcl/tcllib2.0/virtchannel_core/pkgIndex.tcl 
Execute           source C:/AMDDesignTools/2026.1/Vitis/tps/tcl/tcllib2.0/virtchannel_transform/pkgIndex.tcl 
Execute           source C:/AMDDesignTools/2026.1/Vitis/tps/tcl/tcllib2.0/websocket/pkgIndex.tcl 
Execute           source C:/AMDDesignTools/2026.1/Vitis/tps/tcl/tcllib2.0/wip/pkgIndex.tcl 
Execute           source C:/AMDDesignTools/2026.1/Vitis/tps/tcl/tcllib2.0/yaml/pkgIndex.tcl 
Execute           source C:/AMDDesignTools/2026.1/Vitis/tps/tcl/tcllib2.0/zip/pkgIndex.tcl 
Execute           source C:/AMDDesignTools/2026.1/Vitis/tps/tcl/tcllib2.0/pkgIndex.tcl 
Execute             source C:/AMDDesignTools/2026.1/Vitis/tps/tcl/tcllib2.0/0compatibility/pkgIndex.tcl 
Execute             source C:/AMDDesignTools/2026.1/Vitis/tps/tcl/tcllib2.0/amazon-s3/pkgIndex.tcl 
Execute             source C:/AMDDesignTools/2026.1/Vitis/tps/tcl/tcllib2.0/asn/pkgIndex.tcl 
Execute             source C:/AMDDesignTools/2026.1/Vitis/tps/tcl/tcllib2.0/base32/pkgIndex.tcl 
Execute             source C:/AMDDesignTools/2026.1/Vitis/tps/tcl/tcllib2.0/base64/pkgIndex.tcl 
Execute             source C:/AMDDesignTools/2026.1/Vitis/tps/tcl/tcllib2.0/bee/pkgIndex.tcl 
Execute             source C:/AMDDesignTools/2026.1/Vitis/tps/tcl/tcllib2.0/bench/pkgIndex.tcl 
Execute             source C:/AMDDesignTools/2026.1/Vitis/tps/tcl/tcllib2.0/bibtex/pkgIndex.tcl 
Execute             source C:/AMDDesignTools/2026.1/Vitis/tps/tcl/tcllib2.0/cache/pkgIndex.tcl 
Execute             source C:/AMDDesignTools/2026.1/Vitis/tps/tcl/tcllib2.0/clay/pkgIndex.tcl 
Execute             source C:/AMDDesignTools/2026.1/Vitis/tps/tcl/tcllib2.0/clock/pkgIndex.tcl 
Execute             source C:/AMDDesignTools/2026.1/Vitis/tps/tcl/tcllib2.0/cmdline/pkgIndex.tcl 
Execute             source C:/AMDDesignTools/2026.1/Vitis/tps/tcl/tcllib2.0/comm/pkgIndex.tcl 
Execute             source C:/AMDDesignTools/2026.1/Vitis/tps/tcl/tcllib2.0/control/pkgIndex.tcl 
Execute             source C:/AMDDesignTools/2026.1/Vitis/tps/tcl/tcllib2.0/coroutine/pkgIndex.tcl 
Execute             source C:/AMDDesignTools/2026.1/Vitis/tps/tcl/tcllib2.0/counter/pkgIndex.tcl 
Execute             source C:/AMDDesignTools/2026.1/Vitis/tps/tcl/tcllib2.0/crc/pkgIndex.tcl 
Execute             source C:/AMDDesignTools/2026.1/Vitis/tps/tcl/tcllib2.0/cron/pkgIndex.tcl 
Execute             source C:/AMDDesignTools/2026.1/Vitis/tps/tcl/tcllib2.0/csv/pkgIndex.tcl 
Execute             source C:/AMDDesignTools/2026.1/Vitis/tps/tcl/tcllib2.0/debug/pkgIndex.tcl 
Execute             source C:/AMDDesignTools/2026.1/Vitis/tps/tcl/tcllib2.0/defer/pkgIndex.tcl 
Execute             source C:/AMDDesignTools/2026.1/Vitis/tps/tcl/tcllib2.0/dicttool/pkgIndex.tcl 
Execute             source C:/AMDDesignTools/2026.1/Vitis/tps/tcl/tcllib2.0/dns/pkgIndex.tcl 
Execute             source C:/AMDDesignTools/2026.1/Vitis/tps/tcl/tcllib2.0/docstrip/pkgIndex.tcl 
Execute             source C:/AMDDesignTools/2026.1/Vitis/tps/tcl/tcllib2.0/doctools/pkgIndex.tcl 
Execute             source C:/AMDDesignTools/2026.1/Vitis/tps/tcl/tcllib2.0/doctools2base/pkgIndex.tcl 
Execute             source C:/AMDDesignTools/2026.1/Vitis/tps/tcl/tcllib2.0/doctools2idx/pkgIndex.tcl 
Execute             source C:/AMDDesignTools/2026.1/Vitis/tps/tcl/tcllib2.0/doctools2toc/pkgIndex.tcl 
Execute             source C:/AMDDesignTools/2026.1/Vitis/tps/tcl/tcllib2.0/dtplite/pkgIndex.tcl 
Execute             source C:/AMDDesignTools/2026.1/Vitis/tps/tcl/tcllib2.0/fileutil/pkgIndex.tcl 
Execute             source C:/AMDDesignTools/2026.1/Vitis/tps/tcl/tcllib2.0/ftp/pkgIndex.tcl 
Execute             source C:/AMDDesignTools/2026.1/Vitis/tps/tcl/tcllib2.0/ftpd/pkgIndex.tcl 
Execute             source C:/AMDDesignTools/2026.1/Vitis/tps/tcl/tcllib2.0/fumagic/pkgIndex.tcl 
Execute             source C:/AMDDesignTools/2026.1/Vitis/tps/tcl/tcllib2.0/generator/pkgIndex.tcl 
Execute             source C:/AMDDesignTools/2026.1/Vitis/tps/tcl/tcllib2.0/gpx/pkgIndex.tcl 
Execute             source C:/AMDDesignTools/2026.1/Vitis/tps/tcl/tcllib2.0/grammar_aycock/pkgIndex.tcl 
Execute             source C:/AMDDesignTools/2026.1/Vitis/tps/tcl/tcllib2.0/grammar_fa/pkgIndex.tcl 
Execute             source C:/AMDDesignTools/2026.1/Vitis/tps/tcl/tcllib2.0/grammar_me/pkgIndex.tcl 
Execute             source C:/AMDDesignTools/2026.1/Vitis/tps/tcl/tcllib2.0/grammar_peg/pkgIndex.tcl 
Execute             source C:/AMDDesignTools/2026.1/Vitis/tps/tcl/tcllib2.0/hook/pkgIndex.tcl 
Execute             source C:/AMDDesignTools/2026.1/Vitis/tps/tcl/tcllib2.0/html/pkgIndex.tcl 
Execute             source C:/AMDDesignTools/2026.1/Vitis/tps/tcl/tcllib2.0/htmlparse/pkgIndex.tcl 
Execute             source C:/AMDDesignTools/2026.1/Vitis/tps/tcl/tcllib2.0/http/pkgIndex.tcl 
Execute             source C:/AMDDesignTools/2026.1/Vitis/tps/tcl/tcllib2.0/httpd/pkgIndex.tcl 
Execute             source C:/AMDDesignTools/2026.1/Vitis/tps/tcl/tcllib2.0/httpwget/pkgIndex.tcl 
Execute             source C:/AMDDesignTools/2026.1/Vitis/tps/tcl/tcllib2.0/ident/pkgIndex.tcl 
Execute             source C:/AMDDesignTools/2026.1/Vitis/tps/tcl/tcllib2.0/imap4/pkgIndex.tcl 
Execute             source C:/AMDDesignTools/2026.1/Vitis/tps/tcl/tcllib2.0/inifile/pkgIndex.tcl 
Execute             source C:/AMDDesignTools/2026.1/Vitis/tps/tcl/tcllib2.0/interp/pkgIndex.tcl 
Execute             source C:/AMDDesignTools/2026.1/Vitis/tps/tcl/tcllib2.0/irc/pkgIndex.tcl 
Execute             source C:/AMDDesignTools/2026.1/Vitis/tps/tcl/tcllib2.0/javascript/pkgIndex.tcl 
Execute             source C:/AMDDesignTools/2026.1/Vitis/tps/tcl/tcllib2.0/jpeg/pkgIndex.tcl 
Execute             source C:/AMDDesignTools/2026.1/Vitis/tps/tcl/tcllib2.0/json/pkgIndex.tcl 
Execute             source C:/AMDDesignTools/2026.1/Vitis/tps/tcl/tcllib2.0/lambda/pkgIndex.tcl 
Execute             source C:/AMDDesignTools/2026.1/Vitis/tps/tcl/tcllib2.0/lazyset/pkgIndex.tcl 
Execute             source C:/AMDDesignTools/2026.1/Vitis/tps/tcl/tcllib2.0/ldap/pkgIndex.tcl 
Execute             source C:/AMDDesignTools/2026.1/Vitis/tps/tcl/tcllib2.0/log/pkgIndex.tcl 
Execute             source C:/AMDDesignTools/2026.1/Vitis/tps/tcl/tcllib2.0/map/pkgIndex.tcl 
Execute             source C:/AMDDesignTools/2026.1/Vitis/tps/tcl/tcllib2.0/mapproj/pkgIndex.tcl 
Execute             source C:/AMDDesignTools/2026.1/Vitis/tps/tcl/tcllib2.0/markdown/pkgIndex.tcl 
Execute             source C:/AMDDesignTools/2026.1/Vitis/tps/tcl/tcllib2.0/math/pkgIndex.tcl 
Execute             source C:/AMDDesignTools/2026.1/Vitis/tps/tcl/tcllib2.0/md4/pkgIndex.tcl 
Execute             source C:/AMDDesignTools/2026.1/Vitis/tps/tcl/tcllib2.0/md5/pkgIndex.tcl 
Execute             source C:/AMDDesignTools/2026.1/Vitis/tps/tcl/tcllib2.0/md5crypt/pkgIndex.tcl 
Execute             source C:/AMDDesignTools/2026.1/Vitis/tps/tcl/tcllib2.0/mime/pkgIndex.tcl 
Execute             source C:/AMDDesignTools/2026.1/Vitis/tps/tcl/tcllib2.0/mkdoc/pkgIndex.tcl 
Execute             source C:/AMDDesignTools/2026.1/Vitis/tps/tcl/tcllib2.0/multiplexer/pkgIndex.tcl 
Execute             source C:/AMDDesignTools/2026.1/Vitis/tps/tcl/tcllib2.0/namespacex/pkgIndex.tcl 
Execute             source C:/AMDDesignTools/2026.1/Vitis/tps/tcl/tcllib2.0/ncgi/pkgIndex.tcl 
Execute             source C:/AMDDesignTools/2026.1/Vitis/tps/tcl/tcllib2.0/nettool/pkgIndex.tcl 
Execute             source C:/AMDDesignTools/2026.1/Vitis/tps/tcl/tcllib2.0/nmea/pkgIndex.tcl 
Execute             source C:/AMDDesignTools/2026.1/Vitis/tps/tcl/tcllib2.0/nns/pkgIndex.tcl 
Execute             source C:/AMDDesignTools/2026.1/Vitis/tps/tcl/tcllib2.0/nntp/pkgIndex.tcl 
Execute             source C:/AMDDesignTools/2026.1/Vitis/tps/tcl/tcllib2.0/ntp/pkgIndex.tcl 
Execute             source C:/AMDDesignTools/2026.1/Vitis/tps/tcl/tcllib2.0/oauth/pkgIndex.tcl 
Execute             source C:/AMDDesignTools/2026.1/Vitis/tps/tcl/tcllib2.0/oodialect/pkgIndex.tcl 
Execute             source C:/AMDDesignTools/2026.1/Vitis/tps/tcl/tcllib2.0/oometa/pkgIndex.tcl 
Execute             source C:/AMDDesignTools/2026.1/Vitis/tps/tcl/tcllib2.0/ooutil/pkgIndex.tcl 
Execute             source C:/AMDDesignTools/2026.1/Vitis/tps/tcl/tcllib2.0/otp/pkgIndex.tcl 
Execute             source C:/AMDDesignTools/2026.1/Vitis/tps/tcl/tcllib2.0/page/pkgIndex.tcl 
Execute             source C:/AMDDesignTools/2026.1/Vitis/tps/tcl/tcllib2.0/pluginmgr/pkgIndex.tcl 
Execute             source C:/AMDDesignTools/2026.1/Vitis/tps/tcl/tcllib2.0/png/pkgIndex.tcl 
Execute             source C:/AMDDesignTools/2026.1/Vitis/tps/tcl/tcllib2.0/pop3/pkgIndex.tcl 
Execute             source C:/AMDDesignTools/2026.1/Vitis/tps/tcl/tcllib2.0/pop3d/pkgIndex.tcl 
Execute             source C:/AMDDesignTools/2026.1/Vitis/tps/tcl/tcllib2.0/practcl/pkgIndex.tcl 
Execute             source C:/AMDDesignTools/2026.1/Vitis/tps/tcl/tcllib2.0/processman/pkgIndex.tcl 
Execute             source C:/AMDDesignTools/2026.1/Vitis/tps/tcl/tcllib2.0/profiler/pkgIndex.tcl 
Execute             source C:/AMDDesignTools/2026.1/Vitis/tps/tcl/tcllib2.0/pt/pkgIndex.tcl 
Execute             source C:/AMDDesignTools/2026.1/Vitis/tps/tcl/tcllib2.0/rcs/pkgIndex.tcl 
Execute             source C:/AMDDesignTools/2026.1/Vitis/tps/tcl/tcllib2.0/report/pkgIndex.tcl 
Execute             source C:/AMDDesignTools/2026.1/Vitis/tps/tcl/tcllib2.0/rest/pkgIndex.tcl 
Execute             source C:/AMDDesignTools/2026.1/Vitis/tps/tcl/tcllib2.0/ripemd/pkgIndex.tcl 
Execute             source C:/AMDDesignTools/2026.1/Vitis/tps/tcl/tcllib2.0/sasl/pkgIndex.tcl 
Execute             source C:/AMDDesignTools/2026.1/Vitis/tps/tcl/tcllib2.0/sha1/pkgIndex.tcl 
Execute             source C:/AMDDesignTools/2026.1/Vitis/tps/tcl/tcllib2.0/simulation/pkgIndex.tcl 
Execute             source C:/AMDDesignTools/2026.1/Vitis/tps/tcl/tcllib2.0/smtpd/pkgIndex.tcl 
Execute             source C:/AMDDesignTools/2026.1/Vitis/tps/tcl/tcllib2.0/snit/pkgIndex.tcl 
Execute             source C:/AMDDesignTools/2026.1/Vitis/tps/tcl/tcllib2.0/soundex/pkgIndex.tcl 
Execute             source C:/AMDDesignTools/2026.1/Vitis/tps/tcl/tcllib2.0/stooop/pkgIndex.tcl 
Execute             source C:/AMDDesignTools/2026.1/Vitis/tps/tcl/tcllib2.0/string/pkgIndex.tcl 
Execute             source C:/AMDDesignTools/2026.1/Vitis/tps/tcl/tcllib2.0/stringprep/pkgIndex.tcl 
Execute             source C:/AMDDesignTools/2026.1/Vitis/tps/tcl/tcllib2.0/struct/pkgIndex.tcl 
Execute             source C:/AMDDesignTools/2026.1/Vitis/tps/tcl/tcllib2.0/tar/pkgIndex.tcl 
Execute             source C:/AMDDesignTools/2026.1/Vitis/tps/tcl/tcllib2.0/tepam/pkgIndex.tcl 
Execute             source C:/AMDDesignTools/2026.1/Vitis/tps/tcl/tcllib2.0/term/pkgIndex.tcl 
Execute             source C:/AMDDesignTools/2026.1/Vitis/tps/tcl/tcllib2.0/textutil/pkgIndex.tcl 
Execute             source C:/AMDDesignTools/2026.1/Vitis/tps/tcl/tcllib2.0/tie/pkgIndex.tcl 
Execute             source C:/AMDDesignTools/2026.1/Vitis/tps/tcl/tcllib2.0/tiff/pkgIndex.tcl 
Execute             source C:/AMDDesignTools/2026.1/Vitis/tps/tcl/tcllib2.0/tool/pkgIndex.tcl 
Execute             source C:/AMDDesignTools/2026.1/Vitis/tps/tcl/tcllib2.0/transfer/pkgIndex.tcl 
Execute             source C:/AMDDesignTools/2026.1/Vitis/tps/tcl/tcllib2.0/treeql/pkgIndex.tcl 
Execute             source C:/AMDDesignTools/2026.1/Vitis/tps/tcl/tcllib2.0/try/pkgIndex.tcl 
Execute             source C:/AMDDesignTools/2026.1/Vitis/tps/tcl/tcllib2.0/udpcluster/pkgIndex.tcl 
Execute             source C:/AMDDesignTools/2026.1/Vitis/tps/tcl/tcllib2.0/uev/pkgIndex.tcl 
Execute             source C:/AMDDesignTools/2026.1/Vitis/tps/tcl/tcllib2.0/units/pkgIndex.tcl 
Execute             source C:/AMDDesignTools/2026.1/Vitis/tps/tcl/tcllib2.0/uri/pkgIndex.tcl 
Execute             source C:/AMDDesignTools/2026.1/Vitis/tps/tcl/tcllib2.0/uuid/pkgIndex.tcl 
Execute             source C:/AMDDesignTools/2026.1/Vitis/tps/tcl/tcllib2.0/valtype/pkgIndex.tcl 
Execute             source C:/AMDDesignTools/2026.1/Vitis/tps/tcl/tcllib2.0/virtchannel_base/pkgIndex.tcl 
Execute             source C:/AMDDesignTools/2026.1/Vitis/tps/tcl/tcllib2.0/virtchannel_core/pkgIndex.tcl 
Execute             source C:/AMDDesignTools/2026.1/Vitis/tps/tcl/tcllib2.0/virtchannel_transform/pkgIndex.tcl 
Execute             source C:/AMDDesignTools/2026.1/Vitis/tps/tcl/tcllib2.0/websocket/pkgIndex.tcl 
Execute             source C:/AMDDesignTools/2026.1/Vitis/tps/tcl/tcllib2.0/wip/pkgIndex.tcl 
Execute             source C:/AMDDesignTools/2026.1/Vitis/tps/tcl/tcllib2.0/yaml/pkgIndex.tcl 
Execute             source C:/AMDDesignTools/2026.1/Vitis/tps/tcl/tcllib2.0/zip/pkgIndex.tcl 
Command           ap_source done; 0.216 sec.
Execute           source C:/AMDDesignTools/2026.1/Vitis/tps/tcl/tdom/pkgIndex.tcl 
Execute           source C:/AMDDesignTools/2026.1/Vitis/tps/tcl/tk8.6/pkgIndex.tcl 
Execute           source C:/AMDDesignTools/2026.1/Vitis/tps/tcl/tcl8.6/opt0.4/pkgIndex.tcl 
Execute           source C:/AMDDesignTools/2026.1/Vitis/tps/tcl/tcl8.6/pkgs/win/thread2.8.7/pkgIndex.tcl 
Command         ap_source done; 0.471 sec.
Execute         source C:/AMDDesignTools/2026.1/Vitis/tps/tcl/tcllib2.0/0compatibility/pkgIndex.tcl 
Execute         source C:/AMDDesignTools/2026.1/Vitis/tps/tcl/tcllib2.0/amazon-s3/pkgIndex.tcl 
Execute         source C:/AMDDesignTools/2026.1/Vitis/tps/tcl/tcllib2.0/asn/pkgIndex.tcl 
Execute         source C:/AMDDesignTools/2026.1/Vitis/tps/tcl/tcllib2.0/base32/pkgIndex.tcl 
Execute         source C:/AMDDesignTools/2026.1/Vitis/tps/tcl/tcllib2.0/base64/pkgIndex.tcl 
Execute         source C:/AMDDesignTools/2026.1/Vitis/tps/tcl/tcllib2.0/bee/pkgIndex.tcl 
Execute         source C:/AMDDesignTools/2026.1/Vitis/tps/tcl/tcllib2.0/bench/pkgIndex.tcl 
Execute         source C:/AMDDesignTools/2026.1/Vitis/tps/tcl/tcllib2.0/bibtex/pkgIndex.tcl 
Execute         source C:/AMDDesignTools/2026.1/Vitis/tps/tcl/tcllib2.0/cache/pkgIndex.tcl 
Execute         source C:/AMDDesignTools/2026.1/Vitis/tps/tcl/tcllib2.0/clay/pkgIndex.tcl 
Execute         source C:/AMDDesignTools/2026.1/Vitis/tps/tcl/tcllib2.0/clock/pkgIndex.tcl 
Execute         source C:/AMDDesignTools/2026.1/Vitis/tps/tcl/tcllib2.0/cmdline/pkgIndex.tcl 
Execute         source C:/AMDDesignTools/2026.1/Vitis/tps/tcl/tcllib2.0/comm/pkgIndex.tcl 
Execute         source C:/AMDDesignTools/2026.1/Vitis/tps/tcl/tcllib2.0/control/pkgIndex.tcl 
Execute         source C:/AMDDesignTools/2026.1/Vitis/tps/tcl/tcllib2.0/coroutine/pkgIndex.tcl 
Execute         source C:/AMDDesignTools/2026.1/Vitis/tps/tcl/tcllib2.0/counter/pkgIndex.tcl 
Execute         source C:/AMDDesignTools/2026.1/Vitis/tps/tcl/tcllib2.0/crc/pkgIndex.tcl 
Execute         source C:/AMDDesignTools/2026.1/Vitis/tps/tcl/tcllib2.0/cron/pkgIndex.tcl 
Execute         source C:/AMDDesignTools/2026.1/Vitis/tps/tcl/tcllib2.0/csv/pkgIndex.tcl 
Execute         source C:/AMDDesignTools/2026.1/Vitis/tps/tcl/tcllib2.0/debug/pkgIndex.tcl 
Execute         source C:/AMDDesignTools/2026.1/Vitis/tps/tcl/tcllib2.0/defer/pkgIndex.tcl 
Execute         source C:/AMDDesignTools/2026.1/Vitis/tps/tcl/tcllib2.0/dicttool/pkgIndex.tcl 
Execute         source C:/AMDDesignTools/2026.1/Vitis/tps/tcl/tcllib2.0/dns/pkgIndex.tcl 
Execute         source C:/AMDDesignTools/2026.1/Vitis/tps/tcl/tcllib2.0/docstrip/pkgIndex.tcl 
Execute         source C:/AMDDesignTools/2026.1/Vitis/tps/tcl/tcllib2.0/doctools/pkgIndex.tcl 
Execute         source C:/AMDDesignTools/2026.1/Vitis/tps/tcl/tcllib2.0/doctools2base/pkgIndex.tcl 
Execute         source C:/AMDDesignTools/2026.1/Vitis/tps/tcl/tcllib2.0/doctools2idx/pkgIndex.tcl 
Execute         source C:/AMDDesignTools/2026.1/Vitis/tps/tcl/tcllib2.0/doctools2toc/pkgIndex.tcl 
Execute         source C:/AMDDesignTools/2026.1/Vitis/tps/tcl/tcllib2.0/dtplite/pkgIndex.tcl 
Execute         source C:/AMDDesignTools/2026.1/Vitis/tps/tcl/tcllib2.0/fileutil/pkgIndex.tcl 
Execute         source C:/AMDDesignTools/2026.1/Vitis/tps/tcl/tcllib2.0/ftp/pkgIndex.tcl 
Execute         source C:/AMDDesignTools/2026.1/Vitis/tps/tcl/tcllib2.0/ftpd/pkgIndex.tcl 
Execute         source C:/AMDDesignTools/2026.1/Vitis/tps/tcl/tcllib2.0/fumagic/pkgIndex.tcl 
Execute         source C:/AMDDesignTools/2026.1/Vitis/tps/tcl/tcllib2.0/generator/pkgIndex.tcl 
Execute         source C:/AMDDesignTools/2026.1/Vitis/tps/tcl/tcllib2.0/gpx/pkgIndex.tcl 
Execute         source C:/AMDDesignTools/2026.1/Vitis/tps/tcl/tcllib2.0/grammar_aycock/pkgIndex.tcl 
Execute         source C:/AMDDesignTools/2026.1/Vitis/tps/tcl/tcllib2.0/grammar_fa/pkgIndex.tcl 
Execute         source C:/AMDDesignTools/2026.1/Vitis/tps/tcl/tcllib2.0/grammar_me/pkgIndex.tcl 
Execute         source C:/AMDDesignTools/2026.1/Vitis/tps/tcl/tcllib2.0/grammar_peg/pkgIndex.tcl 
Execute         source C:/AMDDesignTools/2026.1/Vitis/tps/tcl/tcllib2.0/hook/pkgIndex.tcl 
Execute         source C:/AMDDesignTools/2026.1/Vitis/tps/tcl/tcllib2.0/html/pkgIndex.tcl 
Execute         source C:/AMDDesignTools/2026.1/Vitis/tps/tcl/tcllib2.0/htmlparse/pkgIndex.tcl 
Execute         source C:/AMDDesignTools/2026.1/Vitis/tps/tcl/tcllib2.0/http/pkgIndex.tcl 
Execute         source C:/AMDDesignTools/2026.1/Vitis/tps/tcl/tcllib2.0/httpd/pkgIndex.tcl 
Execute         source C:/AMDDesignTools/2026.1/Vitis/tps/tcl/tcllib2.0/httpwget/pkgIndex.tcl 
Execute         source C:/AMDDesignTools/2026.1/Vitis/tps/tcl/tcllib2.0/ident/pkgIndex.tcl 
Execute         source C:/AMDDesignTools/2026.1/Vitis/tps/tcl/tcllib2.0/imap4/pkgIndex.tcl 
Execute         source C:/AMDDesignTools/2026.1/Vitis/tps/tcl/tcllib2.0/inifile/pkgIndex.tcl 
Execute         source C:/AMDDesignTools/2026.1/Vitis/tps/tcl/tcllib2.0/interp/pkgIndex.tcl 
Execute         source C:/AMDDesignTools/2026.1/Vitis/tps/tcl/tcllib2.0/irc/pkgIndex.tcl 
Execute         source C:/AMDDesignTools/2026.1/Vitis/tps/tcl/tcllib2.0/javascript/pkgIndex.tcl 
Execute         source C:/AMDDesignTools/2026.1/Vitis/tps/tcl/tcllib2.0/jpeg/pkgIndex.tcl 
Execute         source C:/AMDDesignTools/2026.1/Vitis/tps/tcl/tcllib2.0/json/pkgIndex.tcl 
Execute         source C:/AMDDesignTools/2026.1/Vitis/tps/tcl/tcllib2.0/lambda/pkgIndex.tcl 
Execute         source C:/AMDDesignTools/2026.1/Vitis/tps/tcl/tcllib2.0/lazyset/pkgIndex.tcl 
Execute         source C:/AMDDesignTools/2026.1/Vitis/tps/tcl/tcllib2.0/ldap/pkgIndex.tcl 
Execute         source C:/AMDDesignTools/2026.1/Vitis/tps/tcl/tcllib2.0/log/pkgIndex.tcl 
Execute         source C:/AMDDesignTools/2026.1/Vitis/tps/tcl/tcllib2.0/map/pkgIndex.tcl 
Execute         source C:/AMDDesignTools/2026.1/Vitis/tps/tcl/tcllib2.0/mapproj/pkgIndex.tcl 
Execute         source C:/AMDDesignTools/2026.1/Vitis/tps/tcl/tcllib2.0/markdown/pkgIndex.tcl 
Execute         source C:/AMDDesignTools/2026.1/Vitis/tps/tcl/tcllib2.0/math/pkgIndex.tcl 
Execute         source C:/AMDDesignTools/2026.1/Vitis/tps/tcl/tcllib2.0/md4/pkgIndex.tcl 
Execute         source C:/AMDDesignTools/2026.1/Vitis/tps/tcl/tcllib2.0/md5/pkgIndex.tcl 
Execute         source C:/AMDDesignTools/2026.1/Vitis/tps/tcl/tcllib2.0/md5crypt/pkgIndex.tcl 
Execute         source C:/AMDDesignTools/2026.1/Vitis/tps/tcl/tcllib2.0/mime/pkgIndex.tcl 
Execute         source C:/AMDDesignTools/2026.1/Vitis/tps/tcl/tcllib2.0/mkdoc/pkgIndex.tcl 
Execute         source C:/AMDDesignTools/2026.1/Vitis/tps/tcl/tcllib2.0/multiplexer/pkgIndex.tcl 
Execute         source C:/AMDDesignTools/2026.1/Vitis/tps/tcl/tcllib2.0/namespacex/pkgIndex.tcl 
Execute         source C:/AMDDesignTools/2026.1/Vitis/tps/tcl/tcllib2.0/ncgi/pkgIndex.tcl 
Execute         source C:/AMDDesignTools/2026.1/Vitis/tps/tcl/tcllib2.0/nettool/pkgIndex.tcl 
Execute         source C:/AMDDesignTools/2026.1/Vitis/tps/tcl/tcllib2.0/nmea/pkgIndex.tcl 
Execute         source C:/AMDDesignTools/2026.1/Vitis/tps/tcl/tcllib2.0/nns/pkgIndex.tcl 
Execute         source C:/AMDDesignTools/2026.1/Vitis/tps/tcl/tcllib2.0/nntp/pkgIndex.tcl 
Execute         source C:/AMDDesignTools/2026.1/Vitis/tps/tcl/tcllib2.0/ntp/pkgIndex.tcl 
Execute         source C:/AMDDesignTools/2026.1/Vitis/tps/tcl/tcllib2.0/oauth/pkgIndex.tcl 
Execute         source C:/AMDDesignTools/2026.1/Vitis/tps/tcl/tcllib2.0/oodialect/pkgIndex.tcl 
Execute         source C:/AMDDesignTools/2026.1/Vitis/tps/tcl/tcllib2.0/oometa/pkgIndex.tcl 
Execute         source C:/AMDDesignTools/2026.1/Vitis/tps/tcl/tcllib2.0/ooutil/pkgIndex.tcl 
Execute         source C:/AMDDesignTools/2026.1/Vitis/tps/tcl/tcllib2.0/otp/pkgIndex.tcl 
Execute         source C:/AMDDesignTools/2026.1/Vitis/tps/tcl/tcllib2.0/page/pkgIndex.tcl 
Execute         source C:/AMDDesignTools/2026.1/Vitis/tps/tcl/tcllib2.0/pluginmgr/pkgIndex.tcl 
Execute         source C:/AMDDesignTools/2026.1/Vitis/tps/tcl/tcllib2.0/png/pkgIndex.tcl 
Execute         source C:/AMDDesignTools/2026.1/Vitis/tps/tcl/tcllib2.0/pop3/pkgIndex.tcl 
Execute         source C:/AMDDesignTools/2026.1/Vitis/tps/tcl/tcllib2.0/pop3d/pkgIndex.tcl 
Execute         source C:/AMDDesignTools/2026.1/Vitis/tps/tcl/tcllib2.0/practcl/pkgIndex.tcl 
Execute         source C:/AMDDesignTools/2026.1/Vitis/tps/tcl/tcllib2.0/processman/pkgIndex.tcl 
Execute         source C:/AMDDesignTools/2026.1/Vitis/tps/tcl/tcllib2.0/profiler/pkgIndex.tcl 
Execute         source C:/AMDDesignTools/2026.1/Vitis/tps/tcl/tcllib2.0/pt/pkgIndex.tcl 
Execute         source C:/AMDDesignTools/2026.1/Vitis/tps/tcl/tcllib2.0/rcs/pkgIndex.tcl 
Execute         source C:/AMDDesignTools/2026.1/Vitis/tps/tcl/tcllib2.0/report/pkgIndex.tcl 
Execute         source C:/AMDDesignTools/2026.1/Vitis/tps/tcl/tcllib2.0/rest/pkgIndex.tcl 
Execute         source C:/AMDDesignTools/2026.1/Vitis/tps/tcl/tcllib2.0/ripemd/pkgIndex.tcl 
Execute         source C:/AMDDesignTools/2026.1/Vitis/tps/tcl/tcllib2.0/sasl/pkgIndex.tcl 
Execute         source C:/AMDDesignTools/2026.1/Vitis/tps/tcl/tcllib2.0/sha1/pkgIndex.tcl 
Execute         source C:/AMDDesignTools/2026.1/Vitis/tps/tcl/tcllib2.0/simulation/pkgIndex.tcl 
Execute         source C:/AMDDesignTools/2026.1/Vitis/tps/tcl/tcllib2.0/smtpd/pkgIndex.tcl 
Execute         source C:/AMDDesignTools/2026.1/Vitis/tps/tcl/tcllib2.0/snit/pkgIndex.tcl 
Execute         source C:/AMDDesignTools/2026.1/Vitis/tps/tcl/tcllib2.0/soundex/pkgIndex.tcl 
Execute         source C:/AMDDesignTools/2026.1/Vitis/tps/tcl/tcllib2.0/stooop/pkgIndex.tcl 
Execute         source C:/AMDDesignTools/2026.1/Vitis/tps/tcl/tcllib2.0/string/pkgIndex.tcl 
Execute         source C:/AMDDesignTools/2026.1/Vitis/tps/tcl/tcllib2.0/stringprep/pkgIndex.tcl 
Execute         source C:/AMDDesignTools/2026.1/Vitis/tps/tcl/tcllib2.0/struct/pkgIndex.tcl 
Execute         source C:/AMDDesignTools/2026.1/Vitis/tps/tcl/tcllib2.0/tar/pkgIndex.tcl 
Execute         source C:/AMDDesignTools/2026.1/Vitis/tps/tcl/tcllib2.0/tepam/pkgIndex.tcl 
Execute         source C:/AMDDesignTools/2026.1/Vitis/tps/tcl/tcllib2.0/term/pkgIndex.tcl 
Execute         source C:/AMDDesignTools/2026.1/Vitis/tps/tcl/tcllib2.0/textutil/pkgIndex.tcl 
Execute         source C:/AMDDesignTools/2026.1/Vitis/tps/tcl/tcllib2.0/tie/pkgIndex.tcl 
Execute         source C:/AMDDesignTools/2026.1/Vitis/tps/tcl/tcllib2.0/tiff/pkgIndex.tcl 
Execute         source C:/AMDDesignTools/2026.1/Vitis/tps/tcl/tcllib2.0/tool/pkgIndex.tcl 
Execute         source C:/AMDDesignTools/2026.1/Vitis/tps/tcl/tcllib2.0/transfer/pkgIndex.tcl 
Execute         source C:/AMDDesignTools/2026.1/Vitis/tps/tcl/tcllib2.0/treeql/pkgIndex.tcl 
Execute         source C:/AMDDesignTools/2026.1/Vitis/tps/tcl/tcllib2.0/try/pkgIndex.tcl 
Execute         source C:/AMDDesignTools/2026.1/Vitis/tps/tcl/tcllib2.0/udpcluster/pkgIndex.tcl 
Execute         source C:/AMDDesignTools/2026.1/Vitis/tps/tcl/tcllib2.0/uev/pkgIndex.tcl 
Execute         source C:/AMDDesignTools/2026.1/Vitis/tps/tcl/tcllib2.0/units/pkgIndex.tcl 
Execute         source C:/AMDDesignTools/2026.1/Vitis/tps/tcl/tcllib2.0/uri/pkgIndex.tcl 
Execute         source C:/AMDDesignTools/2026.1/Vitis/tps/tcl/tcllib2.0/uuid/pkgIndex.tcl 
Execute         source C:/AMDDesignTools/2026.1/Vitis/tps/tcl/tcllib2.0/valtype/pkgIndex.tcl 
Execute         source C:/AMDDesignTools/2026.1/Vitis/tps/tcl/tcllib2.0/virtchannel_base/pkgIndex.tcl 
Execute         source C:/AMDDesignTools/2026.1/Vitis/tps/tcl/tcllib2.0/virtchannel_core/pkgIndex.tcl 
Execute         source C:/AMDDesignTools/2026.1/Vitis/tps/tcl/tcllib2.0/virtchannel_transform/pkgIndex.tcl 
Execute         source C:/AMDDesignTools/2026.1/Vitis/tps/tcl/tcllib2.0/websocket/pkgIndex.tcl 
Execute         source C:/AMDDesignTools/2026.1/Vitis/tps/tcl/tcllib2.0/wip/pkgIndex.tcl 
Execute         source C:/AMDDesignTools/2026.1/Vitis/tps/tcl/tcllib2.0/yaml/pkgIndex.tcl 
Execute         source C:/AMDDesignTools/2026.1/Vitis/tps/tcl/tcllib2.0/zip/pkgIndex.tcl 
Execute         source C:/AMDDesignTools/2026.1/Vitis/tps/tcl/tcllib2.0/pkgIndex.tcl 
Execute           source C:/AMDDesignTools/2026.1/Vitis/tps/tcl/tcllib2.0/0compatibility/pkgIndex.tcl 
Execute           source C:/AMDDesignTools/2026.1/Vitis/tps/tcl/tcllib2.0/amazon-s3/pkgIndex.tcl 
Execute           source C:/AMDDesignTools/2026.1/Vitis/tps/tcl/tcllib2.0/asn/pkgIndex.tcl 
Execute           source C:/AMDDesignTools/2026.1/Vitis/tps/tcl/tcllib2.0/base32/pkgIndex.tcl 
Execute           source C:/AMDDesignTools/2026.1/Vitis/tps/tcl/tcllib2.0/base64/pkgIndex.tcl 
Execute           source C:/AMDDesignTools/2026.1/Vitis/tps/tcl/tcllib2.0/bee/pkgIndex.tcl 
Execute           source C:/AMDDesignTools/2026.1/Vitis/tps/tcl/tcllib2.0/bench/pkgIndex.tcl 
Execute           source C:/AMDDesignTools/2026.1/Vitis/tps/tcl/tcllib2.0/bibtex/pkgIndex.tcl 
Execute           source C:/AMDDesignTools/2026.1/Vitis/tps/tcl/tcllib2.0/cache/pkgIndex.tcl 
Execute           source C:/AMDDesignTools/2026.1/Vitis/tps/tcl/tcllib2.0/clay/pkgIndex.tcl 
Execute           source C:/AMDDesignTools/2026.1/Vitis/tps/tcl/tcllib2.0/clock/pkgIndex.tcl 
Execute           source C:/AMDDesignTools/2026.1/Vitis/tps/tcl/tcllib2.0/cmdline/pkgIndex.tcl 
Execute           source C:/AMDDesignTools/2026.1/Vitis/tps/tcl/tcllib2.0/comm/pkgIndex.tcl 
Execute           source C:/AMDDesignTools/2026.1/Vitis/tps/tcl/tcllib2.0/control/pkgIndex.tcl 
Execute           source C:/AMDDesignTools/2026.1/Vitis/tps/tcl/tcllib2.0/coroutine/pkgIndex.tcl 
Execute           source C:/AMDDesignTools/2026.1/Vitis/tps/tcl/tcllib2.0/counter/pkgIndex.tcl 
Execute           source C:/AMDDesignTools/2026.1/Vitis/tps/tcl/tcllib2.0/crc/pkgIndex.tcl 
Execute           source C:/AMDDesignTools/2026.1/Vitis/tps/tcl/tcllib2.0/cron/pkgIndex.tcl 
Execute           source C:/AMDDesignTools/2026.1/Vitis/tps/tcl/tcllib2.0/csv/pkgIndex.tcl 
Execute           source C:/AMDDesignTools/2026.1/Vitis/tps/tcl/tcllib2.0/debug/pkgIndex.tcl 
Execute           source C:/AMDDesignTools/2026.1/Vitis/tps/tcl/tcllib2.0/defer/pkgIndex.tcl 
Execute           source C:/AMDDesignTools/2026.1/Vitis/tps/tcl/tcllib2.0/dicttool/pkgIndex.tcl 
Execute           source C:/AMDDesignTools/2026.1/Vitis/tps/tcl/tcllib2.0/dns/pkgIndex.tcl 
Execute           source C:/AMDDesignTools/2026.1/Vitis/tps/tcl/tcllib2.0/docstrip/pkgIndex.tcl 
Execute           source C:/AMDDesignTools/2026.1/Vitis/tps/tcl/tcllib2.0/doctools/pkgIndex.tcl 
Execute           source C:/AMDDesignTools/2026.1/Vitis/tps/tcl/tcllib2.0/doctools2base/pkgIndex.tcl 
Execute           source C:/AMDDesignTools/2026.1/Vitis/tps/tcl/tcllib2.0/doctools2idx/pkgIndex.tcl 
Execute           source C:/AMDDesignTools/2026.1/Vitis/tps/tcl/tcllib2.0/doctools2toc/pkgIndex.tcl 
Execute           source C:/AMDDesignTools/2026.1/Vitis/tps/tcl/tcllib2.0/dtplite/pkgIndex.tcl 
Execute           source C:/AMDDesignTools/2026.1/Vitis/tps/tcl/tcllib2.0/fileutil/pkgIndex.tcl 
Execute           source C:/AMDDesignTools/2026.1/Vitis/tps/tcl/tcllib2.0/ftp/pkgIndex.tcl 
Execute           source C:/AMDDesignTools/2026.1/Vitis/tps/tcl/tcllib2.0/ftpd/pkgIndex.tcl 
Execute           source C:/AMDDesignTools/2026.1/Vitis/tps/tcl/tcllib2.0/fumagic/pkgIndex.tcl 
Execute           source C:/AMDDesignTools/2026.1/Vitis/tps/tcl/tcllib2.0/generator/pkgIndex.tcl 
Execute           source C:/AMDDesignTools/2026.1/Vitis/tps/tcl/tcllib2.0/gpx/pkgIndex.tcl 
Execute           source C:/AMDDesignTools/2026.1/Vitis/tps/tcl/tcllib2.0/grammar_aycock/pkgIndex.tcl 
Execute           source C:/AMDDesignTools/2026.1/Vitis/tps/tcl/tcllib2.0/grammar_fa/pkgIndex.tcl 
Execute           source C:/AMDDesignTools/2026.1/Vitis/tps/tcl/tcllib2.0/grammar_me/pkgIndex.tcl 
Execute           source C:/AMDDesignTools/2026.1/Vitis/tps/tcl/tcllib2.0/grammar_peg/pkgIndex.tcl 
Execute           source C:/AMDDesignTools/2026.1/Vitis/tps/tcl/tcllib2.0/hook/pkgIndex.tcl 
Execute           source C:/AMDDesignTools/2026.1/Vitis/tps/tcl/tcllib2.0/html/pkgIndex.tcl 
Execute           source C:/AMDDesignTools/2026.1/Vitis/tps/tcl/tcllib2.0/htmlparse/pkgIndex.tcl 
Execute           source C:/AMDDesignTools/2026.1/Vitis/tps/tcl/tcllib2.0/http/pkgIndex.tcl 
Execute           source C:/AMDDesignTools/2026.1/Vitis/tps/tcl/tcllib2.0/httpd/pkgIndex.tcl 
Execute           source C:/AMDDesignTools/2026.1/Vitis/tps/tcl/tcllib2.0/httpwget/pkgIndex.tcl 
Execute           source C:/AMDDesignTools/2026.1/Vitis/tps/tcl/tcllib2.0/ident/pkgIndex.tcl 
Execute           source C:/AMDDesignTools/2026.1/Vitis/tps/tcl/tcllib2.0/imap4/pkgIndex.tcl 
Execute           source C:/AMDDesignTools/2026.1/Vitis/tps/tcl/tcllib2.0/inifile/pkgIndex.tcl 
Execute           source C:/AMDDesignTools/2026.1/Vitis/tps/tcl/tcllib2.0/interp/pkgIndex.tcl 
Execute           source C:/AMDDesignTools/2026.1/Vitis/tps/tcl/tcllib2.0/irc/pkgIndex.tcl 
Execute           source C:/AMDDesignTools/2026.1/Vitis/tps/tcl/tcllib2.0/javascript/pkgIndex.tcl 
Execute           source C:/AMDDesignTools/2026.1/Vitis/tps/tcl/tcllib2.0/jpeg/pkgIndex.tcl 
Execute           source C:/AMDDesignTools/2026.1/Vitis/tps/tcl/tcllib2.0/json/pkgIndex.tcl 
Execute           source C:/AMDDesignTools/2026.1/Vitis/tps/tcl/tcllib2.0/lambda/pkgIndex.tcl 
Execute           source C:/AMDDesignTools/2026.1/Vitis/tps/tcl/tcllib2.0/lazyset/pkgIndex.tcl 
Execute           source C:/AMDDesignTools/2026.1/Vitis/tps/tcl/tcllib2.0/ldap/pkgIndex.tcl 
Execute           source C:/AMDDesignTools/2026.1/Vitis/tps/tcl/tcllib2.0/log/pkgIndex.tcl 
Execute           source C:/AMDDesignTools/2026.1/Vitis/tps/tcl/tcllib2.0/map/pkgIndex.tcl 
Execute           source C:/AMDDesignTools/2026.1/Vitis/tps/tcl/tcllib2.0/mapproj/pkgIndex.tcl 
Execute           source C:/AMDDesignTools/2026.1/Vitis/tps/tcl/tcllib2.0/markdown/pkgIndex.tcl 
Execute           source C:/AMDDesignTools/2026.1/Vitis/tps/tcl/tcllib2.0/math/pkgIndex.tcl 
Execute           source C:/AMDDesignTools/2026.1/Vitis/tps/tcl/tcllib2.0/md4/pkgIndex.tcl 
Execute           source C:/AMDDesignTools/2026.1/Vitis/tps/tcl/tcllib2.0/md5/pkgIndex.tcl 
Execute           source C:/AMDDesignTools/2026.1/Vitis/tps/tcl/tcllib2.0/md5crypt/pkgIndex.tcl 
Execute           source C:/AMDDesignTools/2026.1/Vitis/tps/tcl/tcllib2.0/mime/pkgIndex.tcl 
Execute           source C:/AMDDesignTools/2026.1/Vitis/tps/tcl/tcllib2.0/mkdoc/pkgIndex.tcl 
Execute           source C:/AMDDesignTools/2026.1/Vitis/tps/tcl/tcllib2.0/multiplexer/pkgIndex.tcl 
Execute           source C:/AMDDesignTools/2026.1/Vitis/tps/tcl/tcllib2.0/namespacex/pkgIndex.tcl 
Execute           source C:/AMDDesignTools/2026.1/Vitis/tps/tcl/tcllib2.0/ncgi/pkgIndex.tcl 
Execute           source C:/AMDDesignTools/2026.1/Vitis/tps/tcl/tcllib2.0/nettool/pkgIndex.tcl 
Execute           source C:/AMDDesignTools/2026.1/Vitis/tps/tcl/tcllib2.0/nmea/pkgIndex.tcl 
Execute           source C:/AMDDesignTools/2026.1/Vitis/tps/tcl/tcllib2.0/nns/pkgIndex.tcl 
Execute           source C:/AMDDesignTools/2026.1/Vitis/tps/tcl/tcllib2.0/nntp/pkgIndex.tcl 
Execute           source C:/AMDDesignTools/2026.1/Vitis/tps/tcl/tcllib2.0/ntp/pkgIndex.tcl 
Execute           source C:/AMDDesignTools/2026.1/Vitis/tps/tcl/tcllib2.0/oauth/pkgIndex.tcl 
Execute           source C:/AMDDesignTools/2026.1/Vitis/tps/tcl/tcllib2.0/oodialect/pkgIndex.tcl 
Execute           source C:/AMDDesignTools/2026.1/Vitis/tps/tcl/tcllib2.0/oometa/pkgIndex.tcl 
Execute           source C:/AMDDesignTools/2026.1/Vitis/tps/tcl/tcllib2.0/ooutil/pkgIndex.tcl 
Execute           source C:/AMDDesignTools/2026.1/Vitis/tps/tcl/tcllib2.0/otp/pkgIndex.tcl 
Execute           source C:/AMDDesignTools/2026.1/Vitis/tps/tcl/tcllib2.0/page/pkgIndex.tcl 
Execute           source C:/AMDDesignTools/2026.1/Vitis/tps/tcl/tcllib2.0/pluginmgr/pkgIndex.tcl 
Execute           source C:/AMDDesignTools/2026.1/Vitis/tps/tcl/tcllib2.0/png/pkgIndex.tcl 
Execute           source C:/AMDDesignTools/2026.1/Vitis/tps/tcl/tcllib2.0/pop3/pkgIndex.tcl 
Execute           source C:/AMDDesignTools/2026.1/Vitis/tps/tcl/tcllib2.0/pop3d/pkgIndex.tcl 
Execute           source C:/AMDDesignTools/2026.1/Vitis/tps/tcl/tcllib2.0/practcl/pkgIndex.tcl 
Execute           source C:/AMDDesignTools/2026.1/Vitis/tps/tcl/tcllib2.0/processman/pkgIndex.tcl 
Execute           source C:/AMDDesignTools/2026.1/Vitis/tps/tcl/tcllib2.0/profiler/pkgIndex.tcl 
Execute           source C:/AMDDesignTools/2026.1/Vitis/tps/tcl/tcllib2.0/pt/pkgIndex.tcl 
Execute           source C:/AMDDesignTools/2026.1/Vitis/tps/tcl/tcllib2.0/rcs/pkgIndex.tcl 
Execute           source C:/AMDDesignTools/2026.1/Vitis/tps/tcl/tcllib2.0/report/pkgIndex.tcl 
Execute           source C:/AMDDesignTools/2026.1/Vitis/tps/tcl/tcllib2.0/rest/pkgIndex.tcl 
Execute           source C:/AMDDesignTools/2026.1/Vitis/tps/tcl/tcllib2.0/ripemd/pkgIndex.tcl 
Execute           source C:/AMDDesignTools/2026.1/Vitis/tps/tcl/tcllib2.0/sasl/pkgIndex.tcl 
Execute           source C:/AMDDesignTools/2026.1/Vitis/tps/tcl/tcllib2.0/sha1/pkgIndex.tcl 
Execute           source C:/AMDDesignTools/2026.1/Vitis/tps/tcl/tcllib2.0/simulation/pkgIndex.tcl 
Execute           source C:/AMDDesignTools/2026.1/Vitis/tps/tcl/tcllib2.0/smtpd/pkgIndex.tcl 
Execute           source C:/AMDDesignTools/2026.1/Vitis/tps/tcl/tcllib2.0/snit/pkgIndex.tcl 
Execute           source C:/AMDDesignTools/2026.1/Vitis/tps/tcl/tcllib2.0/soundex/pkgIndex.tcl 
Execute           source C:/AMDDesignTools/2026.1/Vitis/tps/tcl/tcllib2.0/stooop/pkgIndex.tcl 
Execute           source C:/AMDDesignTools/2026.1/Vitis/tps/tcl/tcllib2.0/string/pkgIndex.tcl 
Execute           source C:/AMDDesignTools/2026.1/Vitis/tps/tcl/tcllib2.0/stringprep/pkgIndex.tcl 
Execute           source C:/AMDDesignTools/2026.1/Vitis/tps/tcl/tcllib2.0/struct/pkgIndex.tcl 
Execute           source C:/AMDDesignTools/2026.1/Vitis/tps/tcl/tcllib2.0/tar/pkgIndex.tcl 
Execute           source C:/AMDDesignTools/2026.1/Vitis/tps/tcl/tcllib2.0/tepam/pkgIndex.tcl 
Execute           source C:/AMDDesignTools/2026.1/Vitis/tps/tcl/tcllib2.0/term/pkgIndex.tcl 
Execute           source C:/AMDDesignTools/2026.1/Vitis/tps/tcl/tcllib2.0/textutil/pkgIndex.tcl 
Execute           source C:/AMDDesignTools/2026.1/Vitis/tps/tcl/tcllib2.0/tie/pkgIndex.tcl 
Execute           source C:/AMDDesignTools/2026.1/Vitis/tps/tcl/tcllib2.0/tiff/pkgIndex.tcl 
Execute           source C:/AMDDesignTools/2026.1/Vitis/tps/tcl/tcllib2.0/tool/pkgIndex.tcl 
Execute           source C:/AMDDesignTools/2026.1/Vitis/tps/tcl/tcllib2.0/transfer/pkgIndex.tcl 
Execute           source C:/AMDDesignTools/2026.1/Vitis/tps/tcl/tcllib2.0/treeql/pkgIndex.tcl 
Execute           source C:/AMDDesignTools/2026.1/Vitis/tps/tcl/tcllib2.0/try/pkgIndex.tcl 
Execute           source C:/AMDDesignTools/2026.1/Vitis/tps/tcl/tcllib2.0/udpcluster/pkgIndex.tcl 
Execute           source C:/AMDDesignTools/2026.1/Vitis/tps/tcl/tcllib2.0/uev/pkgIndex.tcl 
Execute           source C:/AMDDesignTools/2026.1/Vitis/tps/tcl/tcllib2.0/units/pkgIndex.tcl 
Execute           source C:/AMDDesignTools/2026.1/Vitis/tps/tcl/tcllib2.0/uri/pkgIndex.tcl 
Execute           source C:/AMDDesignTools/2026.1/Vitis/tps/tcl/tcllib2.0/uuid/pkgIndex.tcl 
Execute           source C:/AMDDesignTools/2026.1/Vitis/tps/tcl/tcllib2.0/valtype/pkgIndex.tcl 
Execute           source C:/AMDDesignTools/2026.1/Vitis/tps/tcl/tcllib2.0/virtchannel_base/pkgIndex.tcl 
Execute           source C:/AMDDesignTools/2026.1/Vitis/tps/tcl/tcllib2.0/virtchannel_core/pkgIndex.tcl 
Execute           source C:/AMDDesignTools/2026.1/Vitis/tps/tcl/tcllib2.0/virtchannel_transform/pkgIndex.tcl 
Execute           source C:/AMDDesignTools/2026.1/Vitis/tps/tcl/tcllib2.0/websocket/pkgIndex.tcl 
Execute           source C:/AMDDesignTools/2026.1/Vitis/tps/tcl/tcllib2.0/wip/pkgIndex.tcl 
Execute           source C:/AMDDesignTools/2026.1/Vitis/tps/tcl/tcllib2.0/yaml/pkgIndex.tcl 
Execute           source C:/AMDDesignTools/2026.1/Vitis/tps/tcl/tcllib2.0/zip/pkgIndex.tcl 
Command         ap_source done; 0.236 sec.
Execute         source C:/AMDDesignTools/2026.1/Vitis/tps/tcl/tdom/pkgIndex.tcl 
Execute         source C:/AMDDesignTools/2026.1/Vitis/tps/tcl/tk8.6/pkgIndex.tcl 
Execute         source C:/AMDDesignTools/2026.1/Vitis/tps/tcl/tcl8.6/opt0.4/pkgIndex.tcl 
Execute         source C:/AMDDesignTools/2026.1/Vitis/tps/tcl/tcl8.6/pkgs/win/thread2.8.7/pkgIndex.tcl 
Command       ap_source done; 0.965 sec.
INFO-FLOW: Workspace C:/Users/mohin/Vitis/hls_component/hls_component/hls opened at Wed Aug 12 13:17:19 +1000 2026
Execute       send_msg_by_id INFO @200-2174@%s%s component test.cfg 
INFO: [HLS 200-2174] Applying component config ini file test.cfg
Execute       apply_ini test.cfg 
Execute         send_msg_by_id INFO @200-1465@%s 'syn.file=drhe_compress.cpp' from test.cfg(5) 
INFO: [HLS 200-1465] Applying config ini 'syn.file=drhe_compress.cpp' from test.cfg(5)
Execute         add_files C:/Users/mohin/Vitis/hls_component/drhe_compress.cpp 
INFO: [HLS 200-10] Adding design file 'C:/Users/mohin/Vitis/hls_component/drhe_compress.cpp' to the project
Execute         send_msg_by_id INFO @200-1465@%s 'syn.file=drhe_decompress.cpp' from test.cfg(6) 
INFO: [HLS 200-1465] Applying config ini 'syn.file=drhe_decompress.cpp' from test.cfg(6)
Execute         add_files C:/Users/mohin/Vitis/hls_component/drhe_decompress.cpp 
INFO: [HLS 200-10] Adding design file 'C:/Users/mohin/Vitis/hls_component/drhe_decompress.cpp' to the project
Execute         send_msg_by_id INFO @200-1465@%s 'syn.file=drhe.cpp' from test.cfg(7) 
INFO: [HLS 200-1465] Applying config ini 'syn.file=drhe.cpp' from test.cfg(7)
Execute         add_files C:/Users/mohin/Vitis/hls_component/drhe.cpp 
INFO: [HLS 200-10] Adding design file 'C:/Users/mohin/Vitis/hls_component/drhe.cpp' to the project
Execute         send_msg_by_id INFO @200-1465@%s 'tb.file=drhe_tb.cpp' from test.cfg(8) 
INFO: [HLS 200-1465] Applying config ini 'tb.file=drhe_tb.cpp' from test.cfg(8)
Execute         add_files -tb C:/Users/mohin/Vitis/hls_component/drhe_tb.cpp 
INFO: [HLS 200-10] Adding test bench file 'C:/Users/mohin/Vitis/hls_component/drhe_tb.cpp' to the project
Execute         send_msg_by_id INFO @200-1465@%s 'tb.file=coloradar_frame0_rangefft.bin' from test.cfg(9) 
INFO: [HLS 200-1465] Applying config ini 'tb.file=coloradar_frame0_rangefft.bin' from test.cfg(9)
Execute         add_files -tb C:/Users/mohin/Vitis/hls_component/coloradar_frame0_rangefft.bin 
INFO: [HLS 200-10] Adding test bench file 'C:/Users/mohin/Vitis/hls_component/coloradar_frame0_rangefft.bin' to the project
Execute         send_msg_by_id INFO @200-1465@%s 'part=xcku5p-ffvb676-2-e' from test.cfg(1) 
INFO: [HLS 200-1465] Applying config ini 'part=xcku5p-ffvb676-2-e' from test.cfg(1)
Execute         set_part xcku5p-ffvb676-2-e 
Execute           create_platform xcku5p-ffvb676-2-e -board  
DBG:HLSDevice: Trying to load device library: C:/AMDDesignTools/2026.1/Vitis\lib\win64.o\xv_hlsvwrap.dll
DBG:HLSDevice: first parts/arch.xml in RDI_DATADIR: C:/AMDDesignTools/2026.1/Vitis/data/parts/arch.xml
DBG:HLSDevice: init success
INFO: [HLS 200-1611] Setting target device to 'xcku5p-ffvb676-2-e'
Command           create_platform done; 1.502 sec.
Execute           source C:/AMDDesignTools/2026.1/Vitis/common/technology/xilinx/common/xilinx.gen 
Execute             source C:/AMDDesignTools/2026.1/Vitis/common/technology/xilinx/interface/plb46.gen 
Execute             source C:/AMDDesignTools/2026.1/Vitis/common/technology/xilinx/interface/axi4.gen 
Execute             source C:/AMDDesignTools/2026.1/Vitis/common/technology/xilinx/interface/nativeAXI4.gen 
Execute               source C:/AMDDesignTools/2026.1/Vitis/common/technology/xilinx/interface/saxilite.gen 
Execute             source C:/AMDDesignTools/2026.1/Vitis/common/technology/xilinx/scripts/xilinxcoregen.gen 
Execute             source C:/AMDDesignTools/2026.1/Vitis/common/technology/xilinx/interface/XilEDKCoreGen.gen 
Execute             source C:/AMDDesignTools/2026.1/Vitis/common/technology/xilinx/ip/dds_compiler.gen 
Execute             source C:/AMDDesignTools/2026.1/Vitis/common/technology/xilinx/ip/util.gen 
Execute             source C:/AMDDesignTools/2026.1/Vitis/common/technology/xilinx/ip/xfft.gen 
Command             ap_source done; 0.106 sec.
Execute             source C:/AMDDesignTools/2026.1/Vitis/common/technology/xilinx/ip/xfir.gen 
Execute             source C:/AMDDesignTools/2026.1/Vitis/common/technology/xilinx/DSP48/dsp48.gen 
Command           ap_source done; 0.167 sec.
Execute           ap_part_info -name xcku5p-ffvb676-2-e -data info 
Execute           config_compile -quiet -complex-mul-dsp=0 
Command         set_part done; 1.692 sec.
Execute         send_msg_by_id INFO @200-1465@%s 'clock=100MHz' from test.cfg(4) 
INFO: [HLS 200-1465] Applying config ini 'clock=100MHz' from test.cfg(4)
Execute         create_clock -period 100mhz 
Execute           ap_set_clock -name default -period 10 -unit ns -default=false 
INFO: [SYN 201-201] Setting up clock 'default' with a period of 10ns.
Execute         send_msg_by_id INFO @200-1465@%s 'package.output.format=ip_catalog' from test.cfg(11) 
INFO: [HLS 200-1465] Applying config ini 'package.output.format=ip_catalog' from test.cfg(11)
Execute         config_export -format=ip_catalog 
Command       apply_ini done; 1.804 sec.
Execute       write_component -config C:/Users/mohin/Vitis/hls_component/test.cfg 
Execute         send_msg_by_id INFO @200-2176@%s C:/Users/mohin/Vitis/hls_component/hls_component/vitis-comp.json 
INFO: [HLS 200-2176] Writing Vitis IDE component file C:/Users/mohin/Vitis/hls_component/hls_component/vitis-comp.json
Command     open_solution done; 2.835 sec.
Command   open_component done; 2.843 sec.
Execute   apply_ini C:/Users/mohin/Vitis/hls_component/hls_component/hls/config.cmdline -iscmdline 
Execute   ::AP::init_summary_file csim 
Execute     AP::app_get_file_relativeroot [AP::app_get_root] {}
Execute   csim_design 
INFO: [SIM 211-2] *************** CSIM start ***************
Execute     send_msg_by_id INFO @200-2191@%s%s C-Simulation clang-16 
INFO: [HLS 200-2191] C-Simulation will use clang-16 as the compiler
Execute     source csim/.lst_opt.tcl 
Execute     send_msg_by_id INFO @200-2036@%s debug 
INFO: [HLS 200-2036] Building debug C Simulation binaries
Execute     ap_part_info -name xcku5p-ffvb676-2-e -data info 
Execute     source run_sim.tcl 
Command     ap_source done; 1.871 sec.
INFO: [SIM 211-1] CSim done with 0 errors.
INFO: [SIM 211-3] *************** CSIM finish ***************
Command   csim_design done; 2.756 sec.
Execute   close_project 
Execute     close_solution 
Execute       cleanup_all 
Execute       cleanup_all 
Execute       source -notrace -encoding utf-8 C:/AMDDesignTools/2026.1/Vitis/tps/tcl/tcl8.6/clock.tcl 
Execute         source -encoding utf-8 C:/AMDDesignTools/2026.1/Vitis/tps/tcl/tcl8/8.5/msgcat-1.6.1.tm 
Execute           source C:/AMDDesignTools/2026.1/Vitis/tps/tcl/tcllib2.0/0compatibility/pkgIndex.tcl 
Execute           source C:/AMDDesignTools/2026.1/Vitis/tps/tcl/tcllib2.0/amazon-s3/pkgIndex.tcl 
Execute           source C:/AMDDesignTools/2026.1/Vitis/tps/tcl/tcllib2.0/asn/pkgIndex.tcl 
Execute           source C:/AMDDesignTools/2026.1/Vitis/tps/tcl/tcllib2.0/base32/pkgIndex.tcl 
Execute           source C:/AMDDesignTools/2026.1/Vitis/tps/tcl/tcllib2.0/base64/pkgIndex.tcl 
Execute           source C:/AMDDesignTools/2026.1/Vitis/tps/tcl/tcllib2.0/bee/pkgIndex.tcl 
Execute           source C:/AMDDesignTools/2026.1/Vitis/tps/tcl/tcllib2.0/bench/pkgIndex.tcl 
Execute           source C:/AMDDesignTools/2026.1/Vitis/tps/tcl/tcllib2.0/bibtex/pkgIndex.tcl 
Execute           source C:/AMDDesignTools/2026.1/Vitis/tps/tcl/tcllib2.0/cache/pkgIndex.tcl 
Execute           source C:/AMDDesignTools/2026.1/Vitis/tps/tcl/tcllib2.0/clay/pkgIndex.tcl 
Execute           source C:/AMDDesignTools/2026.1/Vitis/tps/tcl/tcllib2.0/clock/pkgIndex.tcl 
Execute           source C:/AMDDesignTools/2026.1/Vitis/tps/tcl/tcllib2.0/cmdline/pkgIndex.tcl 
Execute           source C:/AMDDesignTools/2026.1/Vitis/tps/tcl/tcllib2.0/comm/pkgIndex.tcl 
Execute           source C:/AMDDesignTools/2026.1/Vitis/tps/tcl/tcllib2.0/control/pkgIndex.tcl 
Execute           source C:/AMDDesignTools/2026.1/Vitis/tps/tcl/tcllib2.0/coroutine/pkgIndex.tcl 
Execute           source C:/AMDDesignTools/2026.1/Vitis/tps/tcl/tcllib2.0/counter/pkgIndex.tcl 
Execute           source C:/AMDDesignTools/2026.1/Vitis/tps/tcl/tcllib2.0/crc/pkgIndex.tcl 
Execute           source C:/AMDDesignTools/2026.1/Vitis/tps/tcl/tcllib2.0/cron/pkgIndex.tcl 
Execute           source C:/AMDDesignTools/2026.1/Vitis/tps/tcl/tcllib2.0/csv/pkgIndex.tcl 
Execute           source C:/AMDDesignTools/2026.1/Vitis/tps/tcl/tcllib2.0/debug/pkgIndex.tcl 
Execute           source C:/AMDDesignTools/2026.1/Vitis/tps/tcl/tcllib2.0/defer/pkgIndex.tcl 
Execute           source C:/AMDDesignTools/2026.1/Vitis/tps/tcl/tcllib2.0/dicttool/pkgIndex.tcl 
Execute           source C:/AMDDesignTools/2026.1/Vitis/tps/tcl/tcllib2.0/dns/pkgIndex.tcl 
Execute           source C:/AMDDesignTools/2026.1/Vitis/tps/tcl/tcllib2.0/docstrip/pkgIndex.tcl 
Execute           source C:/AMDDesignTools/2026.1/Vitis/tps/tcl/tcllib2.0/doctools/pkgIndex.tcl 
Execute           source C:/AMDDesignTools/2026.1/Vitis/tps/tcl/tcllib2.0/doctools2base/pkgIndex.tcl 
Execute           source C:/AMDDesignTools/2026.1/Vitis/tps/tcl/tcllib2.0/doctools2idx/pkgIndex.tcl 
Execute           source C:/AMDDesignTools/2026.1/Vitis/tps/tcl/tcllib2.0/doctools2toc/pkgIndex.tcl 
Execute           source C:/AMDDesignTools/2026.1/Vitis/tps/tcl/tcllib2.0/dtplite/pkgIndex.tcl 
Execute           source C:/AMDDesignTools/2026.1/Vitis/tps/tcl/tcllib2.0/fileutil/pkgIndex.tcl 
Execute           source C:/AMDDesignTools/2026.1/Vitis/tps/tcl/tcllib2.0/ftp/pkgIndex.tcl 
Execute           source C:/AMDDesignTools/2026.1/Vitis/tps/tcl/tcllib2.0/ftpd/pkgIndex.tcl 
Execute           source C:/AMDDesignTools/2026.1/Vitis/tps/tcl/tcllib2.0/fumagic/pkgIndex.tcl 
Execute           source C:/AMDDesignTools/2026.1/Vitis/tps/tcl/tcllib2.0/generator/pkgIndex.tcl 
Execute           source C:/AMDDesignTools/2026.1/Vitis/tps/tcl/tcllib2.0/gpx/pkgIndex.tcl 
Execute           source C:/AMDDesignTools/2026.1/Vitis/tps/tcl/tcllib2.0/grammar_aycock/pkgIndex.tcl 
Execute           source C:/AMDDesignTools/2026.1/Vitis/tps/tcl/tcllib2.0/grammar_fa/pkgIndex.tcl 
Execute           source C:/AMDDesignTools/2026.1/Vitis/tps/tcl/tcllib2.0/grammar_me/pkgIndex.tcl 
Execute           source C:/AMDDesignTools/2026.1/Vitis/tps/tcl/tcllib2.0/grammar_peg/pkgIndex.tcl 
Execute           source C:/AMDDesignTools/2026.1/Vitis/tps/tcl/tcllib2.0/hook/pkgIndex.tcl 
Execute           source C:/AMDDesignTools/2026.1/Vitis/tps/tcl/tcllib2.0/html/pkgIndex.tcl 
Execute           source C:/AMDDesignTools/2026.1/Vitis/tps/tcl/tcllib2.0/htmlparse/pkgIndex.tcl 
Execute           source C:/AMDDesignTools/2026.1/Vitis/tps/tcl/tcllib2.0/http/pkgIndex.tcl 
Execute           source C:/AMDDesignTools/2026.1/Vitis/tps/tcl/tcllib2.0/httpd/pkgIndex.tcl 
Execute           source C:/AMDDesignTools/2026.1/Vitis/tps/tcl/tcllib2.0/httpwget/pkgIndex.tcl 
Execute           source C:/AMDDesignTools/2026.1/Vitis/tps/tcl/tcllib2.0/ident/pkgIndex.tcl 
Execute           source C:/AMDDesignTools/2026.1/Vitis/tps/tcl/tcllib2.0/imap4/pkgIndex.tcl 
Execute           source C:/AMDDesignTools/2026.1/Vitis/tps/tcl/tcllib2.0/inifile/pkgIndex.tcl 
Execute           source C:/AMDDesignTools/2026.1/Vitis/tps/tcl/tcllib2.0/interp/pkgIndex.tcl 
Execute           source C:/AMDDesignTools/2026.1/Vitis/tps/tcl/tcllib2.0/irc/pkgIndex.tcl 
Execute           source C:/AMDDesignTools/2026.1/Vitis/tps/tcl/tcllib2.0/javascript/pkgIndex.tcl 
Execute           source C:/AMDDesignTools/2026.1/Vitis/tps/tcl/tcllib2.0/jpeg/pkgIndex.tcl 
Execute           source C:/AMDDesignTools/2026.1/Vitis/tps/tcl/tcllib2.0/json/pkgIndex.tcl 
Execute           source C:/AMDDesignTools/2026.1/Vitis/tps/tcl/tcllib2.0/lambda/pkgIndex.tcl 
Execute           source C:/AMDDesignTools/2026.1/Vitis/tps/tcl/tcllib2.0/lazyset/pkgIndex.tcl 
Execute           source C:/AMDDesignTools/2026.1/Vitis/tps/tcl/tcllib2.0/ldap/pkgIndex.tcl 
Execute           source C:/AMDDesignTools/2026.1/Vitis/tps/tcl/tcllib2.0/log/pkgIndex.tcl 
Execute           source C:/AMDDesignTools/2026.1/Vitis/tps/tcl/tcllib2.0/map/pkgIndex.tcl 
Execute           source C:/AMDDesignTools/2026.1/Vitis/tps/tcl/tcllib2.0/mapproj/pkgIndex.tcl 
Execute           source C:/AMDDesignTools/2026.1/Vitis/tps/tcl/tcllib2.0/markdown/pkgIndex.tcl 
Execute           source C:/AMDDesignTools/2026.1/Vitis/tps/tcl/tcllib2.0/math/pkgIndex.tcl 
Execute           source C:/AMDDesignTools/2026.1/Vitis/tps/tcl/tcllib2.0/md4/pkgIndex.tcl 
Execute           source C:/AMDDesignTools/2026.1/Vitis/tps/tcl/tcllib2.0/md5/pkgIndex.tcl 
Execute           source C:/AMDDesignTools/2026.1/Vitis/tps/tcl/tcllib2.0/md5crypt/pkgIndex.tcl 
Execute           source C:/AMDDesignTools/2026.1/Vitis/tps/tcl/tcllib2.0/mime/pkgIndex.tcl 
Execute           source C:/AMDDesignTools/2026.1/Vitis/tps/tcl/tcllib2.0/mkdoc/pkgIndex.tcl 
Execute           source C:/AMDDesignTools/2026.1/Vitis/tps/tcl/tcllib2.0/multiplexer/pkgIndex.tcl 
Execute           source C:/AMDDesignTools/2026.1/Vitis/tps/tcl/tcllib2.0/namespacex/pkgIndex.tcl 
Execute           source C:/AMDDesignTools/2026.1/Vitis/tps/tcl/tcllib2.0/ncgi/pkgIndex.tcl 
Execute           source C:/AMDDesignTools/2026.1/Vitis/tps/tcl/tcllib2.0/nettool/pkgIndex.tcl 
Execute           source C:/AMDDesignTools/2026.1/Vitis/tps/tcl/tcllib2.0/nmea/pkgIndex.tcl 
Execute           source C:/AMDDesignTools/2026.1/Vitis/tps/tcl/tcllib2.0/nns/pkgIndex.tcl 
Execute           source C:/AMDDesignTools/2026.1/Vitis/tps/tcl/tcllib2.0/nntp/pkgIndex.tcl 
Execute           source C:/AMDDesignTools/2026.1/Vitis/tps/tcl/tcllib2.0/ntp/pkgIndex.tcl 
Execute           source C:/AMDDesignTools/2026.1/Vitis/tps/tcl/tcllib2.0/oauth/pkgIndex.tcl 
Execute           source C:/AMDDesignTools/2026.1/Vitis/tps/tcl/tcllib2.0/oodialect/pkgIndex.tcl 
Execute           source C:/AMDDesignTools/2026.1/Vitis/tps/tcl/tcllib2.0/oometa/pkgIndex.tcl 
Execute           source C:/AMDDesignTools/2026.1/Vitis/tps/tcl/tcllib2.0/ooutil/pkgIndex.tcl 
Execute           source C:/AMDDesignTools/2026.1/Vitis/tps/tcl/tcllib2.0/otp/pkgIndex.tcl 
Execute           source C:/AMDDesignTools/2026.1/Vitis/tps/tcl/tcllib2.0/page/pkgIndex.tcl 
Execute           source C:/AMDDesignTools/2026.1/Vitis/tps/tcl/tcllib2.0/pluginmgr/pkgIndex.tcl 
Execute           source C:/AMDDesignTools/2026.1/Vitis/tps/tcl/tcllib2.0/png/pkgIndex.tcl 
Execute           source C:/AMDDesignTools/2026.1/Vitis/tps/tcl/tcllib2.0/pop3/pkgIndex.tcl 
Execute           source C:/AMDDesignTools/2026.1/Vitis/tps/tcl/tcllib2.0/pop3d/pkgIndex.tcl 
Execute           source C:/AMDDesignTools/2026.1/Vitis/tps/tcl/tcllib2.0/practcl/pkgIndex.tcl 
Execute           source C:/AMDDesignTools/2026.1/Vitis/tps/tcl/tcllib2.0/processman/pkgIndex.tcl 
Execute           source C:/AMDDesignTools/2026.1/Vitis/tps/tcl/tcllib2.0/profiler/pkgIndex.tcl 
Execute           source C:/AMDDesignTools/2026.1/Vitis/tps/tcl/tcllib2.0/pt/pkgIndex.tcl 
Execute           source C:/AMDDesignTools/2026.1/Vitis/tps/tcl/tcllib2.0/rcs/pkgIndex.tcl 
Execute           source C:/AMDDesignTools/2026.1/Vitis/tps/tcl/tcllib2.0/report/pkgIndex.tcl 
Execute           source C:/AMDDesignTools/2026.1/Vitis/tps/tcl/tcllib2.0/rest/pkgIndex.tcl 
Execute           source C:/AMDDesignTools/2026.1/Vitis/tps/tcl/tcllib2.0/ripemd/pkgIndex.tcl 
Execute           source C:/AMDDesignTools/2026.1/Vitis/tps/tcl/tcllib2.0/sasl/pkgIndex.tcl 
Execute           source C:/AMDDesignTools/2026.1/Vitis/tps/tcl/tcllib2.0/sha1/pkgIndex.tcl 
Execute           source C:/AMDDesignTools/2026.1/Vitis/tps/tcl/tcllib2.0/simulation/pkgIndex.tcl 
Execute           source C:/AMDDesignTools/2026.1/Vitis/tps/tcl/tcllib2.0/smtpd/pkgIndex.tcl 
Execute           source C:/AMDDesignTools/2026.1/Vitis/tps/tcl/tcllib2.0/snit/pkgIndex.tcl 
Execute           source C:/AMDDesignTools/2026.1/Vitis/tps/tcl/tcllib2.0/soundex/pkgIndex.tcl 
Execute           source C:/AMDDesignTools/2026.1/Vitis/tps/tcl/tcllib2.0/stooop/pkgIndex.tcl 
Execute           source C:/AMDDesignTools/2026.1/Vitis/tps/tcl/tcllib2.0/string/pkgIndex.tcl 
Execute           source C:/AMDDesignTools/2026.1/Vitis/tps/tcl/tcllib2.0/stringprep/pkgIndex.tcl 
Execute           source C:/AMDDesignTools/2026.1/Vitis/tps/tcl/tcllib2.0/struct/pkgIndex.tcl 
Execute           source C:/AMDDesignTools/2026.1/Vitis/tps/tcl/tcllib2.0/tar/pkgIndex.tcl 
Execute           source C:/AMDDesignTools/2026.1/Vitis/tps/tcl/tcllib2.0/tepam/pkgIndex.tcl 
Execute           source C:/AMDDesignTools/2026.1/Vitis/tps/tcl/tcllib2.0/term/pkgIndex.tcl 
Execute           source C:/AMDDesignTools/2026.1/Vitis/tps/tcl/tcllib2.0/textutil/pkgIndex.tcl 
Execute           source C:/AMDDesignTools/2026.1/Vitis/tps/tcl/tcllib2.0/tie/pkgIndex.tcl 
Execute           source C:/AMDDesignTools/2026.1/Vitis/tps/tcl/tcllib2.0/tiff/pkgIndex.tcl 
Execute           source C:/AMDDesignTools/2026.1/Vitis/tps/tcl/tcllib2.0/tool/pkgIndex.tcl 
Execute           source C:/AMDDesignTools/2026.1/Vitis/tps/tcl/tcllib2.0/transfer/pkgIndex.tcl 
Execute           source C:/AMDDesignTools/2026.1/Vitis/tps/tcl/tcllib2.0/treeql/pkgIndex.tcl 
Execute           source C:/AMDDesignTools/2026.1/Vitis/tps/tcl/tcllib2.0/try/pkgIndex.tcl 
Execute           source C:/AMDDesignTools/2026.1/Vitis/tps/tcl/tcllib2.0/udpcluster/pkgIndex.tcl 
Execute           source C:/AMDDesignTools/2026.1/Vitis/tps/tcl/tcllib2.0/uev/pkgIndex.tcl 
Execute           source C:/AMDDesignTools/2026.1/Vitis/tps/tcl/tcllib2.0/units/pkgIndex.tcl 
Execute           source C:/AMDDesignTools/2026.1/Vitis/tps/tcl/tcllib2.0/uri/pkgIndex.tcl 
Execute           source C:/AMDDesignTools/2026.1/Vitis/tps/tcl/tcllib2.0/uuid/pkgIndex.tcl 
Execute           source C:/AMDDesignTools/2026.1/Vitis/tps/tcl/tcllib2.0/valtype/pkgIndex.tcl 
Execute           source C:/AMDDesignTools/2026.1/Vitis/tps/tcl/tcllib2.0/virtchannel_base/pkgIndex.tcl 
Execute           source C:/AMDDesignTools/2026.1/Vitis/tps/tcl/tcllib2.0/virtchannel_core/pkgIndex.tcl 
Execute           source C:/AMDDesignTools/2026.1/Vitis/tps/tcl/tcllib2.0/virtchannel_transform/pkgIndex.tcl 
Execute           source C:/AMDDesignTools/2026.1/Vitis/tps/tcl/tcllib2.0/websocket/pkgIndex.tcl 
Execute           source C:/AMDDesignTools/2026.1/Vitis/tps/tcl/tcllib2.0/wip/pkgIndex.tcl 
Execute           source C:/AMDDesignTools/2026.1/Vitis/tps/tcl/tcllib2.0/yaml/pkgIndex.tcl 
Execute           source C:/AMDDesignTools/2026.1/Vitis/tps/tcl/tcllib2.0/zip/pkgIndex.tcl 
Execute           source C:/AMDDesignTools/2026.1/Vitis/tps/tcl/tcllib2.0/pkgIndex.tcl 
Execute             source C:/AMDDesignTools/2026.1/Vitis/tps/tcl/tcllib2.0/0compatibility/pkgIndex.tcl 
Execute             source C:/AMDDesignTools/2026.1/Vitis/tps/tcl/tcllib2.0/amazon-s3/pkgIndex.tcl 
Execute             source C:/AMDDesignTools/2026.1/Vitis/tps/tcl/tcllib2.0/asn/pkgIndex.tcl 
Execute             source C:/AMDDesignTools/2026.1/Vitis/tps/tcl/tcllib2.0/base32/pkgIndex.tcl 
Execute             source C:/AMDDesignTools/2026.1/Vitis/tps/tcl/tcllib2.0/base64/pkgIndex.tcl 
Execute             source C:/AMDDesignTools/2026.1/Vitis/tps/tcl/tcllib2.0/bee/pkgIndex.tcl 
Execute             source C:/AMDDesignTools/2026.1/Vitis/tps/tcl/tcllib2.0/bench/pkgIndex.tcl 
Execute             source C:/AMDDesignTools/2026.1/Vitis/tps/tcl/tcllib2.0/bibtex/pkgIndex.tcl 
Execute             source C:/AMDDesignTools/2026.1/Vitis/tps/tcl/tcllib2.0/cache/pkgIndex.tcl 
Execute             source C:/AMDDesignTools/2026.1/Vitis/tps/tcl/tcllib2.0/clay/pkgIndex.tcl 
Execute             source C:/AMDDesignTools/2026.1/Vitis/tps/tcl/tcllib2.0/clock/pkgIndex.tcl 
Execute             source C:/AMDDesignTools/2026.1/Vitis/tps/tcl/tcllib2.0/cmdline/pkgIndex.tcl 
Execute             source C:/AMDDesignTools/2026.1/Vitis/tps/tcl/tcllib2.0/comm/pkgIndex.tcl 
Execute             source C:/AMDDesignTools/2026.1/Vitis/tps/tcl/tcllib2.0/control/pkgIndex.tcl 
Execute             source C:/AMDDesignTools/2026.1/Vitis/tps/tcl/tcllib2.0/coroutine/pkgIndex.tcl 
Execute             source C:/AMDDesignTools/2026.1/Vitis/tps/tcl/tcllib2.0/counter/pkgIndex.tcl 
Execute             source C:/AMDDesignTools/2026.1/Vitis/tps/tcl/tcllib2.0/crc/pkgIndex.tcl 
Execute             source C:/AMDDesignTools/2026.1/Vitis/tps/tcl/tcllib2.0/cron/pkgIndex.tcl 
Execute             source C:/AMDDesignTools/2026.1/Vitis/tps/tcl/tcllib2.0/csv/pkgIndex.tcl 
Execute             source C:/AMDDesignTools/2026.1/Vitis/tps/tcl/tcllib2.0/debug/pkgIndex.tcl 
Execute             source C:/AMDDesignTools/2026.1/Vitis/tps/tcl/tcllib2.0/defer/pkgIndex.tcl 
Execute             source C:/AMDDesignTools/2026.1/Vitis/tps/tcl/tcllib2.0/dicttool/pkgIndex.tcl 
Execute             source C:/AMDDesignTools/2026.1/Vitis/tps/tcl/tcllib2.0/dns/pkgIndex.tcl 
Execute             source C:/AMDDesignTools/2026.1/Vitis/tps/tcl/tcllib2.0/docstrip/pkgIndex.tcl 
Execute             source C:/AMDDesignTools/2026.1/Vitis/tps/tcl/tcllib2.0/doctools/pkgIndex.tcl 
Execute             source C:/AMDDesignTools/2026.1/Vitis/tps/tcl/tcllib2.0/doctools2base/pkgIndex.tcl 
Execute             source C:/AMDDesignTools/2026.1/Vitis/tps/tcl/tcllib2.0/doctools2idx/pkgIndex.tcl 
Execute             source C:/AMDDesignTools/2026.1/Vitis/tps/tcl/tcllib2.0/doctools2toc/pkgIndex.tcl 
Execute             source C:/AMDDesignTools/2026.1/Vitis/tps/tcl/tcllib2.0/dtplite/pkgIndex.tcl 
Execute             source C:/AMDDesignTools/2026.1/Vitis/tps/tcl/tcllib2.0/fileutil/pkgIndex.tcl 
Execute             source C:/AMDDesignTools/2026.1/Vitis/tps/tcl/tcllib2.0/ftp/pkgIndex.tcl 
Execute             source C:/AMDDesignTools/2026.1/Vitis/tps/tcl/tcllib2.0/ftpd/pkgIndex.tcl 
Execute             source C:/AMDDesignTools/2026.1/Vitis/tps/tcl/tcllib2.0/fumagic/pkgIndex.tcl 
Execute             source C:/AMDDesignTools/2026.1/Vitis/tps/tcl/tcllib2.0/generator/pkgIndex.tcl 
Execute             source C:/AMDDesignTools/2026.1/Vitis/tps/tcl/tcllib2.0/gpx/pkgIndex.tcl 
Execute             source C:/AMDDesignTools/2026.1/Vitis/tps/tcl/tcllib2.0/grammar_aycock/pkgIndex.tcl 
Execute             source C:/AMDDesignTools/2026.1/Vitis/tps/tcl/tcllib2.0/grammar_fa/pkgIndex.tcl 
Execute             source C:/AMDDesignTools/2026.1/Vitis/tps/tcl/tcllib2.0/grammar_me/pkgIndex.tcl 
Execute             source C:/AMDDesignTools/2026.1/Vitis/tps/tcl/tcllib2.0/grammar_peg/pkgIndex.tcl 
Execute             source C:/AMDDesignTools/2026.1/Vitis/tps/tcl/tcllib2.0/hook/pkgIndex.tcl 
Execute             source C:/AMDDesignTools/2026.1/Vitis/tps/tcl/tcllib2.0/html/pkgIndex.tcl 
Execute             source C:/AMDDesignTools/2026.1/Vitis/tps/tcl/tcllib2.0/htmlparse/pkgIndex.tcl 
Execute             source C:/AMDDesignTools/2026.1/Vitis/tps/tcl/tcllib2.0/http/pkgIndex.tcl 
Execute             source C:/AMDDesignTools/2026.1/Vitis/tps/tcl/tcllib2.0/httpd/pkgIndex.tcl 
Execute             source C:/AMDDesignTools/2026.1/Vitis/tps/tcl/tcllib2.0/httpwget/pkgIndex.tcl 
Execute             source C:/AMDDesignTools/2026.1/Vitis/tps/tcl/tcllib2.0/ident/pkgIndex.tcl 
Execute             source C:/AMDDesignTools/2026.1/Vitis/tps/tcl/tcllib2.0/imap4/pkgIndex.tcl 
Execute             source C:/AMDDesignTools/2026.1/Vitis/tps/tcl/tcllib2.0/inifile/pkgIndex.tcl 
Execute             source C:/AMDDesignTools/2026.1/Vitis/tps/tcl/tcllib2.0/interp/pkgIndex.tcl 
Execute             source C:/AMDDesignTools/2026.1/Vitis/tps/tcl/tcllib2.0/irc/pkgIndex.tcl 
Execute             source C:/AMDDesignTools/2026.1/Vitis/tps/tcl/tcllib2.0/javascript/pkgIndex.tcl 
Execute             source C:/AMDDesignTools/2026.1/Vitis/tps/tcl/tcllib2.0/jpeg/pkgIndex.tcl 
Execute             source C:/AMDDesignTools/2026.1/Vitis/tps/tcl/tcllib2.0/json/pkgIndex.tcl 
Execute             source C:/AMDDesignTools/2026.1/Vitis/tps/tcl/tcllib2.0/lambda/pkgIndex.tcl 
Execute             source C:/AMDDesignTools/2026.1/Vitis/tps/tcl/tcllib2.0/lazyset/pkgIndex.tcl 
Execute             source C:/AMDDesignTools/2026.1/Vitis/tps/tcl/tcllib2.0/ldap/pkgIndex.tcl 
Execute             source C:/AMDDesignTools/2026.1/Vitis/tps/tcl/tcllib2.0/log/pkgIndex.tcl 
Execute             source C:/AMDDesignTools/2026.1/Vitis/tps/tcl/tcllib2.0/map/pkgIndex.tcl 
Execute             source C:/AMDDesignTools/2026.1/Vitis/tps/tcl/tcllib2.0/mapproj/pkgIndex.tcl 
Execute             source C:/AMDDesignTools/2026.1/Vitis/tps/tcl/tcllib2.0/markdown/pkgIndex.tcl 
Execute             source C:/AMDDesignTools/2026.1/Vitis/tps/tcl/tcllib2.0/math/pkgIndex.tcl 
Execute             source C:/AMDDesignTools/2026.1/Vitis/tps/tcl/tcllib2.0/md4/pkgIndex.tcl 
Execute             source C:/AMDDesignTools/2026.1/Vitis/tps/tcl/tcllib2.0/md5/pkgIndex.tcl 
Execute             source C:/AMDDesignTools/2026.1/Vitis/tps/tcl/tcllib2.0/md5crypt/pkgIndex.tcl 
Execute             source C:/AMDDesignTools/2026.1/Vitis/tps/tcl/tcllib2.0/mime/pkgIndex.tcl 
Execute             source C:/AMDDesignTools/2026.1/Vitis/tps/tcl/tcllib2.0/mkdoc/pkgIndex.tcl 
Execute             source C:/AMDDesignTools/2026.1/Vitis/tps/tcl/tcllib2.0/multiplexer/pkgIndex.tcl 
Execute             source C:/AMDDesignTools/2026.1/Vitis/tps/tcl/tcllib2.0/namespacex/pkgIndex.tcl 
Execute             source C:/AMDDesignTools/2026.1/Vitis/tps/tcl/tcllib2.0/ncgi/pkgIndex.tcl 
Execute             source C:/AMDDesignTools/2026.1/Vitis/tps/tcl/tcllib2.0/nettool/pkgIndex.tcl 
Execute             source C:/AMDDesignTools/2026.1/Vitis/tps/tcl/tcllib2.0/nmea/pkgIndex.tcl 
Execute             source C:/AMDDesignTools/2026.1/Vitis/tps/tcl/tcllib2.0/nns/pkgIndex.tcl 
Execute             source C:/AMDDesignTools/2026.1/Vitis/tps/tcl/tcllib2.0/nntp/pkgIndex.tcl 
Execute             source C:/AMDDesignTools/2026.1/Vitis/tps/tcl/tcllib2.0/ntp/pkgIndex.tcl 
Execute             source C:/AMDDesignTools/2026.1/Vitis/tps/tcl/tcllib2.0/oauth/pkgIndex.tcl 
Execute             source C:/AMDDesignTools/2026.1/Vitis/tps/tcl/tcllib2.0/oodialect/pkgIndex.tcl 
Execute             source C:/AMDDesignTools/2026.1/Vitis/tps/tcl/tcllib2.0/oometa/pkgIndex.tcl 
Execute             source C:/AMDDesignTools/2026.1/Vitis/tps/tcl/tcllib2.0/ooutil/pkgIndex.tcl 
Execute             source C:/AMDDesignTools/2026.1/Vitis/tps/tcl/tcllib2.0/otp/pkgIndex.tcl 
Execute             source C:/AMDDesignTools/2026.1/Vitis/tps/tcl/tcllib2.0/page/pkgIndex.tcl 
Execute             source C:/AMDDesignTools/2026.1/Vitis/tps/tcl/tcllib2.0/pluginmgr/pkgIndex.tcl 
Execute             source C:/AMDDesignTools/2026.1/Vitis/tps/tcl/tcllib2.0/png/pkgIndex.tcl 
Execute             source C:/AMDDesignTools/2026.1/Vitis/tps/tcl/tcllib2.0/pop3/pkgIndex.tcl 
Execute             source C:/AMDDesignTools/2026.1/Vitis/tps/tcl/tcllib2.0/pop3d/pkgIndex.tcl 
Execute             source C:/AMDDesignTools/2026.1/Vitis/tps/tcl/tcllib2.0/practcl/pkgIndex.tcl 
Execute             source C:/AMDDesignTools/2026.1/Vitis/tps/tcl/tcllib2.0/processman/pkgIndex.tcl 
Execute             source C:/AMDDesignTools/2026.1/Vitis/tps/tcl/tcllib2.0/profiler/pkgIndex.tcl 
Execute             source C:/AMDDesignTools/2026.1/Vitis/tps/tcl/tcllib2.0/pt/pkgIndex.tcl 
Execute             source C:/AMDDesignTools/2026.1/Vitis/tps/tcl/tcllib2.0/rcs/pkgIndex.tcl 
Execute             source C:/AMDDesignTools/2026.1/Vitis/tps/tcl/tcllib2.0/report/pkgIndex.tcl 
Execute             source C:/AMDDesignTools/2026.1/Vitis/tps/tcl/tcllib2.0/rest/pkgIndex.tcl 
Execute             source C:/AMDDesignTools/2026.1/Vitis/tps/tcl/tcllib2.0/ripemd/pkgIndex.tcl 
Execute             source C:/AMDDesignTools/2026.1/Vitis/tps/tcl/tcllib2.0/sasl/pkgIndex.tcl 
Execute             source C:/AMDDesignTools/2026.1/Vitis/tps/tcl/tcllib2.0/sha1/pkgIndex.tcl 
Execute             source C:/AMDDesignTools/2026.1/Vitis/tps/tcl/tcllib2.0/simulation/pkgIndex.tcl 
Execute             source C:/AMDDesignTools/2026.1/Vitis/tps/tcl/tcllib2.0/smtpd/pkgIndex.tcl 
Execute             source C:/AMDDesignTools/2026.1/Vitis/tps/tcl/tcllib2.0/snit/pkgIndex.tcl 
Execute             source C:/AMDDesignTools/2026.1/Vitis/tps/tcl/tcllib2.0/soundex/pkgIndex.tcl 
Execute             source C:/AMDDesignTools/2026.1/Vitis/tps/tcl/tcllib2.0/stooop/pkgIndex.tcl 
Execute             source C:/AMDDesignTools/2026.1/Vitis/tps/tcl/tcllib2.0/string/pkgIndex.tcl 
Execute             source C:/AMDDesignTools/2026.1/Vitis/tps/tcl/tcllib2.0/stringprep/pkgIndex.tcl 
Execute             source C:/AMDDesignTools/2026.1/Vitis/tps/tcl/tcllib2.0/struct/pkgIndex.tcl 
Execute             source C:/AMDDesignTools/2026.1/Vitis/tps/tcl/tcllib2.0/tar/pkgIndex.tcl 
Execute             source C:/AMDDesignTools/2026.1/Vitis/tps/tcl/tcllib2.0/tepam/pkgIndex.tcl 
Execute             source C:/AMDDesignTools/2026.1/Vitis/tps/tcl/tcllib2.0/term/pkgIndex.tcl 
Execute             source C:/AMDDesignTools/2026.1/Vitis/tps/tcl/tcllib2.0/textutil/pkgIndex.tcl 
Execute             source C:/AMDDesignTools/2026.1/Vitis/tps/tcl/tcllib2.0/tie/pkgIndex.tcl 
Execute             source C:/AMDDesignTools/2026.1/Vitis/tps/tcl/tcllib2.0/tiff/pkgIndex.tcl 
Execute             source C:/AMDDesignTools/2026.1/Vitis/tps/tcl/tcllib2.0/tool/pkgIndex.tcl 
Execute             source C:/AMDDesignTools/2026.1/Vitis/tps/tcl/tcllib2.0/transfer/pkgIndex.tcl 
Execute             source C:/AMDDesignTools/2026.1/Vitis/tps/tcl/tcllib2.0/treeql/pkgIndex.tcl 
Execute             source C:/AMDDesignTools/2026.1/Vitis/tps/tcl/tcllib2.0/try/pkgIndex.tcl 
Execute             source C:/AMDDesignTools/2026.1/Vitis/tps/tcl/tcllib2.0/udpcluster/pkgIndex.tcl 
Execute             source C:/AMDDesignTools/2026.1/Vitis/tps/tcl/tcllib2.0/uev/pkgIndex.tcl 
Execute             source C:/AMDDesignTools/2026.1/Vitis/tps/tcl/tcllib2.0/units/pkgIndex.tcl 
Execute             source C:/AMDDesignTools/2026.1/Vitis/tps/tcl/tcllib2.0/uri/pkgIndex.tcl 
Execute             source C:/AMDDesignTools/2026.1/Vitis/tps/tcl/tcllib2.0/uuid/pkgIndex.tcl 
Execute             source C:/AMDDesignTools/2026.1/Vitis/tps/tcl/tcllib2.0/valtype/pkgIndex.tcl 
Execute             source C:/AMDDesignTools/2026.1/Vitis/tps/tcl/tcllib2.0/virtchannel_base/pkgIndex.tcl 
Execute             source C:/AMDDesignTools/2026.1/Vitis/tps/tcl/tcllib2.0/virtchannel_core/pkgIndex.tcl 
Execute             source C:/AMDDesignTools/2026.1/Vitis/tps/tcl/tcllib2.0/virtchannel_transform/pkgIndex.tcl 
Execute             source C:/AMDDesignTools/2026.1/Vitis/tps/tcl/tcllib2.0/websocket/pkgIndex.tcl 
Execute             source C:/AMDDesignTools/2026.1/Vitis/tps/tcl/tcllib2.0/wip/pkgIndex.tcl 
Execute             source C:/AMDDesignTools/2026.1/Vitis/tps/tcl/tcllib2.0/yaml/pkgIndex.tcl 
Execute             source C:/AMDDesignTools/2026.1/Vitis/tps/tcl/tcllib2.0/zip/pkgIndex.tcl 
Command           ap_source done; 0.22 sec.
Execute           source C:/AMDDesignTools/2026.1/Vitis/tps/tcl/tdom/pkgIndex.tcl 
Execute           source C:/AMDDesignTools/2026.1/Vitis/tps/tcl/tk8.6/pkgIndex.tcl 
Execute           source C:/AMDDesignTools/2026.1/Vitis/tps/tcl/tcl8.6/opt0.4/pkgIndex.tcl 
Execute           source C:/AMDDesignTools/2026.1/Vitis/tps/tcl/tcl8.6/pkgs/win/thread2.8.7/pkgIndex.tcl 
Command         ap_source done; 0.514 sec.
Execute         source C:/AMDDesignTools/2026.1/Vitis/tps/tcl/tcllib2.0/0compatibility/pkgIndex.tcl 
Execute         source C:/AMDDesignTools/2026.1/Vitis/tps/tcl/tcllib2.0/amazon-s3/pkgIndex.tcl 
Execute         source C:/AMDDesignTools/2026.1/Vitis/tps/tcl/tcllib2.0/asn/pkgIndex.tcl 
Execute         source C:/AMDDesignTools/2026.1/Vitis/tps/tcl/tcllib2.0/base32/pkgIndex.tcl 
Execute         source C:/AMDDesignTools/2026.1/Vitis/tps/tcl/tcllib2.0/base64/pkgIndex.tcl 
Execute         source C:/AMDDesignTools/2026.1/Vitis/tps/tcl/tcllib2.0/bee/pkgIndex.tcl 
Execute         source C:/AMDDesignTools/2026.1/Vitis/tps/tcl/tcllib2.0/bench/pkgIndex.tcl 
Execute         source C:/AMDDesignTools/2026.1/Vitis/tps/tcl/tcllib2.0/bibtex/pkgIndex.tcl 
Execute         source C:/AMDDesignTools/2026.1/Vitis/tps/tcl/tcllib2.0/cache/pkgIndex.tcl 
Execute         source C:/AMDDesignTools/2026.1/Vitis/tps/tcl/tcllib2.0/clay/pkgIndex.tcl 
Execute         source C:/AMDDesignTools/2026.1/Vitis/tps/tcl/tcllib2.0/clock/pkgIndex.tcl 
Execute         source C:/AMDDesignTools/2026.1/Vitis/tps/tcl/tcllib2.0/cmdline/pkgIndex.tcl 
Execute         source C:/AMDDesignTools/2026.1/Vitis/tps/tcl/tcllib2.0/comm/pkgIndex.tcl 
Execute         source C:/AMDDesignTools/2026.1/Vitis/tps/tcl/tcllib2.0/control/pkgIndex.tcl 
Execute         source C:/AMDDesignTools/2026.1/Vitis/tps/tcl/tcllib2.0/coroutine/pkgIndex.tcl 
Execute         source C:/AMDDesignTools/2026.1/Vitis/tps/tcl/tcllib2.0/counter/pkgIndex.tcl 
Execute         source C:/AMDDesignTools/2026.1/Vitis/tps/tcl/tcllib2.0/crc/pkgIndex.tcl 
Execute         source C:/AMDDesignTools/2026.1/Vitis/tps/tcl/tcllib2.0/cron/pkgIndex.tcl 
Execute         source C:/AMDDesignTools/2026.1/Vitis/tps/tcl/tcllib2.0/csv/pkgIndex.tcl 
Execute         source C:/AMDDesignTools/2026.1/Vitis/tps/tcl/tcllib2.0/debug/pkgIndex.tcl 
Execute         source C:/AMDDesignTools/2026.1/Vitis/tps/tcl/tcllib2.0/defer/pkgIndex.tcl 
Execute         source C:/AMDDesignTools/2026.1/Vitis/tps/tcl/tcllib2.0/dicttool/pkgIndex.tcl 
Execute         source C:/AMDDesignTools/2026.1/Vitis/tps/tcl/tcllib2.0/dns/pkgIndex.tcl 
Execute         source C:/AMDDesignTools/2026.1/Vitis/tps/tcl/tcllib2.0/docstrip/pkgIndex.tcl 
Execute         source C:/AMDDesignTools/2026.1/Vitis/tps/tcl/tcllib2.0/doctools/pkgIndex.tcl 
Execute         source C:/AMDDesignTools/2026.1/Vitis/tps/tcl/tcllib2.0/doctools2base/pkgIndex.tcl 
Execute         source C:/AMDDesignTools/2026.1/Vitis/tps/tcl/tcllib2.0/doctools2idx/pkgIndex.tcl 
Execute         source C:/AMDDesignTools/2026.1/Vitis/tps/tcl/tcllib2.0/doctools2toc/pkgIndex.tcl 
Execute         source C:/AMDDesignTools/2026.1/Vitis/tps/tcl/tcllib2.0/dtplite/pkgIndex.tcl 
Execute         source C:/AMDDesignTools/2026.1/Vitis/tps/tcl/tcllib2.0/fileutil/pkgIndex.tcl 
Execute         source C:/AMDDesignTools/2026.1/Vitis/tps/tcl/tcllib2.0/ftp/pkgIndex.tcl 
Execute         source C:/AMDDesignTools/2026.1/Vitis/tps/tcl/tcllib2.0/ftpd/pkgIndex.tcl 
Execute         source C:/AMDDesignTools/2026.1/Vitis/tps/tcl/tcllib2.0/fumagic/pkgIndex.tcl 
Execute         source C:/AMDDesignTools/2026.1/Vitis/tps/tcl/tcllib2.0/generator/pkgIndex.tcl 
Execute         source C:/AMDDesignTools/2026.1/Vitis/tps/tcl/tcllib2.0/gpx/pkgIndex.tcl 
Execute         source C:/AMDDesignTools/2026.1/Vitis/tps/tcl/tcllib2.0/grammar_aycock/pkgIndex.tcl 
Execute         source C:/AMDDesignTools/2026.1/Vitis/tps/tcl/tcllib2.0/grammar_fa/pkgIndex.tcl 
Execute         source C:/AMDDesignTools/2026.1/Vitis/tps/tcl/tcllib2.0/grammar_me/pkgIndex.tcl 
Execute         source C:/AMDDesignTools/2026.1/Vitis/tps/tcl/tcllib2.0/grammar_peg/pkgIndex.tcl 
Execute         source C:/AMDDesignTools/2026.1/Vitis/tps/tcl/tcllib2.0/hook/pkgIndex.tcl 
Execute         source C:/AMDDesignTools/2026.1/Vitis/tps/tcl/tcllib2.0/html/pkgIndex.tcl 
Execute         source C:/AMDDesignTools/2026.1/Vitis/tps/tcl/tcllib2.0/htmlparse/pkgIndex.tcl 
Execute         source C:/AMDDesignTools/2026.1/Vitis/tps/tcl/tcllib2.0/http/pkgIndex.tcl 
Execute         source C:/AMDDesignTools/2026.1/Vitis/tps/tcl/tcllib2.0/httpd/pkgIndex.tcl 
Execute         source C:/AMDDesignTools/2026.1/Vitis/tps/tcl/tcllib2.0/httpwget/pkgIndex.tcl 
Execute         source C:/AMDDesignTools/2026.1/Vitis/tps/tcl/tcllib2.0/ident/pkgIndex.tcl 
Execute         source C:/AMDDesignTools/2026.1/Vitis/tps/tcl/tcllib2.0/imap4/pkgIndex.tcl 
Execute         source C:/AMDDesignTools/2026.1/Vitis/tps/tcl/tcllib2.0/inifile/pkgIndex.tcl 
Execute         source C:/AMDDesignTools/2026.1/Vitis/tps/tcl/tcllib2.0/interp/pkgIndex.tcl 
Execute         source C:/AMDDesignTools/2026.1/Vitis/tps/tcl/tcllib2.0/irc/pkgIndex.tcl 
Execute         source C:/AMDDesignTools/2026.1/Vitis/tps/tcl/tcllib2.0/javascript/pkgIndex.tcl 
Execute         source C:/AMDDesignTools/2026.1/Vitis/tps/tcl/tcllib2.0/jpeg/pkgIndex.tcl 
Execute         source C:/AMDDesignTools/2026.1/Vitis/tps/tcl/tcllib2.0/json/pkgIndex.tcl 
Execute         source C:/AMDDesignTools/2026.1/Vitis/tps/tcl/tcllib2.0/lambda/pkgIndex.tcl 
Execute         source C:/AMDDesignTools/2026.1/Vitis/tps/tcl/tcllib2.0/lazyset/pkgIndex.tcl 
Execute         source C:/AMDDesignTools/2026.1/Vitis/tps/tcl/tcllib2.0/ldap/pkgIndex.tcl 
Execute         source C:/AMDDesignTools/2026.1/Vitis/tps/tcl/tcllib2.0/log/pkgIndex.tcl 
Execute         source C:/AMDDesignTools/2026.1/Vitis/tps/tcl/tcllib2.0/map/pkgIndex.tcl 
Execute         source C:/AMDDesignTools/2026.1/Vitis/tps/tcl/tcllib2.0/mapproj/pkgIndex.tcl 
Execute         source C:/AMDDesignTools/2026.1/Vitis/tps/tcl/tcllib2.0/markdown/pkgIndex.tcl 
Execute         source C:/AMDDesignTools/2026.1/Vitis/tps/tcl/tcllib2.0/math/pkgIndex.tcl 
Execute         source C:/AMDDesignTools/2026.1/Vitis/tps/tcl/tcllib2.0/md4/pkgIndex.tcl 
Execute         source C:/AMDDesignTools/2026.1/Vitis/tps/tcl/tcllib2.0/md5/pkgIndex.tcl 
Execute         source C:/AMDDesignTools/2026.1/Vitis/tps/tcl/tcllib2.0/md5crypt/pkgIndex.tcl 
Execute         source C:/AMDDesignTools/2026.1/Vitis/tps/tcl/tcllib2.0/mime/pkgIndex.tcl 
Execute         source C:/AMDDesignTools/2026.1/Vitis/tps/tcl/tcllib2.0/mkdoc/pkgIndex.tcl 
Execute         source C:/AMDDesignTools/2026.1/Vitis/tps/tcl/tcllib2.0/multiplexer/pkgIndex.tcl 
Execute         source C:/AMDDesignTools/2026.1/Vitis/tps/tcl/tcllib2.0/namespacex/pkgIndex.tcl 
Execute         source C:/AMDDesignTools/2026.1/Vitis/tps/tcl/tcllib2.0/ncgi/pkgIndex.tcl 
Execute         source C:/AMDDesignTools/2026.1/Vitis/tps/tcl/tcllib2.0/nettool/pkgIndex.tcl 
Execute         source C:/AMDDesignTools/2026.1/Vitis/tps/tcl/tcllib2.0/nmea/pkgIndex.tcl 
Execute         source C:/AMDDesignTools/2026.1/Vitis/tps/tcl/tcllib2.0/nns/pkgIndex.tcl 
Execute         source C:/AMDDesignTools/2026.1/Vitis/tps/tcl/tcllib2.0/nntp/pkgIndex.tcl 
Execute         source C:/AMDDesignTools/2026.1/Vitis/tps/tcl/tcllib2.0/ntp/pkgIndex.tcl 
Execute         source C:/AMDDesignTools/2026.1/Vitis/tps/tcl/tcllib2.0/oauth/pkgIndex.tcl 
Execute         source C:/AMDDesignTools/2026.1/Vitis/tps/tcl/tcllib2.0/oodialect/pkgIndex.tcl 
Execute         source C:/AMDDesignTools/2026.1/Vitis/tps/tcl/tcllib2.0/oometa/pkgIndex.tcl 
Execute         source C:/AMDDesignTools/2026.1/Vitis/tps/tcl/tcllib2.0/ooutil/pkgIndex.tcl 
Execute         source C:/AMDDesignTools/2026.1/Vitis/tps/tcl/tcllib2.0/otp/pkgIndex.tcl 
Execute         source C:/AMDDesignTools/2026.1/Vitis/tps/tcl/tcllib2.0/page/pkgIndex.tcl 
Execute         source C:/AMDDesignTools/2026.1/Vitis/tps/tcl/tcllib2.0/pluginmgr/pkgIndex.tcl 
Execute         source C:/AMDDesignTools/2026.1/Vitis/tps/tcl/tcllib2.0/png/pkgIndex.tcl 
Execute         source C:/AMDDesignTools/2026.1/Vitis/tps/tcl/tcllib2.0/pop3/pkgIndex.tcl 
Execute         source C:/AMDDesignTools/2026.1/Vitis/tps/tcl/tcllib2.0/pop3d/pkgIndex.tcl 
Execute         source C:/AMDDesignTools/2026.1/Vitis/tps/tcl/tcllib2.0/practcl/pkgIndex.tcl 
Execute         source C:/AMDDesignTools/2026.1/Vitis/tps/tcl/tcllib2.0/processman/pkgIndex.tcl 
Execute         source C:/AMDDesignTools/2026.1/Vitis/tps/tcl/tcllib2.0/profiler/pkgIndex.tcl 
Execute         source C:/AMDDesignTools/2026.1/Vitis/tps/tcl/tcllib2.0/pt/pkgIndex.tcl 
Execute         source C:/AMDDesignTools/2026.1/Vitis/tps/tcl/tcllib2.0/rcs/pkgIndex.tcl 
Execute         source C:/AMDDesignTools/2026.1/Vitis/tps/tcl/tcllib2.0/report/pkgIndex.tcl 
Execute         source C:/AMDDesignTools/2026.1/Vitis/tps/tcl/tcllib2.0/rest/pkgIndex.tcl 
Execute         source C:/AMDDesignTools/2026.1/Vitis/tps/tcl/tcllib2.0/ripemd/pkgIndex.tcl 
Execute         source C:/AMDDesignTools/2026.1/Vitis/tps/tcl/tcllib2.0/sasl/pkgIndex.tcl 
Execute         source C:/AMDDesignTools/2026.1/Vitis/tps/tcl/tcllib2.0/sha1/pkgIndex.tcl 
Execute         source C:/AMDDesignTools/2026.1/Vitis/tps/tcl/tcllib2.0/simulation/pkgIndex.tcl 
Execute         source C:/AMDDesignTools/2026.1/Vitis/tps/tcl/tcllib2.0/smtpd/pkgIndex.tcl 
Execute         source C:/AMDDesignTools/2026.1/Vitis/tps/tcl/tcllib2.0/snit/pkgIndex.tcl 
Execute         source C:/AMDDesignTools/2026.1/Vitis/tps/tcl/tcllib2.0/soundex/pkgIndex.tcl 
Execute         source C:/AMDDesignTools/2026.1/Vitis/tps/tcl/tcllib2.0/stooop/pkgIndex.tcl 
Execute         source C:/AMDDesignTools/2026.1/Vitis/tps/tcl/tcllib2.0/string/pkgIndex.tcl 
Execute         source C:/AMDDesignTools/2026.1/Vitis/tps/tcl/tcllib2.0/stringprep/pkgIndex.tcl 
Execute         source C:/AMDDesignTools/2026.1/Vitis/tps/tcl/tcllib2.0/struct/pkgIndex.tcl 
Execute         source C:/AMDDesignTools/2026.1/Vitis/tps/tcl/tcllib2.0/tar/pkgIndex.tcl 
Execute         source C:/AMDDesignTools/2026.1/Vitis/tps/tcl/tcllib2.0/tepam/pkgIndex.tcl 
Execute         source C:/AMDDesignTools/2026.1/Vitis/tps/tcl/tcllib2.0/term/pkgIndex.tcl 
Execute         source C:/AMDDesignTools/2026.1/Vitis/tps/tcl/tcllib2.0/textutil/pkgIndex.tcl 
Execute         source C:/AMDDesignTools/2026.1/Vitis/tps/tcl/tcllib2.0/tie/pkgIndex.tcl 
Execute         source C:/AMDDesignTools/2026.1/Vitis/tps/tcl/tcllib2.0/tiff/pkgIndex.tcl 
Execute         source C:/AMDDesignTools/2026.1/Vitis/tps/tcl/tcllib2.0/tool/pkgIndex.tcl 
Execute         source C:/AMDDesignTools/2026.1/Vitis/tps/tcl/tcllib2.0/transfer/pkgIndex.tcl 
Execute         source C:/AMDDesignTools/2026.1/Vitis/tps/tcl/tcllib2.0/treeql/pkgIndex.tcl 
Execute         source C:/AMDDesignTools/2026.1/Vitis/tps/tcl/tcllib2.0/try/pkgIndex.tcl 
Execute         source C:/AMDDesignTools/2026.1/Vitis/tps/tcl/tcllib2.0/udpcluster/pkgIndex.tcl 
Execute         source C:/AMDDesignTools/2026.1/Vitis/tps/tcl/tcllib2.0/uev/pkgIndex.tcl 
Execute         source C:/AMDDesignTools/2026.1/Vitis/tps/tcl/tcllib2.0/units/pkgIndex.tcl 
Execute         source C:/AMDDesignTools/2026.1/Vitis/tps/tcl/tcllib2.0/uri/pkgIndex.tcl 
Execute         source C:/AMDDesignTools/2026.1/Vitis/tps/tcl/tcllib2.0/uuid/pkgIndex.tcl 
Execute         source C:/AMDDesignTools/2026.1/Vitis/tps/tcl/tcllib2.0/valtype/pkgIndex.tcl 
Execute         source C:/AMDDesignTools/2026.1/Vitis/tps/tcl/tcllib2.0/virtchannel_base/pkgIndex.tcl 
Execute         source C:/AMDDesignTools/2026.1/Vitis/tps/tcl/tcllib2.0/virtchannel_core/pkgIndex.tcl 
Execute         source C:/AMDDesignTools/2026.1/Vitis/tps/tcl/tcllib2.0/virtchannel_transform/pkgIndex.tcl 
Execute         source C:/AMDDesignTools/2026.1/Vitis/tps/tcl/tcllib2.0/websocket/pkgIndex.tcl 
Execute         source C:/AMDDesignTools/2026.1/Vitis/tps/tcl/tcllib2.0/wip/pkgIndex.tcl 
Execute         source C:/AMDDesignTools/2026.1/Vitis/tps/tcl/tcllib2.0/yaml/pkgIndex.tcl 
Execute         source C:/AMDDesignTools/2026.1/Vitis/tps/tcl/tcllib2.0/zip/pkgIndex.tcl 
Execute         source C:/AMDDesignTools/2026.1/Vitis/tps/tcl/tcllib2.0/pkgIndex.tcl 
Execute           source C:/AMDDesignTools/2026.1/Vitis/tps/tcl/tcllib2.0/0compatibility/pkgIndex.tcl 
Execute           source C:/AMDDesignTools/2026.1/Vitis/tps/tcl/tcllib2.0/amazon-s3/pkgIndex.tcl 
Execute           source C:/AMDDesignTools/2026.1/Vitis/tps/tcl/tcllib2.0/asn/pkgIndex.tcl 
Execute           source C:/AMDDesignTools/2026.1/Vitis/tps/tcl/tcllib2.0/base32/pkgIndex.tcl 
Execute           source C:/AMDDesignTools/2026.1/Vitis/tps/tcl/tcllib2.0/base64/pkgIndex.tcl 
Execute           source C:/AMDDesignTools/2026.1/Vitis/tps/tcl/tcllib2.0/bee/pkgIndex.tcl 
Execute           source C:/AMDDesignTools/2026.1/Vitis/tps/tcl/tcllib2.0/bench/pkgIndex.tcl 
Execute           source C:/AMDDesignTools/2026.1/Vitis/tps/tcl/tcllib2.0/bibtex/pkgIndex.tcl 
Execute           source C:/AMDDesignTools/2026.1/Vitis/tps/tcl/tcllib2.0/cache/pkgIndex.tcl 
Execute           source C:/AMDDesignTools/2026.1/Vitis/tps/tcl/tcllib2.0/clay/pkgIndex.tcl 
Execute           source C:/AMDDesignTools/2026.1/Vitis/tps/tcl/tcllib2.0/clock/pkgIndex.tcl 
Execute           source C:/AMDDesignTools/2026.1/Vitis/tps/tcl/tcllib2.0/cmdline/pkgIndex.tcl 
Execute           source C:/AMDDesignTools/2026.1/Vitis/tps/tcl/tcllib2.0/comm/pkgIndex.tcl 
Execute           source C:/AMDDesignTools/2026.1/Vitis/tps/tcl/tcllib2.0/control/pkgIndex.tcl 
Execute           source C:/AMDDesignTools/2026.1/Vitis/tps/tcl/tcllib2.0/coroutine/pkgIndex.tcl 
Execute           source C:/AMDDesignTools/2026.1/Vitis/tps/tcl/tcllib2.0/counter/pkgIndex.tcl 
Execute           source C:/AMDDesignTools/2026.1/Vitis/tps/tcl/tcllib2.0/crc/pkgIndex.tcl 
Execute           source C:/AMDDesignTools/2026.1/Vitis/tps/tcl/tcllib2.0/cron/pkgIndex.tcl 
Execute           source C:/AMDDesignTools/2026.1/Vitis/tps/tcl/tcllib2.0/csv/pkgIndex.tcl 
Execute           source C:/AMDDesignTools/2026.1/Vitis/tps/tcl/tcllib2.0/debug/pkgIndex.tcl 
Execute           source C:/AMDDesignTools/2026.1/Vitis/tps/tcl/tcllib2.0/defer/pkgIndex.tcl 
Execute           source C:/AMDDesignTools/2026.1/Vitis/tps/tcl/tcllib2.0/dicttool/pkgIndex.tcl 
Execute           source C:/AMDDesignTools/2026.1/Vitis/tps/tcl/tcllib2.0/dns/pkgIndex.tcl 
Execute           source C:/AMDDesignTools/2026.1/Vitis/tps/tcl/tcllib2.0/docstrip/pkgIndex.tcl 
Execute           source C:/AMDDesignTools/2026.1/Vitis/tps/tcl/tcllib2.0/doctools/pkgIndex.tcl 
Execute           source C:/AMDDesignTools/2026.1/Vitis/tps/tcl/tcllib2.0/doctools2base/pkgIndex.tcl 
Execute           source C:/AMDDesignTools/2026.1/Vitis/tps/tcl/tcllib2.0/doctools2idx/pkgIndex.tcl 
Execute           source C:/AMDDesignTools/2026.1/Vitis/tps/tcl/tcllib2.0/doctools2toc/pkgIndex.tcl 
Execute           source C:/AMDDesignTools/2026.1/Vitis/tps/tcl/tcllib2.0/dtplite/pkgIndex.tcl 
Execute           source C:/AMDDesignTools/2026.1/Vitis/tps/tcl/tcllib2.0/fileutil/pkgIndex.tcl 
Execute           source C:/AMDDesignTools/2026.1/Vitis/tps/tcl/tcllib2.0/ftp/pkgIndex.tcl 
Execute           source C:/AMDDesignTools/2026.1/Vitis/tps/tcl/tcllib2.0/ftpd/pkgIndex.tcl 
Execute           source C:/AMDDesignTools/2026.1/Vitis/tps/tcl/tcllib2.0/fumagic/pkgIndex.tcl 
Execute           source C:/AMDDesignTools/2026.1/Vitis/tps/tcl/tcllib2.0/generator/pkgIndex.tcl 
Execute           source C:/AMDDesignTools/2026.1/Vitis/tps/tcl/tcllib2.0/gpx/pkgIndex.tcl 
Execute           source C:/AMDDesignTools/2026.1/Vitis/tps/tcl/tcllib2.0/grammar_aycock/pkgIndex.tcl 
Execute           source C:/AMDDesignTools/2026.1/Vitis/tps/tcl/tcllib2.0/grammar_fa/pkgIndex.tcl 
Execute           source C:/AMDDesignTools/2026.1/Vitis/tps/tcl/tcllib2.0/grammar_me/pkgIndex.tcl 
Execute           source C:/AMDDesignTools/2026.1/Vitis/tps/tcl/tcllib2.0/grammar_peg/pkgIndex.tcl 
Execute           source C:/AMDDesignTools/2026.1/Vitis/tps/tcl/tcllib2.0/hook/pkgIndex.tcl 
Execute           source C:/AMDDesignTools/2026.1/Vitis/tps/tcl/tcllib2.0/html/pkgIndex.tcl 
Execute           source C:/AMDDesignTools/2026.1/Vitis/tps/tcl/tcllib2.0/htmlparse/pkgIndex.tcl 
Execute           source C:/AMDDesignTools/2026.1/Vitis/tps/tcl/tcllib2.0/http/pkgIndex.tcl 
Execute           source C:/AMDDesignTools/2026.1/Vitis/tps/tcl/tcllib2.0/httpd/pkgIndex.tcl 
Execute           source C:/AMDDesignTools/2026.1/Vitis/tps/tcl/tcllib2.0/httpwget/pkgIndex.tcl 
Execute           source C:/AMDDesignTools/2026.1/Vitis/tps/tcl/tcllib2.0/ident/pkgIndex.tcl 
Execute           source C:/AMDDesignTools/2026.1/Vitis/tps/tcl/tcllib2.0/imap4/pkgIndex.tcl 
Execute           source C:/AMDDesignTools/2026.1/Vitis/tps/tcl/tcllib2.0/inifile/pkgIndex.tcl 
Execute           source C:/AMDDesignTools/2026.1/Vitis/tps/tcl/tcllib2.0/interp/pkgIndex.tcl 
Execute           source C:/AMDDesignTools/2026.1/Vitis/tps/tcl/tcllib2.0/irc/pkgIndex.tcl 
Execute           source C:/AMDDesignTools/2026.1/Vitis/tps/tcl/tcllib2.0/javascript/pkgIndex.tcl 
Execute           source C:/AMDDesignTools/2026.1/Vitis/tps/tcl/tcllib2.0/jpeg/pkgIndex.tcl 
Execute           source C:/AMDDesignTools/2026.1/Vitis/tps/tcl/tcllib2.0/json/pkgIndex.tcl 
Execute           source C:/AMDDesignTools/2026.1/Vitis/tps/tcl/tcllib2.0/lambda/pkgIndex.tcl 
Execute           source C:/AMDDesignTools/2026.1/Vitis/tps/tcl/tcllib2.0/lazyset/pkgIndex.tcl 
Execute           source C:/AMDDesignTools/2026.1/Vitis/tps/tcl/tcllib2.0/ldap/pkgIndex.tcl 
Execute           source C:/AMDDesignTools/2026.1/Vitis/tps/tcl/tcllib2.0/log/pkgIndex.tcl 
Execute           source C:/AMDDesignTools/2026.1/Vitis/tps/tcl/tcllib2.0/map/pkgIndex.tcl 
Execute           source C:/AMDDesignTools/2026.1/Vitis/tps/tcl/tcllib2.0/mapproj/pkgIndex.tcl 
Execute           source C:/AMDDesignTools/2026.1/Vitis/tps/tcl/tcllib2.0/markdown/pkgIndex.tcl 
Execute           source C:/AMDDesignTools/2026.1/Vitis/tps/tcl/tcllib2.0/math/pkgIndex.tcl 
Execute           source C:/AMDDesignTools/2026.1/Vitis/tps/tcl/tcllib2.0/md4/pkgIndex.tcl 
Execute           source C:/AMDDesignTools/2026.1/Vitis/tps/tcl/tcllib2.0/md5/pkgIndex.tcl 
Execute           source C:/AMDDesignTools/2026.1/Vitis/tps/tcl/tcllib2.0/md5crypt/pkgIndex.tcl 
Execute           source C:/AMDDesignTools/2026.1/Vitis/tps/tcl/tcllib2.0/mime/pkgIndex.tcl 
Execute           source C:/AMDDesignTools/2026.1/Vitis/tps/tcl/tcllib2.0/mkdoc/pkgIndex.tcl 
Execute           source C:/AMDDesignTools/2026.1/Vitis/tps/tcl/tcllib2.0/multiplexer/pkgIndex.tcl 
Execute           source C:/AMDDesignTools/2026.1/Vitis/tps/tcl/tcllib2.0/namespacex/pkgIndex.tcl 
Execute           source C:/AMDDesignTools/2026.1/Vitis/tps/tcl/tcllib2.0/ncgi/pkgIndex.tcl 
Execute           source C:/AMDDesignTools/2026.1/Vitis/tps/tcl/tcllib2.0/nettool/pkgIndex.tcl 
Execute           source C:/AMDDesignTools/2026.1/Vitis/tps/tcl/tcllib2.0/nmea/pkgIndex.tcl 
Execute           source C:/AMDDesignTools/2026.1/Vitis/tps/tcl/tcllib2.0/nns/pkgIndex.tcl 
Execute           source C:/AMDDesignTools/2026.1/Vitis/tps/tcl/tcllib2.0/nntp/pkgIndex.tcl 
Execute           source C:/AMDDesignTools/2026.1/Vitis/tps/tcl/tcllib2.0/ntp/pkgIndex.tcl 
Execute           source C:/AMDDesignTools/2026.1/Vitis/tps/tcl/tcllib2.0/oauth/pkgIndex.tcl 
Execute           source C:/AMDDesignTools/2026.1/Vitis/tps/tcl/tcllib2.0/oodialect/pkgIndex.tcl 
Execute           source C:/AMDDesignTools/2026.1/Vitis/tps/tcl/tcllib2.0/oometa/pkgIndex.tcl 
Execute           source C:/AMDDesignTools/2026.1/Vitis/tps/tcl/tcllib2.0/ooutil/pkgIndex.tcl 
Execute           source C:/AMDDesignTools/2026.1/Vitis/tps/tcl/tcllib2.0/otp/pkgIndex.tcl 
Execute           source C:/AMDDesignTools/2026.1/Vitis/tps/tcl/tcllib2.0/page/pkgIndex.tcl 
Execute           source C:/AMDDesignTools/2026.1/Vitis/tps/tcl/tcllib2.0/pluginmgr/pkgIndex.tcl 
Execute           source C:/AMDDesignTools/2026.1/Vitis/tps/tcl/tcllib2.0/png/pkgIndex.tcl 
Execute           source C:/AMDDesignTools/2026.1/Vitis/tps/tcl/tcllib2.0/pop3/pkgIndex.tcl 
Execute           source C:/AMDDesignTools/2026.1/Vitis/tps/tcl/tcllib2.0/pop3d/pkgIndex.tcl 
Execute           source C:/AMDDesignTools/2026.1/Vitis/tps/tcl/tcllib2.0/practcl/pkgIndex.tcl 
Execute           source C:/AMDDesignTools/2026.1/Vitis/tps/tcl/tcllib2.0/processman/pkgIndex.tcl 
Execute           source C:/AMDDesignTools/2026.1/Vitis/tps/tcl/tcllib2.0/profiler/pkgIndex.tcl 
Execute           source C:/AMDDesignTools/2026.1/Vitis/tps/tcl/tcllib2.0/pt/pkgIndex.tcl 
Execute           source C:/AMDDesignTools/2026.1/Vitis/tps/tcl/tcllib2.0/rcs/pkgIndex.tcl 
Execute           source C:/AMDDesignTools/2026.1/Vitis/tps/tcl/tcllib2.0/report/pkgIndex.tcl 
Execute           source C:/AMDDesignTools/2026.1/Vitis/tps/tcl/tcllib2.0/rest/pkgIndex.tcl 
Execute           source C:/AMDDesignTools/2026.1/Vitis/tps/tcl/tcllib2.0/ripemd/pkgIndex.tcl 
Execute           source C:/AMDDesignTools/2026.1/Vitis/tps/tcl/tcllib2.0/sasl/pkgIndex.tcl 
Execute           source C:/AMDDesignTools/2026.1/Vitis/tps/tcl/tcllib2.0/sha1/pkgIndex.tcl 
Execute           source C:/AMDDesignTools/2026.1/Vitis/tps/tcl/tcllib2.0/simulation/pkgIndex.tcl 
Execute           source C:/AMDDesignTools/2026.1/Vitis/tps/tcl/tcllib2.0/smtpd/pkgIndex.tcl 
Execute           source C:/AMDDesignTools/2026.1/Vitis/tps/tcl/tcllib2.0/snit/pkgIndex.tcl 
Execute           source C:/AMDDesignTools/2026.1/Vitis/tps/tcl/tcllib2.0/soundex/pkgIndex.tcl 
Execute           source C:/AMDDesignTools/2026.1/Vitis/tps/tcl/tcllib2.0/stooop/pkgIndex.tcl 
Execute           source C:/AMDDesignTools/2026.1/Vitis/tps/tcl/tcllib2.0/string/pkgIndex.tcl 
Execute           source C:/AMDDesignTools/2026.1/Vitis/tps/tcl/tcllib2.0/stringprep/pkgIndex.tcl 
Execute           source C:/AMDDesignTools/2026.1/Vitis/tps/tcl/tcllib2.0/struct/pkgIndex.tcl 
Execute           source C:/AMDDesignTools/2026.1/Vitis/tps/tcl/tcllib2.0/tar/pkgIndex.tcl 
Execute           source C:/AMDDesignTools/2026.1/Vitis/tps/tcl/tcllib2.0/tepam/pkgIndex.tcl 
Execute           source C:/AMDDesignTools/2026.1/Vitis/tps/tcl/tcllib2.0/term/pkgIndex.tcl 
Execute           source C:/AMDDesignTools/2026.1/Vitis/tps/tcl/tcllib2.0/textutil/pkgIndex.tcl 
Execute           source C:/AMDDesignTools/2026.1/Vitis/tps/tcl/tcllib2.0/tie/pkgIndex.tcl 
Execute           source C:/AMDDesignTools/2026.1/Vitis/tps/tcl/tcllib2.0/tiff/pkgIndex.tcl 
Execute           source C:/AMDDesignTools/2026.1/Vitis/tps/tcl/tcllib2.0/tool/pkgIndex.tcl 
Execute           source C:/AMDDesignTools/2026.1/Vitis/tps/tcl/tcllib2.0/transfer/pkgIndex.tcl 
Execute           source C:/AMDDesignTools/2026.1/Vitis/tps/tcl/tcllib2.0/treeql/pkgIndex.tcl 
Execute           source C:/AMDDesignTools/2026.1/Vitis/tps/tcl/tcllib2.0/try/pkgIndex.tcl 
Execute           source C:/AMDDesignTools/2026.1/Vitis/tps/tcl/tcllib2.0/udpcluster/pkgIndex.tcl 
Execute           source C:/AMDDesignTools/2026.1/Vitis/tps/tcl/tcllib2.0/uev/pkgIndex.tcl 
Execute           source C:/AMDDesignTools/2026.1/Vitis/tps/tcl/tcllib2.0/units/pkgIndex.tcl 
Execute           source C:/AMDDesignTools/2026.1/Vitis/tps/tcl/tcllib2.0/uri/pkgIndex.tcl 
Execute           source C:/AMDDesignTools/2026.1/Vitis/tps/tcl/tcllib2.0/uuid/pkgIndex.tcl 
Execute           source C:/AMDDesignTools/2026.1/Vitis/tps/tcl/tcllib2.0/valtype/pkgIndex.tcl 
Execute           source C:/AMDDesignTools/2026.1/Vitis/tps/tcl/tcllib2.0/virtchannel_base/pkgIndex.tcl 
Execute           source C:/AMDDesignTools/2026.1/Vitis/tps/tcl/tcllib2.0/virtchannel_core/pkgIndex.tcl 
Execute           source C:/AMDDesignTools/2026.1/Vitis/tps/tcl/tcllib2.0/virtchannel_transform/pkgIndex.tcl 
Execute           source C:/AMDDesignTools/2026.1/Vitis/tps/tcl/tcllib2.0/websocket/pkgIndex.tcl 
Execute           source C:/AMDDesignTools/2026.1/Vitis/tps/tcl/tcllib2.0/wip/pkgIndex.tcl 
Execute           source C:/AMDDesignTools/2026.1/Vitis/tps/tcl/tcllib2.0/yaml/pkgIndex.tcl 
Execute           source C:/AMDDesignTools/2026.1/Vitis/tps/tcl/tcllib2.0/zip/pkgIndex.tcl 
Command         ap_source done; 0.236 sec.
Execute         source C:/AMDDesignTools/2026.1/Vitis/tps/tcl/tdom/pkgIndex.tcl 
Execute         source C:/AMDDesignTools/2026.1/Vitis/tps/tcl/tk8.6/pkgIndex.tcl 
Execute         source C:/AMDDesignTools/2026.1/Vitis/tps/tcl/tcl8.6/opt0.4/pkgIndex.tcl 
Execute         source C:/AMDDesignTools/2026.1/Vitis/tps/tcl/tcl8.6/pkgs/win/thread2.8.7/pkgIndex.tcl 
Command       ap_source done; 1.101 sec.
INFO-FLOW: Workspace C:/Users/mohin/Vitis/hls_component/hls_component/hls opened at Wed Aug 19 21:16:27 +1000 2026
Execute       send_msg_by_id INFO @200-2174@%s%s component test.cfg 
INFO: [HLS 200-2174] Applying component config ini file test.cfg
Execute       apply_ini test.cfg 
Execute         send_msg_by_id INFO @200-1465@%s 'syn.file=drhe_compress.cpp' from test.cfg(5) 
INFO: [HLS 200-1465] Applying config ini 'syn.file=drhe_compress.cpp' from test.cfg(5)
Execute         add_files C:/Users/mohin/Vitis/hls_component/drhe_compress.cpp 
INFO: [HLS 200-10] Adding design file 'C:/Users/mohin/Vitis/hls_component/drhe_compress.cpp' to the project
Execute         send_msg_by_id INFO @200-1465@%s 'syn.file=drhe_decompress.cpp' from test.cfg(6) 
INFO: [HLS 200-1465] Applying config ini 'syn.file=drhe_decompress.cpp' from test.cfg(6)
Execute         add_files C:/Users/mohin/Vitis/hls_component/drhe_decompress.cpp 
INFO: [HLS 200-10] Adding design file 'C:/Users/mohin/Vitis/hls_component/drhe_decompress.cpp' to the project
Execute         send_msg_by_id INFO @200-1465@%s 'syn.file=drhe.cpp' from test.cfg(7) 
INFO: [HLS 200-1465] Applying config ini 'syn.file=drhe.cpp' from test.cfg(7)
Execute         add_files C:/Users/mohin/Vitis/hls_component/drhe.cpp 
INFO: [HLS 200-10] Adding design file 'C:/Users/mohin/Vitis/hls_component/drhe.cpp' to the project
Execute         send_msg_by_id INFO @200-1465@%s 'tb.file=drhe_tb.cpp' from test.cfg(8) 
INFO: [HLS 200-1465] Applying config ini 'tb.file=drhe_tb.cpp' from test.cfg(8)
Execute         add_files -tb C:/Users/mohin/Vitis/hls_component/drhe_tb.cpp 
INFO: [HLS 200-10] Adding test bench file 'C:/Users/mohin/Vitis/hls_component/drhe_tb.cpp' to the project
Execute         send_msg_by_id INFO @200-1465@%s 'tb.file=coloradar_frame0_rangefft.bin' from test.cfg(9) 
INFO: [HLS 200-1465] Applying config ini 'tb.file=coloradar_frame0_rangefft.bin' from test.cfg(9)
Execute         add_files -tb C:/Users/mohin/Vitis/hls_component/coloradar_frame0_rangefft.bin 
INFO: [HLS 200-10] Adding test bench file 'C:/Users/mohin/Vitis/hls_component/coloradar_frame0_rangefft.bin' to the project
Execute         send_msg_by_id INFO @200-1465@%s 'part=xcku5p-ffvb676-2-e' from test.cfg(1) 
INFO: [HLS 200-1465] Applying config ini 'part=xcku5p-ffvb676-2-e' from test.cfg(1)
Execute         set_part xcku5p-ffvb676-2-e 
Execute           create_platform xcku5p-ffvb676-2-e -board  
DBG:HLSDevice: Trying to load device library: C:/AMDDesignTools/2026.1/Vitis\lib\win64.o\xv_hlsvwrap.dll
DBG:HLSDevice: first parts/arch.xml in RDI_DATADIR: C:/AMDDesignTools/2026.1/Vitis/data/parts/arch.xml
DBG:HLSDevice: init success
INFO: [HLS 200-1611] Setting target device to 'xcku5p-ffvb676-2-e'
Command           create_platform done; 2.394 sec.
Execute           source C:/AMDDesignTools/2026.1/Vitis/common/technology/xilinx/common/xilinx.gen 
Execute             source C:/AMDDesignTools/2026.1/Vitis/common/technology/xilinx/interface/plb46.gen 
Execute             source C:/AMDDesignTools/2026.1/Vitis/common/technology/xilinx/interface/axi4.gen 
Execute             source C:/AMDDesignTools/2026.1/Vitis/common/technology/xilinx/interface/nativeAXI4.gen 
Execute               source C:/AMDDesignTools/2026.1/Vitis/common/technology/xilinx/interface/saxilite.gen 
Execute             source C:/AMDDesignTools/2026.1/Vitis/common/technology/xilinx/scripts/xilinxcoregen.gen 
Execute             source C:/AMDDesignTools/2026.1/Vitis/common/technology/xilinx/interface/XilEDKCoreGen.gen 
Execute             source C:/AMDDesignTools/2026.1/Vitis/common/technology/xilinx/ip/dds_compiler.gen 
Execute             source C:/AMDDesignTools/2026.1/Vitis/common/technology/xilinx/ip/util.gen 
Execute             source C:/AMDDesignTools/2026.1/Vitis/common/technology/xilinx/ip/xfft.gen 
Command             ap_source done; 0.115 sec.
Execute             source C:/AMDDesignTools/2026.1/Vitis/common/technology/xilinx/ip/xfir.gen 
Execute             source C:/AMDDesignTools/2026.1/Vitis/common/technology/xilinx/DSP48/dsp48.gen 
Command           ap_source done; 0.366 sec.
Execute           ap_part_info -name xcku5p-ffvb676-2-e -data info 
Execute           config_compile -quiet -complex-mul-dsp=0 
Command         set_part done; 2.807 sec.
Execute         send_msg_by_id INFO @200-1465@%s 'clock=100MHz' from test.cfg(4) 
INFO: [HLS 200-1465] Applying config ini 'clock=100MHz' from test.cfg(4)
Execute         create_clock -period 100mhz 
Execute           ap_set_clock -name default -period 10 -unit ns -default=false 
INFO: [SYN 201-201] Setting up clock 'default' with a period of 10ns.
Execute         send_msg_by_id INFO @200-1465@%s 'package.output.format=ip_catalog' from test.cfg(11) 
INFO: [HLS 200-1465] Applying config ini 'package.output.format=ip_catalog' from test.cfg(11)
Execute         config_export -format=ip_catalog 
Command       apply_ini done; 2.929 sec.
Execute       write_component -config C:/Users/mohin/Vitis/hls_component/test.cfg 
Execute         send_msg_by_id INFO @200-2176@%s C:/Users/mohin/Vitis/hls_component/hls_component/vitis-comp.json 
INFO: [HLS 200-2176] Writing Vitis IDE component file C:/Users/mohin/Vitis/hls_component/hls_component/vitis-comp.json
Command     open_solution done; 4.176 sec.
Command   open_component done; 4.188 sec.
Execute   apply_ini C:/Users/mohin/Vitis/hls_component/hls_component/hls/config.cmdline -iscmdline 
Execute   ::AP::init_summary_file csim 
Execute     AP::app_get_file_relativeroot [AP::app_get_root] {}
Execute   csim_design 
INFO: [SIM 211-2] *************** CSIM start ***************
Execute     send_msg_by_id INFO @200-2191@%s%s C-Simulation clang-16 
INFO: [HLS 200-2191] C-Simulation will use clang-16 as the compiler
Execute     source csim/.lst_opt.tcl 
Execute     send_msg_by_id INFO @200-2036@%s debug 
INFO: [HLS 200-2036] Building debug C Simulation binaries
Execute     ap_part_info -name xcku5p-ffvb676-2-e -data info 
Execute     source run_sim.tcl 
Command     ap_source done; 2.916 sec.
INFO: [SIM 211-1] CSim done with 0 errors.
INFO: [SIM 211-3] *************** CSIM finish ***************
Command   csim_design done; 4.989 sec.
Execute   close_project 
Execute     close_solution 
Execute       cleanup_all 
Execute       cleanup_all 
Execute       source -notrace -encoding utf-8 C:/AMDDesignTools/2026.1/Vitis/tps/tcl/tcl8.6/clock.tcl 
Execute         source -encoding utf-8 C:/AMDDesignTools/2026.1/Vitis/tps/tcl/tcl8/8.5/msgcat-1.6.1.tm 
Execute           source C:/AMDDesignTools/2026.1/Vitis/tps/tcl/tcllib2.0/0compatibility/pkgIndex.tcl 
Execute           source C:/AMDDesignTools/2026.1/Vitis/tps/tcl/tcllib2.0/amazon-s3/pkgIndex.tcl 
Execute           source C:/AMDDesignTools/2026.1/Vitis/tps/tcl/tcllib2.0/asn/pkgIndex.tcl 
Execute           source C:/AMDDesignTools/2026.1/Vitis/tps/tcl/tcllib2.0/base32/pkgIndex.tcl 
Execute           source C:/AMDDesignTools/2026.1/Vitis/tps/tcl/tcllib2.0/base64/pkgIndex.tcl 
Execute           source C:/AMDDesignTools/2026.1/Vitis/tps/tcl/tcllib2.0/bee/pkgIndex.tcl 
Execute           source C:/AMDDesignTools/2026.1/Vitis/tps/tcl/tcllib2.0/bench/pkgIndex.tcl 
Execute           source C:/AMDDesignTools/2026.1/Vitis/tps/tcl/tcllib2.0/bibtex/pkgIndex.tcl 
Execute           source C:/AMDDesignTools/2026.1/Vitis/tps/tcl/tcllib2.0/cache/pkgIndex.tcl 
Execute           source C:/AMDDesignTools/2026.1/Vitis/tps/tcl/tcllib2.0/clay/pkgIndex.tcl 
Execute           source C:/AMDDesignTools/2026.1/Vitis/tps/tcl/tcllib2.0/clock/pkgIndex.tcl 
Execute           source C:/AMDDesignTools/2026.1/Vitis/tps/tcl/tcllib2.0/cmdline/pkgIndex.tcl 
Execute           source C:/AMDDesignTools/2026.1/Vitis/tps/tcl/tcllib2.0/comm/pkgIndex.tcl 
Execute           source C:/AMDDesignTools/2026.1/Vitis/tps/tcl/tcllib2.0/control/pkgIndex.tcl 
Execute           source C:/AMDDesignTools/2026.1/Vitis/tps/tcl/tcllib2.0/coroutine/pkgIndex.tcl 
Execute           source C:/AMDDesignTools/2026.1/Vitis/tps/tcl/tcllib2.0/counter/pkgIndex.tcl 
Execute           source C:/AMDDesignTools/2026.1/Vitis/tps/tcl/tcllib2.0/crc/pkgIndex.tcl 
Execute           source C:/AMDDesignTools/2026.1/Vitis/tps/tcl/tcllib2.0/cron/pkgIndex.tcl 
Execute           source C:/AMDDesignTools/2026.1/Vitis/tps/tcl/tcllib2.0/csv/pkgIndex.tcl 
Execute           source C:/AMDDesignTools/2026.1/Vitis/tps/tcl/tcllib2.0/debug/pkgIndex.tcl 
Execute           source C:/AMDDesignTools/2026.1/Vitis/tps/tcl/tcllib2.0/defer/pkgIndex.tcl 
Execute           source C:/AMDDesignTools/2026.1/Vitis/tps/tcl/tcllib2.0/dicttool/pkgIndex.tcl 
Execute           source C:/AMDDesignTools/2026.1/Vitis/tps/tcl/tcllib2.0/dns/pkgIndex.tcl 
Execute           source C:/AMDDesignTools/2026.1/Vitis/tps/tcl/tcllib2.0/docstrip/pkgIndex.tcl 
Execute           source C:/AMDDesignTools/2026.1/Vitis/tps/tcl/tcllib2.0/doctools/pkgIndex.tcl 
Execute           source C:/AMDDesignTools/2026.1/Vitis/tps/tcl/tcllib2.0/doctools2base/pkgIndex.tcl 
Execute           source C:/AMDDesignTools/2026.1/Vitis/tps/tcl/tcllib2.0/doctools2idx/pkgIndex.tcl 
Execute           source C:/AMDDesignTools/2026.1/Vitis/tps/tcl/tcllib2.0/doctools2toc/pkgIndex.tcl 
Execute           source C:/AMDDesignTools/2026.1/Vitis/tps/tcl/tcllib2.0/dtplite/pkgIndex.tcl 
Execute           source C:/AMDDesignTools/2026.1/Vitis/tps/tcl/tcllib2.0/fileutil/pkgIndex.tcl 
Execute           source C:/AMDDesignTools/2026.1/Vitis/tps/tcl/tcllib2.0/ftp/pkgIndex.tcl 
Execute           source C:/AMDDesignTools/2026.1/Vitis/tps/tcl/tcllib2.0/ftpd/pkgIndex.tcl 
Execute           source C:/AMDDesignTools/2026.1/Vitis/tps/tcl/tcllib2.0/fumagic/pkgIndex.tcl 
Execute           source C:/AMDDesignTools/2026.1/Vitis/tps/tcl/tcllib2.0/generator/pkgIndex.tcl 
Execute           source C:/AMDDesignTools/2026.1/Vitis/tps/tcl/tcllib2.0/gpx/pkgIndex.tcl 
Execute           source C:/AMDDesignTools/2026.1/Vitis/tps/tcl/tcllib2.0/grammar_aycock/pkgIndex.tcl 
Execute           source C:/AMDDesignTools/2026.1/Vitis/tps/tcl/tcllib2.0/grammar_fa/pkgIndex.tcl 
Execute           source C:/AMDDesignTools/2026.1/Vitis/tps/tcl/tcllib2.0/grammar_me/pkgIndex.tcl 
Execute           source C:/AMDDesignTools/2026.1/Vitis/tps/tcl/tcllib2.0/grammar_peg/pkgIndex.tcl 
Execute           source C:/AMDDesignTools/2026.1/Vitis/tps/tcl/tcllib2.0/hook/pkgIndex.tcl 
Execute           source C:/AMDDesignTools/2026.1/Vitis/tps/tcl/tcllib2.0/html/pkgIndex.tcl 
Execute           source C:/AMDDesignTools/2026.1/Vitis/tps/tcl/tcllib2.0/htmlparse/pkgIndex.tcl 
Execute           source C:/AMDDesignTools/2026.1/Vitis/tps/tcl/tcllib2.0/http/pkgIndex.tcl 
Execute           source C:/AMDDesignTools/2026.1/Vitis/tps/tcl/tcllib2.0/httpd/pkgIndex.tcl 
Execute           source C:/AMDDesignTools/2026.1/Vitis/tps/tcl/tcllib2.0/httpwget/pkgIndex.tcl 
Execute           source C:/AMDDesignTools/2026.1/Vitis/tps/tcl/tcllib2.0/ident/pkgIndex.tcl 
Execute           source C:/AMDDesignTools/2026.1/Vitis/tps/tcl/tcllib2.0/imap4/pkgIndex.tcl 
Execute           source C:/AMDDesignTools/2026.1/Vitis/tps/tcl/tcllib2.0/inifile/pkgIndex.tcl 
Execute           source C:/AMDDesignTools/2026.1/Vitis/tps/tcl/tcllib2.0/interp/pkgIndex.tcl 
Execute           source C:/AMDDesignTools/2026.1/Vitis/tps/tcl/tcllib2.0/irc/pkgIndex.tcl 
Execute           source C:/AMDDesignTools/2026.1/Vitis/tps/tcl/tcllib2.0/javascript/pkgIndex.tcl 
Execute           source C:/AMDDesignTools/2026.1/Vitis/tps/tcl/tcllib2.0/jpeg/pkgIndex.tcl 
Execute           source C:/AMDDesignTools/2026.1/Vitis/tps/tcl/tcllib2.0/json/pkgIndex.tcl 
Execute           source C:/AMDDesignTools/2026.1/Vitis/tps/tcl/tcllib2.0/lambda/pkgIndex.tcl 
Execute           source C:/AMDDesignTools/2026.1/Vitis/tps/tcl/tcllib2.0/lazyset/pkgIndex.tcl 
Execute           source C:/AMDDesignTools/2026.1/Vitis/tps/tcl/tcllib2.0/ldap/pkgIndex.tcl 
Execute           source C:/AMDDesignTools/2026.1/Vitis/tps/tcl/tcllib2.0/log/pkgIndex.tcl 
Execute           source C:/AMDDesignTools/2026.1/Vitis/tps/tcl/tcllib2.0/map/pkgIndex.tcl 
Execute           source C:/AMDDesignTools/2026.1/Vitis/tps/tcl/tcllib2.0/mapproj/pkgIndex.tcl 
Execute           source C:/AMDDesignTools/2026.1/Vitis/tps/tcl/tcllib2.0/markdown/pkgIndex.tcl 
Execute           source C:/AMDDesignTools/2026.1/Vitis/tps/tcl/tcllib2.0/math/pkgIndex.tcl 
Execute           source C:/AMDDesignTools/2026.1/Vitis/tps/tcl/tcllib2.0/md4/pkgIndex.tcl 
Execute           source C:/AMDDesignTools/2026.1/Vitis/tps/tcl/tcllib2.0/md5/pkgIndex.tcl 
Execute           source C:/AMDDesignTools/2026.1/Vitis/tps/tcl/tcllib2.0/md5crypt/pkgIndex.tcl 
Execute           source C:/AMDDesignTools/2026.1/Vitis/tps/tcl/tcllib2.0/mime/pkgIndex.tcl 
Execute           source C:/AMDDesignTools/2026.1/Vitis/tps/tcl/tcllib2.0/mkdoc/pkgIndex.tcl 
Execute           source C:/AMDDesignTools/2026.1/Vitis/tps/tcl/tcllib2.0/multiplexer/pkgIndex.tcl 
Execute           source C:/AMDDesignTools/2026.1/Vitis/tps/tcl/tcllib2.0/namespacex/pkgIndex.tcl 
Execute           source C:/AMDDesignTools/2026.1/Vitis/tps/tcl/tcllib2.0/ncgi/pkgIndex.tcl 
Execute           source C:/AMDDesignTools/2026.1/Vitis/tps/tcl/tcllib2.0/nettool/pkgIndex.tcl 
Execute           source C:/AMDDesignTools/2026.1/Vitis/tps/tcl/tcllib2.0/nmea/pkgIndex.tcl 
Execute           source C:/AMDDesignTools/2026.1/Vitis/tps/tcl/tcllib2.0/nns/pkgIndex.tcl 
Execute           source C:/AMDDesignTools/2026.1/Vitis/tps/tcl/tcllib2.0/nntp/pkgIndex.tcl 
Execute           source C:/AMDDesignTools/2026.1/Vitis/tps/tcl/tcllib2.0/ntp/pkgIndex.tcl 
Execute           source C:/AMDDesignTools/2026.1/Vitis/tps/tcl/tcllib2.0/oauth/pkgIndex.tcl 
Execute           source C:/AMDDesignTools/2026.1/Vitis/tps/tcl/tcllib2.0/oodialect/pkgIndex.tcl 
Execute           source C:/AMDDesignTools/2026.1/Vitis/tps/tcl/tcllib2.0/oometa/pkgIndex.tcl 
Execute           source C:/AMDDesignTools/2026.1/Vitis/tps/tcl/tcllib2.0/ooutil/pkgIndex.tcl 
Execute           source C:/AMDDesignTools/2026.1/Vitis/tps/tcl/tcllib2.0/otp/pkgIndex.tcl 
Execute           source C:/AMDDesignTools/2026.1/Vitis/tps/tcl/tcllib2.0/page/pkgIndex.tcl 
Execute           source C:/AMDDesignTools/2026.1/Vitis/tps/tcl/tcllib2.0/pluginmgr/pkgIndex.tcl 
Execute           source C:/AMDDesignTools/2026.1/Vitis/tps/tcl/tcllib2.0/png/pkgIndex.tcl 
Execute           source C:/AMDDesignTools/2026.1/Vitis/tps/tcl/tcllib2.0/pop3/pkgIndex.tcl 
Execute           source C:/AMDDesignTools/2026.1/Vitis/tps/tcl/tcllib2.0/pop3d/pkgIndex.tcl 
Execute           source C:/AMDDesignTools/2026.1/Vitis/tps/tcl/tcllib2.0/practcl/pkgIndex.tcl 
Execute           source C:/AMDDesignTools/2026.1/Vitis/tps/tcl/tcllib2.0/processman/pkgIndex.tcl 
Execute           source C:/AMDDesignTools/2026.1/Vitis/tps/tcl/tcllib2.0/profiler/pkgIndex.tcl 
Execute           source C:/AMDDesignTools/2026.1/Vitis/tps/tcl/tcllib2.0/pt/pkgIndex.tcl 
Execute           source C:/AMDDesignTools/2026.1/Vitis/tps/tcl/tcllib2.0/rcs/pkgIndex.tcl 
Execute           source C:/AMDDesignTools/2026.1/Vitis/tps/tcl/tcllib2.0/report/pkgIndex.tcl 
Execute           source C:/AMDDesignTools/2026.1/Vitis/tps/tcl/tcllib2.0/rest/pkgIndex.tcl 
Execute           source C:/AMDDesignTools/2026.1/Vitis/tps/tcl/tcllib2.0/ripemd/pkgIndex.tcl 
Execute           source C:/AMDDesignTools/2026.1/Vitis/tps/tcl/tcllib2.0/sasl/pkgIndex.tcl 
Execute           source C:/AMDDesignTools/2026.1/Vitis/tps/tcl/tcllib2.0/sha1/pkgIndex.tcl 
Execute           source C:/AMDDesignTools/2026.1/Vitis/tps/tcl/tcllib2.0/simulation/pkgIndex.tcl 
Execute           source C:/AMDDesignTools/2026.1/Vitis/tps/tcl/tcllib2.0/smtpd/pkgIndex.tcl 
Execute           source C:/AMDDesignTools/2026.1/Vitis/tps/tcl/tcllib2.0/snit/pkgIndex.tcl 
Execute           source C:/AMDDesignTools/2026.1/Vitis/tps/tcl/tcllib2.0/soundex/pkgIndex.tcl 
Execute           source C:/AMDDesignTools/2026.1/Vitis/tps/tcl/tcllib2.0/stooop/pkgIndex.tcl 
Execute           source C:/AMDDesignTools/2026.1/Vitis/tps/tcl/tcllib2.0/string/pkgIndex.tcl 
Execute           source C:/AMDDesignTools/2026.1/Vitis/tps/tcl/tcllib2.0/stringprep/pkgIndex.tcl 
Execute           source C:/AMDDesignTools/2026.1/Vitis/tps/tcl/tcllib2.0/struct/pkgIndex.tcl 
Execute           source C:/AMDDesignTools/2026.1/Vitis/tps/tcl/tcllib2.0/tar/pkgIndex.tcl 
Execute           source C:/AMDDesignTools/2026.1/Vitis/tps/tcl/tcllib2.0/tepam/pkgIndex.tcl 
Execute           source C:/AMDDesignTools/2026.1/Vitis/tps/tcl/tcllib2.0/term/pkgIndex.tcl 
Execute           source C:/AMDDesignTools/2026.1/Vitis/tps/tcl/tcllib2.0/textutil/pkgIndex.tcl 
Execute           source C:/AMDDesignTools/2026.1/Vitis/tps/tcl/tcllib2.0/tie/pkgIndex.tcl 
Execute           source C:/AMDDesignTools/2026.1/Vitis/tps/tcl/tcllib2.0/tiff/pkgIndex.tcl 
Execute           source C:/AMDDesignTools/2026.1/Vitis/tps/tcl/tcllib2.0/tool/pkgIndex.tcl 
Execute           source C:/AMDDesignTools/2026.1/Vitis/tps/tcl/tcllib2.0/transfer/pkgIndex.tcl 
Execute           source C:/AMDDesignTools/2026.1/Vitis/tps/tcl/tcllib2.0/treeql/pkgIndex.tcl 
Execute           source C:/AMDDesignTools/2026.1/Vitis/tps/tcl/tcllib2.0/try/pkgIndex.tcl 
Execute           source C:/AMDDesignTools/2026.1/Vitis/tps/tcl/tcllib2.0/udpcluster/pkgIndex.tcl 
Execute           source C:/AMDDesignTools/2026.1/Vitis/tps/tcl/tcllib2.0/uev/pkgIndex.tcl 
Execute           source C:/AMDDesignTools/2026.1/Vitis/tps/tcl/tcllib2.0/units/pkgIndex.tcl 
Execute           source C:/AMDDesignTools/2026.1/Vitis/tps/tcl/tcllib2.0/uri/pkgIndex.tcl 
Execute           source C:/AMDDesignTools/2026.1/Vitis/tps/tcl/tcllib2.0/uuid/pkgIndex.tcl 
Execute           source C:/AMDDesignTools/2026.1/Vitis/tps/tcl/tcllib2.0/valtype/pkgIndex.tcl 
Execute           source C:/AMDDesignTools/2026.1/Vitis/tps/tcl/tcllib2.0/virtchannel_base/pkgIndex.tcl 
Execute           source C:/AMDDesignTools/2026.1/Vitis/tps/tcl/tcllib2.0/virtchannel_core/pkgIndex.tcl 
Execute           source C:/AMDDesignTools/2026.1/Vitis/tps/tcl/tcllib2.0/virtchannel_transform/pkgIndex.tcl 
Execute           source C:/AMDDesignTools/2026.1/Vitis/tps/tcl/tcllib2.0/websocket/pkgIndex.tcl 
Execute           source C:/AMDDesignTools/2026.1/Vitis/tps/tcl/tcllib2.0/wip/pkgIndex.tcl 
Execute           source C:/AMDDesignTools/2026.1/Vitis/tps/tcl/tcllib2.0/yaml/pkgIndex.tcl 
Execute           source C:/AMDDesignTools/2026.1/Vitis/tps/tcl/tcllib2.0/zip/pkgIndex.tcl 
Execute           source C:/AMDDesignTools/2026.1/Vitis/tps/tcl/tcllib2.0/pkgIndex.tcl 
Execute             source C:/AMDDesignTools/2026.1/Vitis/tps/tcl/tcllib2.0/0compatibility/pkgIndex.tcl 
Execute             source C:/AMDDesignTools/2026.1/Vitis/tps/tcl/tcllib2.0/amazon-s3/pkgIndex.tcl 
Execute             source C:/AMDDesignTools/2026.1/Vitis/tps/tcl/tcllib2.0/asn/pkgIndex.tcl 
Execute             source C:/AMDDesignTools/2026.1/Vitis/tps/tcl/tcllib2.0/base32/pkgIndex.tcl 
Execute             source C:/AMDDesignTools/2026.1/Vitis/tps/tcl/tcllib2.0/base64/pkgIndex.tcl 
Execute             source C:/AMDDesignTools/2026.1/Vitis/tps/tcl/tcllib2.0/bee/pkgIndex.tcl 
Execute             source C:/AMDDesignTools/2026.1/Vitis/tps/tcl/tcllib2.0/bench/pkgIndex.tcl 
Execute             source C:/AMDDesignTools/2026.1/Vitis/tps/tcl/tcllib2.0/bibtex/pkgIndex.tcl 
Execute             source C:/AMDDesignTools/2026.1/Vitis/tps/tcl/tcllib2.0/cache/pkgIndex.tcl 
Execute             source C:/AMDDesignTools/2026.1/Vitis/tps/tcl/tcllib2.0/clay/pkgIndex.tcl 
Execute             source C:/AMDDesignTools/2026.1/Vitis/tps/tcl/tcllib2.0/clock/pkgIndex.tcl 
Execute             source C:/AMDDesignTools/2026.1/Vitis/tps/tcl/tcllib2.0/cmdline/pkgIndex.tcl 
Execute             source C:/AMDDesignTools/2026.1/Vitis/tps/tcl/tcllib2.0/comm/pkgIndex.tcl 
Execute             source C:/AMDDesignTools/2026.1/Vitis/tps/tcl/tcllib2.0/control/pkgIndex.tcl 
Execute             source C:/AMDDesignTools/2026.1/Vitis/tps/tcl/tcllib2.0/coroutine/pkgIndex.tcl 
Execute             source C:/AMDDesignTools/2026.1/Vitis/tps/tcl/tcllib2.0/counter/pkgIndex.tcl 
Execute             source C:/AMDDesignTools/2026.1/Vitis/tps/tcl/tcllib2.0/crc/pkgIndex.tcl 
Execute             source C:/AMDDesignTools/2026.1/Vitis/tps/tcl/tcllib2.0/cron/pkgIndex.tcl 
Execute             source C:/AMDDesignTools/2026.1/Vitis/tps/tcl/tcllib2.0/csv/pkgIndex.tcl 
Execute             source C:/AMDDesignTools/2026.1/Vitis/tps/tcl/tcllib2.0/debug/pkgIndex.tcl 
Execute             source C:/AMDDesignTools/2026.1/Vitis/tps/tcl/tcllib2.0/defer/pkgIndex.tcl 
Execute             source C:/AMDDesignTools/2026.1/Vitis/tps/tcl/tcllib2.0/dicttool/pkgIndex.tcl 
Execute             source C:/AMDDesignTools/2026.1/Vitis/tps/tcl/tcllib2.0/dns/pkgIndex.tcl 
Execute             source C:/AMDDesignTools/2026.1/Vitis/tps/tcl/tcllib2.0/docstrip/pkgIndex.tcl 
Execute             source C:/AMDDesignTools/2026.1/Vitis/tps/tcl/tcllib2.0/doctools/pkgIndex.tcl 
Execute             source C:/AMDDesignTools/2026.1/Vitis/tps/tcl/tcllib2.0/doctools2base/pkgIndex.tcl 
Execute             source C:/AMDDesignTools/2026.1/Vitis/tps/tcl/tcllib2.0/doctools2idx/pkgIndex.tcl 
Execute             source C:/AMDDesignTools/2026.1/Vitis/tps/tcl/tcllib2.0/doctools2toc/pkgIndex.tcl 
Execute             source C:/AMDDesignTools/2026.1/Vitis/tps/tcl/tcllib2.0/dtplite/pkgIndex.tcl 
Execute             source C:/AMDDesignTools/2026.1/Vitis/tps/tcl/tcllib2.0/fileutil/pkgIndex.tcl 
Execute             source C:/AMDDesignTools/2026.1/Vitis/tps/tcl/tcllib2.0/ftp/pkgIndex.tcl 
Execute             source C:/AMDDesignTools/2026.1/Vitis/tps/tcl/tcllib2.0/ftpd/pkgIndex.tcl 
Execute             source C:/AMDDesignTools/2026.1/Vitis/tps/tcl/tcllib2.0/fumagic/pkgIndex.tcl 
Execute             source C:/AMDDesignTools/2026.1/Vitis/tps/tcl/tcllib2.0/generator/pkgIndex.tcl 
Execute             source C:/AMDDesignTools/2026.1/Vitis/tps/tcl/tcllib2.0/gpx/pkgIndex.tcl 
Execute             source C:/AMDDesignTools/2026.1/Vitis/tps/tcl/tcllib2.0/grammar_aycock/pkgIndex.tcl 
Execute             source C:/AMDDesignTools/2026.1/Vitis/tps/tcl/tcllib2.0/grammar_fa/pkgIndex.tcl 
Execute             source C:/AMDDesignTools/2026.1/Vitis/tps/tcl/tcllib2.0/grammar_me/pkgIndex.tcl 
Execute             source C:/AMDDesignTools/2026.1/Vitis/tps/tcl/tcllib2.0/grammar_peg/pkgIndex.tcl 
Execute             source C:/AMDDesignTools/2026.1/Vitis/tps/tcl/tcllib2.0/hook/pkgIndex.tcl 
Execute             source C:/AMDDesignTools/2026.1/Vitis/tps/tcl/tcllib2.0/html/pkgIndex.tcl 
Execute             source C:/AMDDesignTools/2026.1/Vitis/tps/tcl/tcllib2.0/htmlparse/pkgIndex.tcl 
Execute             source C:/AMDDesignTools/2026.1/Vitis/tps/tcl/tcllib2.0/http/pkgIndex.tcl 
Execute             source C:/AMDDesignTools/2026.1/Vitis/tps/tcl/tcllib2.0/httpd/pkgIndex.tcl 
Execute             source C:/AMDDesignTools/2026.1/Vitis/tps/tcl/tcllib2.0/httpwget/pkgIndex.tcl 
Execute             source C:/AMDDesignTools/2026.1/Vitis/tps/tcl/tcllib2.0/ident/pkgIndex.tcl 
Execute             source C:/AMDDesignTools/2026.1/Vitis/tps/tcl/tcllib2.0/imap4/pkgIndex.tcl 
Execute             source C:/AMDDesignTools/2026.1/Vitis/tps/tcl/tcllib2.0/inifile/pkgIndex.tcl 
Execute             source C:/AMDDesignTools/2026.1/Vitis/tps/tcl/tcllib2.0/interp/pkgIndex.tcl 
Execute             source C:/AMDDesignTools/2026.1/Vitis/tps/tcl/tcllib2.0/irc/pkgIndex.tcl 
Execute             source C:/AMDDesignTools/2026.1/Vitis/tps/tcl/tcllib2.0/javascript/pkgIndex.tcl 
Execute             source C:/AMDDesignTools/2026.1/Vitis/tps/tcl/tcllib2.0/jpeg/pkgIndex.tcl 
Execute             source C:/AMDDesignTools/2026.1/Vitis/tps/tcl/tcllib2.0/json/pkgIndex.tcl 
Execute             source C:/AMDDesignTools/2026.1/Vitis/tps/tcl/tcllib2.0/lambda/pkgIndex.tcl 
Execute             source C:/AMDDesignTools/2026.1/Vitis/tps/tcl/tcllib2.0/lazyset/pkgIndex.tcl 
Execute             source C:/AMDDesignTools/2026.1/Vitis/tps/tcl/tcllib2.0/ldap/pkgIndex.tcl 
Execute             source C:/AMDDesignTools/2026.1/Vitis/tps/tcl/tcllib2.0/log/pkgIndex.tcl 
Execute             source C:/AMDDesignTools/2026.1/Vitis/tps/tcl/tcllib2.0/map/pkgIndex.tcl 
Execute             source C:/AMDDesignTools/2026.1/Vitis/tps/tcl/tcllib2.0/mapproj/pkgIndex.tcl 
Execute             source C:/AMDDesignTools/2026.1/Vitis/tps/tcl/tcllib2.0/markdown/pkgIndex.tcl 
Execute             source C:/AMDDesignTools/2026.1/Vitis/tps/tcl/tcllib2.0/math/pkgIndex.tcl 
Execute             source C:/AMDDesignTools/2026.1/Vitis/tps/tcl/tcllib2.0/md4/pkgIndex.tcl 
Execute             source C:/AMDDesignTools/2026.1/Vitis/tps/tcl/tcllib2.0/md5/pkgIndex.tcl 
Execute             source C:/AMDDesignTools/2026.1/Vitis/tps/tcl/tcllib2.0/md5crypt/pkgIndex.tcl 
Execute             source C:/AMDDesignTools/2026.1/Vitis/tps/tcl/tcllib2.0/mime/pkgIndex.tcl 
Execute             source C:/AMDDesignTools/2026.1/Vitis/tps/tcl/tcllib2.0/mkdoc/pkgIndex.tcl 
Execute             source C:/AMDDesignTools/2026.1/Vitis/tps/tcl/tcllib2.0/multiplexer/pkgIndex.tcl 
Execute             source C:/AMDDesignTools/2026.1/Vitis/tps/tcl/tcllib2.0/namespacex/pkgIndex.tcl 
Execute             source C:/AMDDesignTools/2026.1/Vitis/tps/tcl/tcllib2.0/ncgi/pkgIndex.tcl 
Execute             source C:/AMDDesignTools/2026.1/Vitis/tps/tcl/tcllib2.0/nettool/pkgIndex.tcl 
Execute             source C:/AMDDesignTools/2026.1/Vitis/tps/tcl/tcllib2.0/nmea/pkgIndex.tcl 
Execute             source C:/AMDDesignTools/2026.1/Vitis/tps/tcl/tcllib2.0/nns/pkgIndex.tcl 
Execute             source C:/AMDDesignTools/2026.1/Vitis/tps/tcl/tcllib2.0/nntp/pkgIndex.tcl 
Execute             source C:/AMDDesignTools/2026.1/Vitis/tps/tcl/tcllib2.0/ntp/pkgIndex.tcl 
Execute             source C:/AMDDesignTools/2026.1/Vitis/tps/tcl/tcllib2.0/oauth/pkgIndex.tcl 
Execute             source C:/AMDDesignTools/2026.1/Vitis/tps/tcl/tcllib2.0/oodialect/pkgIndex.tcl 
Execute             source C:/AMDDesignTools/2026.1/Vitis/tps/tcl/tcllib2.0/oometa/pkgIndex.tcl 
Execute             source C:/AMDDesignTools/2026.1/Vitis/tps/tcl/tcllib2.0/ooutil/pkgIndex.tcl 
Execute             source C:/AMDDesignTools/2026.1/Vitis/tps/tcl/tcllib2.0/otp/pkgIndex.tcl 
Execute             source C:/AMDDesignTools/2026.1/Vitis/tps/tcl/tcllib2.0/page/pkgIndex.tcl 
Execute             source C:/AMDDesignTools/2026.1/Vitis/tps/tcl/tcllib2.0/pluginmgr/pkgIndex.tcl 
Execute             source C:/AMDDesignTools/2026.1/Vitis/tps/tcl/tcllib2.0/png/pkgIndex.tcl 
Execute             source C:/AMDDesignTools/2026.1/Vitis/tps/tcl/tcllib2.0/pop3/pkgIndex.tcl 
Execute             source C:/AMDDesignTools/2026.1/Vitis/tps/tcl/tcllib2.0/pop3d/pkgIndex.tcl 
Execute             source C:/AMDDesignTools/2026.1/Vitis/tps/tcl/tcllib2.0/practcl/pkgIndex.tcl 
Execute             source C:/AMDDesignTools/2026.1/Vitis/tps/tcl/tcllib2.0/processman/pkgIndex.tcl 
Execute             source C:/AMDDesignTools/2026.1/Vitis/tps/tcl/tcllib2.0/profiler/pkgIndex.tcl 
Execute             source C:/AMDDesignTools/2026.1/Vitis/tps/tcl/tcllib2.0/pt/pkgIndex.tcl 
Execute             source C:/AMDDesignTools/2026.1/Vitis/tps/tcl/tcllib2.0/rcs/pkgIndex.tcl 
Execute             source C:/AMDDesignTools/2026.1/Vitis/tps/tcl/tcllib2.0/report/pkgIndex.tcl 
Execute             source C:/AMDDesignTools/2026.1/Vitis/tps/tcl/tcllib2.0/rest/pkgIndex.tcl 
Execute             source C:/AMDDesignTools/2026.1/Vitis/tps/tcl/tcllib2.0/ripemd/pkgIndex.tcl 
Execute             source C:/AMDDesignTools/2026.1/Vitis/tps/tcl/tcllib2.0/sasl/pkgIndex.tcl 
Execute             source C:/AMDDesignTools/2026.1/Vitis/tps/tcl/tcllib2.0/sha1/pkgIndex.tcl 
Execute             source C:/AMDDesignTools/2026.1/Vitis/tps/tcl/tcllib2.0/simulation/pkgIndex.tcl 
Execute             source C:/AMDDesignTools/2026.1/Vitis/tps/tcl/tcllib2.0/smtpd/pkgIndex.tcl 
Execute             source C:/AMDDesignTools/2026.1/Vitis/tps/tcl/tcllib2.0/snit/pkgIndex.tcl 
Execute             source C:/AMDDesignTools/2026.1/Vitis/tps/tcl/tcllib2.0/soundex/pkgIndex.tcl 
Execute             source C:/AMDDesignTools/2026.1/Vitis/tps/tcl/tcllib2.0/stooop/pkgIndex.tcl 
Execute             source C:/AMDDesignTools/2026.1/Vitis/tps/tcl/tcllib2.0/string/pkgIndex.tcl 
Execute             source C:/AMDDesignTools/2026.1/Vitis/tps/tcl/tcllib2.0/stringprep/pkgIndex.tcl 
Execute             source C:/AMDDesignTools/2026.1/Vitis/tps/tcl/tcllib2.0/struct/pkgIndex.tcl 
Execute             source C:/AMDDesignTools/2026.1/Vitis/tps/tcl/tcllib2.0/tar/pkgIndex.tcl 
Execute             source C:/AMDDesignTools/2026.1/Vitis/tps/tcl/tcllib2.0/tepam/pkgIndex.tcl 
Execute             source C:/AMDDesignTools/2026.1/Vitis/tps/tcl/tcllib2.0/term/pkgIndex.tcl 
Execute             source C:/AMDDesignTools/2026.1/Vitis/tps/tcl/tcllib2.0/textutil/pkgIndex.tcl 
Execute             source C:/AMDDesignTools/2026.1/Vitis/tps/tcl/tcllib2.0/tie/pkgIndex.tcl 
Execute             source C:/AMDDesignTools/2026.1/Vitis/tps/tcl/tcllib2.0/tiff/pkgIndex.tcl 
Execute             source C:/AMDDesignTools/2026.1/Vitis/tps/tcl/tcllib2.0/tool/pkgIndex.tcl 
Execute             source C:/AMDDesignTools/2026.1/Vitis/tps/tcl/tcllib2.0/transfer/pkgIndex.tcl 
Execute             source C:/AMDDesignTools/2026.1/Vitis/tps/tcl/tcllib2.0/treeql/pkgIndex.tcl 
Execute             source C:/AMDDesignTools/2026.1/Vitis/tps/tcl/tcllib2.0/try/pkgIndex.tcl 
Execute             source C:/AMDDesignTools/2026.1/Vitis/tps/tcl/tcllib2.0/udpcluster/pkgIndex.tcl 
Execute             source C:/AMDDesignTools/2026.1/Vitis/tps/tcl/tcllib2.0/uev/pkgIndex.tcl 
Execute             source C:/AMDDesignTools/2026.1/Vitis/tps/tcl/tcllib2.0/units/pkgIndex.tcl 
Execute             source C:/AMDDesignTools/2026.1/Vitis/tps/tcl/tcllib2.0/uri/pkgIndex.tcl 
Execute             source C:/AMDDesignTools/2026.1/Vitis/tps/tcl/tcllib2.0/uuid/pkgIndex.tcl 
Execute             source C:/AMDDesignTools/2026.1/Vitis/tps/tcl/tcllib2.0/valtype/pkgIndex.tcl 
Execute             source C:/AMDDesignTools/2026.1/Vitis/tps/tcl/tcllib2.0/virtchannel_base/pkgIndex.tcl 
Execute             source C:/AMDDesignTools/2026.1/Vitis/tps/tcl/tcllib2.0/virtchannel_core/pkgIndex.tcl 
Execute             source C:/AMDDesignTools/2026.1/Vitis/tps/tcl/tcllib2.0/virtchannel_transform/pkgIndex.tcl 
Execute             source C:/AMDDesignTools/2026.1/Vitis/tps/tcl/tcllib2.0/websocket/pkgIndex.tcl 
Execute             source C:/AMDDesignTools/2026.1/Vitis/tps/tcl/tcllib2.0/wip/pkgIndex.tcl 
Execute             source C:/AMDDesignTools/2026.1/Vitis/tps/tcl/tcllib2.0/yaml/pkgIndex.tcl 
Execute             source C:/AMDDesignTools/2026.1/Vitis/tps/tcl/tcllib2.0/zip/pkgIndex.tcl 
Command           ap_source done; 0.2 sec.
Execute           source C:/AMDDesignTools/2026.1/Vitis/tps/tcl/tdom/pkgIndex.tcl 
Execute           source C:/AMDDesignTools/2026.1/Vitis/tps/tcl/tk8.6/pkgIndex.tcl 
Execute           source C:/AMDDesignTools/2026.1/Vitis/tps/tcl/tcl8.6/opt0.4/pkgIndex.tcl 
Execute           source C:/AMDDesignTools/2026.1/Vitis/tps/tcl/tcl8.6/pkgs/win/thread2.8.7/pkgIndex.tcl 
Command         ap_source done; 0.456 sec.
Execute         source C:/AMDDesignTools/2026.1/Vitis/tps/tcl/tcllib2.0/0compatibility/pkgIndex.tcl 
Execute         source C:/AMDDesignTools/2026.1/Vitis/tps/tcl/tcllib2.0/amazon-s3/pkgIndex.tcl 
Execute         source C:/AMDDesignTools/2026.1/Vitis/tps/tcl/tcllib2.0/asn/pkgIndex.tcl 
Execute         source C:/AMDDesignTools/2026.1/Vitis/tps/tcl/tcllib2.0/base32/pkgIndex.tcl 
Execute         source C:/AMDDesignTools/2026.1/Vitis/tps/tcl/tcllib2.0/base64/pkgIndex.tcl 
Execute         source C:/AMDDesignTools/2026.1/Vitis/tps/tcl/tcllib2.0/bee/pkgIndex.tcl 
Execute         source C:/AMDDesignTools/2026.1/Vitis/tps/tcl/tcllib2.0/bench/pkgIndex.tcl 
Execute         source C:/AMDDesignTools/2026.1/Vitis/tps/tcl/tcllib2.0/bibtex/pkgIndex.tcl 
Execute         source C:/AMDDesignTools/2026.1/Vitis/tps/tcl/tcllib2.0/cache/pkgIndex.tcl 
Execute         source C:/AMDDesignTools/2026.1/Vitis/tps/tcl/tcllib2.0/clay/pkgIndex.tcl 
Execute         source C:/AMDDesignTools/2026.1/Vitis/tps/tcl/tcllib2.0/clock/pkgIndex.tcl 
Execute         source C:/AMDDesignTools/2026.1/Vitis/tps/tcl/tcllib2.0/cmdline/pkgIndex.tcl 
Execute         source C:/AMDDesignTools/2026.1/Vitis/tps/tcl/tcllib2.0/comm/pkgIndex.tcl 
Execute         source C:/AMDDesignTools/2026.1/Vitis/tps/tcl/tcllib2.0/control/pkgIndex.tcl 
Execute         source C:/AMDDesignTools/2026.1/Vitis/tps/tcl/tcllib2.0/coroutine/pkgIndex.tcl 
Execute         source C:/AMDDesignTools/2026.1/Vitis/tps/tcl/tcllib2.0/counter/pkgIndex.tcl 
Execute         source C:/AMDDesignTools/2026.1/Vitis/tps/tcl/tcllib2.0/crc/pkgIndex.tcl 
Execute         source C:/AMDDesignTools/2026.1/Vitis/tps/tcl/tcllib2.0/cron/pkgIndex.tcl 
Execute         source C:/AMDDesignTools/2026.1/Vitis/tps/tcl/tcllib2.0/csv/pkgIndex.tcl 
Execute         source C:/AMDDesignTools/2026.1/Vitis/tps/tcl/tcllib2.0/debug/pkgIndex.tcl 
Execute         source C:/AMDDesignTools/2026.1/Vitis/tps/tcl/tcllib2.0/defer/pkgIndex.tcl 
Execute         source C:/AMDDesignTools/2026.1/Vitis/tps/tcl/tcllib2.0/dicttool/pkgIndex.tcl 
Execute         source C:/AMDDesignTools/2026.1/Vitis/tps/tcl/tcllib2.0/dns/pkgIndex.tcl 
Execute         source C:/AMDDesignTools/2026.1/Vitis/tps/tcl/tcllib2.0/docstrip/pkgIndex.tcl 
Execute         source C:/AMDDesignTools/2026.1/Vitis/tps/tcl/tcllib2.0/doctools/pkgIndex.tcl 
Execute         source C:/AMDDesignTools/2026.1/Vitis/tps/tcl/tcllib2.0/doctools2base/pkgIndex.tcl 
Execute         source C:/AMDDesignTools/2026.1/Vitis/tps/tcl/tcllib2.0/doctools2idx/pkgIndex.tcl 
Execute         source C:/AMDDesignTools/2026.1/Vitis/tps/tcl/tcllib2.0/doctools2toc/pkgIndex.tcl 
Execute         source C:/AMDDesignTools/2026.1/Vitis/tps/tcl/tcllib2.0/dtplite/pkgIndex.tcl 
Execute         source C:/AMDDesignTools/2026.1/Vitis/tps/tcl/tcllib2.0/fileutil/pkgIndex.tcl 
Execute         source C:/AMDDesignTools/2026.1/Vitis/tps/tcl/tcllib2.0/ftp/pkgIndex.tcl 
Execute         source C:/AMDDesignTools/2026.1/Vitis/tps/tcl/tcllib2.0/ftpd/pkgIndex.tcl 
Execute         source C:/AMDDesignTools/2026.1/Vitis/tps/tcl/tcllib2.0/fumagic/pkgIndex.tcl 
Execute         source C:/AMDDesignTools/2026.1/Vitis/tps/tcl/tcllib2.0/generator/pkgIndex.tcl 
Execute         source C:/AMDDesignTools/2026.1/Vitis/tps/tcl/tcllib2.0/gpx/pkgIndex.tcl 
Execute         source C:/AMDDesignTools/2026.1/Vitis/tps/tcl/tcllib2.0/grammar_aycock/pkgIndex.tcl 
Execute         source C:/AMDDesignTools/2026.1/Vitis/tps/tcl/tcllib2.0/grammar_fa/pkgIndex.tcl 
Execute         source C:/AMDDesignTools/2026.1/Vitis/tps/tcl/tcllib2.0/grammar_me/pkgIndex.tcl 
Execute         source C:/AMDDesignTools/2026.1/Vitis/tps/tcl/tcllib2.0/grammar_peg/pkgIndex.tcl 
Execute         source C:/AMDDesignTools/2026.1/Vitis/tps/tcl/tcllib2.0/hook/pkgIndex.tcl 
Execute         source C:/AMDDesignTools/2026.1/Vitis/tps/tcl/tcllib2.0/html/pkgIndex.tcl 
Execute         source C:/AMDDesignTools/2026.1/Vitis/tps/tcl/tcllib2.0/htmlparse/pkgIndex.tcl 
Execute         source C:/AMDDesignTools/2026.1/Vitis/tps/tcl/tcllib2.0/http/pkgIndex.tcl 
Execute         source C:/AMDDesignTools/2026.1/Vitis/tps/tcl/tcllib2.0/httpd/pkgIndex.tcl 
Execute         source C:/AMDDesignTools/2026.1/Vitis/tps/tcl/tcllib2.0/httpwget/pkgIndex.tcl 
Execute         source C:/AMDDesignTools/2026.1/Vitis/tps/tcl/tcllib2.0/ident/pkgIndex.tcl 
Execute         source C:/AMDDesignTools/2026.1/Vitis/tps/tcl/tcllib2.0/imap4/pkgIndex.tcl 
Execute         source C:/AMDDesignTools/2026.1/Vitis/tps/tcl/tcllib2.0/inifile/pkgIndex.tcl 
Execute         source C:/AMDDesignTools/2026.1/Vitis/tps/tcl/tcllib2.0/interp/pkgIndex.tcl 
Execute         source C:/AMDDesignTools/2026.1/Vitis/tps/tcl/tcllib2.0/irc/pkgIndex.tcl 
Execute         source C:/AMDDesignTools/2026.1/Vitis/tps/tcl/tcllib2.0/javascript/pkgIndex.tcl 
Execute         source C:/AMDDesignTools/2026.1/Vitis/tps/tcl/tcllib2.0/jpeg/pkgIndex.tcl 
Execute         source C:/AMDDesignTools/2026.1/Vitis/tps/tcl/tcllib2.0/json/pkgIndex.tcl 
Execute         source C:/AMDDesignTools/2026.1/Vitis/tps/tcl/tcllib2.0/lambda/pkgIndex.tcl 
Execute         source C:/AMDDesignTools/2026.1/Vitis/tps/tcl/tcllib2.0/lazyset/pkgIndex.tcl 
Execute         source C:/AMDDesignTools/2026.1/Vitis/tps/tcl/tcllib2.0/ldap/pkgIndex.tcl 
Execute         source C:/AMDDesignTools/2026.1/Vitis/tps/tcl/tcllib2.0/log/pkgIndex.tcl 
Execute         source C:/AMDDesignTools/2026.1/Vitis/tps/tcl/tcllib2.0/map/pkgIndex.tcl 
Execute         source C:/AMDDesignTools/2026.1/Vitis/tps/tcl/tcllib2.0/mapproj/pkgIndex.tcl 
Execute         source C:/AMDDesignTools/2026.1/Vitis/tps/tcl/tcllib2.0/markdown/pkgIndex.tcl 
Execute         source C:/AMDDesignTools/2026.1/Vitis/tps/tcl/tcllib2.0/math/pkgIndex.tcl 
Execute         source C:/AMDDesignTools/2026.1/Vitis/tps/tcl/tcllib2.0/md4/pkgIndex.tcl 
Execute         source C:/AMDDesignTools/2026.1/Vitis/tps/tcl/tcllib2.0/md5/pkgIndex.tcl 
Execute         source C:/AMDDesignTools/2026.1/Vitis/tps/tcl/tcllib2.0/md5crypt/pkgIndex.tcl 
Execute         source C:/AMDDesignTools/2026.1/Vitis/tps/tcl/tcllib2.0/mime/pkgIndex.tcl 
Execute         source C:/AMDDesignTools/2026.1/Vitis/tps/tcl/tcllib2.0/mkdoc/pkgIndex.tcl 
Execute         source C:/AMDDesignTools/2026.1/Vitis/tps/tcl/tcllib2.0/multiplexer/pkgIndex.tcl 
Execute         source C:/AMDDesignTools/2026.1/Vitis/tps/tcl/tcllib2.0/namespacex/pkgIndex.tcl 
Execute         source C:/AMDDesignTools/2026.1/Vitis/tps/tcl/tcllib2.0/ncgi/pkgIndex.tcl 
Execute         source C:/AMDDesignTools/2026.1/Vitis/tps/tcl/tcllib2.0/nettool/pkgIndex.tcl 
Execute         source C:/AMDDesignTools/2026.1/Vitis/tps/tcl/tcllib2.0/nmea/pkgIndex.tcl 
Execute         source C:/AMDDesignTools/2026.1/Vitis/tps/tcl/tcllib2.0/nns/pkgIndex.tcl 
Execute         source C:/AMDDesignTools/2026.1/Vitis/tps/tcl/tcllib2.0/nntp/pkgIndex.tcl 
Execute         source C:/AMDDesignTools/2026.1/Vitis/tps/tcl/tcllib2.0/ntp/pkgIndex.tcl 
Execute         source C:/AMDDesignTools/2026.1/Vitis/tps/tcl/tcllib2.0/oauth/pkgIndex.tcl 
Execute         source C:/AMDDesignTools/2026.1/Vitis/tps/tcl/tcllib2.0/oodialect/pkgIndex.tcl 
Execute         source C:/AMDDesignTools/2026.1/Vitis/tps/tcl/tcllib2.0/oometa/pkgIndex.tcl 
Execute         source C:/AMDDesignTools/2026.1/Vitis/tps/tcl/tcllib2.0/ooutil/pkgIndex.tcl 
Execute         source C:/AMDDesignTools/2026.1/Vitis/tps/tcl/tcllib2.0/otp/pkgIndex.tcl 
Execute         source C:/AMDDesignTools/2026.1/Vitis/tps/tcl/tcllib2.0/page/pkgIndex.tcl 
Execute         source C:/AMDDesignTools/2026.1/Vitis/tps/tcl/tcllib2.0/pluginmgr/pkgIndex.tcl 
Execute         source C:/AMDDesignTools/2026.1/Vitis/tps/tcl/tcllib2.0/png/pkgIndex.tcl 
Execute         source C:/AMDDesignTools/2026.1/Vitis/tps/tcl/tcllib2.0/pop3/pkgIndex.tcl 
Execute         source C:/AMDDesignTools/2026.1/Vitis/tps/tcl/tcllib2.0/pop3d/pkgIndex.tcl 
Execute         source C:/AMDDesignTools/2026.1/Vitis/tps/tcl/tcllib2.0/practcl/pkgIndex.tcl 
Execute         source C:/AMDDesignTools/2026.1/Vitis/tps/tcl/tcllib2.0/processman/pkgIndex.tcl 
Execute         source C:/AMDDesignTools/2026.1/Vitis/tps/tcl/tcllib2.0/profiler/pkgIndex.tcl 
Execute         source C:/AMDDesignTools/2026.1/Vitis/tps/tcl/tcllib2.0/pt/pkgIndex.tcl 
Execute         source C:/AMDDesignTools/2026.1/Vitis/tps/tcl/tcllib2.0/rcs/pkgIndex.tcl 
Execute         source C:/AMDDesignTools/2026.1/Vitis/tps/tcl/tcllib2.0/report/pkgIndex.tcl 
Execute         source C:/AMDDesignTools/2026.1/Vitis/tps/tcl/tcllib2.0/rest/pkgIndex.tcl 
Execute         source C:/AMDDesignTools/2026.1/Vitis/tps/tcl/tcllib2.0/ripemd/pkgIndex.tcl 
Execute         source C:/AMDDesignTools/2026.1/Vitis/tps/tcl/tcllib2.0/sasl/pkgIndex.tcl 
Execute         source C:/AMDDesignTools/2026.1/Vitis/tps/tcl/tcllib2.0/sha1/pkgIndex.tcl 
Execute         source C:/AMDDesignTools/2026.1/Vitis/tps/tcl/tcllib2.0/simulation/pkgIndex.tcl 
Execute         source C:/AMDDesignTools/2026.1/Vitis/tps/tcl/tcllib2.0/smtpd/pkgIndex.tcl 
Execute         source C:/AMDDesignTools/2026.1/Vitis/tps/tcl/tcllib2.0/snit/pkgIndex.tcl 
Execute         source C:/AMDDesignTools/2026.1/Vitis/tps/tcl/tcllib2.0/soundex/pkgIndex.tcl 
Execute         source C:/AMDDesignTools/2026.1/Vitis/tps/tcl/tcllib2.0/stooop/pkgIndex.tcl 
Execute         source C:/AMDDesignTools/2026.1/Vitis/tps/tcl/tcllib2.0/string/pkgIndex.tcl 
Execute         source C:/AMDDesignTools/2026.1/Vitis/tps/tcl/tcllib2.0/stringprep/pkgIndex.tcl 
Execute         source C:/AMDDesignTools/2026.1/Vitis/tps/tcl/tcllib2.0/struct/pkgIndex.tcl 
Execute         source C:/AMDDesignTools/2026.1/Vitis/tps/tcl/tcllib2.0/tar/pkgIndex.tcl 
Execute         source C:/AMDDesignTools/2026.1/Vitis/tps/tcl/tcllib2.0/tepam/pkgIndex.tcl 
Execute         source C:/AMDDesignTools/2026.1/Vitis/tps/tcl/tcllib2.0/term/pkgIndex.tcl 
Execute         source C:/AMDDesignTools/2026.1/Vitis/tps/tcl/tcllib2.0/textutil/pkgIndex.tcl 
Execute         source C:/AMDDesignTools/2026.1/Vitis/tps/tcl/tcllib2.0/tie/pkgIndex.tcl 
Execute         source C:/AMDDesignTools/2026.1/Vitis/tps/tcl/tcllib2.0/tiff/pkgIndex.tcl 
Execute         source C:/AMDDesignTools/2026.1/Vitis/tps/tcl/tcllib2.0/tool/pkgIndex.tcl 
Execute         source C:/AMDDesignTools/2026.1/Vitis/tps/tcl/tcllib2.0/transfer/pkgIndex.tcl 
Execute         source C:/AMDDesignTools/2026.1/Vitis/tps/tcl/tcllib2.0/treeql/pkgIndex.tcl 
Execute         source C:/AMDDesignTools/2026.1/Vitis/tps/tcl/tcllib2.0/try/pkgIndex.tcl 
Execute         source C:/AMDDesignTools/2026.1/Vitis/tps/tcl/tcllib2.0/udpcluster/pkgIndex.tcl 
Execute         source C:/AMDDesignTools/2026.1/Vitis/tps/tcl/tcllib2.0/uev/pkgIndex.tcl 
Execute         source C:/AMDDesignTools/2026.1/Vitis/tps/tcl/tcllib2.0/units/pkgIndex.tcl 
Execute         source C:/AMDDesignTools/2026.1/Vitis/tps/tcl/tcllib2.0/uri/pkgIndex.tcl 
Execute         source C:/AMDDesignTools/2026.1/Vitis/tps/tcl/tcllib2.0/uuid/pkgIndex.tcl 
Execute         source C:/AMDDesignTools/2026.1/Vitis/tps/tcl/tcllib2.0/valtype/pkgIndex.tcl 
Execute         source C:/AMDDesignTools/2026.1/Vitis/tps/tcl/tcllib2.0/virtchannel_base/pkgIndex.tcl 
Execute         source C:/AMDDesignTools/2026.1/Vitis/tps/tcl/tcllib2.0/virtchannel_core/pkgIndex.tcl 
Execute         source C:/AMDDesignTools/2026.1/Vitis/tps/tcl/tcllib2.0/virtchannel_transform/pkgIndex.tcl 
Execute         source C:/AMDDesignTools/2026.1/Vitis/tps/tcl/tcllib2.0/websocket/pkgIndex.tcl 
Execute         source C:/AMDDesignTools/2026.1/Vitis/tps/tcl/tcllib2.0/wip/pkgIndex.tcl 
Execute         source C:/AMDDesignTools/2026.1/Vitis/tps/tcl/tcllib2.0/yaml/pkgIndex.tcl 
Execute         source C:/AMDDesignTools/2026.1/Vitis/tps/tcl/tcllib2.0/zip/pkgIndex.tcl 
Execute         source C:/AMDDesignTools/2026.1/Vitis/tps/tcl/tcllib2.0/pkgIndex.tcl 
Execute           source C:/AMDDesignTools/2026.1/Vitis/tps/tcl/tcllib2.0/0compatibility/pkgIndex.tcl 
Execute           source C:/AMDDesignTools/2026.1/Vitis/tps/tcl/tcllib2.0/amazon-s3/pkgIndex.tcl 
Execute           source C:/AMDDesignTools/2026.1/Vitis/tps/tcl/tcllib2.0/asn/pkgIndex.tcl 
Execute           source C:/AMDDesignTools/2026.1/Vitis/tps/tcl/tcllib2.0/base32/pkgIndex.tcl 
Execute           source C:/AMDDesignTools/2026.1/Vitis/tps/tcl/tcllib2.0/base64/pkgIndex.tcl 
Execute           source C:/AMDDesignTools/2026.1/Vitis/tps/tcl/tcllib2.0/bee/pkgIndex.tcl 
Execute           source C:/AMDDesignTools/2026.1/Vitis/tps/tcl/tcllib2.0/bench/pkgIndex.tcl 
Execute           source C:/AMDDesignTools/2026.1/Vitis/tps/tcl/tcllib2.0/bibtex/pkgIndex.tcl 
Execute           source C:/AMDDesignTools/2026.1/Vitis/tps/tcl/tcllib2.0/cache/pkgIndex.tcl 
Execute           source C:/AMDDesignTools/2026.1/Vitis/tps/tcl/tcllib2.0/clay/pkgIndex.tcl 
Execute           source C:/AMDDesignTools/2026.1/Vitis/tps/tcl/tcllib2.0/clock/pkgIndex.tcl 
Execute           source C:/AMDDesignTools/2026.1/Vitis/tps/tcl/tcllib2.0/cmdline/pkgIndex.tcl 
Execute           source C:/AMDDesignTools/2026.1/Vitis/tps/tcl/tcllib2.0/comm/pkgIndex.tcl 
Execute           source C:/AMDDesignTools/2026.1/Vitis/tps/tcl/tcllib2.0/control/pkgIndex.tcl 
Execute           source C:/AMDDesignTools/2026.1/Vitis/tps/tcl/tcllib2.0/coroutine/pkgIndex.tcl 
Execute           source C:/AMDDesignTools/2026.1/Vitis/tps/tcl/tcllib2.0/counter/pkgIndex.tcl 
Execute           source C:/AMDDesignTools/2026.1/Vitis/tps/tcl/tcllib2.0/crc/pkgIndex.tcl 
Execute           source C:/AMDDesignTools/2026.1/Vitis/tps/tcl/tcllib2.0/cron/pkgIndex.tcl 
Execute           source C:/AMDDesignTools/2026.1/Vitis/tps/tcl/tcllib2.0/csv/pkgIndex.tcl 
Execute           source C:/AMDDesignTools/2026.1/Vitis/tps/tcl/tcllib2.0/debug/pkgIndex.tcl 
Execute           source C:/AMDDesignTools/2026.1/Vitis/tps/tcl/tcllib2.0/defer/pkgIndex.tcl 
Execute           source C:/AMDDesignTools/2026.1/Vitis/tps/tcl/tcllib2.0/dicttool/pkgIndex.tcl 
Execute           source C:/AMDDesignTools/2026.1/Vitis/tps/tcl/tcllib2.0/dns/pkgIndex.tcl 
Execute           source C:/AMDDesignTools/2026.1/Vitis/tps/tcl/tcllib2.0/docstrip/pkgIndex.tcl 
Execute           source C:/AMDDesignTools/2026.1/Vitis/tps/tcl/tcllib2.0/doctools/pkgIndex.tcl 
Execute           source C:/AMDDesignTools/2026.1/Vitis/tps/tcl/tcllib2.0/doctools2base/pkgIndex.tcl 
Execute           source C:/AMDDesignTools/2026.1/Vitis/tps/tcl/tcllib2.0/doctools2idx/pkgIndex.tcl 
Execute           source C:/AMDDesignTools/2026.1/Vitis/tps/tcl/tcllib2.0/doctools2toc/pkgIndex.tcl 
Execute           source C:/AMDDesignTools/2026.1/Vitis/tps/tcl/tcllib2.0/dtplite/pkgIndex.tcl 
Execute           source C:/AMDDesignTools/2026.1/Vitis/tps/tcl/tcllib2.0/fileutil/pkgIndex.tcl 
Execute           source C:/AMDDesignTools/2026.1/Vitis/tps/tcl/tcllib2.0/ftp/pkgIndex.tcl 
Execute           source C:/AMDDesignTools/2026.1/Vitis/tps/tcl/tcllib2.0/ftpd/pkgIndex.tcl 
Execute           source C:/AMDDesignTools/2026.1/Vitis/tps/tcl/tcllib2.0/fumagic/pkgIndex.tcl 
Execute           source C:/AMDDesignTools/2026.1/Vitis/tps/tcl/tcllib2.0/generator/pkgIndex.tcl 
Execute           source C:/AMDDesignTools/2026.1/Vitis/tps/tcl/tcllib2.0/gpx/pkgIndex.tcl 
Execute           source C:/AMDDesignTools/2026.1/Vitis/tps/tcl/tcllib2.0/grammar_aycock/pkgIndex.tcl 
Execute           source C:/AMDDesignTools/2026.1/Vitis/tps/tcl/tcllib2.0/grammar_fa/pkgIndex.tcl 
Execute           source C:/AMDDesignTools/2026.1/Vitis/tps/tcl/tcllib2.0/grammar_me/pkgIndex.tcl 
Execute           source C:/AMDDesignTools/2026.1/Vitis/tps/tcl/tcllib2.0/grammar_peg/pkgIndex.tcl 
Execute           source C:/AMDDesignTools/2026.1/Vitis/tps/tcl/tcllib2.0/hook/pkgIndex.tcl 
Execute           source C:/AMDDesignTools/2026.1/Vitis/tps/tcl/tcllib2.0/html/pkgIndex.tcl 
Execute           source C:/AMDDesignTools/2026.1/Vitis/tps/tcl/tcllib2.0/htmlparse/pkgIndex.tcl 
Execute           source C:/AMDDesignTools/2026.1/Vitis/tps/tcl/tcllib2.0/http/pkgIndex.tcl 
Execute           source C:/AMDDesignTools/2026.1/Vitis/tps/tcl/tcllib2.0/httpd/pkgIndex.tcl 
Execute           source C:/AMDDesignTools/2026.1/Vitis/tps/tcl/tcllib2.0/httpwget/pkgIndex.tcl 
Execute           source C:/AMDDesignTools/2026.1/Vitis/tps/tcl/tcllib2.0/ident/pkgIndex.tcl 
Execute           source C:/AMDDesignTools/2026.1/Vitis/tps/tcl/tcllib2.0/imap4/pkgIndex.tcl 
Execute           source C:/AMDDesignTools/2026.1/Vitis/tps/tcl/tcllib2.0/inifile/pkgIndex.tcl 
Execute           source C:/AMDDesignTools/2026.1/Vitis/tps/tcl/tcllib2.0/interp/pkgIndex.tcl 
Execute           source C:/AMDDesignTools/2026.1/Vitis/tps/tcl/tcllib2.0/irc/pkgIndex.tcl 
Execute           source C:/AMDDesignTools/2026.1/Vitis/tps/tcl/tcllib2.0/javascript/pkgIndex.tcl 
Execute           source C:/AMDDesignTools/2026.1/Vitis/tps/tcl/tcllib2.0/jpeg/pkgIndex.tcl 
Execute           source C:/AMDDesignTools/2026.1/Vitis/tps/tcl/tcllib2.0/json/pkgIndex.tcl 
Execute           source C:/AMDDesignTools/2026.1/Vitis/tps/tcl/tcllib2.0/lambda/pkgIndex.tcl 
Execute           source C:/AMDDesignTools/2026.1/Vitis/tps/tcl/tcllib2.0/lazyset/pkgIndex.tcl 
Execute           source C:/AMDDesignTools/2026.1/Vitis/tps/tcl/tcllib2.0/ldap/pkgIndex.tcl 
Execute           source C:/AMDDesignTools/2026.1/Vitis/tps/tcl/tcllib2.0/log/pkgIndex.tcl 
Execute           source C:/AMDDesignTools/2026.1/Vitis/tps/tcl/tcllib2.0/map/pkgIndex.tcl 
Execute           source C:/AMDDesignTools/2026.1/Vitis/tps/tcl/tcllib2.0/mapproj/pkgIndex.tcl 
Execute           source C:/AMDDesignTools/2026.1/Vitis/tps/tcl/tcllib2.0/markdown/pkgIndex.tcl 
Execute           source C:/AMDDesignTools/2026.1/Vitis/tps/tcl/tcllib2.0/math/pkgIndex.tcl 
Execute           source C:/AMDDesignTools/2026.1/Vitis/tps/tcl/tcllib2.0/md4/pkgIndex.tcl 
Execute           source C:/AMDDesignTools/2026.1/Vitis/tps/tcl/tcllib2.0/md5/pkgIndex.tcl 
Execute           source C:/AMDDesignTools/2026.1/Vitis/tps/tcl/tcllib2.0/md5crypt/pkgIndex.tcl 
Execute           source C:/AMDDesignTools/2026.1/Vitis/tps/tcl/tcllib2.0/mime/pkgIndex.tcl 
Execute           source C:/AMDDesignTools/2026.1/Vitis/tps/tcl/tcllib2.0/mkdoc/pkgIndex.tcl 
Execute           source C:/AMDDesignTools/2026.1/Vitis/tps/tcl/tcllib2.0/multiplexer/pkgIndex.tcl 
Execute           source C:/AMDDesignTools/2026.1/Vitis/tps/tcl/tcllib2.0/namespacex/pkgIndex.tcl 
Execute           source C:/AMDDesignTools/2026.1/Vitis/tps/tcl/tcllib2.0/ncgi/pkgIndex.tcl 
Execute           source C:/AMDDesignTools/2026.1/Vitis/tps/tcl/tcllib2.0/nettool/pkgIndex.tcl 
Execute           source C:/AMDDesignTools/2026.1/Vitis/tps/tcl/tcllib2.0/nmea/pkgIndex.tcl 
Execute           source C:/AMDDesignTools/2026.1/Vitis/tps/tcl/tcllib2.0/nns/pkgIndex.tcl 
Execute           source C:/AMDDesignTools/2026.1/Vitis/tps/tcl/tcllib2.0/nntp/pkgIndex.tcl 
Execute           source C:/AMDDesignTools/2026.1/Vitis/tps/tcl/tcllib2.0/ntp/pkgIndex.tcl 
Execute           source C:/AMDDesignTools/2026.1/Vitis/tps/tcl/tcllib2.0/oauth/pkgIndex.tcl 
Execute           source C:/AMDDesignTools/2026.1/Vitis/tps/tcl/tcllib2.0/oodialect/pkgIndex.tcl 
Execute           source C:/AMDDesignTools/2026.1/Vitis/tps/tcl/tcllib2.0/oometa/pkgIndex.tcl 
Execute           source C:/AMDDesignTools/2026.1/Vitis/tps/tcl/tcllib2.0/ooutil/pkgIndex.tcl 
Execute           source C:/AMDDesignTools/2026.1/Vitis/tps/tcl/tcllib2.0/otp/pkgIndex.tcl 
Execute           source C:/AMDDesignTools/2026.1/Vitis/tps/tcl/tcllib2.0/page/pkgIndex.tcl 
Execute           source C:/AMDDesignTools/2026.1/Vitis/tps/tcl/tcllib2.0/pluginmgr/pkgIndex.tcl 
Execute           source C:/AMDDesignTools/2026.1/Vitis/tps/tcl/tcllib2.0/png/pkgIndex.tcl 
Execute           source C:/AMDDesignTools/2026.1/Vitis/tps/tcl/tcllib2.0/pop3/pkgIndex.tcl 
Execute           source C:/AMDDesignTools/2026.1/Vitis/tps/tcl/tcllib2.0/pop3d/pkgIndex.tcl 
Execute           source C:/AMDDesignTools/2026.1/Vitis/tps/tcl/tcllib2.0/practcl/pkgIndex.tcl 
Execute           source C:/AMDDesignTools/2026.1/Vitis/tps/tcl/tcllib2.0/processman/pkgIndex.tcl 
Execute           source C:/AMDDesignTools/2026.1/Vitis/tps/tcl/tcllib2.0/profiler/pkgIndex.tcl 
Execute           source C:/AMDDesignTools/2026.1/Vitis/tps/tcl/tcllib2.0/pt/pkgIndex.tcl 
Execute           source C:/AMDDesignTools/2026.1/Vitis/tps/tcl/tcllib2.0/rcs/pkgIndex.tcl 
Execute           source C:/AMDDesignTools/2026.1/Vitis/tps/tcl/tcllib2.0/report/pkgIndex.tcl 
Execute           source C:/AMDDesignTools/2026.1/Vitis/tps/tcl/tcllib2.0/rest/pkgIndex.tcl 
Execute           source C:/AMDDesignTools/2026.1/Vitis/tps/tcl/tcllib2.0/ripemd/pkgIndex.tcl 
Execute           source C:/AMDDesignTools/2026.1/Vitis/tps/tcl/tcllib2.0/sasl/pkgIndex.tcl 
Execute           source C:/AMDDesignTools/2026.1/Vitis/tps/tcl/tcllib2.0/sha1/pkgIndex.tcl 
Execute           source C:/AMDDesignTools/2026.1/Vitis/tps/tcl/tcllib2.0/simulation/pkgIndex.tcl 
Execute           source C:/AMDDesignTools/2026.1/Vitis/tps/tcl/tcllib2.0/smtpd/pkgIndex.tcl 
Execute           source C:/AMDDesignTools/2026.1/Vitis/tps/tcl/tcllib2.0/snit/pkgIndex.tcl 
Execute           source C:/AMDDesignTools/2026.1/Vitis/tps/tcl/tcllib2.0/soundex/pkgIndex.tcl 
Execute           source C:/AMDDesignTools/2026.1/Vitis/tps/tcl/tcllib2.0/stooop/pkgIndex.tcl 
Execute           source C:/AMDDesignTools/2026.1/Vitis/tps/tcl/tcllib2.0/string/pkgIndex.tcl 
Execute           source C:/AMDDesignTools/2026.1/Vitis/tps/tcl/tcllib2.0/stringprep/pkgIndex.tcl 
Execute           source C:/AMDDesignTools/2026.1/Vitis/tps/tcl/tcllib2.0/struct/pkgIndex.tcl 
Execute           source C:/AMDDesignTools/2026.1/Vitis/tps/tcl/tcllib2.0/tar/pkgIndex.tcl 
Execute           source C:/AMDDesignTools/2026.1/Vitis/tps/tcl/tcllib2.0/tepam/pkgIndex.tcl 
Execute           source C:/AMDDesignTools/2026.1/Vitis/tps/tcl/tcllib2.0/term/pkgIndex.tcl 
Execute           source C:/AMDDesignTools/2026.1/Vitis/tps/tcl/tcllib2.0/textutil/pkgIndex.tcl 
Execute           source C:/AMDDesignTools/2026.1/Vitis/tps/tcl/tcllib2.0/tie/pkgIndex.tcl 
Execute           source C:/AMDDesignTools/2026.1/Vitis/tps/tcl/tcllib2.0/tiff/pkgIndex.tcl 
Execute           source C:/AMDDesignTools/2026.1/Vitis/tps/tcl/tcllib2.0/tool/pkgIndex.tcl 
Execute           source C:/AMDDesignTools/2026.1/Vitis/tps/tcl/tcllib2.0/transfer/pkgIndex.tcl 
Execute           source C:/AMDDesignTools/2026.1/Vitis/tps/tcl/tcllib2.0/treeql/pkgIndex.tcl 
Execute           source C:/AMDDesignTools/2026.1/Vitis/tps/tcl/tcllib2.0/try/pkgIndex.tcl 
Execute           source C:/AMDDesignTools/2026.1/Vitis/tps/tcl/tcllib2.0/udpcluster/pkgIndex.tcl 
Execute           source C:/AMDDesignTools/2026.1/Vitis/tps/tcl/tcllib2.0/uev/pkgIndex.tcl 
Execute           source C:/AMDDesignTools/2026.1/Vitis/tps/tcl/tcllib2.0/units/pkgIndex.tcl 
Execute           source C:/AMDDesignTools/2026.1/Vitis/tps/tcl/tcllib2.0/uri/pkgIndex.tcl 
Execute           source C:/AMDDesignTools/2026.1/Vitis/tps/tcl/tcllib2.0/uuid/pkgIndex.tcl 
Execute           source C:/AMDDesignTools/2026.1/Vitis/tps/tcl/tcllib2.0/valtype/pkgIndex.tcl 
Execute           source C:/AMDDesignTools/2026.1/Vitis/tps/tcl/tcllib2.0/virtchannel_base/pkgIndex.tcl 
Execute           source C:/AMDDesignTools/2026.1/Vitis/tps/tcl/tcllib2.0/virtchannel_core/pkgIndex.tcl 
Execute           source C:/AMDDesignTools/2026.1/Vitis/tps/tcl/tcllib2.0/virtchannel_transform/pkgIndex.tcl 
Execute           source C:/AMDDesignTools/2026.1/Vitis/tps/tcl/tcllib2.0/websocket/pkgIndex.tcl 
Execute           source C:/AMDDesignTools/2026.1/Vitis/tps/tcl/tcllib2.0/wip/pkgIndex.tcl 
Execute           source C:/AMDDesignTools/2026.1/Vitis/tps/tcl/tcllib2.0/yaml/pkgIndex.tcl 
Execute           source C:/AMDDesignTools/2026.1/Vitis/tps/tcl/tcllib2.0/zip/pkgIndex.tcl 
Command         ap_source done; 0.218 sec.
Execute         source C:/AMDDesignTools/2026.1/Vitis/tps/tcl/tdom/pkgIndex.tcl 
Execute         source C:/AMDDesignTools/2026.1/Vitis/tps/tcl/tk8.6/pkgIndex.tcl 
Execute         source C:/AMDDesignTools/2026.1/Vitis/tps/tcl/tcl8.6/opt0.4/pkgIndex.tcl 
Execute         source C:/AMDDesignTools/2026.1/Vitis/tps/tcl/tcl8.6/pkgs/win/thread2.8.7/pkgIndex.tcl 
Command       ap_source done; 0.95 sec.
INFO-FLOW: Workspace C:/Users/mohin/Vitis/hls_component/hls_component/hls opened at Wed Aug 19 22:08:20 +1000 2026
Execute       send_msg_by_id INFO @200-2174@%s%s component test.cfg 
INFO: [HLS 200-2174] Applying component config ini file test.cfg
Execute       apply_ini test.cfg 
Execute         send_msg_by_id INFO @200-1465@%s 'syn.file=drhe_compress.cpp' from test.cfg(5) 
INFO: [HLS 200-1465] Applying config ini 'syn.file=drhe_compress.cpp' from test.cfg(5)
Execute         add_files C:/Users/mohin/Vitis/hls_component/drhe_compress.cpp 
INFO: [HLS 200-10] Adding design file 'C:/Users/mohin/Vitis/hls_component/drhe_compress.cpp' to the project
Execute         send_msg_by_id INFO @200-1465@%s 'syn.file=drhe_decompress.cpp' from test.cfg(6) 
INFO: [HLS 200-1465] Applying config ini 'syn.file=drhe_decompress.cpp' from test.cfg(6)
Execute         add_files C:/Users/mohin/Vitis/hls_component/drhe_decompress.cpp 
INFO: [HLS 200-10] Adding design file 'C:/Users/mohin/Vitis/hls_component/drhe_decompress.cpp' to the project
Execute         send_msg_by_id INFO @200-1465@%s 'syn.file=drhe.cpp' from test.cfg(7) 
INFO: [HLS 200-1465] Applying config ini 'syn.file=drhe.cpp' from test.cfg(7)
Execute         add_files C:/Users/mohin/Vitis/hls_component/drhe.cpp 
INFO: [HLS 200-10] Adding design file 'C:/Users/mohin/Vitis/hls_component/drhe.cpp' to the project
Execute         send_msg_by_id INFO @200-1465@%s 'tb.file=drhe_tb.cpp' from test.cfg(8) 
INFO: [HLS 200-1465] Applying config ini 'tb.file=drhe_tb.cpp' from test.cfg(8)
Execute         add_files -tb C:/Users/mohin/Vitis/hls_component/drhe_tb.cpp 
INFO: [HLS 200-10] Adding test bench file 'C:/Users/mohin/Vitis/hls_component/drhe_tb.cpp' to the project
Execute         send_msg_by_id INFO @200-1465@%s 'tb.file=coloradar_multiframe.bin' from test.cfg(9) 
INFO: [HLS 200-1465] Applying config ini 'tb.file=coloradar_multiframe.bin' from test.cfg(9)
Execute         add_files -tb C:/Users/mohin/Vitis/hls_component/coloradar_multiframe.bin 
INFO: [HLS 200-10] Adding test bench file 'C:/Users/mohin/Vitis/hls_component/coloradar_multiframe.bin' to the project
Execute         send_msg_by_id INFO @200-1465@%s 'part=xcku5p-ffvb676-2-e' from test.cfg(1) 
INFO: [HLS 200-1465] Applying config ini 'part=xcku5p-ffvb676-2-e' from test.cfg(1)
Execute         set_part xcku5p-ffvb676-2-e 
Execute           create_platform xcku5p-ffvb676-2-e -board  
DBG:HLSDevice: Trying to load device library: C:/AMDDesignTools/2026.1/Vitis\lib\win64.o\xv_hlsvwrap.dll
DBG:HLSDevice: first parts/arch.xml in RDI_DATADIR: C:/AMDDesignTools/2026.1/Vitis/data/parts/arch.xml
DBG:HLSDevice: init success
INFO: [HLS 200-1611] Setting target device to 'xcku5p-ffvb676-2-e'
Command           create_platform done; 2.176 sec.
Execute           source C:/AMDDesignTools/2026.1/Vitis/common/technology/xilinx/common/xilinx.gen 
Execute             source C:/AMDDesignTools/2026.1/Vitis/common/technology/xilinx/interface/plb46.gen 
Execute             source C:/AMDDesignTools/2026.1/Vitis/common/technology/xilinx/interface/axi4.gen 
Execute             source C:/AMDDesignTools/2026.1/Vitis/common/technology/xilinx/interface/nativeAXI4.gen 
Execute               source C:/AMDDesignTools/2026.1/Vitis/common/technology/xilinx/interface/saxilite.gen 
Execute             source C:/AMDDesignTools/2026.1/Vitis/common/technology/xilinx/scripts/xilinxcoregen.gen 
Execute             source C:/AMDDesignTools/2026.1/Vitis/common/technology/xilinx/interface/XilEDKCoreGen.gen 
Execute             source C:/AMDDesignTools/2026.1/Vitis/common/technology/xilinx/ip/dds_compiler.gen 
Execute             source C:/AMDDesignTools/2026.1/Vitis/common/technology/xilinx/ip/util.gen 
Execute             source C:/AMDDesignTools/2026.1/Vitis/common/technology/xilinx/ip/xfft.gen 
Command             ap_source done; 0.136 sec.
Execute             source C:/AMDDesignTools/2026.1/Vitis/common/technology/xilinx/ip/xfir.gen 
Execute             source C:/AMDDesignTools/2026.1/Vitis/common/technology/xilinx/DSP48/dsp48.gen 
Command           ap_source done; 0.39 sec.
Execute           ap_part_info -name xcku5p-ffvb676-2-e -data info 
Execute           config_compile -quiet -complex-mul-dsp=0 
Command         set_part done; 2.61 sec.
Execute         send_msg_by_id INFO @200-1465@%s 'clock=100MHz' from test.cfg(4) 
INFO: [HLS 200-1465] Applying config ini 'clock=100MHz' from test.cfg(4)
Execute         create_clock -period 100mhz 
Execute           ap_set_clock -name default -period 10 -unit ns -default=false 
INFO: [SYN 201-201] Setting up clock 'default' with a period of 10ns.
Execute         send_msg_by_id INFO @200-1465@%s 'package.output.format=ip_catalog' from test.cfg(11) 
INFO: [HLS 200-1465] Applying config ini 'package.output.format=ip_catalog' from test.cfg(11)
Execute         config_export -format=ip_catalog 
Command       apply_ini done; 2.736 sec.
Execute       write_component -config C:/Users/mohin/Vitis/hls_component/test.cfg 
Execute         send_msg_by_id INFO @200-2176@%s C:/Users/mohin/Vitis/hls_component/hls_component/vitis-comp.json 
INFO: [HLS 200-2176] Writing Vitis IDE component file C:/Users/mohin/Vitis/hls_component/hls_component/vitis-comp.json
Command     open_solution done; 3.823 sec.
Command   open_component done; 3.833 sec.
Execute   apply_ini C:/Users/mohin/Vitis/hls_component/hls_component/hls/config.cmdline -iscmdline 
Execute   ::AP::init_summary_file csim 
Execute     AP::app_get_file_relativeroot [AP::app_get_root] {}
Execute   csim_design 
INFO: [SIM 211-2] *************** CSIM start ***************
Execute     send_msg_by_id INFO @200-2191@%s%s C-Simulation clang-16 
INFO: [HLS 200-2191] C-Simulation will use clang-16 as the compiler
Execute     source csim/.lst_opt.tcl 
Execute     send_msg_by_id INFO @200-2036@%s debug 
INFO: [HLS 200-2036] Building debug C Simulation binaries
Execute     ap_part_info -name xcku5p-ffvb676-2-e -data info 
Execute     source run_sim.tcl 
Command     ap_source done; 74.985 sec.
INFO: [SIM 211-1] CSim done with 0 errors.
INFO: [SIM 211-3] *************** CSIM finish ***************
Command   csim_design done; 95.759 sec.
Execute   close_project 
Execute     close_solution 
Execute       cleanup_all 
Execute       cleanup_all 
